<?xml version="1.0" encoding="UTF-8"?>
<gpx version="1.1" creator="tripplanner (sketch line from researched control points)" xmlns="http://www.topografix.com/GPX/1/1">
  <metadata>
    <name>taurus-six — Mut → Silifke → Erdemli</name>
    <desc>121.0 km, 1052 m. Sketch line through researched control points, calibrated to 121 km / 1050 m of road — drawn, not routed.</desc>
  </metadata>
  <trk>
    <name>taurus-six — Mut → Silifke → Erdemli</name>
    <trkseg>
    <trkpt lat="36.643900" lon="33.438900"><ele>275.0</ele></trkpt>
    <trkpt lat="36.643657" lon="33.439231"><ele>275.2</ele></trkpt>
    <trkpt lat="36.643420" lon="33.439570"><ele>275.4</ele></trkpt>
    <trkpt lat="36.643186" lon="33.439912"><ele>275.6</ele></trkpt>
    <trkpt lat="36.642950" lon="33.440251"><ele>275.9</ele></trkpt>
    <trkpt lat="36.642707" lon="33.440581"><ele>276.2</ele></trkpt>
    <trkpt lat="36.642452" lon="33.440899"><ele>276.5</ele></trkpt>
    <trkpt lat="36.642186" lon="33.441203"><ele>276.9</ele></trkpt>
    <trkpt lat="36.641910" lon="33.441496"><ele>277.2</ele></trkpt>
    <trkpt lat="36.641629" lon="33.441783"><ele>277.5</ele></trkpt>
    <trkpt lat="36.641351" lon="33.442073"><ele>277.8</ele></trkpt>
    <trkpt lat="36.641083" lon="33.442374"><ele>278.1</ele></trkpt>
    <trkpt lat="36.640832" lon="33.442696"><ele>278.3</ele></trkpt>
    <trkpt lat="36.640602" lon="33.443043"><ele>278.5</ele></trkpt>
    <trkpt lat="36.640393" lon="33.443413"><ele>278.6</ele></trkpt>
    <trkpt lat="36.640199" lon="33.443802"><ele>278.6</ele></trkpt>
    <trkpt lat="36.640013" lon="33.444200"><ele>278.5</ele></trkpt>
    <trkpt lat="36.639823" lon="33.444594"><ele>278.4</ele></trkpt>
    <trkpt lat="36.639618" lon="33.444969"><ele>278.2</ele></trkpt>
    <trkpt lat="36.639387" lon="33.445315"><ele>278.0</ele></trkpt>
    <trkpt lat="36.639125" lon="33.445624"><ele>277.6</ele></trkpt>
    <trkpt lat="36.638831" lon="33.445895"><ele>277.3</ele></trkpt>
    <trkpt lat="36.638512" lon="33.446137"><ele>276.9</ele></trkpt>
    <trkpt lat="36.638178" lon="33.446361"><ele>276.5</ele></trkpt>
    <trkpt lat="36.637845" lon="33.446587"><ele>276.0</ele></trkpt>
    <trkpt lat="36.637529" lon="33.446832"><ele>275.6</ele></trkpt>
    <trkpt lat="36.637244" lon="33.447114"><ele>275.3</ele></trkpt>
    <trkpt lat="36.637000" lon="33.447445"><ele>275.0</ele></trkpt>
    <trkpt lat="36.636800" lon="33.447826"><ele>274.7</ele></trkpt>
    <trkpt lat="36.636637" lon="33.448251"><ele>274.5</ele></trkpt>
    <trkpt lat="36.636500" lon="33.448707"><ele>274.5</ele></trkpt>
    <trkpt lat="36.636370" lon="33.449170"><ele>274.5</ele></trkpt>
    <trkpt lat="36.636225" lon="33.449617"><ele>274.7</ele></trkpt>
    <trkpt lat="36.636047" lon="33.450024"><ele>275.0</ele></trkpt>
    <trkpt lat="36.635821" lon="33.450375"><ele>275.4</ele></trkpt>
    <trkpt lat="36.635540" lon="33.450661"><ele>276.0</ele></trkpt>
    <trkpt lat="36.635207" lon="33.450887"><ele>276.6</ele></trkpt>
    <trkpt lat="36.634836" lon="33.451068"><ele>277.4</ele></trkpt>
    <trkpt lat="36.634446" lon="33.451226"><ele>278.3</ele></trkpt>
    <trkpt lat="36.634062" lon="33.451393"><ele>279.3</ele></trkpt>
    <trkpt lat="36.633710" lon="33.451596"><ele>280.3</ele></trkpt>
    <trkpt lat="36.633409" lon="33.451860"><ele>281.4</ele></trkpt>
    <trkpt lat="36.633173" lon="33.452199"><ele>282.5</ele></trkpt>
    <trkpt lat="36.633002" lon="33.452614"><ele>283.6</ele></trkpt>
    <trkpt lat="36.632886" lon="33.453094"><ele>284.7</ele></trkpt>
    <trkpt lat="36.632803" lon="33.453613"><ele>285.7</ele></trkpt>
    <trkpt lat="36.632725" lon="33.454138"><ele>286.6</ele></trkpt>
    <trkpt lat="36.632624" lon="33.454635"><ele>287.4</ele></trkpt>
    <trkpt lat="36.632471" lon="33.455072"><ele>288.1</ele></trkpt>
    <trkpt lat="36.632248" lon="33.455427"><ele>288.6</ele></trkpt>
    <trkpt lat="36.631948" lon="33.455692"><ele>288.9</ele></trkpt>
    <trkpt lat="36.631578" lon="33.455873"><ele>289.1</ele></trkpt>
    <trkpt lat="36.631156" lon="33.455995"><ele>289.1</ele></trkpt>
    <trkpt lat="36.630713" lon="33.456091"><ele>288.9</ele></trkpt>
    <trkpt lat="36.630282" lon="33.456202"><ele>288.5</ele></trkpt>
    <trkpt lat="36.629896" lon="33.456365"><ele>287.9</ele></trkpt>
    <trkpt lat="36.629582" lon="33.456613"><ele>287.1</ele></trkpt>
    <trkpt lat="36.629354" lon="33.456962"><ele>286.2</ele></trkpt>
    <trkpt lat="36.629211" lon="33.457411"><ele>285.2</ele></trkpt>
    <trkpt lat="36.629138" lon="33.457942"><ele>284.1</ele></trkpt>
    <trkpt lat="36.629107" lon="33.458521"><ele>282.9</ele></trkpt>
    <trkpt lat="36.629079" lon="33.459105"><ele>281.6</ele></trkpt>
    <trkpt lat="36.629017" lon="33.459648"><ele>280.4</ele></trkpt>
    <trkpt lat="36.628888" lon="33.460112"><ele>279.2</ele></trkpt>
    <trkpt lat="36.628667" lon="33.460470"><ele>278.0</ele></trkpt>
    <trkpt lat="36.628349" lon="33.460712"><ele>277.0</ele></trkpt>
    <trkpt lat="36.627942" lon="33.460852"><ele>276.1</ele></trkpt>
    <trkpt lat="36.627474" lon="33.460919"><ele>275.3</ele></trkpt>
    <trkpt lat="36.626981" lon="33.460957"><ele>274.8</ele></trkpt>
    <trkpt lat="36.626506" lon="33.461016"><ele>274.5</ele></trkpt>
    <trkpt lat="36.626090" lon="33.461144"><ele>274.4</ele></trkpt>
    <trkpt lat="36.625764" lon="33.461378"><ele>274.5</ele></trkpt>
    <trkpt lat="36.625544" lon="33.461736"><ele>274.9</ele></trkpt>
    <trkpt lat="36.625428" lon="33.462217"><ele>275.6</ele></trkpt>
    <trkpt lat="36.625396" lon="33.462796"><ele>276.5</ele></trkpt>
    <trkpt lat="36.625412" lon="33.463430"><ele>277.6</ele></trkpt>
    <trkpt lat="36.625430" lon="33.464067"><ele>278.9</ele></trkpt>
    <trkpt lat="36.625404" lon="33.464653"><ele>280.4</ele></trkpt>
    <trkpt lat="36.625294" lon="33.465140"><ele>282.1</ele></trkpt>
    <trkpt lat="36.625075" lon="33.465499"><ele>283.9</ele></trkpt>
    <trkpt lat="36.624739" lon="33.465721"><ele>285.7</ele></trkpt>
    <trkpt lat="36.624299" lon="33.465822"><ele>287.6</ele></trkpt>
    <trkpt lat="36.623788" lon="33.465838"><ele>289.5</ele></trkpt>
    <trkpt lat="36.623250" lon="33.465824"><ele>291.3</ele></trkpt>
    <trkpt lat="36.622736" lon="33.465837"><ele>293.0</ele></trkpt>
    <trkpt lat="36.622293" lon="33.465934"><ele>294.6</ele></trkpt>
    <trkpt lat="36.621957" lon="33.466156"><ele>295.9</ele></trkpt>
    <trkpt lat="36.621746" lon="33.466525"><ele>297.1</ele></trkpt>
    <trkpt lat="36.621655" lon="33.467035"><ele>298.0</ele></trkpt>
    <trkpt lat="36.621660" lon="33.467657"><ele>298.7</ele></trkpt>
    <trkpt lat="36.621718" lon="33.468340"><ele>299.0</ele></trkpt>
    <trkpt lat="36.621776" lon="33.469025"><ele>299.1</ele></trkpt>
    <trkpt lat="36.621782" lon="33.469647"><ele>298.8</ele></trkpt>
    <trkpt lat="36.621689" lon="33.470154"><ele>298.3</ele></trkpt>
    <trkpt lat="36.621470" lon="33.470513"><ele>297.5</ele></trkpt>
    <trkpt lat="36.621117" lon="33.470716"><ele>296.4</ele></trkpt>
    <trkpt lat="36.620647" lon="33.470781"><ele>295.0</ele></trkpt>
    <trkpt lat="36.620098" lon="33.470753"><ele>293.5</ele></trkpt>
    <trkpt lat="36.619521" lon="33.470693"><ele>291.8</ele></trkpt>
    <trkpt lat="36.618973" lon="33.470667"><ele>289.9</ele></trkpt>
    <trkpt lat="36.618508" lon="33.470737"><ele>288.0</ele></trkpt>
    <trkpt lat="36.618164" lon="33.470951"><ele>286.1</ele></trkpt>
    <trkpt lat="36.617962" lon="33.471329"><ele>284.2</ele></trkpt>
    <trkpt lat="36.617894" lon="33.471866"><ele>282.4</ele></trkpt>
    <trkpt lat="36.617931" lon="33.472525"><ele>280.7</ele></trkpt>
    <trkpt lat="36.618025" lon="33.473252"><ele>279.2</ele></trkpt>
    <trkpt lat="36.618118" lon="33.473977"><ele>277.9</ele></trkpt>
    <trkpt lat="36.618149" lon="33.474629"><ele>276.9</ele></trkpt>
    <trkpt lat="36.618070" lon="33.475152"><ele>276.1</ele></trkpt>
    <trkpt lat="36.617850" lon="33.475510"><ele>275.7</ele></trkpt>
    <trkpt lat="36.617482" lon="33.475695"><ele>275.6</ele></trkpt>
    <trkpt lat="36.616986" lon="33.475730"><ele>275.9</ele></trkpt>
    <trkpt lat="36.616404" lon="33.475664"><ele>276.5</ele></trkpt>
    <trkpt lat="36.615794" lon="33.475565"><ele>277.4</ele></trkpt>
    <trkpt lat="36.615219" lon="33.475506"><ele>278.7</ele></trkpt>
    <trkpt lat="36.614736" lon="33.475556"><ele>280.3</ele></trkpt>
    <trkpt lat="36.614387" lon="33.475764"><ele>282.1</ele></trkpt>
    <trkpt lat="36.614192" lon="33.476152"><ele>284.1</ele></trkpt>
    <trkpt lat="36.614144" lon="33.476711"><ele>286.4</ele></trkpt>
    <trkpt lat="36.614209" lon="33.477402"><ele>288.7</ele></trkpt>
    <trkpt lat="36.614333" lon="33.478164"><ele>291.2</ele></trkpt>
    <trkpt lat="36.614453" lon="33.478921"><ele>293.6</ele></trkpt>
    <trkpt lat="36.614505" lon="33.479597"><ele>296.0</ele></trkpt>
    <trkpt lat="36.614435" lon="33.480132"><ele>298.3</ele></trkpt>
    <trkpt lat="36.614213" lon="33.480488"><ele>300.4</ele></trkpt>
    <trkpt lat="36.613832" lon="33.480657"><ele>302.4</ele></trkpt>
    <trkpt lat="36.613315" lon="33.480667"><ele>304.0</ele></trkpt>
    <trkpt lat="36.612707" lon="33.480570"><ele>305.4</ele></trkpt>
    <trkpt lat="36.612071" lon="33.480441"><ele>306.5</ele></trkpt>
    <trkpt lat="36.611474" lon="33.480357"><ele>307.2</ele></trkpt>
    <trkpt lat="36.610978" lon="33.480392"><ele>307.5</ele></trkpt>
    <trkpt lat="36.610627" lon="33.480596"><ele>307.4</ele></trkpt>
    <trkpt lat="36.610440" lon="33.480993"><ele>307.0</ele></trkpt>
    <trkpt lat="36.610407" lon="33.481571"><ele>306.2</ele></trkpt>
    <trkpt lat="36.610493" lon="33.482288"><ele>305.1</ele></trkpt>
    <trkpt lat="36.610641" lon="33.483077"><ele>303.6</ele></trkpt>
    <trkpt lat="36.610781" lon="33.483857"><ele>301.9</ele></trkpt>
    <trkpt lat="36.610847" lon="33.484550"><ele>299.9</ele></trkpt>
    <trkpt lat="36.610784" lon="33.485092"><ele>297.8</ele></trkpt>
    <trkpt lat="36.610559" lon="33.485444"><ele>295.5</ele></trkpt>
    <trkpt lat="36.610167" lon="33.485601"><ele>293.2</ele></trkpt>
    <trkpt lat="36.609633" lon="33.485591"><ele>290.8</ele></trkpt>
    <trkpt lat="36.609006" lon="33.485472"><ele>288.6</ele></trkpt>
    <trkpt lat="36.608351" lon="33.485321"><ele>286.4</ele></trkpt>
    <trkpt lat="36.607740" lon="33.485221"><ele>284.4</ele></trkpt>
    <trkpt lat="36.607237" lon="33.485247"><ele>282.6</ele></trkpt>
    <trkpt lat="36.606885" lon="33.485450"><ele>281.2</ele></trkpt>
    <trkpt lat="36.606704" lon="33.485855"><ele>280.0</ele></trkpt>
    <trkpt lat="36.606684" lon="33.486447"><ele>279.2</ele></trkpt>
    <trkpt lat="36.606786" lon="33.487182"><ele>278.8</ele></trkpt>
    <trkpt lat="36.606948" lon="33.487989"><ele>278.7</ele></trkpt>
    <trkpt lat="36.607102" lon="33.488784"><ele>279.1</ele></trkpt>
    <trkpt lat="36.607176" lon="33.489487"><ele>279.9</ele></trkpt>
    <trkpt lat="36.607115" lon="33.490031"><ele>281.0</ele></trkpt>
    <trkpt lat="36.606886" lon="33.490379"><ele>282.5</ele></trkpt>
    <trkpt lat="36.606486" lon="33.490526"><ele>284.3</ele></trkpt>
    <trkpt lat="36.605940" lon="33.490503"><ele>286.4</ele></trkpt>
    <trkpt lat="36.605301" lon="33.490370"><ele>288.8</ele></trkpt>
    <trkpt lat="36.604636" lon="33.490207"><ele>291.3</ele></trkpt>
    <trkpt lat="36.604018" lon="33.490098"><ele>293.9</ele></trkpt>
    <trkpt lat="36.603512" lon="33.490121"><ele>296.6</ele></trkpt>
    <trkpt lat="36.603162" lon="33.490327"><ele>299.3</ele></trkpt>
    <trkpt lat="36.602987" lon="33.490738"><ele>301.9</ele></trkpt>
    <trkpt lat="36.602975" lon="33.491339"><ele>304.4</ele></trkpt>
    <trkpt lat="36.603085" lon="33.492084"><ele>306.7</ele></trkpt>
    <trkpt lat="36.603255" lon="33.492900"><ele>308.7</ele></trkpt>
    <trkpt lat="36.603414" lon="33.493701"><ele>310.5</ele></trkpt>
    <trkpt lat="36.603489" lon="33.494406"><ele>311.9</ele></trkpt>
    <trkpt lat="36.603427" lon="33.494949"><ele>313.0</ele></trkpt>
    <trkpt lat="36.603194" lon="33.495292"><ele>313.6</ele></trkpt>
    <trkpt lat="36.602788" lon="33.495432"><ele>313.9</ele></trkpt>
    <trkpt lat="36.602237" lon="33.495402"><ele>313.8</ele></trkpt>
    <trkpt lat="36.601593" lon="33.495264"><ele>313.2</ele></trkpt>
    <trkpt lat="36.600926" lon="33.495098"><ele>312.3</ele></trkpt>
    <trkpt lat="36.600308" lon="33.494990"><ele>311.0</ele></trkpt>
    <trkpt lat="36.599804" lon="33.495015"><ele>309.4</ele></trkpt>
    <trkpt lat="36.599458" lon="33.495226"><ele>307.5</ele></trkpt>
    <trkpt lat="36.599288" lon="33.495642"><ele>305.4</ele></trkpt>
    <trkpt lat="36.599279" lon="33.496248"><ele>303.2</ele></trkpt>
    <trkpt lat="36.599391" lon="33.496995"><ele>300.8</ele></trkpt>
    <trkpt lat="36.599561" lon="33.497810"><ele>298.3</ele></trkpt>
    <trkpt lat="36.599716" lon="33.498608"><ele>295.9</ele></trkpt>
    <trkpt lat="36.599788" lon="33.499308"><ele>293.6</ele></trkpt>
    <trkpt lat="36.599720" lon="33.499844"><ele>291.4</ele></trkpt>
    <trkpt lat="36.599483" lon="33.500182"><ele>289.4</ele></trkpt>
    <trkpt lat="36.599074" lon="33.500319"><ele>287.7</ele></trkpt>
    <trkpt lat="36.598523" lon="33.500289"><ele>286.2</ele></trkpt>
    <trkpt lat="36.597883" lon="33.500155"><ele>285.1</ele></trkpt>
    <trkpt lat="36.597221" lon="33.499995"><ele>284.4</ele></trkpt>
    <trkpt lat="36.596611" lon="33.499896"><ele>284.0</ele></trkpt>
    <trkpt lat="36.596114" lon="33.499930"><ele>284.0</ele></trkpt>
    <trkpt lat="36.595774" lon="33.500147"><ele>284.5</ele></trkpt>
    <trkpt lat="36.595606" lon="33.500567"><ele>285.3</ele></trkpt>
    <trkpt lat="36.595597" lon="33.501172"><ele>286.5</ele></trkpt>
    <trkpt lat="36.595704" lon="33.501913"><ele>288.0</ele></trkpt>
    <trkpt lat="36.595865" lon="33.502718"><ele>289.9</ele></trkpt>
    <trkpt lat="36.596010" lon="33.503504"><ele>292.0</ele></trkpt>
    <trkpt lat="36.596071" lon="33.504191"><ele>294.3</ele></trkpt>
    <trkpt lat="36.595995" lon="33.504717"><ele>296.8</ele></trkpt>
    <trkpt lat="36.595753" lon="33.505050"><ele>299.4</ele></trkpt>
    <trkpt lat="36.595345" lon="33.505188"><ele>302.0</ele></trkpt>
    <trkpt lat="36.594800" lon="33.505165"><ele>304.6</ele></trkpt>
    <trkpt lat="36.594170" lon="33.505043"><ele>307.1</ele></trkpt>
    <trkpt lat="36.593522" lon="33.504900"><ele>309.4</ele></trkpt>
    <trkpt lat="36.592926" lon="33.504817"><ele>311.6</ele></trkpt>
    <trkpt lat="36.592441" lon="33.504865"><ele>313.5</ele></trkpt>
    <trkpt lat="36.592109" lon="33.505092"><ele>315.1</ele></trkpt>
    <trkpt lat="36.591943" lon="33.505513"><ele>316.4</ele></trkpt>
    <trkpt lat="36.591927" lon="33.506111"><ele>317.3</ele></trkpt>
    <trkpt lat="36.592022" lon="33.506838"><ele>317.9</ele></trkpt>
    <trkpt lat="36.592167" lon="33.507624"><ele>318.1</ele></trkpt>
    <trkpt lat="36.592294" lon="33.508388"><ele>317.9</ele></trkpt>
    <trkpt lat="36.592339" lon="33.509056"><ele>317.3</ele></trkpt>
    <trkpt lat="36.592251" lon="33.509569"><ele>316.4</ele></trkpt>
    <trkpt lat="36.592004" lon="33.509896"><ele>315.2</ele></trkpt>
    <trkpt lat="36.591600" lon="33.510039"><ele>313.7</ele></trkpt>
    <trkpt lat="36.591067" lon="33.510030"><ele>311.9</ele></trkpt>
    <trkpt lat="36.590455" lon="33.509929"><ele>310.0</ele></trkpt>
    <trkpt lat="36.589829" lon="33.509811"><ele>307.9</ele></trkpt>
    <trkpt lat="36.589253" lon="33.509753"><ele>305.8</ele></trkpt>
    <trkpt lat="36.588785" lon="33.509820"><ele>303.6</ele></trkpt>
    <trkpt lat="36.588462" lon="33.510057"><ele>301.4</ele></trkpt>
    <trkpt lat="36.588295" lon="33.510478"><ele>299.4</ele></trkpt>
    <trkpt lat="36.588270" lon="33.511064"><ele>297.5</ele></trkpt>
    <trkpt lat="36.588346" lon="33.511769"><ele>295.8</ele></trkpt>
    <trkpt lat="36.588467" lon="33.512527"><ele>294.3</ele></trkpt>
    <trkpt lat="36.588569" lon="33.513262"><ele>293.1</ele></trkpt>
    <trkpt lat="36.588592" lon="33.513904"><ele>292.2</ele></trkpt>
    <trkpt lat="36.588489" lon="33.514400"><ele>291.6</ele></trkpt>
    <trkpt lat="36.588239" lon="33.514722"><ele>291.4</ele></trkpt>
    <trkpt lat="36.587842" lon="33.514873"><ele>291.5</ele></trkpt>
    <trkpt lat="36.587326" lon="33.514885"><ele>292.0</ele></trkpt>
    <trkpt lat="36.586740" lon="33.514814"><ele>292.8</ele></trkpt>
    <trkpt lat="36.586142" lon="33.514729"><ele>293.9</ele></trkpt>
    <trkpt lat="36.585593" lon="33.514703"><ele>295.3</ele></trkpt>
    <trkpt lat="36.585146" lon="33.514795"><ele>296.9</ele></trkpt>
    <trkpt lat="36.584833" lon="33.515044"><ele>298.8</ele></trkpt>
    <trkpt lat="36.584664" lon="33.515461"><ele>300.8</ele></trkpt>
    <trkpt lat="36.584623" lon="33.516030"><ele>302.9</ele></trkpt>
    <trkpt lat="36.584675" lon="33.516706"><ele>305.1</ele></trkpt>
    <trkpt lat="36.584764" lon="33.517427"><ele>307.3</ele></trkpt>
    <trkpt lat="36.584835" lon="33.518124"><ele>309.5</ele></trkpt>
    <trkpt lat="36.584830" lon="33.518735"><ele>311.5</ele></trkpt>
    <trkpt lat="36.584711" lon="33.519212"><ele>313.4</ele></trkpt>
    <trkpt lat="36.584457" lon="33.519529"><ele>315.2</ele></trkpt>
    <trkpt lat="36.584070" lon="33.519692"><ele>316.7</ele></trkpt>
    <trkpt lat="36.583578" lon="33.519731"><ele>318.0</ele></trkpt>
    <trkpt lat="36.583023" lon="33.519698"><ele>319.0</ele></trkpt>
    <trkpt lat="36.582461" lon="33.519655"><ele>319.7</ele></trkpt>
    <trkpt lat="36.581945" lon="33.519667"><ele>320.1</ele></trkpt>
    <trkpt lat="36.581522" lon="33.519787"><ele>320.2</ele></trkpt>
    <trkpt lat="36.581220" lon="33.520048"><ele>320.0</ele></trkpt>
    <trkpt lat="36.581046" lon="33.520461"><ele>319.5</ele></trkpt>
    <trkpt lat="36.580987" lon="33.521007"><ele>318.8</ele></trkpt>
    <trkpt lat="36.581007" lon="33.521646"><ele>317.8</ele></trkpt>
    <trkpt lat="36.581059" lon="33.522323"><ele>316.6</ele></trkpt>
    <trkpt lat="36.581091" lon="33.522977"><ele>315.2</ele></trkpt>
    <trkpt lat="36.581056" lon="33.523551"><ele>313.7</ele></trkpt>
    <trkpt lat="36.580918" lon="33.524005"><ele>312.1</ele></trkpt>
    <trkpt lat="36.580660" lon="33.524319"><ele>310.5</ele></trkpt>
    <trkpt lat="36.580287" lon="33.524498"><ele>308.9</ele></trkpt>
    <trkpt lat="36.579823" lon="33.524570"><ele>307.3</ele></trkpt>
    <trkpt lat="36.579307" lon="33.524581"><ele>305.9</ele></trkpt>
    <trkpt lat="36.578786" lon="33.524587"><ele>304.5</ele></trkpt>
    <trkpt lat="36.578308" lon="33.524643"><ele>303.3</ele></trkpt>
    <trkpt lat="36.577911" lon="33.524795"><ele>302.3</ele></trkpt>
    <trkpt lat="36.577621" lon="33.525070"><ele>301.6</ele></trkpt>
    <trkpt lat="36.577441" lon="33.525475"><ele>301.0</ele></trkpt>
    <trkpt lat="36.577358" lon="33.525994"><ele>300.7</ele></trkpt>
    <trkpt lat="36.577341" lon="33.526590"><ele>300.7</ele></trkpt>
    <trkpt lat="36.577350" lon="33.527216"><ele>300.9</ele></trkpt>
    <trkpt lat="36.577339" lon="33.527819"><ele>301.3</ele></trkpt>
    <trkpt lat="36.577269" lon="33.528353"><ele>302.0</ele></trkpt>
    <trkpt lat="36.577111" lon="33.528783"><ele>302.9</ele></trkpt>
    <trkpt lat="36.576851" lon="33.529095"><ele>303.9</ele></trkpt>
    <trkpt lat="36.576495" lon="33.529293"><ele>305.2</ele></trkpt>
    <trkpt lat="36.576063" lon="33.529404"><ele>306.5</ele></trkpt>
    <trkpt lat="36.575591" lon="33.529466"><ele>308.0</ele></trkpt>
    <trkpt lat="36.575116" lon="33.529526"><ele>309.5</ele></trkpt>
    <trkpt lat="36.574680" lon="33.529631"><ele>311.0</ele></trkpt>
    <trkpt lat="36.574313" lon="33.529817"><ele>312.5</ele></trkpt>
    <trkpt lat="36.574034" lon="33.530106"><ele>313.9</ele></trkpt>
    <trkpt lat="36.573846" lon="33.530501"><ele>315.3</ele></trkpt>
    <trkpt lat="36.573736" lon="33.530988"><ele>316.6</ele></trkpt>
    <trkpt lat="36.573678" lon="33.531536"><ele>317.7</ele></trkpt>
    <trkpt lat="36.573638" lon="33.532105"><ele>318.6</ele></trkpt>
    <trkpt lat="36.573580" lon="33.532653"><ele>319.4</ele></trkpt>
    <trkpt lat="36.573473" lon="33.533143"><ele>320.0</ele></trkpt>
    <trkpt lat="36.573293" lon="33.533548"><ele>320.4</ele></trkpt>
    <trkpt lat="36.573032" lon="33.533858"><ele>320.7</ele></trkpt>
    <trkpt lat="36.572695" lon="33.534079"><ele>320.7</ele></trkpt>
    <trkpt lat="36.572300" lon="33.534233"><ele>320.5</ele></trkpt>
    <trkpt lat="36.571876" lon="33.534352"><ele>320.2</ele></trkpt>
    <trkpt lat="36.571452" lon="33.534472"><ele>319.8</ele></trkpt>
    <trkpt lat="36.571061" lon="33.534629"><ele>319.2</ele></trkpt>
    <trkpt lat="36.570725" lon="33.534851"><ele>318.5</ele></trkpt>
    <trkpt lat="36.570457" lon="33.535153"><ele>317.7</ele></trkpt>
    <trkpt lat="36.570259" lon="33.535537"><ele>316.9</ele></trkpt>
    <trkpt lat="36.570118" lon="33.535988"><ele>316.0</ele></trkpt>
    <trkpt lat="36.570015" lon="33.536483"><ele>315.2</ele></trkpt>
    <trkpt lat="36.569923" lon="33.536990"><ele>314.4</ele></trkpt>
    <trkpt lat="36.569814" lon="33.537479"><ele>313.6</ele></trkpt>
    <trkpt lat="36.569667" lon="33.537922"><ele>312.9</ele></trkpt>
    <trkpt lat="36.569465" lon="33.538302"><ele>312.3</ele></trkpt>
    <trkpt lat="36.569204" lon="33.538612"><ele>311.9</ele></trkpt>
    <trkpt lat="36.568889" lon="33.538859"><ele>311.5</ele></trkpt>
    <trkpt lat="36.568535" lon="33.539060"><ele>311.2</ele></trkpt>
    <trkpt lat="36.568162" lon="33.539239"><ele>311.1</ele></trkpt>
    <trkpt lat="36.567793" lon="33.539423"><ele>311.1</ele></trkpt>
    <trkpt lat="36.567449" lon="33.539635"><ele>311.3</ele></trkpt>
    <trkpt lat="36.567145" lon="33.539895"><ele>311.5</ele></trkpt>
    <trkpt lat="36.566888" lon="33.540210"><ele>311.9</ele></trkpt>
    <trkpt lat="36.566678" lon="33.540579"><ele>312.4</ele></trkpt>
    <trkpt lat="36.566504" lon="33.540991"><ele>312.9</ele></trkpt>
    <trkpt lat="36.566352" lon="33.541429"><ele>313.5</ele></trkpt>
    <trkpt lat="36.566204" lon="33.541872"><ele>314.2</ele></trkpt>
    <trkpt lat="36.566043" lon="33.542299"><ele>314.9</ele></trkpt>
    <trkpt lat="36.565854" lon="33.542694"><ele>315.6</ele></trkpt>
    <trkpt lat="36.565631" lon="33.543048"><ele>316.2</ele></trkpt>
    <trkpt lat="36.565371" lon="33.543359"><ele>316.9</ele></trkpt>
    <trkpt lat="36.565080" lon="33.543634"><ele>317.5</ele></trkpt>
    <trkpt lat="36.564769" lon="33.543886"><ele>318.1</ele></trkpt>
    <trkpt lat="36.564451" lon="33.544129"><ele>318.6</ele></trkpt>
    <trkpt lat="36.564138" lon="33.544379"><ele>319.0</ele></trkpt>
    <trkpt lat="36.563843" lon="33.544648"><ele>319.4</ele></trkpt>
    <trkpt lat="36.563571" lon="33.544945"><ele>319.7</ele></trkpt>
    <trkpt lat="36.563324" lon="33.545272"><ele>319.9</ele></trkpt>
    <trkpt lat="36.563100" lon="33.545626"><ele>320.1</ele></trkpt>
    <trkpt lat="36.562891" lon="33.545996"><ele>320.2</ele></trkpt>
    <trkpt lat="36.562688" lon="33.546375"><ele>320.2</ele></trkpt>
    <trkpt lat="36.562483" lon="33.546750"><ele>320.2</ele></trkpt>
    <trkpt lat="36.562267" lon="33.547113"><ele>320.1</ele></trkpt>
    <trkpt lat="36.562037" lon="33.547460"><ele>320.1</ele></trkpt>
    <trkpt lat="36.561792" lon="33.547788"><ele>320.0</ele></trkpt>
    <trkpt lat="36.561535" lon="33.548103"><ele>319.9</ele></trkpt>
    <trkpt lat="36.561270" lon="33.548409"><ele>319.8</ele></trkpt>
    <trkpt lat="36.561004" lon="33.548713"><ele>319.8</ele></trkpt>
    <trkpt lat="36.560742" lon="33.549021"><ele>319.8</ele></trkpt>
    <trkpt lat="36.560487" lon="33.549338"><ele>319.8</ele></trkpt>
    <trkpt lat="36.560240" lon="33.549665"><ele>319.9</ele></trkpt>
    <trkpt lat="36.560000" lon="33.550000"><ele>320.0</ele></trkpt>
    <trkpt lat="36.559773" lon="33.550348"><ele>320.5</ele></trkpt>
    <trkpt lat="36.559550" lon="33.550700"><ele>320.8</ele></trkpt>
    <trkpt lat="36.559340" lon="33.551063"><ele>321.2</ele></trkpt>
    <trkpt lat="36.559148" lon="33.551442"><ele>321.4</ele></trkpt>
    <trkpt lat="36.558974" lon="33.551836"><ele>321.6</ele></trkpt>
    <trkpt lat="36.558811" lon="33.552242"><ele>321.8</ele></trkpt>
    <trkpt lat="36.558651" lon="33.552649"><ele>321.9</ele></trkpt>
    <trkpt lat="36.558480" lon="33.553046"><ele>322.1</ele></trkpt>
    <trkpt lat="36.558285" lon="33.553423"><ele>322.3</ele></trkpt>
    <trkpt lat="36.558060" lon="33.553772"><ele>322.5</ele></trkpt>
    <trkpt lat="36.557800" lon="33.554091"><ele>322.9</ele></trkpt>
    <trkpt lat="36.557511" lon="33.554384"><ele>323.3</ele></trkpt>
    <trkpt lat="36.557205" lon="33.554663"><ele>323.8</ele></trkpt>
    <trkpt lat="36.556901" lon="33.554942"><ele>324.4</ele></trkpt>
    <trkpt lat="36.556618" lon="33.555241"><ele>325.2</ele></trkpt>
    <trkpt lat="36.556374" lon="33.555574"><ele>326.0</ele></trkpt>
    <trkpt lat="36.556181" lon="33.555953"><ele>327.1</ele></trkpt>
    <trkpt lat="36.556044" lon="33.556380"><ele>328.2</ele></trkpt>
    <trkpt lat="36.555953" lon="33.556848"><ele>329.4</ele></trkpt>
    <trkpt lat="36.555891" lon="33.557343"><ele>330.7</ele></trkpt>
    <trkpt lat="36.555833" lon="33.557841"><ele>332.1</ele></trkpt>
    <trkpt lat="36.555752" lon="33.558318"><ele>333.6</ele></trkpt>
    <trkpt lat="36.555620" lon="33.558750"><ele>335.0</ele></trkpt>
    <trkpt lat="36.555419" lon="33.559121"><ele>336.5</ele></trkpt>
    <trkpt lat="36.555142" lon="33.559425"><ele>337.9</ele></trkpt>
    <trkpt lat="36.554796" lon="33.559667"><ele>339.2</ele></trkpt>
    <trkpt lat="36.554401" lon="33.559867"><ele>340.5</ele></trkpt>
    <trkpt lat="36.553988" lon="33.560050"><ele>341.6</ele></trkpt>
    <trkpt lat="36.553593" lon="33.560249"><ele>342.6</ele></trkpt>
    <trkpt lat="36.553252" lon="33.560496"><ele>343.3</ele></trkpt>
    <trkpt lat="36.552992" lon="33.560815"><ele>343.9</ele></trkpt>
    <trkpt lat="36.552828" lon="33.561219"><ele>344.3</ele></trkpt>
    <trkpt lat="36.552757" lon="33.561705"><ele>344.5</ele></trkpt>
    <trkpt lat="36.552760" lon="33.562257"><ele>344.4</ele></trkpt>
    <trkpt lat="36.552802" lon="33.562843"><ele>344.1</ele></trkpt>
    <trkpt lat="36.552841" lon="33.563427"><ele>343.7</ele></trkpt>
    <trkpt lat="36.552831" lon="33.563967"><ele>343.0</ele></trkpt>
    <trkpt lat="36.552735" lon="33.564431"><ele>342.2</ele></trkpt>
    <trkpt lat="36.552528" lon="33.564797"><ele>341.3</ele></trkpt>
    <trkpt lat="36.552205" lon="33.565060"><ele>340.3</ele></trkpt>
    <trkpt lat="36.551782" lon="33.565235"><ele>339.2</ele></trkpt>
    <trkpt lat="36.551292" lon="33.565350"><ele>338.1</ele></trkpt>
    <trkpt lat="36.550783" lon="33.565448"><ele>337.1</ele></trkpt>
    <trkpt lat="36.550309" lon="33.565577"><ele>336.1</ele></trkpt>
    <trkpt lat="36.549916" lon="33.565779"><ele>335.2</ele></trkpt>
    <trkpt lat="36.549643" lon="33.566085"><ele>334.5</ele></trkpt>
    <trkpt lat="36.549503" lon="33.566511"><ele>334.0</ele></trkpt>
    <trkpt lat="36.549490" lon="33.567049"><ele>333.8</ele></trkpt>
    <trkpt lat="36.549574" lon="33.567672"><ele>333.8</ele></trkpt>
    <trkpt lat="36.549705" lon="33.568337"><ele>334.1</ele></trkpt>
    <trkpt lat="36.549826" lon="33.568993"><ele>334.7</ele></trkpt>
    <trkpt lat="36.549877" lon="33.569587"><ele>335.6</ele></trkpt>
    <trkpt lat="36.549811" lon="33.570078"><ele>336.8</ele></trkpt>
    <trkpt lat="36.549599" lon="33.570439"><ele>338.3</ele></trkpt>
    <trkpt lat="36.549238" lon="33.570668"><ele>340.1</ele></trkpt>
    <trkpt lat="36.548751" lon="33.570786"><ele>342.1</ele></trkpt>
    <trkpt lat="36.548183" lon="33.570833"><ele>344.4</ele></trkpt>
    <trkpt lat="36.547597" lon="33.570863"><ele>346.8</ele></trkpt>
    <trkpt lat="36.547057" lon="33.570934"><ele>349.3</ele></trkpt>
    <trkpt lat="36.546624" lon="33.571100"><ele>352.0</ele></trkpt>
    <trkpt lat="36.546340" lon="33.571397"><ele>354.7</ele></trkpt>
    <trkpt lat="36.546220" lon="33.571840"><ele>357.3</ele></trkpt>
    <trkpt lat="36.546253" lon="33.572418"><ele>359.9</ele></trkpt>
    <trkpt lat="36.546399" lon="33.573097"><ele>362.3</ele></trkpt>
    <trkpt lat="36.546599" lon="33.573823"><ele>364.5</ele></trkpt>
    <trkpt lat="36.546782" lon="33.574533"><ele>366.5</ele></trkpt>
    <trkpt lat="36.546879" lon="33.575168"><ele>368.2</ele></trkpt>
    <trkpt lat="36.546835" lon="33.575678"><ele>369.6</ele></trkpt>
    <trkpt lat="36.546619" lon="33.576036"><ele>370.7</ele></trkpt>
    <trkpt lat="36.546230" lon="33.576240"><ele>371.4</ele></trkpt>
    <trkpt lat="36.545696" lon="33.576317"><ele>371.7</ele></trkpt>
    <trkpt lat="36.545072" lon="33.576314"><ele>371.6</ele></trkpt>
    <trkpt lat="36.544431" lon="33.576295"><ele>371.2</ele></trkpt>
    <trkpt lat="36.543846" lon="33.576327"><ele>370.5</ele></trkpt>
    <trkpt lat="36.543386" lon="33.576468"><ele>369.4</ele></trkpt>
    <trkpt lat="36.543094" lon="33.576759"><ele>368.0</ele></trkpt>
    <trkpt lat="36.542988" lon="33.577214"><ele>366.5</ele></trkpt>
    <trkpt lat="36.543052" lon="33.577819"><ele>364.7</ele></trkpt>
    <trkpt lat="36.543239" lon="33.578534"><ele>362.8</ele></trkpt>
    <trkpt lat="36.543483" lon="33.579300"><ele>360.9</ele></trkpt>
    <trkpt lat="36.543705" lon="33.580045"><ele>358.9</ele></trkpt>
    <trkpt lat="36.543830" lon="33.580705"><ele>357.0</ele></trkpt>
    <trkpt lat="36.543799" lon="33.581226"><ele>355.2</ele></trkpt>
    <trkpt lat="36.543580" lon="33.581581"><ele>353.6</ele></trkpt>
    <trkpt lat="36.543173" lon="33.581770"><ele>352.3</ele></trkpt>
    <trkpt lat="36.542612" lon="33.581823"><ele>351.2</ele></trkpt>
    <trkpt lat="36.541958" lon="33.581792"><ele>350.5</ele></trkpt>
    <trkpt lat="36.541287" lon="33.581748"><ele>350.1</ele></trkpt>
    <trkpt lat="36.540680" lon="33.581759"><ele>350.2</ele></trkpt>
    <trkpt lat="36.540206" lon="33.581889"><ele>350.6</ele></trkpt>
    <trkpt lat="36.539912" lon="33.582177"><ele>351.4</ele></trkpt>
    <trkpt lat="36.539814" lon="33.582639"><ele>352.6</ele></trkpt>
    <trkpt lat="36.539892" lon="33.583257"><ele>354.2</ele></trkpt>
    <trkpt lat="36.540097" lon="33.583988"><ele>356.2</ele></trkpt>
    <trkpt lat="36.540358" lon="33.584768"><ele>358.5</ele></trkpt>
    <trkpt lat="36.540594" lon="33.585525"><ele>361.0</ele></trkpt>
    <trkpt lat="36.540726" lon="33.586192"><ele>363.8</ele></trkpt>
    <trkpt lat="36.540697" lon="33.586715"><ele>366.8</ele></trkpt>
    <trkpt lat="36.540476" lon="33.587068"><ele>369.8</ele></trkpt>
    <trkpt lat="36.540064" lon="33.587253"><ele>372.9</ele></trkpt>
    <trkpt lat="36.539498" lon="33.587300"><ele>375.9</ele></trkpt>
    <trkpt lat="36.538839" lon="33.587266"><ele>378.9</ele></trkpt>
    <trkpt lat="36.538167" lon="33.587220"><ele>381.7</ele></trkpt>
    <trkpt lat="36.537561" lon="33.587233"><ele>384.4</ele></trkpt>
    <trkpt lat="36.537090" lon="33.587365"><ele>386.7</ele></trkpt>
    <trkpt lat="36.536799" lon="33.587656"><ele>388.7</ele></trkpt>
    <trkpt lat="36.536701" lon="33.588118"><ele>390.4</ele></trkpt>
    <trkpt lat="36.536776" lon="33.588734"><ele>391.8</ele></trkpt>
    <trkpt lat="36.536974" lon="33.589458"><ele>392.7</ele></trkpt>
    <trkpt lat="36.537224" lon="33.590229"><ele>393.2</ele></trkpt>
    <trkpt lat="36.537446" lon="33.590974"><ele>393.4</ele></trkpt>
    <trkpt lat="36.537567" lon="33.591630"><ele>393.1</ele></trkpt>
    <trkpt lat="36.537529" lon="33.592146"><ele>392.5</ele></trkpt>
    <trkpt lat="36.537306" lon="33.592497"><ele>391.6</ele></trkpt>
    <trkpt lat="36.536901" lon="33.592688"><ele>390.4</ele></trkpt>
    <trkpt lat="36.536350" lon="33.592749"><ele>388.9</ele></trkpt>
    <trkpt lat="36.535714" lon="33.592735"><ele>387.3</ele></trkpt>
    <trkpt lat="36.535068" lon="33.592712"><ele>385.5</ele></trkpt>
    <trkpt lat="36.534487" lon="33.592747"><ele>383.7</ele></trkpt>
    <trkpt lat="36.534035" lon="33.592896"><ele>381.8</ele></trkpt>
    <trkpt lat="36.533752" lon="33.593194"><ele>380.0</ele></trkpt>
    <trkpt lat="36.533648" lon="33.593652"><ele>378.3</ele></trkpt>
    <trkpt lat="36.533704" lon="33.594250"><ele>376.7</ele></trkpt>
    <trkpt lat="36.533871" lon="33.594946"><ele>375.4</ele></trkpt>
    <trkpt lat="36.534082" lon="33.595683"><ele>374.3</ele></trkpt>
    <trkpt lat="36.534266" lon="33.596394"><ele>373.5</ele></trkpt>
    <trkpt lat="36.534354" lon="33.597021"><ele>373.1</ele></trkpt>
    <trkpt lat="36.534297" lon="33.597520"><ele>373.0</ele></trkpt>
    <trkpt lat="36.534072" lon="33.597870"><ele>373.2</ele></trkpt>
    <trkpt lat="36.533686" lon="33.598077"><ele>373.8</ele></trkpt>
    <trkpt lat="36.533171" lon="33.598170"><ele>374.7</ele></trkpt>
    <trkpt lat="36.532583" lon="33.598199"><ele>376.0</ele></trkpt>
    <trkpt lat="36.531989" lon="33.598222"><ele>377.5</ele></trkpt>
    <trkpt lat="36.531456" lon="33.598299"><ele>379.4</ele></trkpt>
    <trkpt lat="36.531038" lon="33.598478"><ele>381.4</ele></trkpt>
    <trkpt lat="36.530767" lon="33.598787"><ele>383.7</ele></trkpt>
    <trkpt lat="36.530653" lon="33.599235"><ele>386.0</ele></trkpt>
    <trkpt lat="36.530673" lon="33.599802"><ele>388.5</ele></trkpt>
    <trkpt lat="36.530786" lon="33.600451"><ele>391.0</ele></trkpt>
    <trkpt lat="36.530934" lon="33.601131"><ele>393.5</ele></trkpt>
    <trkpt lat="36.531055" lon="33.601787"><ele>395.9</ele></trkpt>
    <trkpt lat="36.531093" lon="33.602369"><ele>398.2</ele></trkpt>
    <trkpt lat="36.531007" lon="33.602843"><ele>400.3</ele></trkpt>
    <trkpt lat="36.530782" lon="33.603192"><ele>402.2</ele></trkpt>
    <trkpt lat="36.530424" lon="33.603424"><ele>403.9</ele></trkpt>
    <trkpt lat="36.529963" lon="33.603565"><ele>405.4</ele></trkpt>
    <trkpt lat="36.529445" lon="33.603656"><ele>406.6</ele></trkpt>
    <trkpt lat="36.528927" lon="33.603747"><ele>407.5</ele></trkpt>
    <trkpt lat="36.528461" lon="33.603883"><ele>408.1</ele></trkpt>
    <trkpt lat="36.528090" lon="33.604103"><ele>408.5</ele></trkpt>
    <trkpt lat="36.527837" lon="33.604428"><ele>408.6</ele></trkpt>
    <trkpt lat="36.527706" lon="33.604861"><ele>408.5</ele></trkpt>
    <trkpt lat="36.527678" lon="33.605386"><ele>408.2</ele></trkpt>
    <trkpt lat="36.527719" lon="33.605971"><ele>407.7</ele></trkpt>
    <trkpt lat="36.527782" lon="33.606576"><ele>407.0</ele></trkpt>
    <trkpt lat="36.527820" lon="33.607158"><ele>406.3</ele></trkpt>
    <trkpt lat="36.527792" lon="33.607682"><ele>405.5</ele></trkpt>
    <trkpt lat="36.527670" lon="33.608123"><ele>404.6</ele></trkpt>
    <trkpt lat="36.527444" lon="33.608472"><ele>403.8</ele></trkpt>
    <trkpt lat="36.527122" lon="33.608737"><ele>403.0</ele></trkpt>
    <trkpt lat="36.526730" lon="33.608938"><ele>402.3</ele></trkpt>
    <trkpt lat="36.526302" lon="33.609108"><ele>401.7</ele></trkpt>
    <trkpt lat="36.525878" lon="33.609282"><ele>401.2</ele></trkpt>
    <trkpt lat="36.525495" lon="33.609492"><ele>400.9</ele></trkpt>
    <trkpt lat="36.525181" lon="33.609763"><ele>400.8</ele></trkpt>
    <trkpt lat="36.524949" lon="33.610107"><ele>400.8</ele></trkpt>
    <trkpt lat="36.524798" lon="33.610522"><ele>401.0</ele></trkpt>
    <trkpt lat="36.524712" lon="33.610995"><ele>401.5</ele></trkpt>
    <trkpt lat="36.524665" lon="33.611503"><ele>402.0</ele></trkpt>
    <trkpt lat="36.524627" lon="33.612018"><ele>402.8</ele></trkpt>
    <trkpt lat="36.524568" lon="33.612514"><ele>403.6</ele></trkpt>
    <trkpt lat="36.524463" lon="33.612970"><ele>404.6</ele></trkpt>
    <trkpt lat="36.524298" lon="33.613373"><ele>405.7</ele></trkpt>
    <trkpt lat="36.524072" lon="33.613722"><ele>406.9</ele></trkpt>
    <trkpt lat="36.523793" lon="33.614024"><ele>408.1</ele></trkpt>
    <trkpt lat="36.523479" lon="33.614296"><ele>409.3</ele></trkpt>
    <trkpt lat="36.523153" lon="33.614556"><ele>410.5</ele></trkpt>
    <trkpt lat="36.522836" lon="33.614825"><ele>411.7</ele></trkpt>
    <trkpt lat="36.522548" lon="33.615118"><ele>412.8</ele></trkpt>
    <trkpt lat="36.522298" lon="33.615446"><ele>413.9</ele></trkpt>
    <trkpt lat="36.522089" lon="33.615810"><ele>414.8</ele></trkpt>
    <trkpt lat="36.521915" lon="33.616205"><ele>415.7</ele></trkpt>
    <trkpt lat="36.521764" lon="33.616621"><ele>416.5</ele></trkpt>
    <trkpt lat="36.521621" lon="33.617043"><ele>417.2</ele></trkpt>
    <trkpt lat="36.521472" lon="33.617460"><ele>417.7</ele></trkpt>
    <trkpt lat="36.521306" lon="33.617862"><ele>418.2</ele></trkpt>
    <trkpt lat="36.521117" lon="33.618243"><ele>418.6</ele></trkpt>
    <trkpt lat="36.520906" lon="33.618606"><ele>418.9</ele></trkpt>
    <trkpt lat="36.520679" lon="33.618954"><ele>419.2</ele></trkpt>
    <trkpt lat="36.520447" lon="33.619297"><ele>419.5</ele></trkpt>
    <trkpt lat="36.520218" lon="33.619644"><ele>419.7</ele></trkpt>
    <trkpt lat="36.520000" lon="33.620000"><ele>420.0</ele></trkpt>
    <trkpt lat="36.519805" lon="33.620375"><ele>419.1</ele></trkpt>
    <trkpt lat="36.519597" lon="33.620740"><ele>418.1</ele></trkpt>
    <trkpt lat="36.519383" lon="33.621100"><ele>417.1</ele></trkpt>
    <trkpt lat="36.519171" lon="33.621462"><ele>416.0</ele></trkpt>
    <trkpt lat="36.518972" lon="33.621833"><ele>414.8</ele></trkpt>
    <trkpt lat="36.518792" lon="33.622220"><ele>413.6</ele></trkpt>
    <trkpt lat="36.518634" lon="33.622624"><ele>412.2</ele></trkpt>
    <trkpt lat="36.518497" lon="33.623044"><ele>410.8</ele></trkpt>
    <trkpt lat="36.518371" lon="33.623472"><ele>409.3</ele></trkpt>
    <trkpt lat="36.518245" lon="33.623900"><ele>407.8</ele></trkpt>
    <trkpt lat="36.518103" lon="33.624316"><ele>406.2</ele></trkpt>
    <trkpt lat="36.517931" lon="33.624709"><ele>404.6</ele></trkpt>
    <trkpt lat="36.517721" lon="33.625073"><ele>402.9</ele></trkpt>
    <trkpt lat="36.517471" lon="33.625405"><ele>401.3</ele></trkpt>
    <trkpt lat="36.517188" lon="33.625711"><ele>399.6</ele></trkpt>
    <trkpt lat="36.516885" lon="33.626003"><ele>398.1</ele></trkpt>
    <trkpt lat="36.516583" lon="33.626295"><ele>396.6</ele></trkpt>
    <trkpt lat="36.516304" lon="33.626605"><ele>395.2</ele></trkpt>
    <trkpt lat="36.516068" lon="33.626949"><ele>393.9</ele></trkpt>
    <trkpt lat="36.515889" lon="33.627336"><ele>392.7</ele></trkpt>
    <trkpt lat="36.515770" lon="33.627770"><ele>391.7</ele></trkpt>
    <trkpt lat="36.515704" lon="33.628244"><ele>390.8</ele></trkpt>
    <trkpt lat="36.515672" lon="33.628745"><ele>390.1</ele></trkpt>
    <trkpt lat="36.515648" lon="33.629253"><ele>389.5</ele></trkpt>
    <trkpt lat="36.515602" lon="33.629743"><ele>389.0</ele></trkpt>
    <trkpt lat="36.515505" lon="33.630193"><ele>388.7</ele></trkpt>
    <trkpt lat="36.515336" lon="33.630589"><ele>388.5</ele></trkpt>
    <trkpt lat="36.515087" lon="33.630922"><ele>388.3</ele></trkpt>
    <trkpt lat="36.514762" lon="33.631196"><ele>388.3</ele></trkpt>
    <trkpt lat="36.514381" lon="33.631427"><ele>388.3</ele></trkpt>
    <trkpt lat="36.513976" lon="33.631640"><ele>388.2</ele></trkpt>
    <trkpt lat="36.513584" lon="33.631862"><ele>388.2</ele></trkpt>
    <trkpt lat="36.513243" lon="33.632124"><ele>388.1</ele></trkpt>
    <trkpt lat="36.512982" lon="33.632448"><ele>387.9</ele></trkpt>
    <trkpt lat="36.512820" lon="33.632848"><ele>387.6</ele></trkpt>
    <trkpt lat="36.512756" lon="33.633325"><ele>387.1</ele></trkpt>
    <trkpt lat="36.512773" lon="33.633864"><ele>386.4</ele></trkpt>
    <trkpt lat="36.512839" lon="33.634440"><ele>385.6</ele></trkpt>
    <trkpt lat="36.512909" lon="33.635020"><ele>384.5</ele></trkpt>
    <trkpt lat="36.512937" lon="33.635568"><ele>383.2</ele></trkpt>
    <trkpt lat="36.512883" lon="33.636053"><ele>381.6</ele></trkpt>
    <trkpt lat="36.512720" lon="33.636452"><ele>379.9</ele></trkpt>
    <trkpt lat="36.512436" lon="33.636758"><ele>377.9</ele></trkpt>
    <trkpt lat="36.512045" lon="33.636982"><ele>375.6</ele></trkpt>
    <trkpt lat="36.511578" lon="33.637146"><ele>373.2</ele></trkpt>
    <trkpt lat="36.511081" lon="33.637287"><ele>370.7</ele></trkpt>
    <trkpt lat="36.510608" lon="33.637447"><ele>368.0</ele></trkpt>
    <trkpt lat="36.510209" lon="33.637664"><ele>365.2</ele></trkpt>
    <trkpt lat="36.509925" lon="33.637970"><ele>362.3</ele></trkpt>
    <trkpt lat="36.509775" lon="33.638380"><ele>359.5</ele></trkpt>
    <trkpt lat="36.509758" lon="33.638892"><ele>356.7</ele></trkpt>
    <trkpt lat="36.509847" lon="33.639487"><ele>353.9</ele></trkpt>
    <trkpt lat="36.509996" lon="33.640129"><ele>351.3</ele></trkpt>
    <trkpt lat="36.510148" lon="33.640772"><ele>348.9</ele></trkpt>
    <trkpt lat="36.510243" lon="33.641371"><ele>346.7</ele></trkpt>
    <trkpt lat="36.510228" lon="33.641886"><ele>344.7</ele></trkpt>
    <trkpt lat="36.510070" lon="33.642289"><ele>343.0</ele></trkpt>
    <trkpt lat="36.509760" lon="33.642575"><ele>341.6</ele></trkpt>
    <trkpt lat="36.509315" lon="33.642756"><ele>340.5</ele></trkpt>
    <trkpt lat="36.508776" lon="33.642865"><ele>339.7</ele></trkpt>
    <trkpt lat="36.508202" lon="33.642947"><ele>339.2</ele></trkpt>
    <trkpt lat="36.507660" lon="33.643053"><ele>339.0</ele></trkpt>
    <trkpt lat="36.507213" lon="33.643233"><ele>339.1</ele></trkpt>
    <trkpt lat="36.506906" lon="33.643522"><ele>339.5</ele></trkpt>
    <trkpt lat="36.506765" lon="33.643939"><ele>340.1</ele></trkpt>
    <trkpt lat="36.506784" lon="33.644479"><ele>340.9</ele></trkpt>
    <trkpt lat="36.506930" lon="33.645118"><ele>341.8</ele></trkpt>
    <trkpt lat="36.507147" lon="33.645811"><ele>342.9</ele></trkpt>
    <trkpt lat="36.507364" lon="33.646505"><ele>343.9</ele></trkpt>
    <trkpt lat="36.507512" lon="33.647145"><ele>344.9</ele></trkpt>
    <trkpt lat="36.507529" lon="33.647685"><ele>345.9</ele></trkpt>
    <trkpt lat="36.507378" lon="33.648094"><ele>346.7</ele></trkpt>
    <trkpt lat="36.507049" lon="33.648365"><ele>347.4</ele></trkpt>
    <trkpt lat="36.506563" lon="33.648515"><ele>347.8</ele></trkpt>
    <trkpt lat="36.505970" lon="33.648582"><ele>347.9</ele></trkpt>
    <trkpt lat="36.505339" lon="33.648619"><ele>347.7</ele></trkpt>
    <trkpt lat="36.504745" lon="33.648685"><ele>347.2</ele></trkpt>
    <trkpt lat="36.504260" lon="33.648836"><ele>346.3</ele></trkpt>
    <trkpt lat="36.503937" lon="33.649111"><ele>345.1</ele></trkpt>
    <trkpt lat="36.503800" lon="33.649531"><ele>343.4</ele></trkpt>
    <trkpt lat="36.503843" lon="33.650091"><ele>341.5</ele></trkpt>
    <trkpt lat="36.504028" lon="33.650760"><ele>339.1</ele></trkpt>
    <trkpt lat="36.504291" lon="33.651489"><ele>336.4</ele></trkpt>
    <trkpt lat="36.504555" lon="33.652219"><ele>333.5</ele></trkpt>
    <trkpt lat="36.504739" lon="33.652888"><ele>330.3</ele></trkpt>
    <trkpt lat="36.504780" lon="33.653445"><ele>326.9</ele></trkpt>
    <trkpt lat="36.504635" lon="33.653859"><ele>323.4</ele></trkpt>
    <trkpt lat="36.504295" lon="33.654121"><ele>319.8</ele></trkpt>
    <trkpt lat="36.503785" lon="33.654252"><ele>316.2</ele></trkpt>
    <trkpt lat="36.503159" lon="33.654294"><ele>312.6</ele></trkpt>
    <trkpt lat="36.502491" lon="33.654303"><ele>309.1</ele></trkpt>
    <trkpt lat="36.501865" lon="33.654344"><ele>305.8</ele></trkpt>
    <trkpt lat="36.501356" lon="33.654477"><ele>302.8</ele></trkpt>
    <trkpt lat="36.501021" lon="33.654743"><ele>300.0</ele></trkpt>
    <trkpt lat="36.500885" lon="33.655164"><ele>297.5</ele></trkpt>
    <trkpt lat="36.500941" lon="33.655732"><ele>295.3</ele></trkpt>
    <trkpt lat="36.501146" lon="33.656417"><ele>293.6</ele></trkpt>
    <trkpt lat="36.501433" lon="33.657165"><ele>292.2</ele></trkpt>
    <trkpt lat="36.501719" lon="33.657912"><ele>291.3</ele></trkpt>
    <trkpt lat="36.501923" lon="33.658596"><ele>290.7</ele></trkpt>
    <trkpt lat="36.501976" lon="33.659163"><ele>290.6</ele></trkpt>
    <trkpt lat="36.501836" lon="33.659580"><ele>290.8</ele></trkpt>
    <trkpt lat="36.501493" lon="33.659841"><ele>291.3</ele></trkpt>
    <trkpt lat="36.500975" lon="33.659966"><ele>292.1</ele></trkpt>
    <trkpt lat="36.500337" lon="33.659998"><ele>293.1</ele></trkpt>
    <trkpt lat="36.499658" lon="33.659998"><ele>294.4</ele></trkpt>
    <trkpt lat="36.499021" lon="33.660031"><ele>295.7</ele></trkpt>
    <trkpt lat="36.498504" lon="33.660157"><ele>297.2</ele></trkpt>
    <trkpt lat="36.498163" lon="33.660419"><ele>298.6</ele></trkpt>
    <trkpt lat="36.498025" lon="33.660838"><ele>299.9</ele></trkpt>
    <trkpt lat="36.498080" lon="33.661407"><ele>301.1</ele></trkpt>
    <trkpt lat="36.498285" lon="33.662091"><ele>302.2</ele></trkpt>
    <trkpt lat="36.498573" lon="33.662839"><ele>303.0</ele></trkpt>
    <trkpt lat="36.498859" lon="33.663587"><ele>303.5</ele></trkpt>
    <trkpt lat="36.499063" lon="33.664270"><ele>303.6</ele></trkpt>
    <trkpt lat="36.499116" lon="33.664838"><ele>303.4</ele></trkpt>
    <trkpt lat="36.498978" lon="33.665257"><ele>302.9</ele></trkpt>
    <trkpt lat="36.498641" lon="33.665521"><ele>301.9</ele></trkpt>
    <trkpt lat="36.498131" lon="33.665652"><ele>300.5</ele></trkpt>
    <trkpt lat="36.497504" lon="33.665693"><ele>298.8</ele></trkpt>
    <trkpt lat="36.496836" lon="33.665702"><ele>296.6</ele></trkpt>
    <trkpt lat="36.496211" lon="33.665744"><ele>294.1</ele></trkpt>
    <trkpt lat="36.495702" lon="33.665877"><ele>291.4</ele></trkpt>
    <trkpt lat="36.495364" lon="33.666141"><ele>288.3</ele></trkpt>
    <trkpt lat="36.495222" lon="33.666556"><ele>285.0</ele></trkpt>
    <trkpt lat="36.495264" lon="33.667115"><ele>281.6</ele></trkpt>
    <trkpt lat="36.495450" lon="33.667785"><ele>278.1</ele></trkpt>
    <trkpt lat="36.495714" lon="33.668515"><ele>274.5</ele></trkpt>
    <trkpt lat="36.495976" lon="33.669244"><ele>271.0</ele></trkpt>
    <trkpt lat="36.496160" lon="33.669912"><ele>267.5</ele></trkpt>
    <trkpt lat="36.496202" lon="33.670470"><ele>264.2</ele></trkpt>
    <trkpt lat="36.496063" lon="33.670888"><ele>261.1</ele></trkpt>
    <trkpt lat="36.495737" lon="33.671162"><ele>258.2</ele></trkpt>
    <trkpt lat="36.495251" lon="33.671311"><ele>255.6</ele></trkpt>
    <trkpt lat="36.494656" lon="33.671377"><ele>253.3</ele></trkpt>
    <trkpt lat="36.494024" lon="33.671414"><ele>251.3</ele></trkpt>
    <trkpt lat="36.493432" lon="33.671482"><ele>249.7</ele></trkpt>
    <trkpt lat="36.492948" lon="33.671633"><ele>248.5</ele></trkpt>
    <trkpt lat="36.492621" lon="33.671906"><ele>247.6</ele></trkpt>
    <trkpt lat="36.492472" lon="33.672317"><ele>247.1</ele></trkpt>
    <trkpt lat="36.492492" lon="33.672857"><ele>246.9</ele></trkpt>
    <trkpt lat="36.492641" lon="33.673498"><ele>247.0</ele></trkpt>
    <trkpt lat="36.492859" lon="33.674193"><ele>247.4</ele></trkpt>
    <trkpt lat="36.493075" lon="33.674886"><ele>248.0</ele></trkpt>
    <trkpt lat="36.493219" lon="33.675524"><ele>248.7</ele></trkpt>
    <trkpt lat="36.493236" lon="33.676063"><ele>249.6</ele></trkpt>
    <trkpt lat="36.493093" lon="33.676478"><ele>250.5</ele></trkpt>
    <trkpt lat="36.492785" lon="33.676765"><ele>251.5</ele></trkpt>
    <trkpt lat="36.492336" lon="33.676943"><ele>252.4</ele></trkpt>
    <trkpt lat="36.491793" lon="33.677049"><ele>253.2</ele></trkpt>
    <trkpt lat="36.491219" lon="33.677131"><ele>253.9</ele></trkpt>
    <trkpt lat="36.490681" lon="33.677240"><ele>254.4</ele></trkpt>
    <trkpt lat="36.490237" lon="33.677423"><ele>254.6</ele></trkpt>
    <trkpt lat="36.489929" lon="33.677710"><ele>254.7</ele></trkpt>
    <trkpt lat="36.489773" lon="33.678116"><ele>254.4</ele></trkpt>
    <trkpt lat="36.489761" lon="33.678632"><ele>253.9</ele></trkpt>
    <trkpt lat="36.489856" lon="33.679232"><ele>253.1</ele></trkpt>
    <trkpt lat="36.490009" lon="33.679876"><ele>251.9</ele></trkpt>
    <trkpt lat="36.490158" lon="33.680517"><ele>250.5</ele></trkpt>
    <trkpt lat="36.490246" lon="33.681110"><ele>248.8</ele></trkpt>
    <trkpt lat="36.490227" lon="33.681622"><ele>246.9</ele></trkpt>
    <trkpt lat="36.490075" lon="33.682030"><ele>244.7</ele></trkpt>
    <trkpt lat="36.489789" lon="33.682334"><ele>242.3</ele></trkpt>
    <trkpt lat="36.489388" lon="33.682550"><ele>239.8</ele></trkpt>
    <trkpt lat="36.488914" lon="33.682709"><ele>237.2</ele></trkpt>
    <trkpt lat="36.488416" lon="33.682850"><ele>234.5</ele></trkpt>
    <trkpt lat="36.487950" lon="33.683015"><ele>231.8</ele></trkpt>
    <trkpt lat="36.487561" lon="33.683240"><ele>229.1</ele></trkpt>
    <trkpt lat="36.487279" lon="33.683548"><ele>226.5</ele></trkpt>
    <trkpt lat="36.487118" lon="33.683948"><ele>223.9</ele></trkpt>
    <trkpt lat="36.487066" lon="33.684434"><ele>221.5</ele></trkpt>
    <trkpt lat="36.487096" lon="33.684983"><ele>219.2</ele></trkpt>
    <trkpt lat="36.487166" lon="33.685563"><ele>217.1</ele></trkpt>
    <trkpt lat="36.487231" lon="33.686140"><ele>215.3</ele></trkpt>
    <trkpt lat="36.487248" lon="33.686678"><ele>213.6</ele></trkpt>
    <trkpt lat="36.487182" lon="33.687153"><ele>212.1</ele></trkpt>
    <trkpt lat="36.487018" lon="33.687552"><ele>210.9</ele></trkpt>
    <trkpt lat="36.486755" lon="33.687874"><ele>209.8</ele></trkpt>
    <trkpt lat="36.486412" lon="33.688135"><ele>208.9</ele></trkpt>
    <trkpt lat="36.486019" lon="33.688357"><ele>208.3</ele></trkpt>
    <trkpt lat="36.485614" lon="33.688569"><ele>207.7</ele></trkpt>
    <trkpt lat="36.485234" lon="33.688801"><ele>207.3</ele></trkpt>
    <trkpt lat="36.484911" lon="33.689077"><ele>207.0</ele></trkpt>
    <trkpt lat="36.484663" lon="33.689411"><ele>206.8</ele></trkpt>
    <trkpt lat="36.484496" lon="33.689808"><ele>206.6</ele></trkpt>
    <trkpt lat="36.484401" lon="33.690259"><ele>206.4</ele></trkpt>
    <trkpt lat="36.484355" lon="33.690750"><ele>206.2</ele></trkpt>
    <trkpt lat="36.484332" lon="33.691257"><ele>206.0</ele></trkpt>
    <trkpt lat="36.484299" lon="33.691758"><ele>205.7</ele></trkpt>
    <trkpt lat="36.484232" lon="33.692232"><ele>205.3</ele></trkpt>
    <trkpt lat="36.484112" lon="33.692665"><ele>204.8</ele></trkpt>
    <trkpt lat="36.483931" lon="33.693051"><ele>204.2</ele></trkpt>
    <trkpt lat="36.483694" lon="33.693394"><ele>203.5</ele></trkpt>
    <trkpt lat="36.483415" lon="33.693703"><ele>202.6</ele></trkpt>
    <trkpt lat="36.483112" lon="33.693995"><ele>201.6</ele></trkpt>
    <trkpt lat="36.482810" lon="33.694287"><ele>200.5</ele></trkpt>
    <trkpt lat="36.482527" lon="33.694593"><ele>199.3</ele></trkpt>
    <trkpt lat="36.482278" lon="33.694927"><ele>197.9</ele></trkpt>
    <trkpt lat="36.482069" lon="33.695291"><ele>196.5</ele></trkpt>
    <trkpt lat="36.481898" lon="33.695684"><ele>195.1</ele></trkpt>
    <trkpt lat="36.481756" lon="33.696101"><ele>193.6</ele></trkpt>
    <trkpt lat="36.481630" lon="33.696529"><ele>192.0</ele></trkpt>
    <trkpt lat="36.481505" lon="33.696958"><ele>190.5</ele></trkpt>
    <trkpt lat="36.481367" lon="33.697377"><ele>189.0</ele></trkpt>
    <trkpt lat="36.481209" lon="33.697781"><ele>187.5</ele></trkpt>
    <trkpt lat="36.481029" lon="33.698167"><ele>186.1</ele></trkpt>
    <trkpt lat="36.480829" lon="33.698538"><ele>184.7</ele></trkpt>
    <trkpt lat="36.480617" lon="33.698900"><ele>183.4</ele></trkpt>
    <trkpt lat="36.480402" lon="33.699260"><ele>182.2</ele></trkpt>
    <trkpt lat="36.480195" lon="33.699625"><ele>181.1</ele></trkpt>
    <trkpt lat="36.480000" lon="33.700000"><ele>180.0</ele></trkpt>
    <trkpt lat="36.479815" lon="33.700384"><ele>179.8</ele></trkpt>
    <trkpt lat="36.479623" lon="33.700763"><ele>179.6</ele></trkpt>
    <trkpt lat="36.479429" lon="33.701140"><ele>179.3</ele></trkpt>
    <trkpt lat="36.479239" lon="33.701521"><ele>179.0</ele></trkpt>
    <trkpt lat="36.479059" lon="33.701908"><ele>178.7</ele></trkpt>
    <trkpt lat="36.478892" lon="33.702305"><ele>178.4</ele></trkpt>
    <trkpt lat="36.478739" lon="33.702711"><ele>178.1</ele></trkpt>
    <trkpt lat="36.478596" lon="33.703125"><ele>177.8</ele></trkpt>
    <trkpt lat="36.478457" lon="33.703542"><ele>177.6</ele></trkpt>
    <trkpt lat="36.478313" lon="33.703955"><ele>177.4</ele></trkpt>
    <trkpt lat="36.478154" lon="33.704357"><ele>177.3</ele></trkpt>
    <trkpt lat="36.477974" lon="33.704745"><ele>177.2</ele></trkpt>
    <trkpt lat="36.477768" lon="33.705114"><ele>177.2</ele></trkpt>
    <trkpt lat="36.477539" lon="33.705466"><ele>177.3</ele></trkpt>
    <trkpt lat="36.477293" lon="33.705807"><ele>177.4</ele></trkpt>
    <trkpt lat="36.477042" lon="33.706143"><ele>177.6</ele></trkpt>
    <trkpt lat="36.476799" lon="33.706485"><ele>177.9</ele></trkpt>
    <trkpt lat="36.476577" lon="33.706843"><ele>178.2</ele></trkpt>
    <trkpt lat="36.476388" lon="33.707224"><ele>178.5</ele></trkpt>
    <trkpt lat="36.476238" lon="33.707633"><ele>178.9</ele></trkpt>
    <trkpt lat="36.476124" lon="33.708067"><ele>179.3</ele></trkpt>
    <trkpt lat="36.476037" lon="33.708521"><ele>179.7</ele></trkpt>
    <trkpt lat="36.475964" lon="33.708985"><ele>180.0</ele></trkpt>
    <trkpt lat="36.475884" lon="33.709444"><ele>180.3</ele></trkpt>
    <trkpt lat="36.475780" lon="33.709885"><ele>180.6</ele></trkpt>
    <trkpt lat="36.475635" lon="33.710297"><ele>180.8</ele></trkpt>
    <trkpt lat="36.475438" lon="33.710673"><ele>180.9</ele></trkpt>
    <trkpt lat="36.475191" lon="33.711013"><ele>180.9</ele></trkpt>
    <trkpt lat="36.474902" lon="33.711322"><ele>180.8</ele></trkpt>
    <trkpt lat="36.474587" lon="33.711613"><ele>180.5</ele></trkpt>
    <trkpt lat="36.474270" lon="33.711903"><ele>180.2</ele></trkpt>
    <trkpt lat="36.473977" lon="33.712210"><ele>179.7</ele></trkpt>
    <trkpt lat="36.473729" lon="33.712549"><ele>179.1</ele></trkpt>
    <trkpt lat="36.473542" lon="33.712931"><ele>178.4</ele></trkpt>
    <trkpt lat="36.473420" lon="33.713360"><ele>177.6</ele></trkpt>
    <trkpt lat="36.473358" lon="33.713831"><ele>176.7</ele></trkpt>
    <trkpt lat="36.473336" lon="33.714332"><ele>175.8</ele></trkpt>
    <trkpt lat="36.473330" lon="33.714843"><ele>174.8</ele></trkpt>
    <trkpt lat="36.473308" lon="33.715344"><ele>173.7</ele></trkpt>
    <trkpt lat="36.473242" lon="33.715813"><ele>172.7</ele></trkpt>
    <trkpt lat="36.473109" lon="33.716233"><ele>171.7</ele></trkpt>
    <trkpt lat="36.472898" lon="33.716598"><ele>170.7</ele></trkpt>
    <trkpt lat="36.472610" lon="33.716909"><ele>169.8</ele></trkpt>
    <trkpt lat="36.472262" lon="33.717176"><ele>169.0</ele></trkpt>
    <trkpt lat="36.471881" lon="33.717420"><ele>168.3</ele></trkpt>
    <trkpt lat="36.471502" lon="33.717666"><ele>167.8</ele></trkpt>
    <trkpt lat="36.471161" lon="33.717938"><ele>167.4</ele></trkpt>
    <trkpt lat="36.470888" lon="33.718259"><ele>167.2</ele></trkpt>
    <trkpt lat="36.470702" lon="33.718643"><ele>167.2</ele></trkpt>
    <trkpt lat="36.470609" lon="33.719092"><ele>167.3</ele></trkpt>
    <trkpt lat="36.470596" lon="33.719599"><ele>167.7</ele></trkpt>
    <trkpt lat="36.470637" lon="33.720144"><ele>168.2</ele></trkpt>
    <trkpt lat="36.470694" lon="33.720700"><ele>168.9</ele></trkpt>
    <trkpt lat="36.470727" lon="33.721240"><ele>169.7</ele></trkpt>
    <trkpt lat="36.470697" lon="33.721734"><ele>170.7</ele></trkpt>
    <trkpt lat="36.470575" lon="33.722163"><ele>171.8</ele></trkpt>
    <trkpt lat="36.470348" lon="33.722517"><ele>172.9</ele></trkpt>
    <trkpt lat="36.470022" lon="33.722800"><ele>174.1</ele></trkpt>
    <trkpt lat="36.469618" lon="33.723028"><ele>175.3</ele></trkpt>
    <trkpt lat="36.469176" lon="33.723228"><ele>176.5</ele></trkpt>
    <trkpt lat="36.468738" lon="33.723432"><ele>177.7</ele></trkpt>
    <trkpt lat="36.468353" lon="33.723672"><ele>178.8</ele></trkpt>
    <trkpt lat="36.468057" lon="33.723977"><ele>179.7</ele></trkpt>
    <trkpt lat="36.467873" lon="33.724362"><ele>180.5</ele></trkpt>
    <trkpt lat="36.467807" lon="33.724830"><ele>181.1</ele></trkpt>
    <trkpt lat="36.467840" lon="33.725370"><ele>181.5</ele></trkpt>
    <trkpt lat="36.467938" lon="33.725956"><ele>181.6</ele></trkpt>
    <trkpt lat="36.468055" lon="33.726555"><ele>181.6</ele></trkpt>
    <trkpt lat="36.468138" lon="33.727130"><ele>181.3</ele></trkpt>
    <trkpt lat="36.468141" lon="33.727648"><ele>180.7</ele></trkpt>
    <trkpt lat="36.468029" lon="33.728084"><ele>179.9</ele></trkpt>
    <trkpt lat="36.467788" lon="33.728428"><ele>178.9</ele></trkpt>
    <trkpt lat="36.467425" lon="33.728685"><ele>177.6</ele></trkpt>
    <trkpt lat="36.466971" lon="33.728877"><ele>176.2</ele></trkpt>
    <trkpt lat="36.466471" lon="33.729036"><ele>174.6</ele></trkpt>
    <trkpt lat="36.465981" lon="33.729202"><ele>172.9</ele></trkpt>
    <trkpt lat="36.465555" lon="33.729414"><ele>171.2</ele></trkpt>
    <trkpt lat="36.465239" lon="33.729704"><ele>169.3</ele></trkpt>
    <trkpt lat="36.465058" lon="33.730091"><ele>167.5</ele></trkpt>
    <trkpt lat="36.465016" lon="33.730577"><ele>165.7</ele></trkpt>
    <trkpt lat="36.465091" lon="33.731146"><ele>164.0</ele></trkpt>
    <trkpt lat="36.465242" lon="33.731770"><ele>162.4</ele></trkpt>
    <trkpt lat="36.465412" lon="33.732407"><ele>161.0</ele></trkpt>
    <trkpt lat="36.465540" lon="33.733014"><ele>159.8</ele></trkpt>
    <trkpt lat="36.465571" lon="33.733553"><ele>158.8</ele></trkpt>
    <trkpt lat="36.465468" lon="33.733994"><ele>158.1</ele></trkpt>
    <trkpt lat="36.465213" lon="33.734329"><ele>157.7</ele></trkpt>
    <trkpt lat="36.464819" lon="33.734563"><ele>157.5</ele></trkpt>
    <trkpt lat="36.464319" lon="33.734722"><ele>157.7</ele></trkpt>
    <trkpt lat="36.463768" lon="33.734845"><ele>158.2</ele></trkpt>
    <trkpt lat="36.463231" lon="33.734978"><ele>158.9</ele></trkpt>
    <trkpt lat="36.462770" lon="33.735165"><ele>159.9</ele></trkpt>
    <trkpt lat="36.462436" lon="33.735442"><ele>161.2</ele></trkpt>
    <trkpt lat="36.462258" lon="33.735831"><ele>162.7</ele></trkpt>
    <trkpt lat="36.462238" lon="33.736332"><ele>164.3</ele></trkpt>
    <trkpt lat="36.462351" lon="33.736929"><ele>166.1</ele></trkpt>
    <trkpt lat="36.462547" lon="33.737585"><ele>168.0</ele></trkpt>
    <trkpt lat="36.462764" lon="33.738255"><ele>169.9</ele></trkpt>
    <trkpt lat="36.462930" lon="33.738890"><ele>171.8</ele></trkpt>
    <trkpt lat="36.462987" lon="33.739446"><ele>173.7</ele></trkpt>
    <trkpt lat="36.462890" lon="33.739893"><ele>175.4</ele></trkpt>
    <trkpt lat="36.462623" lon="33.740218"><ele>177.0</ele></trkpt>
    <trkpt lat="36.462200" lon="33.740432"><ele>178.4</ele></trkpt>
    <trkpt lat="36.461661" lon="33.740563"><ele>179.5</ele></trkpt>
    <trkpt lat="36.461067" lon="33.740655"><ele>180.3</ele></trkpt>
    <trkpt lat="36.460490" lon="33.740760"><ele>180.8</ele></trkpt>
    <trkpt lat="36.459999" lon="33.740926"><ele>181.0</ele></trkpt>
    <trkpt lat="36.459651" lon="33.741193"><ele>180.9</ele></trkpt>
    <trkpt lat="36.459476" lon="33.741584"><ele>180.4</ele></trkpt>
    <trkpt lat="36.459475" lon="33.742099"><ele>179.6</ele></trkpt>
    <trkpt lat="36.459620" lon="33.742718"><ele>178.4</ele></trkpt>
    <trkpt lat="36.459855" lon="33.743402"><ele>177.0</ele></trkpt>
    <trkpt lat="36.460110" lon="33.744099"><ele>175.3</ele></trkpt>
    <trkpt lat="36.460308" lon="33.744757"><ele>173.3</ele></trkpt>
    <trkpt lat="36.460384" lon="33.745327"><ele>171.2</ele></trkpt>
    <trkpt lat="36.460292" lon="33.745777"><ele>168.9</ele></trkpt>
    <trkpt lat="36.460015" lon="33.746095"><ele>166.5</ele></trkpt>
    <trkpt lat="36.459568" lon="33.746292"><ele>164.1</ele></trkpt>
    <trkpt lat="36.458996" lon="33.746400"><ele>161.7</ele></trkpt>
    <trkpt lat="36.458367" lon="33.746467"><ele>159.4</ele></trkpt>
    <trkpt lat="36.457759" lon="33.746549"><ele>157.2</ele></trkpt>
    <trkpt lat="36.457245" lon="33.746698"><ele>155.2</ele></trkpt>
    <trkpt lat="36.456886" lon="33.746958"><ele>153.5</ele></trkpt>
    <trkpt lat="36.456714" lon="33.747351"><ele>152.0</ele></trkpt>
    <trkpt lat="36.456729" lon="33.747878"><ele>150.8</ele></trkpt>
    <trkpt lat="36.456899" lon="33.748515"><ele>150.0</ele></trkpt>
    <trkpt lat="36.457165" lon="33.749220"><ele>149.6</ele></trkpt>
    <trkpt lat="36.457449" lon="33.749939"><ele>149.6</ele></trkpt>
    <trkpt lat="36.457672" lon="33.750614"><ele>149.9</ele></trkpt>
    <trkpt lat="36.457763" lon="33.751194"><ele>150.6</ele></trkpt>
    <trkpt lat="36.457673" lon="33.751646"><ele>151.6</ele></trkpt>
    <trkpt lat="36.457387" lon="33.751958"><ele>153.0</ele></trkpt>
    <trkpt lat="36.456922" lon="33.752142"><ele>154.6</ele></trkpt>
    <trkpt lat="36.456326" lon="33.752232"><ele>156.5</ele></trkpt>
    <trkpt lat="36.455670" lon="33.752281"><ele>158.6</ele></trkpt>
    <trkpt lat="36.455038" lon="33.752346"><ele>160.9</ele></trkpt>
    <trkpt lat="36.454508" lon="33.752483"><ele>163.2</ele></trkpt>
    <trkpt lat="36.454142" lon="33.752738"><ele>165.5</ele></trkpt>
    <trkpt lat="36.453973" lon="33.753133"><ele>167.9</ele></trkpt>
    <trkpt lat="36.454001" lon="33.753669"><ele>170.1</ele></trkpt>
    <trkpt lat="36.454190" lon="33.754319"><ele>172.1</ele></trkpt>
    <trkpt lat="36.454477" lon="33.755040"><ele>174.0</ele></trkpt>
    <trkpt lat="36.454782" lon="33.755774"><ele>175.6</ele></trkpt>
    <trkpt lat="36.455021" lon="33.756460"><ele>176.8</ele></trkpt>
    <trkpt lat="36.455121" lon="33.757047"><ele>177.8</ele></trkpt>
    <trkpt lat="36.455032" lon="33.757500"><ele>178.4</ele></trkpt>
    <trkpt lat="36.454739" lon="33.757807"><ele>178.5</ele></trkpt>
    <trkpt lat="36.454261" lon="33.757981"><ele>178.3</ele></trkpt>
    <trkpt lat="36.453648" lon="33.758060"><ele>177.7</ele></trkpt>
    <trkpt lat="36.452976" lon="33.758096"><ele>176.7</ele></trkpt>
    <trkpt lat="36.452329" lon="33.758151"><ele>175.3</ele></trkpt>
    <trkpt lat="36.451790" lon="33.758282"><ele>173.6</ele></trkpt>
    <trkpt lat="36.451421" lon="33.758534"><ele>171.6</ele></trkpt>
    <trkpt lat="36.451255" lon="33.758932"><ele>169.4</ele></trkpt>
    <trkpt lat="36.451291" lon="33.759473"><ele>167.0</ele></trkpt>
    <trkpt lat="36.451491" lon="33.760132"><ele>164.4</ele></trkpt>
    <trkpt lat="36.451791" lon="33.760861"><ele>161.7</ele></trkpt>
    <trkpt lat="36.452107" lon="33.761603"><ele>159.0</ele></trkpt>
    <trkpt lat="36.452354" lon="33.762295"><ele>156.4</ele></trkpt>
    <trkpt lat="36.452457" lon="33.762884"><ele>153.9</ele></trkpt>
    <trkpt lat="36.452368" lon="33.763336"><ele>151.5</ele></trkpt>
    <trkpt lat="36.452070" lon="33.763640"><ele>149.4</ele></trkpt>
    <trkpt lat="36.451584" lon="33.763809"><ele>147.6</ele></trkpt>
    <trkpt lat="36.450964" lon="33.763882"><ele>146.0</ele></trkpt>
    <trkpt lat="36.450284" lon="33.763913"><ele>144.9</ele></trkpt>
    <trkpt lat="36.449633" lon="33.763964"><ele>144.1</ele></trkpt>
    <trkpt lat="36.449091" lon="33.764094"><ele>143.7</ele></trkpt>
    <trkpt lat="36.448723" lon="33.764347"><ele>143.7</ele></trkpt>
    <trkpt lat="36.448560" lon="33.764747"><ele>144.1</ele></trkpt>
    <trkpt lat="36.448600" lon="33.765291"><ele>144.9</ele></trkpt>
    <trkpt lat="36.448804" lon="33.765953"><ele>146.1</ele></trkpt>
    <trkpt lat="36.449107" lon="33.766684"><ele>147.6</ele></trkpt>
    <trkpt lat="36.449425" lon="33.767427"><ele>149.4</ele></trkpt>
    <trkpt lat="36.449671" lon="33.768118"><ele>151.4</ele></trkpt>
    <trkpt lat="36.449772" lon="33.768706"><ele>153.6</ele></trkpt>
    <trkpt lat="36.449680" lon="33.769156"><ele>156.0</ele></trkpt>
    <trkpt lat="36.449379" lon="33.769458"><ele>158.4</ele></trkpt>
    <trkpt lat="36.448892" lon="33.769626"><ele>160.9</ele></trkpt>
    <trkpt lat="36.448272" lon="33.769699"><ele>163.3</ele></trkpt>
    <trkpt lat="36.447595" lon="33.769732"><ele>165.5</ele></trkpt>
    <trkpt lat="36.446948" lon="33.769787"><ele>167.6</ele></trkpt>
    <trkpt lat="36.446412" lon="33.769920"><ele>169.5</ele></trkpt>
    <trkpt lat="36.446048" lon="33.770176"><ele>171.0</ele></trkpt>
    <trkpt lat="36.445888" lon="33.770578"><ele>172.3</ele></trkpt>
    <trkpt lat="36.445928" lon="33.771122"><ele>173.2</ele></trkpt>
    <trkpt lat="36.446129" lon="33.771781"><ele>173.7</ele></trkpt>
    <trkpt lat="36.446425" lon="33.772509"><ele>173.8</ele></trkpt>
    <trkpt lat="36.446734" lon="33.773245"><ele>173.5</ele></trkpt>
    <trkpt lat="36.446971" lon="33.773930"><ele>172.8</ele></trkpt>
    <trkpt lat="36.447065" lon="33.774512"><ele>171.8</ele></trkpt>
    <trkpt lat="36.446968" lon="33.774959"><ele>170.4</ele></trkpt>
    <trkpt lat="36.446667" lon="33.775260"><ele>168.7</ele></trkpt>
    <trkpt lat="36.446185" lon="33.775432"><ele>166.6</ele></trkpt>
    <trkpt lat="36.445574" lon="33.775512"><ele>164.4</ele></trkpt>
    <trkpt lat="36.444910" lon="33.775554"><ele>162.0</ele></trkpt>
    <trkpt lat="36.444277" lon="33.775618"><ele>159.5</ele></trkpt>
    <trkpt lat="36.443753" lon="33.775760"><ele>156.9</ele></trkpt>
    <trkpt lat="36.443397" lon="33.776022"><ele>154.3</ele></trkpt>
    <trkpt lat="36.443239" lon="33.776426"><ele>151.8</ele></trkpt>
    <trkpt lat="36.443274" lon="33.776967"><ele>149.4</ele></trkpt>
    <trkpt lat="36.443465" lon="33.777618"><ele>147.2</ele></trkpt>
    <trkpt lat="36.443745" lon="33.778334"><ele>145.2</ele></trkpt>
    <trkpt lat="36.444036" lon="33.779057"><ele>143.5</ele></trkpt>
    <trkpt lat="36.444255" lon="33.779730"><ele>142.1</ele></trkpt>
    <trkpt lat="36.444336" lon="33.780302"><ele>141.0</ele></trkpt>
    <trkpt lat="36.444232" lon="33.780745"><ele>140.3</ele></trkpt>
    <trkpt lat="36.443934" lon="33.781048"><ele>140.0</ele></trkpt>
    <trkpt lat="36.443463" lon="33.781227"><ele>140.1</ele></trkpt>
    <trkpt lat="36.442870" lon="33.781320"><ele>140.5</ele></trkpt>
    <trkpt lat="36.442228" lon="33.781378"><ele>141.3</ele></trkpt>
    <trkpt lat="36.441617" lon="33.781458"><ele>142.4</ele></trkpt>
    <trkpt lat="36.441112" lon="33.781614"><ele>143.8</ele></trkpt>
    <trkpt lat="36.440768" lon="33.781885"><ele>145.5</ele></trkpt>
    <trkpt lat="36.440612" lon="33.782289"><ele>147.4</ele></trkpt>
    <trkpt lat="36.440639" lon="33.782824"><ele>149.4</ele></trkpt>
    <trkpt lat="36.440811" lon="33.783462"><ele>151.6</ele></trkpt>
    <trkpt lat="36.441066" lon="33.784160"><ele>153.7</ele></trkpt>
    <trkpt lat="36.441329" lon="33.784864"><ele>155.9</ele></trkpt>
    <trkpt lat="36.441524" lon="33.785518"><ele>158.0</ele></trkpt>
    <trkpt lat="36.441586" lon="33.786078"><ele>160.0</ele></trkpt>
    <trkpt lat="36.441475" lon="33.786515"><ele>161.8</ele></trkpt>
    <trkpt lat="36.441181" lon="33.786821"><ele>163.4</ele></trkpt>
    <trkpt lat="36.440726" lon="33.787013"><ele>164.7</ele></trkpt>
    <trkpt lat="36.440160" lon="33.787124"><ele>165.7</ele></trkpt>
    <trkpt lat="36.439549" lon="33.787205"><ele>166.4</ele></trkpt>
    <trkpt lat="36.438969" lon="33.787307"><ele>166.8</ele></trkpt>
    <trkpt lat="36.438490" lon="33.787481"><ele>166.8</ele></trkpt>
    <trkpt lat="36.438161" lon="33.787762"><ele>166.5</ele></trkpt>
    <trkpt lat="36.438006" lon="33.788167"><ele>165.8</ele></trkpt>
    <trkpt lat="36.438020" lon="33.788693"><ele>164.8</ele></trkpt>
    <trkpt lat="36.438166" lon="33.789313"><ele>163.6</ele></trkpt>
    <trkpt lat="36.438388" lon="33.789987"><ele>162.0</ele></trkpt>
    <trkpt lat="36.438615" lon="33.790665"><ele>160.3</ele></trkpt>
    <trkpt lat="36.438777" lon="33.791296"><ele>158.4</ele></trkpt>
    <trkpt lat="36.438816" lon="33.791840"><ele>156.3</ele></trkpt>
    <trkpt lat="36.438696" lon="33.792270"><ele>154.2</ele></trkpt>
    <trkpt lat="36.438410" lon="33.792582"><ele>152.0</ele></trkpt>
    <trkpt lat="36.437977" lon="33.792789"><ele>149.8</ele></trkpt>
    <trkpt lat="36.437444" lon="33.792925"><ele>147.8</ele></trkpt>
    <trkpt lat="36.436874" lon="33.793034"><ele>145.8</ele></trkpt>
    <trkpt lat="36.436333" lon="33.793164"><ele>144.0</ele></trkpt>
    <trkpt lat="36.435885" lon="33.793360"><ele>142.4</ele></trkpt>
    <trkpt lat="36.435573" lon="33.793653"><ele>141.1</ele></trkpt>
    <trkpt lat="36.435419" lon="33.794060"><ele>140.0</ele></trkpt>
    <trkpt lat="36.435416" lon="33.794573"><ele>139.2</ele></trkpt>
    <trkpt lat="36.435531" lon="33.795171"><ele>138.7</ele></trkpt>
    <trkpt lat="36.435711" lon="33.795815"><ele>138.5</ele></trkpt>
    <trkpt lat="36.435894" lon="33.796461"><ele>138.6</ele></trkpt>
    <trkpt lat="36.436017" lon="33.797064"><ele>138.9</ele></trkpt>
    <trkpt lat="36.436029" lon="33.797589"><ele>139.6</ele></trkpt>
    <trkpt lat="36.435899" lon="33.798012"><ele>140.5</ele></trkpt>
    <trkpt lat="36.435622" lon="33.798330"><ele>141.6</ele></trkpt>
    <trkpt lat="36.435216" lon="33.798557"><ele>142.9</ele></trkpt>
    <trkpt lat="36.434725" lon="33.798722"><ele>144.3</ele></trkpt>
    <trkpt lat="36.434202" lon="33.798865"><ele>145.9</ele></trkpt>
    <trkpt lat="36.433707" lon="33.799028"><ele>147.5</ele></trkpt>
    <trkpt lat="36.433295" lon="33.799250"><ele>149.1</ele></trkpt>
    <trkpt lat="36.433004" lon="33.799558"><ele>150.7</ele></trkpt>
    <trkpt lat="36.432850" lon="33.799964"><ele>152.2</ele></trkpt>
    <trkpt lat="36.432826" lon="33.800463"><ele>153.6</ele></trkpt>
    <trkpt lat="36.432903" lon="33.801033"><ele>154.8</ele></trkpt>
    <trkpt lat="36.433034" lon="33.801643"><ele>155.9</ele></trkpt>
    <trkpt lat="36.433166" lon="33.802252"><ele>156.8</ele></trkpt>
    <trkpt lat="36.433243" lon="33.802823"><ele>157.4</ele></trkpt>
    <trkpt lat="36.433225" lon="33.803326"><ele>157.8</ele></trkpt>
    <trkpt lat="36.433085" lon="33.803742"><ele>158.0</ele></trkpt>
    <trkpt lat="36.432819" lon="33.804068"><ele>157.9</ele></trkpt>
    <trkpt lat="36.432446" lon="33.804318"><ele>157.5</ele></trkpt>
    <trkpt lat="36.432001" lon="33.804517"><ele>157.0</ele></trkpt>
    <trkpt lat="36.431533" lon="33.804698"><ele>156.2</ele></trkpt>
    <trkpt lat="36.431091" lon="33.804899"><ele>155.2</ele></trkpt>
    <trkpt lat="36.430719" lon="33.805150"><ele>154.1</ele></trkpt>
    <trkpt lat="36.430450" lon="33.805473"><ele>152.8</ele></trkpt>
    <trkpt lat="36.430295" lon="33.805879"><ele>151.5</ele></trkpt>
    <trkpt lat="36.430247" lon="33.806361"><ele>150.0</ele></trkpt>
    <trkpt lat="36.430281" lon="33.806900"><ele>148.6</ele></trkpt>
    <trkpt lat="36.430357" lon="33.807471"><ele>147.1</ele></trkpt>
    <trkpt lat="36.430431" lon="33.808039"><ele>145.7</ele></trkpt>
    <trkpt lat="36.430459" lon="33.808575"><ele>144.3</ele></trkpt>
    <trkpt lat="36.430407" lon="33.809053"><ele>143.0</ele></trkpt>
    <trkpt lat="36.430256" lon="33.809461"><ele>141.9</ele></trkpt>
    <trkpt lat="36.430004" lon="33.809797"><ele>140.9</ele></trkpt>
    <trkpt lat="36.429667" lon="33.810073"><ele>140.1</ele></trkpt>
    <trkpt lat="36.429275" lon="33.810310"><ele>139.4</ele></trkpt>
    <trkpt lat="36.428867" lon="33.810534"><ele>139.0</ele></trkpt>
    <trkpt lat="36.428482" lon="33.810776"><ele>138.7</ele></trkpt>
    <trkpt lat="36.428155" lon="33.811058"><ele>138.6</ele></trkpt>
    <trkpt lat="36.427909" lon="33.811398"><ele>138.7</ele></trkpt>
    <trkpt lat="36.427752" lon="33.811802"><ele>138.9</ele></trkpt>
    <trkpt lat="36.427678" lon="33.812265"><ele>139.3</ele></trkpt>
    <trkpt lat="36.427664" lon="33.812771"><ele>139.9</ele></trkpt>
    <trkpt lat="36.427680" lon="33.813298"><ele>140.5</ele></trkpt>
    <trkpt lat="36.427691" lon="33.813822"><ele>141.2</ele></trkpt>
    <trkpt lat="36.427666" lon="33.814319"><ele>142.0</ele></trkpt>
    <trkpt lat="36.427578" lon="33.814773"><ele>142.8</ele></trkpt>
    <trkpt lat="36.427416" lon="33.815173"><ele>143.6</ele></trkpt>
    <trkpt lat="36.427179" lon="33.815520"><ele>144.4</ele></trkpt>
    <trkpt lat="36.426882" lon="33.815824"><ele>145.2</ele></trkpt>
    <trkpt lat="36.426548" lon="33.816101"><ele>145.9</ele></trkpt>
    <trkpt lat="36.426204" lon="33.816372"><ele>146.5</ele></trkpt>
    <trkpt lat="36.425881" lon="33.816657"><ele>147.0</ele></trkpt>
    <trkpt lat="36.425600" lon="33.816973"><ele>147.4</ele></trkpt>
    <trkpt lat="36.425379" lon="33.817331"><ele>147.7</ele></trkpt>
    <trkpt lat="36.425219" lon="33.817733"><ele>147.9</ele></trkpt>
    <trkpt lat="36.425115" lon="33.818174"><ele>147.9</ele></trkpt>
    <trkpt lat="36.425050" lon="33.818644"><ele>147.8</ele></trkpt>
    <trkpt lat="36.425002" lon="33.819125"><ele>147.6</ele></trkpt>
    <trkpt lat="36.424947" lon="33.819602"><ele>147.3</ele></trkpt>
    <trkpt lat="36.424865" lon="33.820059"><ele>146.9</ele></trkpt>
    <trkpt lat="36.424740" lon="33.820486"><ele>146.4</ele></trkpt>
    <trkpt lat="36.424567" lon="33.820878"><ele>145.9</ele></trkpt>
    <trkpt lat="36.424348" lon="33.821238"><ele>145.3</ele></trkpt>
    <trkpt lat="36.424093" lon="33.821572"><ele>144.6</ele></trkpt>
    <trkpt lat="36.423819" lon="33.821892"><ele>144.0</ele></trkpt>
    <trkpt lat="36.423544" lon="33.822212"><ele>143.4</ele></trkpt>
    <trkpt lat="36.423284" lon="33.822542"><ele>142.8</ele></trkpt>
    <trkpt lat="36.423052" lon="33.822893"><ele>142.2</ele></trkpt>
    <trkpt lat="36.422855" lon="33.823268"><ele>141.7</ele></trkpt>
    <trkpt lat="36.422692" lon="33.823667"><ele>141.2</ele></trkpt>
    <trkpt lat="36.422557" lon="33.824087"><ele>140.8</ele></trkpt>
    <trkpt lat="36.422438" lon="33.824518"><ele>140.4</ele></trkpt>
    <trkpt lat="36.422323" lon="33.824951"><ele>140.2</ele></trkpt>
    <trkpt lat="36.422200" lon="33.825379"><ele>140.0</ele></trkpt>
    <trkpt lat="36.422059" lon="33.825795"><ele>139.8</ele></trkpt>
    <trkpt lat="36.421897" lon="33.826195"><ele>139.7</ele></trkpt>
    <trkpt lat="36.421713" lon="33.826580"><ele>139.7</ele></trkpt>
    <trkpt lat="36.421513" lon="33.826952"><ele>139.7</ele></trkpt>
    <trkpt lat="36.421302" lon="33.827318"><ele>139.8</ele></trkpt>
    <trkpt lat="36.421091" lon="33.827683"><ele>139.8</ele></trkpt>
    <trkpt lat="36.420886" lon="33.828053"><ele>139.9</ele></trkpt>
    <trkpt lat="36.420691" lon="33.828430"><ele>140.0</ele></trkpt>
    <trkpt lat="36.420509" lon="33.828815"><ele>140.0</ele></trkpt>
    <trkpt lat="36.420336" lon="33.829208"><ele>140.1</ele></trkpt>
    <trkpt lat="36.420168" lon="33.829604"><ele>140.0</ele></trkpt>
    <trkpt lat="36.420000" lon="33.830000"><ele>140.0</ele></trkpt>
    <trkpt lat="36.419831" lon="33.830394"><ele>139.6</ele></trkpt>
    <trkpt lat="36.419675" lon="33.830796"><ele>139.2</ele></trkpt>
    <trkpt lat="36.419530" lon="33.831206"><ele>138.9</ele></trkpt>
    <trkpt lat="36.419394" lon="33.831621"><ele>138.7</ele></trkpt>
    <trkpt lat="36.419259" lon="33.832036"><ele>138.5</ele></trkpt>
    <trkpt lat="36.419116" lon="33.832447"><ele>138.4</ele></trkpt>
    <trkpt lat="36.418956" lon="33.832847"><ele>138.3</ele></trkpt>
    <trkpt lat="36.418776" lon="33.833234"><ele>138.2</ele></trkpt>
    <trkpt lat="36.418573" lon="33.833607"><ele>138.1</ele></trkpt>
    <trkpt lat="36.418352" lon="33.833969"><ele>138.0</ele></trkpt>
    <trkpt lat="36.418125" lon="33.834326"><ele>137.9</ele></trkpt>
    <trkpt lat="36.417903" lon="33.834687"><ele>137.8</ele></trkpt>
    <trkpt lat="36.417701" lon="33.835060"><ele>137.6</ele></trkpt>
    <trkpt lat="36.417529" lon="33.835453"><ele>137.3</ele></trkpt>
    <trkpt lat="36.417396" lon="33.835870"><ele>136.9</ele></trkpt>
    <trkpt lat="36.417300" lon="33.836310"><ele>136.5</ele></trkpt>
    <trkpt lat="36.417232" lon="33.836768"><ele>135.9</ele></trkpt>
    <trkpt lat="36.417178" lon="33.837234"><ele>135.2</ele></trkpt>
    <trkpt lat="36.417118" lon="33.837697"><ele>134.5</ele></trkpt>
    <trkpt lat="36.417032" lon="33.838143"><ele>133.6</ele></trkpt>
    <trkpt lat="36.416902" lon="33.838562"><ele>132.7</ele></trkpt>
    <trkpt lat="36.416718" lon="33.838947"><ele>131.7</ele></trkpt>
    <trkpt lat="36.416479" lon="33.839297"><ele>130.6</ele></trkpt>
    <trkpt lat="36.416195" lon="33.839619"><ele>129.5</ele></trkpt>
    <trkpt lat="36.415884" lon="33.839924"><ele>128.3</ele></trkpt>
    <trkpt lat="36.415573" lon="33.840228"><ele>127.2</ele></trkpt>
    <trkpt lat="36.415288" lon="33.840550"><ele>126.1</ele></trkpt>
    <trkpt lat="36.415054" lon="33.840903"><ele>125.0</ele></trkpt>
    <trkpt lat="36.414888" lon="33.841299"><ele>124.0</ele></trkpt>
    <trkpt lat="36.414796" lon="33.841742"><ele>123.1</ele></trkpt>
    <trkpt lat="36.414769" lon="33.842225"><ele>122.3</ele></trkpt>
    <trkpt lat="36.414787" lon="33.842737"><ele>121.6</ele></trkpt>
    <trkpt lat="36.414821" lon="33.843259"><ele>121.1</ele></trkpt>
    <trkpt lat="36.414834" lon="33.843768"><ele>120.8</ele></trkpt>
    <trkpt lat="36.414795" lon="33.844244"><ele>120.6</ele></trkpt>
    <trkpt lat="36.414679" lon="33.844671"><ele>120.6</ele></trkpt>
    <trkpt lat="36.414472" lon="33.845041"><ele>120.8</ele></trkpt>
    <trkpt lat="36.414179" lon="33.845357"><ele>121.1</ele></trkpt>
    <trkpt lat="36.413817" lon="33.845631"><ele>121.6</ele></trkpt>
    <trkpt lat="36.413421" lon="33.845882"><ele>122.3</ele></trkpt>
    <trkpt lat="36.413029" lon="33.846136"><ele>123.0</ele></trkpt>
    <trkpt lat="36.412684" lon="33.846420"><ele>123.8</ele></trkpt>
    <trkpt lat="36.412420" lon="33.846754"><ele>124.7</ele></trkpt>
    <trkpt lat="36.412259" lon="33.847153"><ele>125.6</ele></trkpt>
    <trkpt lat="36.412205" lon="33.847620"><ele>126.5</ele></trkpt>
    <trkpt lat="36.412242" lon="33.848144"><ele>127.4</ele></trkpt>
    <trkpt lat="36.412340" lon="33.848706"><ele>128.1</ele></trkpt>
    <trkpt lat="36.412455" lon="33.849278"><ele>128.8</ele></trkpt>
    <trkpt lat="36.412537" lon="33.849830"><ele>129.3</ele></trkpt>
    <trkpt lat="36.412543" lon="33.850334"><ele>129.7</ele></trkpt>
    <trkpt lat="36.412439" lon="33.850770"><ele>129.8</ele></trkpt>
    <trkpt lat="36.412212" lon="33.851127"><ele>129.7</ele></trkpt>
    <trkpt lat="36.411868" lon="33.851412"><ele>129.4</ele></trkpt>
    <trkpt lat="36.411437" lon="33.851641"><ele>128.9</ele></trkpt>
    <trkpt lat="36.410963" lon="33.851843"><ele>128.1</ele></trkpt>
    <trkpt lat="36.410499" lon="33.852052"><ele>127.0</ele></trkpt>
    <trkpt lat="36.410099" lon="33.852301"><ele>125.7</ele></trkpt>
    <trkpt lat="36.409807" lon="33.852618"><ele>124.2</ele></trkpt>
    <trkpt lat="36.409649" lon="33.853019"><ele>122.5</ele></trkpt>
    <trkpt lat="36.409628" lon="33.853507"><ele>120.7</ele></trkpt>
    <trkpt lat="36.409723" lon="33.854067"><ele>118.7</ele></trkpt>
    <trkpt lat="36.409893" lon="33.854674"><ele>116.6</ele></trkpt>
    <trkpt lat="36.410079" lon="33.855292"><ele>114.4</ele></trkpt>
    <trkpt lat="36.410223" lon="33.855882"><ele>112.3</ele></trkpt>
    <trkpt lat="36.410268" lon="33.856411"><ele>110.2</ele></trkpt>
    <trkpt lat="36.410176" lon="33.856854"><ele>108.2</ele></trkpt>
    <trkpt lat="36.409931" lon="33.857200"><ele>106.3</ele></trkpt>
    <trkpt lat="36.409545" lon="33.857458"><ele>104.6</ele></trkpt>
    <trkpt lat="36.409053" lon="33.857649"><ele>103.0</ele></trkpt>
    <trkpt lat="36.408510" lon="33.857808"><ele>101.8</ele></trkpt>
    <trkpt lat="36.407983" lon="33.857977"><ele>100.8</ele></trkpt>
    <trkpt lat="36.407535" lon="33.858197"><ele>100.1</ele></trkpt>
    <trkpt lat="36.407219" lon="33.858498"><ele>99.7</ele></trkpt>
    <trkpt lat="36.407064" lon="33.858901"><ele>99.6</ele></trkpt>
    <trkpt lat="36.407071" lon="33.859406"><ele>99.8</ele></trkpt>
    <trkpt lat="36.407215" lon="33.859997"><ele>100.3</ele></trkpt>
    <trkpt lat="36.407444" lon="33.860642"><ele>101.1</ele></trkpt>
    <trkpt lat="36.407692" lon="33.861298"><ele>102.2</ele></trkpt>
    <trkpt lat="36.407887" lon="33.861921"><ele>103.5</ele></trkpt>
    <trkpt lat="36.407966" lon="33.862471"><ele>105.0</ele></trkpt>
    <trkpt lat="36.407885" lon="33.862920"><ele>106.6</ele></trkpt>
    <trkpt lat="36.407626" lon="33.863258"><ele>108.4</ele></trkpt>
    <trkpt lat="36.407204" lon="33.863493"><ele>110.1</ele></trkpt>
    <trkpt lat="36.406662" lon="33.863653"><ele>111.9</ele></trkpt>
    <trkpt lat="36.406064" lon="33.863777"><ele>113.6</ele></trkpt>
    <trkpt lat="36.405485" lon="33.863914"><ele>115.1</ele></trkpt>
    <trkpt lat="36.404998" lon="33.864108"><ele>116.5</ele></trkpt>
    <trkpt lat="36.404662" lon="33.864397"><ele>117.7</ele></trkpt>
    <trkpt lat="36.404508" lon="33.864801"><ele>118.7</ele></trkpt>
    <trkpt lat="36.404538" lon="33.865320"><ele>119.3</ele></trkpt>
    <trkpt lat="36.404720" lon="33.865935"><ele>119.6</ele></trkpt>
    <trkpt lat="36.404997" lon="33.866610"><ele>119.5</ele></trkpt>
    <trkpt lat="36.405293" lon="33.867296"><ele>119.1</ele></trkpt>
    <trkpt lat="36.405529" lon="33.867945"><ele>118.3</ele></trkpt>
    <trkpt lat="36.405634" lon="33.868511"><ele>117.2</ele></trkpt>
    <trkpt lat="36.405560" lon="33.868965"><ele>115.7</ele></trkpt>
    <trkpt lat="36.405291" lon="33.869297"><ele>113.9</ele></trkpt>
    <trkpt lat="36.404843" lon="33.869515"><ele>111.8</ele></trkpt>
    <trkpt lat="36.404263" lon="33.869651"><ele>109.5</ele></trkpt>
    <trkpt lat="36.403623" lon="33.869750"><ele>107.0</ele></trkpt>
    <trkpt lat="36.403006" lon="33.869862"><ele>104.3</ele></trkpt>
    <trkpt lat="36.402490" lon="33.870039"><ele>101.5</ele></trkpt>
    <trkpt lat="36.402139" lon="33.870318"><ele>98.7</ele></trkpt>
    <trkpt lat="36.401986" lon="33.870723"><ele>95.9</ele></trkpt>
    <trkpt lat="36.402032" lon="33.871252"><ele>93.2</ele></trkpt>
    <trkpt lat="36.402241" lon="33.871884"><ele>90.7</ele></trkpt>
    <trkpt lat="36.402551" lon="33.872579"><ele>88.4</ele></trkpt>
    <trkpt lat="36.402881" lon="33.873286"><ele>86.3</ele></trkpt>
    <trkpt lat="36.403144" lon="33.873952"><ele>84.5</ele></trkpt>
    <trkpt lat="36.403267" lon="33.874530"><ele>83.1</ele></trkpt>
    <trkpt lat="36.403200" lon="33.874988"><ele>82.0</ele></trkpt>
    <trkpt lat="36.402924" lon="33.875315"><ele>81.3</ele></trkpt>
    <trkpt lat="36.402458" lon="33.875523"><ele>81.0</ele></trkpt>
    <trkpt lat="36.401854" lon="33.875644"><ele>81.1</ele></trkpt>
    <trkpt lat="36.401188" lon="33.875726"><ele>81.5</ele></trkpt>
    <trkpt lat="36.400547" lon="33.875823"><ele>82.4</ele></trkpt>
    <trkpt lat="36.400014" lon="33.875989"><ele>83.6</ele></trkpt>
    <trkpt lat="36.399654" lon="33.876263"><ele>85.0</ele></trkpt>
    <trkpt lat="36.399501" lon="33.876667"><ele>86.8</ele></trkpt>
    <trkpt lat="36.399555" lon="33.877202"><ele>88.7</ele></trkpt>
    <trkpt lat="36.399780" lon="33.877843"><ele>90.8</ele></trkpt>
    <trkpt lat="36.400108" lon="33.878550"><ele>92.9</ele></trkpt>
    <trkpt lat="36.400455" lon="33.879268"><ele>95.1</ele></trkpt>
    <trkpt lat="36.400732" lon="33.879943"><ele>97.2</ele></trkpt>
    <trkpt lat="36.400865" lon="33.880526"><ele>99.3</ele></trkpt>
    <trkpt lat="36.400800" lon="33.880986"><ele>101.1</ele></trkpt>
    <trkpt lat="36.400521" lon="33.881311"><ele>102.7</ele></trkpt>
    <trkpt lat="36.400048" lon="33.881515"><ele>104.1</ele></trkpt>
    <trkpt lat="36.399435" lon="33.881630"><ele>105.1</ele></trkpt>
    <trkpt lat="36.398759" lon="33.881705"><ele>105.8</ele></trkpt>
    <trkpt lat="36.398109" lon="33.881798"><ele>106.1</ele></trkpt>
    <trkpt lat="36.397570" lon="33.881959"><ele>106.0</ele></trkpt>
    <trkpt lat="36.397207" lon="33.882231"><ele>105.5</ele></trkpt>
    <trkpt lat="36.397055" lon="33.882636"><ele>104.6</ele></trkpt>
    <trkpt lat="36.397111" lon="33.883172"><ele>103.3</ele></trkpt>
    <trkpt lat="36.397338" lon="33.883814"><ele>101.6</ele></trkpt>
    <trkpt lat="36.397668" lon="33.884522"><ele>99.7</ele></trkpt>
    <trkpt lat="36.398016" lon="33.885241"><ele>97.4</ele></trkpt>
    <trkpt lat="36.398293" lon="33.885916"><ele>94.8</ele></trkpt>
    <trkpt lat="36.398425" lon="33.886499"><ele>92.1</ele></trkpt>
    <trkpt lat="36.398360" lon="33.886959"><ele>89.3</ele></trkpt>
    <trkpt lat="36.398082" lon="33.887285"><ele>86.4</ele></trkpt>
    <trkpt lat="36.397612" lon="33.887490"><ele>83.4</ele></trkpt>
    <trkpt lat="36.397004" lon="33.887608"><ele>80.6</ele></trkpt>
    <trkpt lat="36.396334" lon="33.887688"><ele>77.8</ele></trkpt>
    <trkpt lat="36.395692" lon="33.887785"><ele>75.2</ele></trkpt>
    <trkpt lat="36.395160" lon="33.887950"><ele>72.9</ele></trkpt>
    <trkpt lat="36.394800" lon="33.888225"><ele>70.9</ele></trkpt>
    <trkpt lat="36.394647" lon="33.888629"><ele>69.1</ele></trkpt>
    <trkpt lat="36.394698" lon="33.889162"><ele>67.7</ele></trkpt>
    <trkpt lat="36.394915" lon="33.889798"><ele>66.7</ele></trkpt>
    <trkpt lat="36.395231" lon="33.890497"><ele>66.1</ele></trkpt>
    <trkpt lat="36.395564" lon="33.891207"><ele>65.9</ele></trkpt>
    <trkpt lat="36.395828" lon="33.891873"><ele>66.1</ele></trkpt>
    <trkpt lat="36.395949" lon="33.892450"><ele>66.6</ele></trkpt>
    <trkpt lat="36.395881" lon="33.892907"><ele>67.5</ele></trkpt>
    <trkpt lat="36.395607" lon="33.893236"><ele>68.7</ele></trkpt>
    <trkpt lat="36.395150" lon="33.893448"><ele>70.1</ele></trkpt>
    <trkpt lat="36.394560" lon="33.893579"><ele>71.8</ele></trkpt>
    <trkpt lat="36.393914" lon="33.893673"><ele>73.6</ele></trkpt>
    <trkpt lat="36.393294" lon="33.893784"><ele>75.6</ele></trkpt>
    <trkpt lat="36.392780" lon="33.893961"><ele>77.6</ele></trkpt>
    <trkpt lat="36.392431" lon="33.894243"><ele>79.6</ele></trkpt>
    <trkpt lat="36.392278" lon="33.894647"><ele>81.6</ele></trkpt>
    <trkpt lat="36.392317" lon="33.895172"><ele>83.4</ele></trkpt>
    <trkpt lat="36.392512" lon="33.895794"><ele>85.0</ele></trkpt>
    <trkpt lat="36.392799" lon="33.896475"><ele>86.4</ele></trkpt>
    <trkpt lat="36.393101" lon="33.897165"><ele>87.5</ele></trkpt>
    <trkpt lat="36.393336" lon="33.897813"><ele>88.4</ele></trkpt>
    <trkpt lat="36.393438" lon="33.898378"><ele>88.9</ele></trkpt>
    <trkpt lat="36.393363" lon="33.898831"><ele>89.0</ele></trkpt>
    <trkpt lat="36.393097" lon="33.899164"><ele>88.8</ele></trkpt>
    <trkpt lat="36.392661" lon="33.899391"><ele>88.2</ele></trkpt>
    <trkpt lat="36.392105" lon="33.899542"><ele>87.3</ele></trkpt>
    <trkpt lat="36.391497" lon="33.899660"><ele>86.1</ele></trkpt>
    <trkpt lat="36.390915" lon="33.899795"><ele>84.5</ele></trkpt>
    <trkpt lat="36.390431" lon="33.899991"><ele>82.7</ele></trkpt>
    <trkpt lat="36.390099" lon="33.900283"><ele>80.6</ele></trkpt>
    <trkpt lat="36.389946" lon="33.900687"><ele>78.4</ele></trkpt>
    <trkpt lat="36.389967" lon="33.901201"><ele>76.0</ele></trkpt>
    <trkpt lat="36.390128" lon="33.901803"><ele>73.5</ele></trkpt>
    <trkpt lat="36.390372" lon="33.902456"><ele>71.1</ele></trkpt>
    <trkpt lat="36.390627" lon="33.903117"><ele>68.6</ele></trkpt>
    <trkpt lat="36.390822" lon="33.903739"><ele>66.2</ele></trkpt>
    <trkpt lat="36.390895" lon="33.904286"><ele>63.9</ele></trkpt>
    <trkpt lat="36.390809" lon="33.904732"><ele>61.8</ele></trkpt>
    <trkpt lat="36.390554" lon="33.905072"><ele>59.9</ele></trkpt>
    <trkpt lat="36.390148" lon="33.905318"><ele>58.3</ele></trkpt>
    <trkpt lat="36.389637" lon="33.905497"><ele>56.9</ele></trkpt>
    <trkpt lat="36.389082" lon="33.905649"><ele>55.8</ele></trkpt>
    <trkpt lat="36.388552" lon="33.905816"><ele>55.0</ele></trkpt>
    <trkpt lat="36.388109" lon="33.906038"><ele>54.5</ele></trkpt>
    <trkpt lat="36.387799" lon="33.906344"><ele>54.3</ele></trkpt>
    <trkpt lat="36.387646" lon="33.906748"><ele>54.5</ele></trkpt>
    <trkpt lat="36.387644" lon="33.907247"><ele>54.8</ele></trkpt>
    <trkpt lat="36.387762" lon="33.907822"><ele>55.5</ele></trkpt>
    <trkpt lat="36.387950" lon="33.908440"><ele>56.3</ele></trkpt>
    <trkpt lat="36.388145" lon="33.909063"><ele>57.4</ele></trkpt>
    <trkpt lat="36.388286" lon="33.909652"><ele>58.5</ele></trkpt>
    <trkpt lat="36.388323" lon="33.910176"><ele>59.8</ele></trkpt>
    <trkpt lat="36.388224" lon="33.910614"><ele>61.1</ele></trkpt>
    <trkpt lat="36.387982" lon="33.910962"><ele>62.5</ele></trkpt>
    <trkpt lat="36.387614" lon="33.911231"><ele>63.8</ele></trkpt>
    <trkpt lat="36.387158" lon="33.911446"><ele>65.0</ele></trkpt>
    <trkpt lat="36.386669" lon="33.911638"><ele>66.1</ele></trkpt>
    <trkpt lat="36.386202" lon="33.911846"><ele>67.0</ele></trkpt>
    <trkpt lat="36.385809" lon="33.912099"><ele>67.8</ele></trkpt>
    <trkpt lat="36.385528" lon="33.912423"><ele>68.4</ele></trkpt>
    <trkpt lat="36.385375" lon="33.912827"><ele>68.7</ele></trkpt>
    <trkpt lat="36.385346" lon="33.913309"><ele>68.8</ele></trkpt>
    <trkpt lat="36.385412" lon="33.913851"><ele>68.7</ele></trkpt>
    <trkpt lat="36.385532" lon="33.914427"><ele>68.3</ele></trkpt>
    <trkpt lat="36.385656" lon="33.915005"><ele>67.7</ele></trkpt>
    <trkpt lat="36.385734" lon="33.915555"><ele>66.9</ele></trkpt>
    <trkpt lat="36.385727" lon="33.916051"><ele>65.9</ele></trkpt>
    <trkpt lat="36.385612" lon="33.916479"><ele>64.7</ele></trkpt>
    <trkpt lat="36.385385" lon="33.916836"><ele>63.4</ele></trkpt>
    <trkpt lat="36.385060" lon="33.917133"><ele>61.9</ele></trkpt>
    <trkpt lat="36.384670" lon="33.917388"><ele>60.4</ele></trkpt>
    <trkpt lat="36.384257" lon="33.917629"><ele>58.8</ele></trkpt>
    <trkpt lat="36.383863" lon="33.917882"><ele>57.2</ele></trkpt>
    <trkpt lat="36.383529" lon="33.918172"><ele>55.6</ele></trkpt>
    <trkpt lat="36.383280" lon="33.918517"><ele>54.0</ele></trkpt>
    <trkpt lat="36.383129" lon="33.918922"><ele>52.6</ele></trkpt>
    <trkpt lat="36.383067" lon="33.919383"><ele>51.2</ele></trkpt>
    <trkpt lat="36.383075" lon="33.919888"><ele>50.0</ele></trkpt>
    <trkpt lat="36.383118" lon="33.920416"><ele>48.8</ele></trkpt>
    <trkpt lat="36.383161" lon="33.920944"><ele>47.9</ele></trkpt>
    <trkpt lat="36.383169" lon="33.921449"><ele>47.1</ele></trkpt>
    <trkpt lat="36.383113" lon="33.921914"><ele>46.5</ele></trkpt>
    <trkpt lat="36.382979" lon="33.922330"><ele>46.0</ele></trkpt>
    <trkpt lat="36.382768" lon="33.922698"><ele>45.7</ele></trkpt>
    <trkpt lat="36.382492" lon="33.923025"><ele>45.5</ele></trkpt>
    <trkpt lat="36.382174" lon="33.923326"><ele>45.5</ele></trkpt>
    <trkpt lat="36.381844" lon="33.923619"><ele>45.6</ele></trkpt>
    <trkpt lat="36.381532" lon="33.923923"><ele>45.7</ele></trkpt>
    <trkpt lat="36.381262" lon="33.924254"><ele>46.0</ele></trkpt>
    <trkpt lat="36.381050" lon="33.924621"><ele>46.3</ele></trkpt>
    <trkpt lat="36.380899" lon="33.925027"><ele>46.6</ele></trkpt>
    <trkpt lat="36.380804" lon="33.925467"><ele>46.9</ele></trkpt>
    <trkpt lat="36.380747" lon="33.925932"><ele>47.2</ele></trkpt>
    <trkpt lat="36.380709" lon="33.926408"><ele>47.5</ele></trkpt>
    <trkpt lat="36.380664" lon="33.926881"><ele>47.7</ele></trkpt>
    <trkpt lat="36.380594" lon="33.927337"><ele>47.8</ele></trkpt>
    <trkpt lat="36.380485" lon="33.927769"><ele>47.9</ele></trkpt>
    <trkpt lat="36.380332" lon="33.928173"><ele>47.8</ele></trkpt>
    <trkpt lat="36.380138" lon="33.928551"><ele>47.7</ele></trkpt>
    <trkpt lat="36.379913" lon="33.928910"><ele>47.5</ele></trkpt>
    <trkpt lat="36.379672" lon="33.929259"><ele>47.2</ele></trkpt>
    <trkpt lat="36.379431" lon="33.929609"><ele>46.8</ele></trkpt>
    <trkpt lat="36.379205" lon="33.929967"><ele>46.3</ele></trkpt>
    <trkpt lat="36.379004" lon="33.930341"><ele>45.8</ele></trkpt>
    <trkpt lat="36.378830" lon="33.930732"><ele>45.2</ele></trkpt>
    <trkpt lat="36.378681" lon="33.931139"><ele>44.6</ele></trkpt>
    <trkpt lat="36.378550" lon="33.931557"><ele>43.9</ele></trkpt>
    <trkpt lat="36.378427" lon="33.931980"><ele>43.3</ele></trkpt>
    <trkpt lat="36.378302" lon="33.932402"><ele>42.6</ele></trkpt>
    <trkpt lat="36.378166" lon="33.932817"><ele>42.0</ele></trkpt>
    <trkpt lat="36.378016" lon="33.933223"><ele>41.4</ele></trkpt>
    <trkpt lat="36.377851" lon="33.933620"><ele>40.9</ele></trkpt>
    <trkpt lat="36.377677" lon="33.934011"><ele>40.4</ele></trkpt>
    <trkpt lat="36.377500" lon="33.934400"><ele>40.0</ele></trkpt>
    <trkpt lat="36.377659" lon="33.934802"><ele>39.9</ele></trkpt>
    <trkpt lat="36.377809" lon="33.935209"><ele>39.7</ele></trkpt>
    <trkpt lat="36.377945" lon="33.935623"><ele>39.5</ele></trkpt>
    <trkpt lat="36.378072" lon="33.936043"><ele>39.2</ele></trkpt>
    <trkpt lat="36.378192" lon="33.936467"><ele>38.9</ele></trkpt>
    <trkpt lat="36.378316" lon="33.936889"><ele>38.6</ele></trkpt>
    <trkpt lat="36.378451" lon="33.937304"><ele>38.3</ele></trkpt>
    <trkpt lat="36.378606" lon="33.937708"><ele>37.9</ele></trkpt>
    <trkpt lat="36.378782" lon="33.938100"><ele>37.6</ele></trkpt>
    <trkpt lat="36.378980" lon="33.938480"><ele>37.3</ele></trkpt>
    <trkpt lat="36.379191" lon="33.938852"><ele>37.1</ele></trkpt>
    <trkpt lat="36.379406" lon="33.939222"><ele>36.9</ele></trkpt>
    <trkpt lat="36.379610" lon="33.939598"><ele>36.7</ele></trkpt>
    <trkpt lat="36.379790" lon="33.939988"><ele>36.7</ele></trkpt>
    <trkpt lat="36.379937" lon="33.940397"><ele>36.7</ele></trkpt>
    <trkpt lat="36.380045" lon="33.940827"><ele>36.8</ele></trkpt>
    <trkpt lat="36.380120" lon="33.941277"><ele>37.0</ele></trkpt>
    <trkpt lat="36.380170" lon="33.941740"><ele>37.3</ele></trkpt>
    <trkpt lat="36.380214" lon="33.942207"><ele>37.6</ele></trkpt>
    <trkpt lat="36.380270" lon="33.942667"><ele>38.1</ele></trkpt>
    <trkpt lat="36.380358" lon="33.943109"><ele>38.6</ele></trkpt>
    <trkpt lat="36.380493" lon="33.943524"><ele>39.1</ele></trkpt>
    <trkpt lat="36.380683" lon="33.943909"><ele>39.7</ele></trkpt>
    <trkpt lat="36.380923" lon="33.944264"><ele>40.3</ele></trkpt>
    <trkpt lat="36.381203" lon="33.944598"><ele>40.8</ele></trkpt>
    <trkpt lat="36.381500" lon="33.944921"><ele>41.4</ele></trkpt>
    <trkpt lat="36.381788" lon="33.945250"><ele>41.8</ele></trkpt>
    <trkpt lat="36.382042" lon="33.945598"><ele>42.2</ele></trkpt>
    <trkpt lat="36.382239" lon="33.945978"><ele>42.5</ele></trkpt>
    <trkpt lat="36.382367" lon="33.946397"><ele>42.7</ele></trkpt>
    <trkpt lat="36.382425" lon="33.946856"><ele>42.7</ele></trkpt>
    <trkpt lat="36.382425" lon="33.947348"><ele>42.7</ele></trkpt>
    <trkpt lat="36.382392" lon="33.947859"><ele>42.4</ele></trkpt>
    <trkpt lat="36.382356" lon="33.948371"><ele>42.0</ele></trkpt>
    <trkpt lat="36.382351" lon="33.948866"><ele>41.5</ele></trkpt>
    <trkpt lat="36.382407" lon="33.949326"><ele>40.8</ele></trkpt>
    <trkpt lat="36.382544" lon="33.949740"><ele>39.9</ele></trkpt>
    <trkpt lat="36.382769" lon="33.950104"><ele>39.0</ele></trkpt>
    <trkpt lat="36.383073" lon="33.950424"><ele>37.9</ele></trkpt>
    <trkpt lat="36.383431" lon="33.950713"><ele>36.7</ele></trkpt>
    <trkpt lat="36.383808" lon="33.950991"><ele>35.5</ele></trkpt>
    <trkpt lat="36.384166" lon="33.951280"><ele>34.3</ele></trkpt>
    <trkpt lat="36.384465" lon="33.951602"><ele>33.1</ele></trkpt>
    <trkpt lat="36.384676" lon="33.951974"><ele>31.9</ele></trkpt>
    <trkpt lat="36.384785" lon="33.952405"><ele>30.7</ele></trkpt>
    <trkpt lat="36.384794" lon="33.952892"><ele>29.7</ele></trkpt>
    <trkpt lat="36.384724" lon="33.953423"><ele>28.7</ele></trkpt>
    <trkpt lat="36.384612" lon="33.953979"><ele>28.0</ele></trkpt>
    <trkpt lat="36.384502" lon="33.954533"><ele>27.4</ele></trkpt>
    <trkpt lat="36.384441" lon="33.955059"><ele>27.0</ele></trkpt>
    <trkpt lat="36.384469" lon="33.955535"><ele>26.8</ele></trkpt>
    <trkpt lat="36.384610" lon="33.955947"><ele>26.8</ele></trkpt>
    <trkpt lat="36.384869" lon="33.956292"><ele>27.1</ele></trkpt>
    <trkpt lat="36.385232" lon="33.956578"><ele>27.6</ele></trkpt>
    <trkpt lat="36.385663" lon="33.956826"><ele>28.3</ele></trkpt>
    <trkpt lat="36.386116" lon="33.957061"><ele>29.2</ele></trkpt>
    <trkpt lat="36.386536" lon="33.957314"><ele>30.3</ele></trkpt>
    <trkpt lat="36.386875" lon="33.957614"><ele>31.5</ele></trkpt>
    <trkpt lat="36.387098" lon="33.957980"><ele>32.9</ele></trkpt>
    <trkpt lat="36.387186" lon="33.958421"><ele>34.4</ele></trkpt>
    <trkpt lat="36.387149" lon="33.958935"><ele>35.9</ele></trkpt>
    <trkpt lat="36.387014" lon="33.959503"><ele>37.4</ele></trkpt>
    <trkpt lat="36.386830" lon="33.960099"><ele>38.9</ele></trkpt>
    <trkpt lat="36.386654" lon="33.960691"><ele>40.3</ele></trkpt>
    <trkpt lat="36.386544" lon="33.961245"><ele>41.7</ele></trkpt>
    <trkpt lat="36.386548" lon="33.961735"><ele>42.8</ele></trkpt>
    <trkpt lat="36.386694" lon="33.962144"><ele>43.8</ele></trkpt>
    <trkpt lat="36.386986" lon="33.962470"><ele>44.6</ele></trkpt>
    <trkpt lat="36.387403" lon="33.962726"><ele>45.1</ele></trkpt>
    <trkpt lat="36.387901" lon="33.962935"><ele>45.3</ele></trkpt>
    <trkpt lat="36.388419" lon="33.963133"><ele>45.3</ele></trkpt>
    <trkpt lat="36.388894" lon="33.963356"><ele>44.9</ele></trkpt>
    <trkpt lat="36.389268" lon="33.963636"><ele>44.3</ele></trkpt>
    <trkpt lat="36.389498" lon="33.963997"><ele>43.4</ele></trkpt>
    <trkpt lat="36.389567" lon="33.964450"><ele>42.2</ele></trkpt>
    <trkpt lat="36.389487" lon="33.964987"><ele>40.8</ele></trkpt>
    <trkpt lat="36.389295" lon="33.965588"><ele>39.2</ele></trkpt>
    <trkpt lat="36.389048" lon="33.966220"><ele>37.3</ele></trkpt>
    <trkpt lat="36.388816" lon="33.966844"><ele>35.4</ele></trkpt>
    <trkpt lat="36.388665" lon="33.967421"><ele>33.3</ele></trkpt>
    <trkpt lat="36.388650" lon="33.967922"><ele>31.2</ele></trkpt>
    <trkpt lat="36.388802" lon="33.968327"><ele>29.1</ele></trkpt>
    <trkpt lat="36.389124" lon="33.968636"><ele>27.1</ele></trkpt>
    <trkpt lat="36.389589" lon="33.968865"><ele>25.2</ele></trkpt>
    <trkpt lat="36.390143" lon="33.969042"><ele>23.4</ele></trkpt>
    <trkpt lat="36.390717" lon="33.969209"><ele>21.9</ele></trkpt>
    <trkpt lat="36.391237" lon="33.969406"><ele>20.5</ele></trkpt>
    <trkpt lat="36.391637" lon="33.969670"><ele>19.5</ele></trkpt>
    <trkpt lat="36.391872" lon="33.970029"><ele>18.7</ele></trkpt>
    <trkpt lat="36.391924" lon="33.970492"><ele>18.3</ele></trkpt>
    <trkpt lat="36.391807" lon="33.971050"><ele>18.2</ele></trkpt>
    <trkpt lat="36.391566" lon="33.971678"><ele>18.5</ele></trkpt>
    <trkpt lat="36.391268" lon="33.972340"><ele>19.1</ele></trkpt>
    <trkpt lat="36.390989" lon="33.972990"><ele>20.1</ele></trkpt>
    <trkpt lat="36.390806" lon="33.973585"><ele>21.3</ele></trkpt>
    <trkpt lat="36.390778" lon="33.974094"><ele>22.8</ele></trkpt>
    <trkpt lat="36.390937" lon="33.974495"><ele>24.6</ele></trkpt>
    <trkpt lat="36.391285" lon="33.974790"><ele>26.5</ele></trkpt>
    <trkpt lat="36.391789" lon="33.974996"><ele>28.6</ele></trkpt>
    <trkpt lat="36.392389" lon="33.975147"><ele>30.8</ele></trkpt>
    <trkpt lat="36.393007" lon="33.975289"><ele>33.1</ele></trkpt>
    <trkpt lat="36.393561" lon="33.975466"><ele>35.2</ele></trkpt>
    <trkpt lat="36.393981" lon="33.975720"><ele>37.4</ele></trkpt>
    <trkpt lat="36.394218" lon="33.976077"><ele>39.3</ele></trkpt>
    <trkpt lat="36.394254" lon="33.976549"><ele>41.1</ele></trkpt>
    <trkpt lat="36.394107" lon="33.977124"><ele>42.7</ele></trkpt>
    <trkpt lat="36.393828" lon="33.977774"><ele>43.9</ele></trkpt>
    <trkpt lat="36.393490" lon="33.978458"><ele>44.9</ele></trkpt>
    <trkpt lat="36.393178" lon="33.979127"><ele>45.5</ele></trkpt>
    <trkpt lat="36.392972" lon="33.979736"><ele>45.7</ele></trkpt>
    <trkpt lat="36.392936" lon="33.980249"><ele>45.5</ele></trkpt>
    <trkpt lat="36.393103" lon="33.980646"><ele>45.0</ele></trkpt>
    <trkpt lat="36.393471" lon="33.980928"><ele>44.1</ele></trkpt>
    <trkpt lat="36.394005" lon="33.981118"><ele>42.8</ele></trkpt>
    <trkpt lat="36.394638" lon="33.981250"><ele>41.2</ele></trkpt>
    <trkpt lat="36.395287" lon="33.981374"><ele>39.3</ele></trkpt>
    <trkpt lat="36.395865" lon="33.981538"><ele>37.2</ele></trkpt>
    <trkpt lat="36.396296" lon="33.981785"><ele>34.8</ele></trkpt>
    <trkpt lat="36.396531" lon="33.982144"><ele>32.3</ele></trkpt>
    <trkpt lat="36.396554" lon="33.982623"><ele>29.8</ele></trkpt>
    <trkpt lat="36.396385" lon="33.983211"><ele>27.2</ele></trkpt>
    <trkpt lat="36.396080" lon="33.983876"><ele>24.6</ele></trkpt>
    <trkpt lat="36.395716" lon="33.984575"><ele>22.2</ele></trkpt>
    <trkpt lat="36.395382" lon="33.985256"><ele>19.9</ele></trkpt>
    <trkpt lat="36.395164" lon="33.985871"><ele>17.8</ele></trkpt>
    <trkpt lat="36.395126" lon="33.986385"><ele>16.0</ele></trkpt>
    <trkpt lat="36.395300" lon="33.986778"><ele>14.6</ele></trkpt>
    <trkpt lat="36.395684" lon="33.987052"><ele>13.4</ele></trkpt>
    <trkpt lat="36.396237" lon="33.987230"><ele>12.7</ele></trkpt>
    <trkpt lat="36.396891" lon="33.987351"><ele>12.3</ele></trkpt>
    <trkpt lat="36.397557" lon="33.987466"><ele>12.3</ele></trkpt>
    <trkpt lat="36.398145" lon="33.987624"><ele>12.8</ele></trkpt>
    <trkpt lat="36.398580" lon="33.987869"><ele>13.6</ele></trkpt>
    <trkpt lat="36.398811" lon="33.988230"><ele>14.8</ele></trkpt>
    <trkpt lat="36.398824" lon="33.988714"><ele>16.3</ele></trkpt>
    <trkpt lat="36.398642" lon="33.989310"><ele>18.2</ele></trkpt>
    <trkpt lat="36.398322" lon="33.989983"><ele>20.3</ele></trkpt>
    <trkpt lat="36.397946" lon="33.990688"><ele>22.5</ele></trkpt>
    <trkpt lat="36.397605" lon="33.991374"><ele>24.9</ele></trkpt>
    <trkpt lat="36.397385" lon="33.991991"><ele>27.4</ele></trkpt>
    <trkpt lat="36.397349" lon="33.992503"><ele>29.9</ele></trkpt>
    <trkpt lat="36.397531" lon="33.992892"><ele>32.3</ele></trkpt>
    <trkpt lat="36.397923" lon="33.993161"><ele>34.6</ele></trkpt>
    <trkpt lat="36.398486" lon="33.993334"><ele>36.7</ele></trkpt>
    <trkpt lat="36.399145" lon="33.993452"><ele>38.6</ele></trkpt>
    <trkpt lat="36.399814" lon="33.993564"><ele>40.2</ele></trkpt>
    <trkpt lat="36.400401" lon="33.993723"><ele>41.5</ele></trkpt>
    <trkpt lat="36.400832" lon="33.993970"><ele>42.5</ele></trkpt>
    <trkpt lat="36.401056" lon="33.994335"><ele>43.0</ele></trkpt>
    <trkpt lat="36.401063" lon="33.994823"><ele>43.1</ele></trkpt>
    <trkpt lat="36.400876" lon="33.995421"><ele>42.9</ele></trkpt>
    <trkpt lat="36.400555" lon="33.996095"><ele>42.2</ele></trkpt>
    <trkpt lat="36.400182" lon="33.996799"><ele>41.1</ele></trkpt>
    <trkpt lat="36.399847" lon="33.997481"><ele>39.7</ele></trkpt>
    <trkpt lat="36.399635" lon="33.998093"><ele>38.0</ele></trkpt>
    <trkpt lat="36.399607" lon="33.998601"><ele>36.0</ele></trkpt>
    <trkpt lat="36.399795" lon="33.998987"><ele>33.7</ele></trkpt>
    <trkpt lat="36.400190" lon="33.999254"><ele>31.3</ele></trkpt>
    <trkpt lat="36.400749" lon="33.999429"><ele>28.7</ele></trkpt>
    <trkpt lat="36.401401" lon="33.999551"><ele>26.1</ele></trkpt>
    <trkpt lat="36.402058" lon="33.999670"><ele>23.5</ele></trkpt>
    <trkpt lat="36.402632" lon="33.999836"><ele>21.0</ele></trkpt>
    <trkpt lat="36.403050" lon="34.000091"><ele>18.6</ele></trkpt>
    <trkpt lat="36.403267" lon="34.000460"><ele>16.4</ele></trkpt>
    <trkpt lat="36.403271" lon="34.000949"><ele>14.4</ele></trkpt>
    <trkpt lat="36.403090" lon="34.001544"><ele>12.7</ele></trkpt>
    <trkpt lat="36.402781" lon="34.002212"><ele>11.3</ele></trkpt>
    <trkpt lat="36.402425" lon="34.002906"><ele>10.3</ele></trkpt>
    <trkpt lat="36.402109" lon="34.003577"><ele>9.7</ele></trkpt>
    <trkpt lat="36.401915" lon="34.004179"><ele>9.4</ele></trkpt>
    <trkpt lat="36.401900" lon="34.004680"><ele>9.6</ele></trkpt>
    <trkpt lat="36.402092" lon="34.005063"><ele>10.1</ele></trkpt>
    <trkpt lat="36.402482" lon="34.005333"><ele>10.9</ele></trkpt>
    <trkpt lat="36.403027" lon="34.005516"><ele>12.1</ele></trkpt>
    <trkpt lat="36.403657" lon="34.005650"><ele>13.7</ele></trkpt>
    <trkpt lat="36.404288" lon="34.005784"><ele>15.4</ele></trkpt>
    <trkpt lat="36.404838" lon="34.005964"><ele>17.4</ele></trkpt>
    <trkpt lat="36.405237" lon="34.006229"><ele>19.5</ele></trkpt>
    <trkpt lat="36.405444" lon="34.006604"><ele>21.8</ele></trkpt>
    <trkpt lat="36.405451" lon="34.007092"><ele>24.0</ele></trkpt>
    <trkpt lat="36.405284" lon="34.007679"><ele>26.3</ele></trkpt>
    <trkpt lat="36.404999" lon="34.008332"><ele>28.4</ele></trkpt>
    <trkpt lat="36.404674" lon="34.009009"><ele>30.5</ele></trkpt>
    <trkpt lat="36.404391" lon="34.009662"><ele>32.3</ele></trkpt>
    <trkpt lat="36.404223" lon="34.010249"><ele>33.9</ele></trkpt>
    <trkpt lat="36.404225" lon="34.010740"><ele>35.3</ele></trkpt>
    <trkpt lat="36.404420" lon="34.011121"><ele>36.3</ele></trkpt>
    <trkpt lat="36.404798" lon="34.011398"><ele>37.0</ele></trkpt>
    <trkpt lat="36.405317" lon="34.011596"><ele>37.4</ele></trkpt>
    <trkpt lat="36.405912" lon="34.011750"><ele>37.4</ele></trkpt>
    <trkpt lat="36.406505" lon="34.011905"><ele>37.1</ele></trkpt>
    <trkpt lat="36.407019" lon="34.012105"><ele>36.4</ele></trkpt>
    <trkpt lat="36.407393" lon="34.012385"><ele>35.4</ele></trkpt>
    <trkpt lat="36.407589" lon="34.012766"><ele>34.1</ele></trkpt>
    <trkpt lat="36.407603" lon="34.013250"><ele>32.6</ele></trkpt>
    <trkpt lat="36.407459" lon="34.013824"><ele>30.8</ele></trkpt>
    <trkpt lat="36.407212" lon="34.014456"><ele>28.8</ele></trkpt>
    <trkpt lat="36.406931" lon="34.015107"><ele>26.8</ele></trkpt>
    <trkpt lat="36.406691" lon="34.015735"><ele>24.6</ele></trkpt>
    <trkpt lat="36.406559" lon="34.016303"><ele>22.5</ele></trkpt>
    <trkpt lat="36.406581" lon="34.016782"><ele>20.3</ele></trkpt>
    <trkpt lat="36.406777" lon="34.017163"><ele>18.3</ele></trkpt>
    <trkpt lat="36.407136" lon="34.017451"><ele>16.4</ele></trkpt>
    <trkpt lat="36.407619" lon="34.017669"><ele>14.6</ele></trkpt>
    <trkpt lat="36.408167" lon="34.017850"><ele>13.1</ele></trkpt>
    <trkpt lat="36.408709" lon="34.018034"><ele>11.8</ele></trkpt>
    <trkpt lat="36.409178" lon="34.018260"><ele>10.8</ele></trkpt>
    <trkpt lat="36.409520" lon="34.018558"><ele>10.1</ele></trkpt>
    <trkpt lat="36.409706" lon="34.018944"><ele>9.7</ele></trkpt>
    <trkpt lat="36.409730" lon="34.019422"><ele>9.5</ele></trkpt>
    <trkpt lat="36.409619" lon="34.019977"><ele>9.7</ele></trkpt>
    <trkpt lat="36.409421" lon="34.020582"><ele>10.2</ele></trkpt>
    <trkpt lat="36.409196" lon="34.021202"><ele>10.9</ele></trkpt>
    <trkpt lat="36.409010" lon="34.021799"><ele>11.9</ele></trkpt>
    <trkpt lat="36.408920" lon="34.022342"><ele>13.0</ele></trkpt>
    <trkpt lat="36.408965" lon="34.022809"><ele>14.4</ele></trkpt>
    <trkpt lat="36.409160" lon="34.023190"><ele>15.9</ele></trkpt>
    <trkpt lat="36.409493" lon="34.023493"><ele>17.4</ele></trkpt>
    <trkpt lat="36.409930" lon="34.023737"><ele>19.0</ele></trkpt>
    <trkpt lat="36.410419" lon="34.023951"><ele>20.6</ele></trkpt>
    <trkpt lat="36.410900" lon="34.024170"><ele>22.2</ele></trkpt>
    <trkpt lat="36.411316" lon="34.024426"><ele>23.7</ele></trkpt>
    <trkpt lat="36.411623" lon="34.024744"><ele>25.0</ele></trkpt>
    <trkpt lat="36.411797" lon="34.025137"><ele>26.2</ele></trkpt>
    <trkpt lat="36.411837" lon="34.025606"><ele>27.2</ele></trkpt>
    <trkpt lat="36.411766" lon="34.026138"><ele>28.0</ele></trkpt>
    <trkpt lat="36.411626" lon="34.026710"><ele>28.6</ele></trkpt>
    <trkpt lat="36.411467" lon="34.027292"><ele>29.0</ele></trkpt>
    <trkpt lat="36.411344" lon="34.027854"><ele>29.1</ele></trkpt>
    <trkpt lat="36.411303" lon="34.028370"><ele>29.0</ele></trkpt>
    <trkpt lat="36.411372" lon="34.028822"><ele>28.6</ele></trkpt>
    <trkpt lat="36.411564" lon="34.029205"><ele>28.1</ele></trkpt>
    <trkpt lat="36.411866" lon="34.029526"><ele>27.3</ele></trkpt>
    <trkpt lat="36.412249" lon="34.029801"><ele>26.4</ele></trkpt>
    <trkpt lat="36.412669" lon="34.030054"><ele>25.3</ele></trkpt>
    <trkpt lat="36.413079" lon="34.030313"><ele>24.1</ele></trkpt>
    <trkpt lat="36.413435" lon="34.030603"><ele>22.8</ele></trkpt>
    <trkpt lat="36.413703" lon="34.030943"><ele>21.5</ele></trkpt>
    <trkpt lat="36.413866" lon="34.031342"><ele>20.2</ele></trkpt>
    <trkpt lat="36.413926" lon="34.031800"><ele>18.9</ele></trkpt>
    <trkpt lat="36.413903" lon="34.032305"><ele>17.6</ele></trkpt>
    <trkpt lat="36.413829" lon="34.032839"><ele>16.4</ele></trkpt>
    <trkpt lat="36.413746" lon="34.033379"><ele>15.3</ele></trkpt>
    <trkpt lat="36.413693" lon="34.033901"><ele>14.4</ele></trkpt>
    <trkpt lat="36.413704" lon="34.034387"><ele>13.6</ele></trkpt>
    <trkpt lat="36.413799" lon="34.034824"><ele>12.9</ele></trkpt>
    <trkpt lat="36.413986" lon="34.035211"><ele>12.4</ele></trkpt>
    <trkpt lat="36.414251" lon="34.035552"><ele>12.1</ele></trkpt>
    <trkpt lat="36.414572" lon="34.035861"><ele>12.0</ele></trkpt>
    <trkpt lat="36.414917" lon="34.036158"><ele>12.0</ele></trkpt>
    <trkpt lat="36.415250" lon="34.036461"><ele>12.1</ele></trkpt>
    <trkpt lat="36.415540" lon="34.036788"><ele>12.4</ele></trkpt>
    <trkpt lat="36.415767" lon="34.037151"><ele>12.8</ele></trkpt>
    <trkpt lat="36.415920" lon="34.037556"><ele>13.3</ele></trkpt>
    <trkpt lat="36.416003" lon="34.038001"><ele>13.9</ele></trkpt>
    <trkpt lat="36.416033" lon="34.038476"><ele>14.5</ele></trkpt>
    <trkpt lat="36.416032" lon="34.038969"><ele>15.2</ele></trkpt>
    <trkpt lat="36.416030" lon="34.039462"><ele>15.9</ele></trkpt>
    <trkpt lat="36.416052" lon="34.039941"><ele>16.5</ele></trkpt>
    <trkpt lat="36.416119" lon="34.040396"><ele>17.1</ele></trkpt>
    <trkpt lat="36.416241" lon="34.040818"><ele>17.7</ele></trkpt>
    <trkpt lat="36.416419" lon="34.041209"><ele>18.2</ele></trkpt>
    <trkpt lat="36.416644" lon="34.041573"><ele>18.6</ele></trkpt>
    <trkpt lat="36.416898" lon="34.041921"><ele>18.9</ele></trkpt>
    <trkpt lat="36.417161" lon="34.042264"><ele>19.1</ele></trkpt>
    <trkpt lat="36.417412" lon="34.042613"><ele>19.2</ele></trkpt>
    <trkpt lat="36.417635" lon="34.042979"><ele>19.2</ele></trkpt>
    <trkpt lat="36.417819" lon="34.043366"><ele>19.2</ele></trkpt>
    <trkpt lat="36.417963" lon="34.043777"><ele>19.0</ele></trkpt>
    <trkpt lat="36.418072" lon="34.044207"><ele>18.8</ele></trkpt>
    <trkpt lat="36.418158" lon="34.044650"><ele>18.5</ele></trkpt>
    <trkpt lat="36.418236" lon="34.045098"><ele>18.1</ele></trkpt>
    <trkpt lat="36.418319" lon="34.045542"><ele>17.7</ele></trkpt>
    <trkpt lat="36.418419" lon="34.045978"><ele>17.3</ele></trkpt>
    <trkpt lat="36.418543" lon="34.046399"><ele>16.9</ele></trkpt>
    <trkpt lat="36.418691" lon="34.046807"><ele>16.5</ele></trkpt>
    <trkpt lat="36.418860" lon="34.047203"><ele>16.2</ele></trkpt>
    <trkpt lat="36.419041" lon="34.047592"><ele>15.9</ele></trkpt>
    <trkpt lat="36.419225" lon="34.047980"><ele>15.6</ele></trkpt>
    <trkpt lat="36.419403" lon="34.048371"><ele>15.3</ele></trkpt>
    <trkpt lat="36.419569" lon="34.048769"><ele>15.2</ele></trkpt>
    <trkpt lat="36.419722" lon="34.049174"><ele>15.1</ele></trkpt>
    <trkpt lat="36.419864" lon="34.049585"><ele>15.0</ele></trkpt>
    <trkpt lat="36.420000" lon="34.050000"><ele>15.0</ele></trkpt>
    <trkpt lat="36.420200" lon="34.050371"><ele>14.8</ele></trkpt>
    <trkpt lat="36.420391" lon="34.050749"><ele>14.6</ele></trkpt>
    <trkpt lat="36.420568" lon="34.051137"><ele>14.4</ele></trkpt>
    <trkpt lat="36.420731" lon="34.051536"><ele>14.1</ele></trkpt>
    <trkpt lat="36.420884" lon="34.051943"><ele>13.8</ele></trkpt>
    <trkpt lat="36.421036" lon="34.052351"><ele>13.6</ele></trkpt>
    <trkpt lat="36.421195" lon="34.052753"><ele>13.3</ele></trkpt>
    <trkpt lat="36.421372" lon="34.053141"><ele>13.2</ele></trkpt>
    <trkpt lat="36.421574" lon="34.053511"><ele>13.1</ele></trkpt>
    <trkpt lat="36.421803" lon="34.053860"><ele>13.0</ele></trkpt>
    <trkpt lat="36.422054" lon="34.054193"><ele>13.1</ele></trkpt>
    <trkpt lat="36.422317" lon="34.054516"><ele>13.2</ele></trkpt>
    <trkpt lat="36.422578" lon="34.054841"><ele>13.5</ele></trkpt>
    <trkpt lat="36.422821" lon="34.055180"><ele>13.8</ele></trkpt>
    <trkpt lat="36.423031" lon="34.055544"><ele>14.2</ele></trkpt>
    <trkpt lat="36.423199" lon="34.055939"><ele>14.7</ele></trkpt>
    <trkpt lat="36.423324" lon="34.056367"><ele>15.2</ele></trkpt>
    <trkpt lat="36.423411" lon="34.056823"><ele>15.8</ele></trkpt>
    <trkpt lat="36.423477" lon="34.057295"><ele>16.5</ele></trkpt>
    <trkpt lat="36.423542" lon="34.057768"><ele>17.1</ele></trkpt>
    <trkpt lat="36.423630" lon="34.058224"><ele>17.8</ele></trkpt>
    <trkpt lat="36.423760" lon="34.058648"><ele>18.4</ele></trkpt>
    <trkpt lat="36.423948" lon="34.059028"><ele>18.9</ele></trkpt>
    <trkpt lat="36.424199" lon="34.059361"><ele>19.4</ele></trkpt>
    <trkpt lat="36.424505" lon="34.059652"><ele>19.8</ele></trkpt>
    <trkpt lat="36.424850" lon="34.059914"><ele>20.0</ele></trkpt>
    <trkpt lat="36.425206" lon="34.060167"><ele>20.1</ele></trkpt>
    <trkpt lat="36.425543" lon="34.060434"><ele>20.1</ele></trkpt>
    <trkpt lat="36.425833" lon="34.060738"><ele>19.9</ele></trkpt>
    <trkpt lat="36.426053" lon="34.061094"><ele>19.5</ele></trkpt>
    <trkpt lat="36.426192" lon="34.061510"><ele>19.0</ele></trkpt>
    <trkpt lat="36.426255" lon="34.061985"><ele>18.3</ele></trkpt>
    <trkpt lat="36.426258" lon="34.062505"><ele>17.5</ele></trkpt>
    <trkpt lat="36.426231" lon="34.063047"><ele>16.5</ele></trkpt>
    <trkpt lat="36.426212" lon="34.063584"><ele>15.4</ele></trkpt>
    <trkpt lat="36.426238" lon="34.064087"><ele>14.2</ele></trkpt>
    <trkpt lat="36.426339" lon="34.064532"><ele>13.0</ele></trkpt>
    <trkpt lat="36.426536" lon="34.064906"><ele>11.8</ele></trkpt>
    <trkpt lat="36.426831" lon="34.065205"><ele>10.5</ele></trkpt>
    <trkpt lat="36.427209" lon="34.065442"><ele>9.3</ele></trkpt>
    <trkpt lat="36.427640" lon="34.065639"><ele>8.1</ele></trkpt>
    <trkpt lat="36.428083" lon="34.065827"><ele>7.1</ele></trkpt>
    <trkpt lat="36.428492" lon="34.066040"><ele>6.2</ele></trkpt>
    <trkpt lat="36.428827" lon="34.066309"><ele>5.5</ele></trkpt>
    <trkpt lat="36.429057" lon="34.066657"><ele>4.9</ele></trkpt>
    <trkpt lat="36.429172" lon="34.067093"><ele>4.6</ele></trkpt>
    <trkpt lat="36.429178" lon="34.067610"><ele>4.5</ele></trkpt>
    <trkpt lat="36.429105" lon="34.068187"><ele>4.7</ele></trkpt>
    <trkpt lat="36.428995" lon="34.068793"><ele>5.1</ele></trkpt>
    <trkpt lat="36.428899" lon="34.069387"><ele>5.7</ele></trkpt>
    <trkpt lat="36.428868" lon="34.069933"><ele>6.6</ele></trkpt>
    <trkpt lat="36.428942" lon="34.070399"><ele>7.7</ele></trkpt>
    <trkpt lat="36.429144" lon="34.070768"><ele>9.0</ele></trkpt>
    <trkpt lat="36.429477" lon="34.071039"><ele>10.5</ele></trkpt>
    <trkpt lat="36.429918" lon="34.071228"><ele>12.0</ele></trkpt>
    <trkpt lat="36.430426" lon="34.071367"><ele>13.7</ele></trkpt>
    <trkpt lat="36.430945" lon="34.071497"><ele>15.5</ele></trkpt>
    <trkpt lat="36.431418" lon="34.071662"><ele>17.2</ele></trkpt>
    <trkpt lat="36.431794" lon="34.071901"><ele>18.9</ele></trkpt>
    <trkpt lat="36.432035" lon="34.072240"><ele>20.6</ele></trkpt>
    <trkpt lat="36.432130" lon="34.072691"><ele>22.1</ele></trkpt>
    <trkpt lat="36.432089" lon="34.073244"><ele>23.4</ele></trkpt>
    <trkpt lat="36.431951" lon="34.073871"><ele>24.5</ele></trkpt>
    <trkpt lat="36.431768" lon="34.074531"><ele>25.3</ele></trkpt>
    <trkpt lat="36.431606" lon="34.075175"><ele>25.9</ele></trkpt>
    <trkpt lat="36.431525" lon="34.075759"><ele>26.2</ele></trkpt>
    <trkpt lat="36.431574" lon="34.076243"><ele>26.2</ele></trkpt>
    <trkpt lat="36.431781" lon="34.076610"><ele>25.9</ele></trkpt>
    <trkpt lat="36.432144" lon="34.076858"><ele>25.2</ele></trkpt>
    <trkpt lat="36.432637" lon="34.077008"><ele>24.3</ele></trkpt>
    <trkpt lat="36.433207" lon="34.077099"><ele>23.0</ele></trkpt>
    <trkpt lat="36.433791" lon="34.077180"><ele>21.5</ele></trkpt>
    <trkpt lat="36.434318" lon="34.077304"><ele>19.7</ele></trkpt>
    <trkpt lat="36.434728" lon="34.077517"><ele>17.8</ele></trkpt>
    <trkpt lat="36.434980" lon="34.077849"><ele>15.7</ele></trkpt>
    <trkpt lat="36.435059" lon="34.078311"><ele>13.6</ele></trkpt>
    <trkpt lat="36.434982" lon="34.078891"><ele>11.4</ele></trkpt>
    <trkpt lat="36.434792" lon="34.079557"><ele>9.2</ele></trkpt>
    <trkpt lat="36.434552" lon="34.080260"><ele>7.0</ele></trkpt>
    <trkpt lat="36.434337" lon="34.080945"><ele>5.0</ele></trkpt>
    <trkpt lat="36.434216" lon="34.081559"><ele>3.2</ele></trkpt>
    <trkpt lat="36.434244" lon="34.082060"><ele>1.6</ele></trkpt>
    <trkpt lat="36.434452" lon="34.082425"><ele>1.0</ele></trkpt>
    <trkpt lat="36.434837" lon="34.082656"><ele>1.0</ele></trkpt>
    <trkpt lat="36.435368" lon="34.082777"><ele>1.0</ele></trkpt>
    <trkpt lat="36.435987" lon="34.082832"><ele>1.0</ele></trkpt>
    <trkpt lat="36.436619" lon="34.082877"><ele>1.0</ele></trkpt>
    <trkpt lat="36.437187" lon="34.082970"><ele>1.0</ele></trkpt>
    <trkpt lat="36.437624" lon="34.083162"><ele>1.0</ele></trkpt>
    <trkpt lat="36.437885" lon="34.083487"><ele>1.0</ele></trkpt>
    <trkpt lat="36.437955" lon="34.083956"><ele>2.0</ele></trkpt>
    <trkpt lat="36.437853" lon="34.084556"><ele>3.8</ele></trkpt>
    <trkpt lat="36.437626" lon="34.085249"><ele>5.7</ele></trkpt>
    <trkpt lat="36.437346" lon="34.085983"><ele>7.9</ele></trkpt>
    <trkpt lat="36.437093" lon="34.086696"><ele>10.2</ele></trkpt>
    <trkpt lat="36.436943" lon="34.087331"><ele>12.7</ele></trkpt>
    <trkpt lat="36.436956" lon="34.087844"><ele>15.1</ele></trkpt>
    <trkpt lat="36.437163" lon="34.088210"><ele>17.5</ele></trkpt>
    <trkpt lat="36.437562" lon="34.088431"><ele>19.8</ele></trkpt>
    <trkpt lat="36.438117" lon="34.088534"><ele>22.0</ele></trkpt>
    <trkpt lat="36.438766" lon="34.088566"><ele>23.9</ele></trkpt>
    <trkpt lat="36.439429" lon="34.088587"><ele>25.6</ele></trkpt>
    <trkpt lat="36.440023" lon="34.088661"><ele>27.0</ele></trkpt>
    <trkpt lat="36.440478" lon="34.088839"><ele>28.0</ele></trkpt>
    <trkpt lat="36.440746" lon="34.089159"><ele>28.7</ele></trkpt>
    <trkpt lat="36.440813" lon="34.089631"><ele>28.9</ele></trkpt>
    <trkpt lat="36.440697" lon="34.090240"><ele>28.8</ele></trkpt>
    <trkpt lat="36.440451" lon="34.090948"><ele>28.3</ele></trkpt>
    <trkpt lat="36.440149" lon="34.091698"><ele>27.4</ele></trkpt>
    <trkpt lat="36.439876" lon="34.092427"><ele>26.1</ele></trkpt>
    <trkpt lat="36.439710" lon="34.093074"><ele>24.5</ele></trkpt>
    <trkpt lat="36.439713" lon="34.093594"><ele>22.6</ele></trkpt>
    <trkpt lat="36.439918" lon="34.093962"><ele>20.4</ele></trkpt>
    <trkpt lat="36.440321" lon="34.094180"><ele>18.0</ele></trkpt>
    <trkpt lat="36.440885" lon="34.094276"><ele>15.5</ele></trkpt>
    <trkpt lat="36.441546" lon="34.094299"><ele>13.0</ele></trkpt>
    <trkpt lat="36.442220" lon="34.094311"><ele>10.4</ele></trkpt>
    <trkpt lat="36.442825" lon="34.094377"><ele>7.8</ele></trkpt>
    <trkpt lat="36.443288" lon="34.094549"><ele>5.4</ele></trkpt>
    <trkpt lat="36.443561" lon="34.094865"><ele>3.2</ele></trkpt>
    <trkpt lat="36.443629" lon="34.095336"><ele>1.2</ele></trkpt>
    <trkpt lat="36.443512" lon="34.095946"><ele>1.0</ele></trkpt>
    <trkpt lat="36.443265" lon="34.096656"><ele>1.0</ele></trkpt>
    <trkpt lat="36.442960" lon="34.097408"><ele>1.0</ele></trkpt>
    <trkpt lat="36.442684" lon="34.098138"><ele>1.0</ele></trkpt>
    <trkpt lat="36.442517" lon="34.098787"><ele>1.0</ele></trkpt>
    <trkpt lat="36.442517" lon="34.099309"><ele>1.0</ele></trkpt>
    <trkpt lat="36.442719" lon="34.099679"><ele>1.0</ele></trkpt>
    <trkpt lat="36.443117" lon="34.099900"><ele>1.0</ele></trkpt>
    <trkpt lat="36.443675" lon="34.100001"><ele>1.0</ele></trkpt>
    <trkpt lat="36.444328" lon="34.100030"><ele>1.0</ele></trkpt>
    <trkpt lat="36.444996" lon="34.100048"><ele>2.3</ele></trkpt>
    <trkpt lat="36.445595" lon="34.100117"><ele>4.4</ele></trkpt>
    <trkpt lat="36.446054" lon="34.100293"><ele>6.7</ele></trkpt>
    <trkpt lat="36.446328" lon="34.100608"><ele>9.1</ele></trkpt>
    <trkpt lat="36.446402" lon="34.101074"><ele>11.6</ele></trkpt>
    <trkpt lat="36.446297" lon="34.101676"><ele>14.1</ele></trkpt>
    <trkpt lat="36.446064" lon="34.102374"><ele>16.5</ele></trkpt>
    <trkpt lat="36.445777" lon="34.103113"><ele>18.7</ele></trkpt>
    <trkpt lat="36.445518" lon="34.103831"><ele>20.8</ele></trkpt>
    <trkpt lat="36.445362" lon="34.104471"><ele>22.7</ele></trkpt>
    <trkpt lat="36.445368" lon="34.104989"><ele>24.3</ele></trkpt>
    <trkpt lat="36.445565" lon="34.105362"><ele>25.5</ele></trkpt>
    <trkpt lat="36.445951" lon="34.105593"><ele>26.4</ele></trkpt>
    <trkpt lat="36.446488" lon="34.105709"><ele>27.0</ele></trkpt>
    <trkpt lat="36.447116" lon="34.105757"><ele>27.2</ele></trkpt>
    <trkpt lat="36.447757" lon="34.105795"><ele>27.0</ele></trkpt>
    <trkpt lat="36.448333" lon="34.105882"><ele>26.4</ele></trkpt>
    <trkpt lat="36.448778" lon="34.106068"><ele>25.5</ele></trkpt>
    <trkpt lat="36.449049" lon="34.106386"><ele>24.2</ele></trkpt>
    <trkpt lat="36.449133" lon="34.106844"><ele>22.7</ele></trkpt>
    <trkpt lat="36.449050" lon="34.107429"><ele>20.9</ele></trkpt>
    <trkpt lat="36.448850" lon="34.108103"><ele>18.9</ele></trkpt>
    <trkpt lat="36.448598" lon="34.108815"><ele>16.8</ele></trkpt>
    <trkpt lat="36.448373" lon="34.109507"><ele>14.5</ele></trkpt>
    <trkpt lat="36.448243" lon="34.110128"><ele>12.3</ele></trkpt>
    <trkpt lat="36.448262" lon="34.110636"><ele>10.0</ele></trkpt>
    <trkpt lat="36.448456" lon="34.111011"><ele>7.8</ele></trkpt>
    <trkpt lat="36.448821" lon="34.111257"><ele>5.8</ele></trkpt>
    <trkpt lat="36.449325" lon="34.111399"><ele>3.9</ele></trkpt>
    <trkpt lat="36.449909" lon="34.111480"><ele>2.2</ele></trkpt>
    <trkpt lat="36.450506" lon="34.111551"><ele>1.0</ele></trkpt>
    <trkpt lat="36.451043" lon="34.111667"><ele>1.0</ele></trkpt>
    <trkpt lat="36.451463" lon="34.111873"><ele>1.0</ele></trkpt>
    <trkpt lat="36.451726" lon="34.112196"><ele>1.0</ele></trkpt>
    <trkpt lat="36.451824" lon="34.112644"><ele>1.0</ele></trkpt>
    <trkpt lat="36.451774" lon="34.113204"><ele>1.0</ele></trkpt>
    <trkpt lat="36.451619" lon="34.113843"><ele>1.0</ele></trkpt>
    <trkpt lat="36.451421" lon="34.114515"><ele>1.0</ele></trkpt>
    <trkpt lat="36.451246" lon="34.115170"><ele>1.0</ele></trkpt>
    <trkpt lat="36.451156" lon="34.115760"><ele>2.2</ele></trkpt>
    <trkpt lat="36.451195" lon="34.116253"><ele>3.7</ele></trkpt>
    <trkpt lat="36.451387" lon="34.116630"><ele>5.3</ele></trkpt>
    <trkpt lat="36.451727" lon="34.116896"><ele>7.1</ele></trkpt>
    <trkpt lat="36.452184" lon="34.117072"><ele>8.9</ele></trkpt>
    <trkpt lat="36.452711" lon="34.117196"><ele>10.7</ele></trkpt>
    <trkpt lat="36.453246" lon="34.117314"><ele>12.5</ele></trkpt>
    <trkpt lat="36.453730" lon="34.117471"><ele>14.3</ele></trkpt>
    <trkpt lat="36.454114" lon="34.117703"><ele>15.9</ele></trkpt>
    <trkpt lat="36.454365" lon="34.118035"><ele>17.3</ele></trkpt>
    <trkpt lat="36.454478" lon="34.118472"><ele>18.5</ele></trkpt>
    <trkpt lat="36.454469" lon="34.119001"><ele>19.6</ele></trkpt>
    <trkpt lat="36.454373" lon="34.119596"><ele>20.4</ele></trkpt>
    <trkpt lat="36.454244" lon="34.120216"><ele>20.9</ele></trkpt>
    <trkpt lat="36.454134" lon="34.120821"><ele>21.2</ele></trkpt>
    <trkpt lat="36.454095" lon="34.121373"><ele>21.2</ele></trkpt>
    <trkpt lat="36.454163" lon="34.121844"><ele>20.9</ele></trkpt>
    <trkpt lat="36.454354" lon="34.122222"><ele>20.5</ele></trkpt>
    <trkpt lat="36.454663" lon="34.122510"><ele>19.8</ele></trkpt>
    <trkpt lat="36.455065" lon="34.122729"><ele>18.9</ele></trkpt>
    <trkpt lat="36.455520" lon="34.122907"><ele>17.8</ele></trkpt>
    <trkpt lat="36.455980" lon="34.123082"><ele>16.6</ele></trkpt>
    <trkpt lat="36.456398" lon="34.123288"><ele>15.3</ele></trkpt>
    <trkpt lat="36.456737" lon="34.123554"><ele>14.0</ele></trkpt>
    <trkpt lat="36.456973" lon="34.123898"><ele>12.6</ele></trkpt>
    <trkpt lat="36.457102" lon="34.124323"><ele>11.3</ele></trkpt>
    <trkpt lat="36.457139" lon="34.124817"><ele>10.0</ele></trkpt>
    <trkpt lat="36.457113" lon="34.125359"><ele>8.8</ele></trkpt>
    <trkpt lat="36.457064" lon="34.125918"><ele>7.6</ele></trkpt>
    <trkpt lat="36.457032" lon="34.126464"><ele>6.7</ele></trkpt>
    <trkpt lat="36.457055" lon="34.126970"><ele>5.8</ele></trkpt>
    <trkpt lat="36.457157" lon="34.127415"><ele>5.2</ele></trkpt>
    <trkpt lat="36.457349" lon="34.127792"><ele>4.7</ele></trkpt>
    <trkpt lat="36.457625" lon="34.128106"><ele>4.4</ele></trkpt>
    <trkpt lat="36.457965" lon="34.128371"><ele>4.2</ele></trkpt>
    <trkpt lat="36.458338" lon="34.128611"><ele>4.3</ele></trkpt>
    <trkpt lat="36.458712" lon="34.128851"><ele>4.5</ele></trkpt>
    <trkpt lat="36.459054" lon="34.129114"><ele>4.8</ele></trkpt>
    <trkpt lat="36.459340" lon="34.129421"><ele>5.3</ele></trkpt>
    <trkpt lat="36.459555" lon="34.129780"><ele>5.9</ele></trkpt>
    <trkpt lat="36.459701" lon="34.130193"><ele>6.5</ele></trkpt>
    <trkpt lat="36.459789" lon="34.130649"><ele>7.2</ele></trkpt>
    <trkpt lat="36.459840" lon="34.131132"><ele>8.0</ele></trkpt>
    <trkpt lat="36.459880" lon="34.131624"><ele>8.7</ele></trkpt>
    <trkpt lat="36.459936" lon="34.132104"><ele>9.5</ele></trkpt>
    <trkpt lat="36.460028" lon="34.132556"><ele>10.2</ele></trkpt>
    <trkpt lat="36.460170" lon="34.132971"><ele>10.8</ele></trkpt>
    <trkpt lat="36.460365" lon="34.133346"><ele>11.4</ele></trkpt>
    <trkpt lat="36.460606" lon="34.133686"><ele>11.8</ele></trkpt>
    <trkpt lat="36.460879" lon="34.134002"><ele>12.2</ele></trkpt>
    <trkpt lat="36.461165" lon="34.134308"><ele>12.5</ele></trkpt>
    <trkpt lat="36.461446" lon="34.134619"><ele>12.6</ele></trkpt>
    <trkpt lat="36.461704" lon="34.134946"><ele>12.7</ele></trkpt>
    <trkpt lat="36.461930" lon="34.135297"><ele>12.7</ele></trkpt>
    <trkpt lat="36.462122" lon="34.135674"><ele>12.6</ele></trkpt>
    <trkpt lat="36.462283" lon="34.136075"><ele>12.4</ele></trkpt>
    <trkpt lat="36.462424" lon="34.136491"><ele>12.1</ele></trkpt>
    <trkpt lat="36.462555" lon="34.136914"><ele>11.9</ele></trkpt>
    <trkpt lat="36.462691" lon="34.137334"><ele>11.5</ele></trkpt>
    <trkpt lat="36.462839" lon="34.137744"><ele>11.2</ele></trkpt>
    <trkpt lat="36.463007" lon="34.138139"><ele>10.9</ele></trkpt>
    <trkpt lat="36.463193" lon="34.138521"><ele>10.6</ele></trkpt>
    <trkpt lat="36.463394" lon="34.138891"><ele>10.4</ele></trkpt>
    <trkpt lat="36.463600" lon="34.139258"><ele>10.2</ele></trkpt>
    <trkpt lat="36.463805" lon="34.139625"><ele>10.1</ele></trkpt>
    <trkpt lat="36.464000" lon="34.140000"><ele>10.0</ele></trkpt>
    <trkpt lat="36.464277" lon="34.140288"><ele>10.4</ele></trkpt>
    <trkpt lat="36.464563" lon="34.140561"><ele>10.7</ele></trkpt>
    <trkpt lat="36.464856" lon="34.140825"><ele>10.9</ele></trkpt>
    <trkpt lat="36.465148" lon="34.141091"><ele>11.1</ele></trkpt>
    <trkpt lat="36.465431" lon="34.141369"><ele>11.2</ele></trkpt>
    <trkpt lat="36.465699" lon="34.141670"><ele>11.3</ele></trkpt>
    <trkpt lat="36.465948" lon="34.141997"><ele>11.4</ele></trkpt>
    <trkpt lat="36.466181" lon="34.142348"><ele>11.5</ele></trkpt>
    <trkpt lat="36.466403" lon="34.142714"><ele>11.5</ele></trkpt>
    <trkpt lat="36.466625" lon="34.143081"><ele>11.6</ele></trkpt>
    <trkpt lat="36.466858" lon="34.143431"><ele>11.8</ele></trkpt>
    <trkpt lat="36.467114" lon="34.143749"><ele>12.1</ele></trkpt>
    <trkpt lat="36.467400" lon="34.144023"><ele>12.4</ele></trkpt>
    <trkpt lat="36.467718" lon="34.144251"><ele>12.9</ele></trkpt>
    <trkpt lat="36.468064" lon="34.144438"><ele>13.4</ele></trkpt>
    <trkpt lat="36.468427" lon="34.144602"><ele>14.1</ele></trkpt>
    <trkpt lat="36.468791" lon="34.144764"><ele>14.9</ele></trkpt>
    <trkpt lat="36.469137" lon="34.144950"><ele>15.8</ele></trkpt>
    <trkpt lat="36.469451" lon="34.145185"><ele>16.9</ele></trkpt>
    <trkpt lat="36.469719" lon="34.145485"><ele>18.0</ele></trkpt>
    <trkpt lat="36.469939" lon="34.145854"><ele>19.2</ele></trkpt>
    <trkpt lat="36.470117" lon="34.146285"><ele>20.5</ele></trkpt>
    <trkpt lat="36.470265" lon="34.146757"><ele>21.8</ele></trkpt>
    <trkpt lat="36.470406" lon="34.147240"><ele>23.1</ele></trkpt>
    <trkpt lat="36.470564" lon="34.147700"><ele>24.4</ele></trkpt>
    <trkpt lat="36.470762" lon="34.148102"><ele>25.7</ele></trkpt>
    <trkpt lat="36.471015" lon="34.148422"><ele>26.9</ele></trkpt>
    <trkpt lat="36.471334" lon="34.148650"><ele>28.0</ele></trkpt>
    <trkpt lat="36.471713" lon="34.148790"><ele>28.9</ele></trkpt>
    <trkpt lat="36.472136" lon="34.148865"><ele>29.7</ele></trkpt>
    <trkpt lat="36.472580" lon="34.148911"><ele>30.3</ele></trkpt>
    <trkpt lat="36.473015" lon="34.148971"><ele>30.7</ele></trkpt>
    <trkpt lat="36.473409" lon="34.149089"><ele>30.9</ele></trkpt>
    <trkpt lat="36.473739" lon="34.149299"><ele>30.9</ele></trkpt>
    <trkpt lat="36.473991" lon="34.149623"><ele>30.7</ele></trkpt>
    <trkpt lat="36.474165" lon="34.150059"><ele>30.3</ele></trkpt>
    <trkpt lat="36.474274" lon="34.150589"><ele>29.7</ele></trkpt>
    <trkpt lat="36.474345" lon="34.151173"><ele>29.0</ele></trkpt>
    <trkpt lat="36.474413" lon="34.151762"><ele>28.1</ele></trkpt>
    <trkpt lat="36.474514" lon="34.152303"><ele>27.1</ele></trkpt>
    <trkpt lat="36.474682" lon="34.152748"><ele>26.0</ele></trkpt>
    <trkpt lat="36.474937" lon="34.153067"><ele>24.8</ele></trkpt>
    <trkpt lat="36.475287" lon="34.153248"><ele>23.7</ele></trkpt>
    <trkpt lat="36.475723" lon="34.153307"><ele>22.6</ele></trkpt>
    <trkpt lat="36.476217" lon="34.153280"><ele>21.7</ele></trkpt>
    <trkpt lat="36.476733" lon="34.153222"><ele>20.8</ele></trkpt>
    <trkpt lat="36.477229" lon="34.153194"><ele>20.1</ele></trkpt>
    <trkpt lat="36.477663" lon="34.153254"><ele>19.6</ele></trkpt>
    <trkpt lat="36.478005" lon="34.153447"><ele>19.4</ele></trkpt>
    <trkpt lat="36.478239" lon="34.153796"><ele>19.4</ele></trkpt>
    <trkpt lat="36.478370" lon="34.154295"><ele>19.7</ele></trkpt>
    <trkpt lat="36.478418" lon="34.154912"><ele>20.2</ele></trkpt>
    <trkpt lat="36.478422" lon="34.155594"><ele>21.1</ele></trkpt>
    <trkpt lat="36.478427" lon="34.156272"><ele>22.3</ele></trkpt>
    <trkpt lat="36.478483" lon="34.156879"><ele>23.8</ele></trkpt>
    <trkpt lat="36.478628" lon="34.157357"><ele>25.5</ele></trkpt>
    <trkpt lat="36.478888" lon="34.157669"><ele>27.4</ele></trkpt>
    <trkpt lat="36.479268" lon="34.157807"><ele>29.6</ele></trkpt>
    <trkpt lat="36.479752" lon="34.157795"><ele>31.9</ele></trkpt>
    <trkpt lat="36.480306" lon="34.157683"><ele>34.3</ele></trkpt>
    <trkpt lat="36.480881" lon="34.157539"><ele>36.8</ele></trkpt>
    <trkpt lat="36.481425" lon="34.157441"><ele>39.3</ele></trkpt>
    <trkpt lat="36.481889" lon="34.157459"><ele>41.7</ele></trkpt>
    <trkpt lat="36.482237" lon="34.157643"><ele>44.1</ele></trkpt>
    <trkpt lat="36.482455" lon="34.158016"><ele>46.3</ele></trkpt>
    <trkpt lat="36.482548" lon="34.158568"><ele>48.3</ele></trkpt>
    <trkpt lat="36.482547" lon="34.159257"><ele>50.0</ele></trkpt>
    <trkpt lat="36.482497" lon="34.160016"><ele>51.5</ele></trkpt>
    <trkpt lat="36.482456" lon="34.160763"><ele>52.6</ele></trkpt>
    <trkpt lat="36.482478" lon="34.161418"><ele>53.4</ele></trkpt>
    <trkpt lat="36.482609" lon="34.161916"><ele>53.9</ele></trkpt>
    <trkpt lat="36.482875" lon="34.162218"><ele>53.9</ele></trkpt>
    <trkpt lat="36.483281" lon="34.162320"><ele>53.7</ele></trkpt>
    <trkpt lat="36.483804" lon="34.162251"><ele>53.0</ele></trkpt>
    <trkpt lat="36.484403" lon="34.162074"><ele>52.1</ele></trkpt>
    <trkpt lat="36.485021" lon="34.161868"><ele>50.8</ele></trkpt>
    <trkpt lat="36.485598" lon="34.161722"><ele>49.3</ele></trkpt>
    <trkpt lat="36.486081" lon="34.161713"><ele>47.6</ele></trkpt>
    <trkpt lat="36.486430" lon="34.161895"><ele>45.7</ele></trkpt>
    <trkpt lat="36.486632" lon="34.162291"><ele>43.7</ele></trkpt>
    <trkpt lat="36.486697" lon="34.162885"><ele>41.7</ele></trkpt>
    <trkpt lat="36.486659" lon="34.163625"><ele>39.7</ele></trkpt>
    <trkpt lat="36.486574" lon="34.164436"><ele>37.8</ele></trkpt>
    <trkpt lat="36.486502" lon="34.165226"><ele>36.0</ele></trkpt>
    <trkpt lat="36.486505" lon="34.165909"><ele>34.5</ele></trkpt>
    <trkpt lat="36.486631" lon="34.166415"><ele>33.1</ele></trkpt>
    <trkpt lat="36.486905" lon="34.166706"><ele>32.1</ele></trkpt>
    <trkpt lat="36.487330" lon="34.166779"><ele>31.5</ele></trkpt>
    <trkpt lat="36.487880" lon="34.166673"><ele>31.1</ele></trkpt>
    <trkpt lat="36.488507" lon="34.166455"><ele>31.2</ele></trkpt>
    <trkpt lat="36.489150" lon="34.166214"><ele>31.7</ele></trkpt>
    <trkpt lat="36.489744" lon="34.166043"><ele>32.6</ele></trkpt>
    <trkpt lat="36.490232" lon="34.166025"><ele>33.9</ele></trkpt>
    <trkpt lat="36.490578" lon="34.166213"><ele>35.5</ele></trkpt>
    <trkpt lat="36.490767" lon="34.166627"><ele>37.5</ele></trkpt>
    <trkpt lat="36.490814" lon="34.167247"><ele>39.8</ele></trkpt>
    <trkpt lat="36.490757" lon="34.168016"><ele>42.4</ele></trkpt>
    <trkpt lat="36.490654" lon="34.168851"><ele>45.1</ele></trkpt>
    <trkpt lat="36.490571" lon="34.169658"><ele>48.0</ele></trkpt>
    <trkpt lat="36.490570" lon="34.170348"><ele>51.0</ele></trkpt>
    <trkpt lat="36.490698" lon="34.170850"><ele>54.0</ele></trkpt>
    <trkpt lat="36.490981" lon="34.171128"><ele>56.9</ele></trkpt>
    <trkpt lat="36.491418" lon="34.171184"><ele>59.7</ele></trkpt>
    <trkpt lat="36.491980" lon="34.171060"><ele>62.4</ele></trkpt>
    <trkpt lat="36.492616" lon="34.170828"><ele>64.8</ele></trkpt>
    <trkpt lat="36.493263" lon="34.170581"><ele>66.9</ele></trkpt>
    <trkpt lat="36.493857" lon="34.170411"><ele>68.7</ele></trkpt>
    <trkpt lat="36.494341" lon="34.170399"><ele>70.2</ele></trkpt>
    <trkpt lat="36.494678" lon="34.170599"><ele>71.2</ele></trkpt>
    <trkpt lat="36.494859" lon="34.171025"><ele>71.9</ele></trkpt>
    <trkpt lat="36.494900" lon="34.171654"><ele>72.1</ele></trkpt>
    <trkpt lat="36.494841" lon="34.172426"><ele>72.0</ele></trkpt>
    <trkpt lat="36.494741" lon="34.173258"><ele>71.5</ele></trkpt>
    <trkpt lat="36.494665" lon="34.174055"><ele>70.6</ele></trkpt>
    <trkpt lat="36.494673" lon="34.174729"><ele>69.3</ele></trkpt>
    <trkpt lat="36.494812" lon="34.175216"><ele>67.8</ele></trkpt>
    <trkpt lat="36.495103" lon="34.175483"><ele>66.1</ele></trkpt>
    <trkpt lat="36.495543" lon="34.175534"><ele>64.2</ele></trkpt>
    <trkpt lat="36.496102" lon="34.175415"><ele>62.2</ele></trkpt>
    <trkpt lat="36.496728" lon="34.175198"><ele>60.1</ele></trkpt>
    <trkpt lat="36.497361" lon="34.174971"><ele>58.1</ele></trkpt>
    <trkpt lat="36.497937" lon="34.174826"><ele>56.1</ele></trkpt>
    <trkpt lat="36.498405" lon="34.174838"><ele>54.2</ele></trkpt>
    <trkpt lat="36.498731" lon="34.175054"><ele>52.6</ele></trkpt>
    <trkpt lat="36.498909" lon="34.175484"><ele>51.1</ele></trkpt>
    <trkpt lat="36.498955" lon="34.176104"><ele>50.0</ele></trkpt>
    <trkpt lat="36.498912" lon="34.176854"><ele>49.2</ele></trkpt>
    <trkpt lat="36.498835" lon="34.177653"><ele>48.7</ele></trkpt>
    <trkpt lat="36.498784" lon="34.178413"><ele>48.7</ele></trkpt>
    <trkpt lat="36.498817" lon="34.179053"><ele>48.9</ele></trkpt>
    <trkpt lat="36.498973" lon="34.179515"><ele>49.6</ele></trkpt>
    <trkpt lat="36.499271" lon="34.179772"><ele>50.6</ele></trkpt>
    <trkpt lat="36.499704" lon="34.179833"><ele>52.0</ele></trkpt>
    <trkpt lat="36.500244" lon="34.179741"><ele>53.7</ele></trkpt>
    <trkpt lat="36.500841" lon="34.179565"><ele>55.6</ele></trkpt>
    <trkpt lat="36.501440" lon="34.179388"><ele>57.8</ele></trkpt>
    <trkpt lat="36.501983" lon="34.179290"><ele>60.2</ele></trkpt>
    <trkpt lat="36.502425" lon="34.179339"><ele>62.7</ele></trkpt>
    <trkpt lat="36.502739" lon="34.179574"><ele>65.2</ele></trkpt>
    <trkpt lat="36.502919" lon="34.180001"><ele>67.8</ele></trkpt>
    <trkpt lat="36.502985" lon="34.180593"><ele>70.4</ele></trkpt>
    <trkpt lat="36.502974" lon="34.181295"><ele>72.9</ele></trkpt>
    <trkpt lat="36.502938" lon="34.182035"><ele>75.2</ele></trkpt>
    <trkpt lat="36.502930" lon="34.182734"><ele>77.3</ele></trkpt>
    <trkpt lat="36.502998" lon="34.183322"><ele>79.2</ele></trkpt>
    <trkpt lat="36.503177" lon="34.183752"><ele>80.9</ele></trkpt>
    <trkpt lat="36.503479" lon="34.184003"><ele>82.2</ele></trkpt>
    <trkpt lat="36.503897" lon="34.184087"><ele>83.3</ele></trkpt>
    <trkpt lat="36.504402" lon="34.184043"><ele>84.0</ele></trkpt>
    <trkpt lat="36.504954" lon="34.183934"><ele>84.4</ele></trkpt>
    <trkpt lat="36.505501" lon="34.183830"><ele>84.6</ele></trkpt>
    <trkpt lat="36.505998" lon="34.183800"><ele>84.4</ele></trkpt>
    <trkpt lat="36.506406" lon="34.183897"><ele>83.9</ele></trkpt>
    <trkpt lat="36.506706" lon="34.184152"><ele>83.3</ele></trkpt>
    <trkpt lat="36.506895" lon="34.184566"><ele>82.4</ele></trkpt>
    <trkpt lat="36.506992" lon="34.185113"><ele>81.4</ele></trkpt>
    <trkpt lat="36.507030" lon="34.185746"><ele>80.2</ele></trkpt>
    <trkpt lat="36.507051" lon="34.186403"><ele>79.0</ele></trkpt>
    <trkpt lat="36.507100" lon="34.187019"><ele>77.7</ele></trkpt>
    <trkpt lat="36.507214" lon="34.187542"><ele>76.4</ele></trkpt>
    <trkpt lat="36.507418" lon="34.187934"><ele>75.2</ele></trkpt>
    <trkpt lat="36.507722" lon="34.188183"><ele>74.1</ele></trkpt>
    <trkpt lat="36.508115" lon="34.188303"><ele>73.2</ele></trkpt>
    <trkpt lat="36.508574" lon="34.188327"><ele>72.4</ele></trkpt>
    <trkpt lat="36.509063" lon="34.188307"><ele>71.8</ele></trkpt>
    <trkpt lat="36.509546" lon="34.188297"><ele>71.4</ele></trkpt>
    <trkpt lat="36.509985" lon="34.188350"><ele>71.2</ele></trkpt>
    <trkpt lat="36.510354" lon="34.188504"><ele>71.3</ele></trkpt>
    <trkpt lat="36.510640" lon="34.188779"><ele>71.6</ele></trkpt>
    <trkpt lat="36.510844" lon="34.189171"><ele>72.1</ele></trkpt>
    <trkpt lat="36.510983" lon="34.189658"><ele>72.8</ele></trkpt>
    <trkpt lat="36.511082" lon="34.190202"><ele>73.8</ele></trkpt>
    <trkpt lat="36.511174" lon="34.190756"><ele>74.8</ele></trkpt>
    <trkpt lat="36.511291" lon="34.191274"><ele>76.1</ele></trkpt>
    <trkpt lat="36.511458" lon="34.191721"><ele>77.4</ele></trkpt>
    <trkpt lat="36.511690" lon="34.192072"><ele>78.8</ele></trkpt>
    <trkpt lat="36.511991" lon="34.192325"><ele>80.3</ele></trkpt>
    <trkpt lat="36.512351" lon="34.192492"><ele>81.8</ele></trkpt>
    <trkpt lat="36.512752" lon="34.192600"><ele>83.2</ele></trkpt>
    <trkpt lat="36.513169" lon="34.192685"><ele>84.6</ele></trkpt>
    <trkpt lat="36.513575" lon="34.192786"><ele>86.0</ele></trkpt>
    <trkpt lat="36.513949" lon="34.192933"><ele>87.2</ele></trkpt>
    <trkpt lat="36.514276" lon="34.193149"><ele>88.3</ele></trkpt>
    <trkpt lat="36.514549" lon="34.193441"><ele>89.3</ele></trkpt>
    <trkpt lat="36.514774" lon="34.193804"><ele>90.2</ele></trkpt>
    <trkpt lat="36.514963" lon="34.194218"><ele>90.9</ele></trkpt>
    <trkpt lat="36.515134" lon="34.194658"><ele>91.5</ele></trkpt>
    <trkpt lat="36.515307" lon="34.195095"><ele>92.0</ele></trkpt>
    <trkpt lat="36.515499" lon="34.195505"><ele>92.3</ele></trkpt>
    <trkpt lat="36.515723" lon="34.195869"><ele>92.5</ele></trkpt>
    <trkpt lat="36.515983" lon="34.196180"><ele>92.6</ele></trkpt>
    <trkpt lat="36.516278" lon="34.196442"><ele>92.7</ele></trkpt>
    <trkpt lat="36.516599" lon="34.196665"><ele>92.7</ele></trkpt>
    <trkpt lat="36.516934" lon="34.196869"><ele>92.7</ele></trkpt>
    <trkpt lat="36.517269" lon="34.197072"><ele>92.6</ele></trkpt>
    <trkpt lat="36.517593" lon="34.197291"><ele>92.6</ele></trkpt>
    <trkpt lat="36.517898" lon="34.197538"><ele>92.6</ele></trkpt>
    <trkpt lat="36.518181" lon="34.197817"><ele>92.6</ele></trkpt>
    <trkpt lat="36.518444" lon="34.198124"><ele>92.7</ele></trkpt>
    <trkpt lat="36.518694" lon="34.198450"><ele>92.9</ele></trkpt>
    <trkpt lat="36.518939" lon="34.198783"><ele>93.2</ele></trkpt>
    <trkpt lat="36.519189" lon="34.199110"><ele>93.5</ele></trkpt>
    <trkpt lat="36.519447" lon="34.199424"><ele>93.9</ele></trkpt>
    <trkpt lat="36.519718" lon="34.199719"><ele>94.4</ele></trkpt>
    <trkpt lat="36.520000" lon="34.200000"><ele>95.0</ele></trkpt>
    <trkpt lat="36.520268" lon="34.200300"><ele>94.5</ele></trkpt>
    <trkpt lat="36.520537" lon="34.200598"><ele>93.9</ele></trkpt>
    <trkpt lat="36.520813" lon="34.200885"><ele>93.3</ele></trkpt>
    <trkpt lat="36.521101" lon="34.201152"><ele>92.6</ele></trkpt>
    <trkpt lat="36.521403" lon="34.201400"><ele>92.0</ele></trkpt>
    <trkpt lat="36.521715" lon="34.201632"><ele>91.5</ele></trkpt>
    <trkpt lat="36.522030" lon="34.201858"><ele>91.0</ele></trkpt>
    <trkpt lat="36.522341" lon="34.202092"><ele>90.5</ele></trkpt>
    <trkpt lat="36.522637" lon="34.202347"><ele>90.1</ele></trkpt>
    <trkpt lat="36.522913" lon="34.202634"><ele>89.8</ele></trkpt>
    <trkpt lat="36.523165" lon="34.202960"><ele>89.6</ele></trkpt>
    <trkpt lat="36.523394" lon="34.203319"><ele>89.5</ele></trkpt>
    <trkpt lat="36.523608" lon="34.203702"><ele>89.5</ele></trkpt>
    <trkpt lat="36.523818" lon="34.204091"><ele>89.6</ele></trkpt>
    <trkpt lat="36.524039" lon="34.204463"><ele>89.8</ele></trkpt>
    <trkpt lat="36.524284" lon="34.204799"><ele>90.0</ele></trkpt>
    <trkpt lat="36.524563" lon="34.205082"><ele>90.3</ele></trkpt>
    <trkpt lat="36.524880" lon="34.205305"><ele>90.7</ele></trkpt>
    <trkpt lat="36.525233" lon="34.205473"><ele>91.0</ele></trkpt>
    <trkpt lat="36.525612" lon="34.205601"><ele>91.4</ele></trkpt>
    <trkpt lat="36.525999" lon="34.205715"><ele>91.7</ele></trkpt>
    <trkpt lat="36.526377" lon="34.205845"><ele>91.9</ele></trkpt>
    <trkpt lat="36.526725" lon="34.206021"><ele>92.1</ele></trkpt>
    <trkpt lat="36.527027" lon="34.206267"><ele>92.2</ele></trkpt>
    <trkpt lat="36.527278" lon="34.206594"><ele>92.1</ele></trkpt>
    <trkpt lat="36.527476" lon="34.207001"><ele>91.9</ele></trkpt>
    <trkpt lat="36.527635" lon="34.207470"><ele>91.5</ele></trkpt>
    <trkpt lat="36.527773" lon="34.207971"><ele>91.0</ele></trkpt>
    <trkpt lat="36.527915" lon="34.208465"><ele>90.3</ele></trkpt>
    <trkpt lat="36.528087" lon="34.208914"><ele>89.4</ele></trkpt>
    <trkpt lat="36.528310" lon="34.209282"><ele>88.3</ele></trkpt>
    <trkpt lat="36.528599" lon="34.209550"><ele>87.1</ele></trkpt>
    <trkpt lat="36.528955" lon="34.209713"><ele>85.8</ele></trkpt>
    <trkpt lat="36.529369" lon="34.209786"><ele>84.3</ele></trkpt>
    <trkpt lat="36.529820" lon="34.209803"><ele>82.7</ele></trkpt>
    <trkpt lat="36.530278" lon="34.209807"><ele>81.0</ele></trkpt>
    <trkpt lat="36.530713" lon="34.209848"><ele>79.4</ele></trkpt>
    <trkpt lat="36.531095" lon="34.209972"><ele>77.7</ele></trkpt>
    <trkpt lat="36.531403" lon="34.210209"><ele>76.1</ele></trkpt>
    <trkpt lat="36.531629" lon="34.210573"><ele>74.5</ele></trkpt>
    <trkpt lat="36.531779" lon="34.211055"><ele>73.1</ele></trkpt>
    <trkpt lat="36.531873" lon="34.211625"><ele>71.8</ele></trkpt>
    <trkpt lat="36.531942" lon="34.212233"><ele>70.7</ele></trkpt>
    <trkpt lat="36.532022" lon="34.212824"><ele>69.8</ele></trkpt>
    <trkpt lat="36.532150" lon="34.213340"><ele>69.2</ele></trkpt>
    <trkpt lat="36.532355" lon="34.213737"><ele>68.8</ele></trkpt>
    <trkpt lat="36.532653" lon="34.213991"><ele>68.6</ele></trkpt>
    <trkpt lat="36.533044" lon="34.214099"><ele>68.7</ele></trkpt>
    <trkpt lat="36.533512" lon="34.214088"><ele>69.1</ele></trkpt>
    <trkpt lat="36.534027" lon="34.214006"><ele>69.8</ele></trkpt>
    <trkpt lat="36.534548" lon="34.213914"><ele>70.6</ele></trkpt>
    <trkpt lat="36.535033" lon="34.213877"><ele>71.7</ele></trkpt>
    <trkpt lat="36.535444" lon="34.213955"><ele>72.9</ele></trkpt>
    <trkpt lat="36.535756" lon="34.214186"><ele>74.3</ele></trkpt>
    <trkpt lat="36.535961" lon="34.214583"><ele>75.8</ele></trkpt>
    <trkpt lat="36.536069" lon="34.215131"><ele>77.3</ele></trkpt>
    <trkpt lat="36.536107" lon="34.215786"><ele>78.8</ele></trkpt>
    <trkpt lat="36.536117" lon="34.216486"><ele>80.3</ele></trkpt>
    <trkpt lat="36.536145" lon="34.217158"><ele>81.7</ele></trkpt>
    <trkpt lat="36.536236" lon="34.217731"><ele>83.0</ele></trkpt>
    <trkpt lat="36.536426" lon="34.218152"><ele>84.0</ele></trkpt>
    <trkpt lat="36.536732" lon="34.218392"><ele>84.8</ele></trkpt>
    <trkpt lat="36.537153" lon="34.218455"><ele>85.4</ele></trkpt>
    <trkpt lat="36.537666" lon="34.218374"><ele>85.7</ele></trkpt>
    <trkpt lat="36.538234" lon="34.218210"><ele>85.6</ele></trkpt>
    <trkpt lat="36.538805" lon="34.218039"><ele>85.2</ele></trkpt>
    <trkpt lat="36.539330" lon="34.217940"><ele>84.5</ele></trkpt>
    <trkpt lat="36.539765" lon="34.217982"><ele>83.4</ele></trkpt>
    <trkpt lat="36.540080" lon="34.218209"><ele>82.0</ele></trkpt>
    <trkpt lat="36.540267" lon="34.218633"><ele>80.3</ele></trkpt>
    <trkpt lat="36.540341" lon="34.219233"><ele>78.4</ele></trkpt>
    <trkpt lat="36.540335" lon="34.219957"><ele>76.2</ele></trkpt>
    <trkpt lat="36.540299" lon="34.220728"><ele>73.8</ele></trkpt>
    <trkpt lat="36.540287" lon="34.221462"><ele>71.3</ele></trkpt>
    <trkpt lat="36.540351" lon="34.222078"><ele>68.6</ele></trkpt>
    <trkpt lat="36.540529" lon="34.222516"><ele>66.0</ele></trkpt>
    <trkpt lat="36.540842" lon="34.222745"><ele>63.4</ele></trkpt>
    <trkpt lat="36.541286" lon="34.222773"><ele>60.8</ele></trkpt>
    <trkpt lat="36.541833" lon="34.222639"><ele>58.4</ele></trkpt>
    <trkpt lat="36.542439" lon="34.222415"><ele>56.2</ele></trkpt>
    <trkpt lat="36.543048" lon="34.222187"><ele>54.3</ele></trkpt>
    <trkpt lat="36.543601" lon="34.222045"><ele>52.6</ele></trkpt>
    <trkpt lat="36.544052" lon="34.222062"><ele>51.3</ele></trkpt>
    <trkpt lat="36.544368" lon="34.222286"><ele>50.3</ele></trkpt>
    <trkpt lat="36.544542" lon="34.222731"><ele>49.7</ele></trkpt>
    <trkpt lat="36.544592" lon="34.223368"><ele>49.4</ele></trkpt>
    <trkpt lat="36.544557" lon="34.224138"><ele>49.6</ele></trkpt>
    <trkpt lat="36.544490" lon="34.224957"><ele>50.1</ele></trkpt>
    <trkpt lat="36.544451" lon="34.225731"><ele>51.0</ele></trkpt>
    <trkpt lat="36.544498" lon="34.226374"><ele>52.3</ele></trkpt>
    <trkpt lat="36.544670" lon="34.226821"><ele>53.8</ele></trkpt>
    <trkpt lat="36.544989" lon="34.227043"><ele>55.5</ele></trkpt>
    <trkpt lat="36.545447" lon="34.227047"><ele>57.5</ele></trkpt>
    <trkpt lat="36.546016" lon="34.226881"><ele>59.6</ele></trkpt>
    <trkpt lat="36.546645" lon="34.226622"><ele>61.8</ele></trkpt>
    <trkpt lat="36.547274" lon="34.226361"><ele>63.9</ele></trkpt>
    <trkpt lat="36.547843" lon="34.226195"><ele>66.1</ele></trkpt>
    <trkpt lat="36.548301" lon="34.226200"><ele>68.1</ele></trkpt>
    <trkpt lat="36.548617" lon="34.226425"><ele>69.9</ele></trkpt>
    <trkpt lat="36.548784" lon="34.226881"><ele>71.5</ele></trkpt>
    <trkpt lat="36.548821" lon="34.227538"><ele>72.9</ele></trkpt>
    <trkpt lat="36.548770" lon="34.228331"><ele>73.9</ele></trkpt>
    <trkpt lat="36.548689" lon="34.229171"><ele>74.5</ele></trkpt>
    <trkpt lat="36.548641" lon="34.229962"><ele>74.7</ele></trkpt>
    <trkpt lat="36.548681" lon="34.230614"><ele>74.6</ele></trkpt>
    <trkpt lat="36.548852" lon="34.231063"><ele>74.0</ele></trkpt>
    <trkpt lat="36.549174" lon="34.231280"><ele>73.1</ele></trkpt>
    <trkpt lat="36.549638" lon="34.231275"><ele>71.7</ele></trkpt>
    <trkpt lat="36.550214" lon="34.231098"><ele>70.0</ele></trkpt>
    <trkpt lat="36.550849" lon="34.230829"><ele>68.0</ele></trkpt>
    <trkpt lat="36.551482" lon="34.230562"><ele>65.7</ele></trkpt>
    <trkpt lat="36.552053" lon="34.230393"><ele>63.1</ele></trkpt>
    <trkpt lat="36.552510" lon="34.230400"><ele>60.4</ele></trkpt>
    <trkpt lat="36.552824" lon="34.230628"><ele>57.5</ele></trkpt>
    <trkpt lat="36.552989" lon="34.231088"><ele>54.6</ele></trkpt>
    <trkpt lat="36.553025" lon="34.231746"><ele>51.8</ele></trkpt>
    <trkpt lat="36.552976" lon="34.232537"><ele>48.9</ele></trkpt>
    <trkpt lat="36.552899" lon="34.233372"><ele>46.3</ele></trkpt>
    <trkpt lat="36.552855" lon="34.234154"><ele>43.8</ele></trkpt>
    <trkpt lat="36.552901" lon="34.234798"><ele>41.5</ele></trkpt>
    <trkpt lat="36.553076" lon="34.235241"><ele>39.6</ele></trkpt>
    <trkpt lat="36.553399" lon="34.235455"><ele>38.0</ele></trkpt>
    <trkpt lat="36.553861" lon="34.235455"><ele>36.7</ele></trkpt>
    <trkpt lat="36.554429" lon="34.235290"><ele>35.8</ele></trkpt>
    <trkpt lat="36.555053" lon="34.235037"><ele>35.4</ele></trkpt>
    <trkpt lat="36.555673" lon="34.234791"><ele>35.3</ele></trkpt>
    <trkpt lat="36.556231" lon="34.234641"><ele>35.6</ele></trkpt>
    <trkpt lat="36.556679" lon="34.234662"><ele>36.2</ele></trkpt>
    <trkpt lat="36.556989" lon="34.234896"><ele>37.2</ele></trkpt>
    <trkpt lat="36.557158" lon="34.235350"><ele>38.5</ele></trkpt>
    <trkpt lat="36.557205" lon="34.235991"><ele>40.1</ele></trkpt>
    <trkpt lat="36.557173" lon="34.236755"><ele>41.8</ele></trkpt>
    <trkpt lat="36.557117" lon="34.237558"><ele>43.7</ele></trkpt>
    <trkpt lat="36.557094" lon="34.238308"><ele>45.7</ele></trkpt>
    <trkpt lat="36.557156" lon="34.238926"><ele>47.7</ele></trkpt>
    <trkpt lat="36.557341" lon="34.239354"><ele>49.7</ele></trkpt>
    <trkpt lat="36.557663" lon="34.239571"><ele>51.6</ele></trkpt>
    <trkpt lat="36.558113" lon="34.239588"><ele>53.4</ele></trkpt>
    <trkpt lat="36.558660" lon="34.239455"><ele>54.9</ele></trkpt>
    <trkpt lat="36.559257" lon="34.239246"><ele>56.2</ele></trkpt>
    <trkpt lat="36.559848" lon="34.239045"><ele>57.2</ele></trkpt>
    <trkpt lat="36.560380" lon="34.238935"><ele>58.0</ele></trkpt>
    <trkpt lat="36.560810" lon="34.238983"><ele>58.4</ele></trkpt>
    <trkpt lat="36.561115" lon="34.239225"><ele>58.4</ele></trkpt>
    <trkpt lat="36.561292" lon="34.239665"><ele>58.1</ele></trkpt>
    <trkpt lat="36.561362" lon="34.240272"><ele>57.4</ele></trkpt>
    <trkpt lat="36.561362" lon="34.240986"><ele>56.5</ele></trkpt>
    <trkpt lat="36.561343" lon="34.241732"><ele>55.2</ele></trkpt>
    <trkpt lat="36.561355" lon="34.242427"><ele>53.6</ele></trkpt>
    <trkpt lat="36.561446" lon="34.243002"><ele>51.8</ele></trkpt>
    <trkpt lat="36.561644" lon="34.243409"><ele>49.8</ele></trkpt>
    <trkpt lat="36.561964" lon="34.243629"><ele>47.6</ele></trkpt>
    <trkpt lat="36.562394" lon="34.243678"><ele>45.3</ele></trkpt>
    <trkpt lat="36.562907" lon="34.243598"><ele>43.0</ele></trkpt>
    <trkpt lat="36.563460" lon="34.243454"><ele>40.7</ele></trkpt>
    <trkpt lat="36.564007" lon="34.243322"><ele>38.4</ele></trkpt>
    <trkpt lat="36.564501" lon="34.243271"><ele>36.2</ele></trkpt>
    <trkpt lat="36.564907" lon="34.243357"><ele>34.2</ele></trkpt>
    <trkpt lat="36.565205" lon="34.243610"><ele>32.3</ele></trkpt>
    <trkpt lat="36.565396" lon="34.244028"><ele>30.7</ele></trkpt>
    <trkpt lat="36.565498" lon="34.244585"><ele>29.3</ele></trkpt>
    <trkpt lat="36.565544" lon="34.245229"><ele>28.1</ele></trkpt>
    <trkpt lat="36.565576" lon="34.245894"><ele>27.3</ele></trkpt>
    <trkpt lat="36.565637" lon="34.246515"><ele>26.7</ele></trkpt>
    <trkpt lat="36.565764" lon="34.247033"><ele>26.4</ele></trkpt>
    <trkpt lat="36.565981" lon="34.247412"><ele>26.3</ele></trkpt>
    <trkpt lat="36.566295" lon="34.247639"><ele>26.5</ele></trkpt>
    <trkpt lat="36.566699" lon="34.247729"><ele>27.0</ele></trkpt>
    <trkpt lat="36.567167" lon="34.247719"><ele>27.6</ele></trkpt>
    <trkpt lat="36.567664" lon="34.247662"><ele>28.4</ele></trkpt>
    <trkpt lat="36.568154" lon="34.247619"><ele>29.4</ele></trkpt>
    <trkpt lat="36.568599" lon="34.247643"><ele>30.4</ele></trkpt>
    <trkpt lat="36.568974" lon="34.247777"><ele>31.5</ele></trkpt>
    <trkpt lat="36.569265" lon="34.248041"><ele>32.6</ele></trkpt>
    <trkpt lat="36.569474" lon="34.248432"><ele>33.7</ele></trkpt>
    <trkpt lat="36.569617" lon="34.248926"><ele>34.7</ele></trkpt>
    <trkpt lat="36.569720" lon="34.249481"><ele>35.6</ele></trkpt>
    <trkpt lat="36.569815" lon="34.250048"><ele>36.4</ele></trkpt>
    <trkpt lat="36.569935" lon="34.250577"><ele>37.0</ele></trkpt>
    <trkpt lat="36.570106" lon="34.251027"><ele>37.5</ele></trkpt>
    <trkpt lat="36.570344" lon="34.251373"><ele>37.7</ele></trkpt>
    <trkpt lat="36.570653" lon="34.251609"><ele>37.8</ele></trkpt>
    <trkpt lat="36.571024" lon="34.251750"><ele>37.7</ele></trkpt>
    <trkpt lat="36.571438" lon="34.251823"><ele>37.4</ele></trkpt>
    <trkpt lat="36.571869" lon="34.251870"><ele>36.9</ele></trkpt>
    <trkpt lat="36.572291" lon="34.251930"><ele>36.3</ele></trkpt>
    <trkpt lat="36.572680" lon="34.252043"><ele>35.5</ele></trkpt>
    <trkpt lat="36.573019" lon="34.252232"><ele>34.6</ele></trkpt>
    <trkpt lat="36.573302" lon="34.252509"><ele>33.5</ele></trkpt>
    <trkpt lat="36.573532" lon="34.252867"><ele>32.4</ele></trkpt>
    <trkpt lat="36.573721" lon="34.253288"><ele>31.3</ele></trkpt>
    <trkpt lat="36.573890" lon="34.253742"><ele>30.1</ele></trkpt>
    <trkpt lat="36.574058" lon="34.254197"><ele>28.9</ele></trkpt>
    <trkpt lat="36.574245" lon="34.254622"><ele>27.8</ele></trkpt>
    <trkpt lat="36.574465" lon="34.254995"><ele>26.7</ele></trkpt>
    <trkpt lat="36.574727" lon="34.255304"><ele>25.6</ele></trkpt>
    <trkpt lat="36.575029" lon="34.255551"><ele>24.7</ele></trkpt>
    <trkpt lat="36.575363" lon="34.255748"><ele>23.9</ele></trkpt>
    <trkpt lat="36.575717" lon="34.255915"><ele>23.2</ele></trkpt>
    <trkpt lat="36.576074" lon="34.256076"><ele>22.5</ele></trkpt>
    <trkpt lat="36.576422" lon="34.256252"><ele>22.0</ele></trkpt>
    <trkpt lat="36.576749" lon="34.256460"><ele>21.6</ele></trkpt>
    <trkpt lat="36.577049" lon="34.256710"><ele>21.3</ele></trkpt>
    <trkpt lat="36.577323" lon="34.257000"><ele>21.1</ele></trkpt>
    <trkpt lat="36.577576" lon="34.257322"><ele>21.0</ele></trkpt>
    <trkpt lat="36.577817" lon="34.257663"><ele>20.9</ele></trkpt>
    <trkpt lat="36.578056" lon="34.258008"><ele>20.9</ele></trkpt>
    <trkpt lat="36.578302" lon="34.258342"><ele>20.8</ele></trkpt>
    <trkpt lat="36.578561" lon="34.258656"><ele>20.8</ele></trkpt>
    <trkpt lat="36.578834" lon="34.258947"><ele>20.7</ele></trkpt>
    <trkpt lat="36.579121" lon="34.259218"><ele>20.6</ele></trkpt>
    <trkpt lat="36.579415" lon="34.259477"><ele>20.5</ele></trkpt>
    <trkpt lat="36.579710" lon="34.259734"><ele>20.3</ele></trkpt>
    <trkpt lat="36.580000" lon="34.260000"><ele>20.0</ele></trkpt>
    <trkpt lat="36.580201" lon="34.260372"><ele>20.0</ele></trkpt>
    <trkpt lat="36.580426" lon="34.260725"><ele>20.2</ele></trkpt>
    <trkpt lat="36.580667" lon="34.261064"><ele>20.5</ele></trkpt>
    <trkpt lat="36.580913" lon="34.261399"><ele>20.9</ele></trkpt>
    <trkpt lat="36.581147" lon="34.261743"><ele>21.4</ele></trkpt>
    <trkpt lat="36.581355" lon="34.262110"><ele>21.9</ele></trkpt>
    <trkpt lat="36.581526" lon="34.262508"><ele>22.5</ele></trkpt>
    <trkpt lat="36.581659" lon="34.262938"><ele>23.1</ele></trkpt>
    <trkpt lat="36.581761" lon="34.263393"><ele>23.7</ele></trkpt>
    <trkpt lat="36.581851" lon="34.263859"><ele>24.3</ele></trkpt>
    <trkpt lat="36.581952" lon="34.264316"><ele>24.8</ele></trkpt>
    <trkpt lat="36.582088" lon="34.264743"><ele>25.1</ele></trkpt>
    <trkpt lat="36.582279" lon="34.265124"><ele>25.4</ele></trkpt>
    <trkpt lat="36.582537" lon="34.265449"><ele>25.4</ele></trkpt>
    <trkpt lat="36.582858" lon="34.265720"><ele>25.3</ele></trkpt>
    <trkpt lat="36.583228" lon="34.265951"><ele>25.0</ele></trkpt>
    <trkpt lat="36.583619" lon="34.266164"><ele>24.5</ele></trkpt>
    <trkpt lat="36.583995" lon="34.266390"><ele>23.8</ele></trkpt>
    <trkpt lat="36.584321" lon="34.266657"><ele>23.0</ele></trkpt>
    <trkpt lat="36.584567" lon="34.266991"><ele>21.9</ele></trkpt>
    <trkpt lat="36.584718" lon="34.267406"><ele>20.8</ele></trkpt>
    <trkpt lat="36.584774" lon="34.267900"><ele>19.5</ele></trkpt>
    <trkpt lat="36.584755" lon="34.268458"><ele>18.2</ele></trkpt>
    <trkpt lat="36.584696" lon="34.269049"><ele>16.8</ele></trkpt>
    <trkpt lat="36.584643" lon="34.269635"><ele>15.4</ele></trkpt>
    <trkpt lat="36.584644" lon="34.270175"><ele>14.1</ele></trkpt>
    <trkpt lat="36.584740" lon="34.270636"><ele>12.9</ele></trkpt>
    <trkpt lat="36.584956" lon="34.270996"><ele>11.8</ele></trkpt>
    <trkpt lat="36.585298" lon="34.271250"><ele>11.0</ele></trkpt>
    <trkpt lat="36.585747" lon="34.271415"><ele>10.3</ele></trkpt>
    <trkpt lat="36.586263" lon="34.271522"><ele>10.0</ele></trkpt>
    <trkpt lat="36.586794" lon="34.271618"><ele>9.9</ele></trkpt>
    <trkpt lat="36.587280" lon="34.271751"><ele>10.1</ele></trkpt>
    <trkpt lat="36.587666" lon="34.271968"><ele>10.6</ele></trkpt>
    <trkpt lat="36.587915" lon="34.272300"><ele>11.4</ele></trkpt>
    <trkpt lat="36.588013" lon="34.272759"><ele>12.6</ele></trkpt>
    <trkpt lat="36.587971" lon="34.273336"><ele>14.0</ele></trkpt>
    <trkpt lat="36.587828" lon="34.273997"><ele>15.6</ele></trkpt>
    <trkpt lat="36.587642" lon="34.274695"><ele>17.5</ele></trkpt>
    <trkpt lat="36.587481" lon="34.275372"><ele>19.6</ele></trkpt>
    <trkpt lat="36.587411" lon="34.275972"><ele>21.7</ele></trkpt>
    <trkpt lat="36.587484" lon="34.276452"><ele>24.0</ele></trkpt>
    <trkpt lat="36.587726" lon="34.276790"><ele>26.2</ele></trkpt>
    <trkpt lat="36.588136" lon="34.276987"><ele>28.4</ele></trkpt>
    <trkpt lat="36.588681" lon="34.277071"><ele>30.5</ele></trkpt>
    <trkpt lat="36.589304" lon="34.277089"><ele>32.3</ele></trkpt>
    <trkpt lat="36.589930" lon="34.277104"><ele>34.0</ele></trkpt>
    <trkpt lat="36.590486" lon="34.277179"><ele>35.4</ele></trkpt>
    <trkpt lat="36.590906" lon="34.277367"><ele>36.5</ele></trkpt>
    <trkpt lat="36.591149" lon="34.277704"><ele>37.2</ele></trkpt>
    <trkpt lat="36.591205" lon="34.278199"><ele>37.5</ele></trkpt>
    <trkpt lat="36.591095" lon="34.278833"><ele>37.4</ele></trkpt>
    <trkpt lat="36.590873" lon="34.279561"><ele>37.0</ele></trkpt>
    <trkpt lat="36.590611" lon="34.280322"><ele>36.1</ele></trkpt>
    <trkpt lat="36.590392" lon="34.281048"><ele>34.9</ele></trkpt>
    <trkpt lat="36.590288" lon="34.281676"><ele>33.4</ele></trkpt>
    <trkpt lat="36.590357" lon="34.282160"><ele>31.5</ele></trkpt>
    <trkpt lat="36.590622" lon="34.282479"><ele>29.4</ele></trkpt>
    <trkpt lat="36.591074" lon="34.282640"><ele>27.1</ele></trkpt>
    <trkpt lat="36.591671" lon="34.282680"><ele>24.6</ele></trkpt>
    <trkpt lat="36.592343" lon="34.282657"><ele>22.1</ele></trkpt>
    <trkpt lat="36.593009" lon="34.282638"><ele>19.6</ele></trkpt>
    <trkpt lat="36.593587" lon="34.282694"><ele>17.1</ele></trkpt>
    <trkpt lat="36.594011" lon="34.282880"><ele>14.8</ele></trkpt>
    <trkpt lat="36.594241" lon="34.283228"><ele>12.7</ele></trkpt>
    <trkpt lat="36.594273" lon="34.283743"><ele>10.8</ele></trkpt>
    <trkpt lat="36.594136" lon="34.284399"><ele>9.2</ele></trkpt>
    <trkpt lat="36.593890" lon="34.285147"><ele>7.9</ele></trkpt>
    <trkpt lat="36.593614" lon="34.285920"><ele>7.1</ele></trkpt>
    <trkpt lat="36.593392" lon="34.286649"><ele>6.6</ele></trkpt>
    <trkpt lat="36.593297" lon="34.287270"><ele>6.6</ele></trkpt>
    <trkpt lat="36.593379" lon="34.287742"><ele>6.9</ele></trkpt>
    <trkpt lat="36.593659" lon="34.288048"><ele>7.7</ele></trkpt>
    <trkpt lat="36.594121" lon="34.288202"><ele>8.8</ele></trkpt>
    <trkpt lat="36.594717" lon="34.288242"><ele>10.3</ele></trkpt>
    <trkpt lat="36.595378" lon="34.288229"><ele>12.0</ele></trkpt>
    <trkpt lat="36.596021" lon="34.288230"><ele>14.0</ele></trkpt>
    <trkpt lat="36.596571" lon="34.288309"><ele>16.3</ele></trkpt>
    <trkpt lat="36.596969" lon="34.288516"><ele>18.6</ele></trkpt>
    <trkpt lat="36.597182" lon="34.288878"><ele>21.0</ele></trkpt>
    <trkpt lat="36.597213" lon="34.289394"><ele>23.5</ele></trkpt>
    <trkpt lat="36.597094" lon="34.290036"><ele>25.8</ele></trkpt>
    <trkpt lat="36.596884" lon="34.290753"><ele>28.1</ele></trkpt>
    <trkpt lat="36.596657" lon="34.291485"><ele>30.2</ele></trkpt>
    <trkpt lat="36.596488" lon="34.292169"><ele>32.0</ele></trkpt>
    <trkpt lat="36.596439" lon="34.292751"><ele>33.6</ele></trkpt>
    <trkpt lat="36.596551" lon="34.293199"><ele>34.9</ele></trkpt>
    <trkpt lat="36.596835" lon="34.293502"><ele>35.8</ele></trkpt>
    <trkpt lat="36.597271" lon="34.293677"><ele>36.4</ele></trkpt>
    <trkpt lat="36.597814" lon="34.293762"><ele>36.7</ele></trkpt>
    <trkpt lat="36.598401" lon="34.293810"><ele>36.6</ele></trkpt>
    <trkpt lat="36.598964" lon="34.293879"><ele>36.2</ele></trkpt>
    <trkpt lat="36.599441" lon="34.294019"><ele>35.5</ele></trkpt>
    <trkpt lat="36.599788" lon="34.294269"><ele>34.5</ele></trkpt>
    <trkpt lat="36.599984" lon="34.294646"><ele>33.3</ele></trkpt>
    <trkpt lat="36.600038" lon="34.295142"><ele>31.9</ele></trkpt>
    <trkpt lat="36.599980" lon="34.295732"><ele>30.3</ele></trkpt>
    <trkpt lat="36.599862" lon="34.296373"><ele>28.6</ele></trkpt>
    <trkpt lat="36.599741" lon="34.297016"><ele>26.9</ele></trkpt>
    <trkpt lat="36.599673" lon="34.297614"><ele>25.3</ele></trkpt>
    <trkpt lat="36.599703" lon="34.298131"><ele>23.6</ele></trkpt>
    <trkpt lat="36.599854" lon="34.298545"><ele>22.1</ele></trkpt>
    <trkpt lat="36.600128" lon="34.298856"><ele>20.7</ele></trkpt>
    <trkpt lat="36.600505" lon="34.299081"><ele>19.5</ele></trkpt>
    <trkpt lat="36.600948" lon="34.299250"><ele>18.5</ele></trkpt>
    <trkpt lat="36.601411" lon="34.299403"><ele>17.8</ele></trkpt>
    <trkpt lat="36.601846" lon="34.299579"><ele>17.2</ele></trkpt>
    <trkpt lat="36.602215" lon="34.299810"><ele>16.9</ele></trkpt>
    <trkpt lat="36.602494" lon="34.300117"><ele>16.9</ele></trkpt>
    <trkpt lat="36.602677" lon="34.300505"><ele>17.0</ele></trkpt>
    <trkpt lat="36.602775" lon="34.300964"><ele>17.3</ele></trkpt>
    <trkpt lat="36.602815" lon="34.301471"><ele>17.9</ele></trkpt>
    <trkpt lat="36.602831" lon="34.301999"><ele>18.5</ele></trkpt>
    <trkpt lat="36.602858" lon="34.302518"><ele>19.3</ele></trkpt>
    <trkpt lat="36.602927" lon="34.303002"><ele>20.1</ele></trkpt>
    <trkpt lat="36.603055" lon="34.303436"><ele>21.0</ele></trkpt>
    <trkpt lat="36.603249" lon="34.303814"><ele>21.9</ele></trkpt>
    <trkpt lat="36.603502" lon="34.304143"><ele>22.7</ele></trkpt>
    <trkpt lat="36.603795" lon="34.304439"><ele>23.5</ele></trkpt>
    <trkpt lat="36.604104" lon="34.304720"><ele>24.2</ele></trkpt>
    <trkpt lat="36.604407" lon="34.305007"><ele>24.8</ele></trkpt>
    <trkpt lat="36.604684" lon="34.305316"><ele>25.3</ele></trkpt>
    <trkpt lat="36.604925" lon="34.305655"><ele>25.6</ele></trkpt>
    <trkpt lat="36.605129" lon="34.306025"><ele>25.8</ele></trkpt>
    <trkpt lat="36.605304" lon="34.306419"><ele>25.8</ele></trkpt>
    <trkpt lat="36.605464" lon="34.306826"><ele>25.8</ele></trkpt>
    <trkpt lat="36.605626" lon="34.307232"><ele>25.6</ele></trkpt>
    <trkpt lat="36.605802" lon="34.307625"><ele>25.3</ele></trkpt>
    <trkpt lat="36.606000" lon="34.308000"><ele>25.0</ele></trkpt>
    </trkseg>
  </trk>
</gpx>
