<?xml version="1.0" encoding="UTF-8"?>
<gpx version="1.1" creator="tripplanner (sketch line from researched control points)" xmlns="http://www.topografix.com/GPX/1/1">
  <metadata>
    <name>taurus-six — Bozkır → Taşkent → Sarıveliler</name>
    <desc>107.0 km, 2550 m. Sketch line through researched control points, calibrated to 107 km / 2550 m of road — drawn, not routed.</desc>
  </metadata>
  <trk>
    <name>taurus-six — Bozkır → Taşkent → Sarıveliler</name>
    <trkseg>
    <trkpt lat="37.190000" lon="32.247000"><ele>1125.0</ele></trkpt>
    <trkpt lat="37.189730" lon="32.247298"><ele>1125.5</ele></trkpt>
    <trkpt lat="37.189470" lon="32.247610"><ele>1126.2</ele></trkpt>
    <trkpt lat="37.189205" lon="32.247915"><ele>1126.9</ele></trkpt>
    <trkpt lat="37.188922" lon="32.248193"><ele>1127.5</ele></trkpt>
    <trkpt lat="37.188616" lon="32.248436"><ele>1128.1</ele></trkpt>
    <trkpt lat="37.188296" lon="32.248658"><ele>1128.5</ele></trkpt>
    <trkpt lat="37.187981" lon="32.248887"><ele>1128.6</ele></trkpt>
    <trkpt lat="37.187692" lon="32.249156"><ele>1128.5</ele></trkpt>
    <trkpt lat="37.187443" lon="32.249485"><ele>1128.2</ele></trkpt>
    <trkpt lat="37.187231" lon="32.249870"><ele>1127.9</ele></trkpt>
    <trkpt lat="37.187033" lon="32.250277"><ele>1127.7</ele></trkpt>
    <trkpt lat="37.186817" lon="32.250657"><ele>1127.8</ele></trkpt>
    <trkpt lat="37.186553" lon="32.250964"><ele>1128.2</ele></trkpt>
    <trkpt lat="37.186227" lon="32.251176"><ele>1129.0</ele></trkpt>
    <trkpt lat="37.185851" lon="32.251312"><ele>1130.3</ele></trkpt>
    <trkpt lat="37.185459" lon="32.251425"><ele>1131.9</ele></trkpt>
    <trkpt lat="37.185098" lon="32.251585"><ele>1133.6</ele></trkpt>
    <trkpt lat="37.184808" lon="32.251851"><ele>1135.3</ele></trkpt>
    <trkpt lat="37.184601" lon="32.252245"><ele>1136.7</ele></trkpt>
    <trkpt lat="37.184459" lon="32.252736"><ele>1137.7</ele></trkpt>
    <trkpt lat="37.184332" lon="32.253252"><ele>1138.0</ele></trkpt>
    <trkpt lat="37.184162" lon="32.253701"><ele>1137.7</ele></trkpt>
    <trkpt lat="37.183901" lon="32.254011"><ele>1136.8</ele></trkpt>
    <trkpt lat="37.183533" lon="32.254161"><ele>1135.5</ele></trkpt>
    <trkpt lat="37.183087" lon="32.254192"><ele>1134.0</ele></trkpt>
    <trkpt lat="37.182625" lon="32.254197"><ele>1132.6</ele></trkpt>
    <trkpt lat="37.182219" lon="32.254288"><ele>1131.7</ele></trkpt>
    <trkpt lat="37.181925" lon="32.254549"><ele>1131.5</ele></trkpt>
    <trkpt lat="37.181758" lon="32.255004"><ele>1132.1</ele></trkpt>
    <trkpt lat="37.181684" lon="32.255599"><ele>1133.7</ele></trkpt>
    <trkpt lat="37.181628" lon="32.256221"><ele>1135.9</ele></trkpt>
    <trkpt lat="37.181503" lon="32.256739"><ele>1138.7</ele></trkpt>
    <trkpt lat="37.181245" lon="32.257055"><ele>1141.7</ele></trkpt>
    <trkpt lat="37.180839" lon="32.257146"><ele>1144.4</ele></trkpt>
    <trkpt lat="37.180327" lon="32.257075"><ele>1146.5</ele></trkpt>
    <trkpt lat="37.179795" lon="32.256975"><ele>1147.7</ele></trkpt>
    <trkpt lat="37.179344" lon="32.256997"><ele>1147.8</ele></trkpt>
    <trkpt lat="37.179045" lon="32.257252"><ele>1146.9</ele></trkpt>
    <trkpt lat="37.178917" lon="32.257764"><ele>1145.0</ele></trkpt>
    <trkpt lat="37.178908" lon="32.258458"><ele>1142.5</ele></trkpt>
    <trkpt lat="37.178919" lon="32.259183"><ele>1139.8</ele></trkpt>
    <trkpt lat="37.178839" lon="32.259769"><ele>1137.5</ele></trkpt>
    <trkpt lat="37.178587" lon="32.260093"><ele>1135.9</ele></trkpt>
    <trkpt lat="37.178144" lon="32.260128"><ele>1135.4</ele></trkpt>
    <trkpt lat="37.177568" lon="32.259961"><ele>1136.2</ele></trkpt>
    <trkpt lat="37.176970" lon="32.259761"><ele>1138.4</ele></trkpt>
    <trkpt lat="37.176474" lon="32.259716"><ele>1141.6</ele></trkpt>
    <trkpt lat="37.176170" lon="32.259962"><ele>1145.5</ele></trkpt>
    <trkpt lat="37.176077" lon="32.260527"><ele>1149.6</ele></trkpt>
    <trkpt lat="37.176129" lon="32.261314"><ele>1153.3</ele></trkpt>
    <trkpt lat="37.176206" lon="32.262138"><ele>1156.0</ele></trkpt>
    <trkpt lat="37.176169" lon="32.262790"><ele>1157.5</ele></trkpt>
    <trkpt lat="37.175922" lon="32.263123"><ele>1157.5</ele></trkpt>
    <trkpt lat="37.175446" lon="32.263108"><ele>1155.9</ele></trkpt>
    <trkpt lat="37.174811" lon="32.262850"><ele>1153.2</ele></trkpt>
    <trkpt lat="37.174150" lon="32.262554"><ele>1149.6</ele></trkpt>
    <trkpt lat="37.173612" lon="32.262444"><ele>1145.9</ele></trkpt>
    <trkpt lat="37.173301" lon="32.262681"><ele>1142.6</ele></trkpt>
    <trkpt lat="37.173239" lon="32.263294"><ele>1140.3</ele></trkpt>
    <trkpt lat="37.173349" lon="32.264168"><ele>1139.6</ele></trkpt>
    <trkpt lat="37.173486" lon="32.265084"><ele>1140.6</ele></trkpt>
    <trkpt lat="37.173492" lon="32.265799"><ele>1143.2</ele></trkpt>
    <trkpt lat="37.173252" lon="32.266143"><ele>1147.3</ele></trkpt>
    <trkpt lat="37.172746" lon="32.266082"><ele>1152.2</ele></trkpt>
    <trkpt lat="37.172055" lon="32.265741"><ele>1157.3</ele></trkpt>
    <trkpt lat="37.171336" lon="32.265356"><ele>1161.9</ele></trkpt>
    <trkpt lat="37.170757" lon="32.265185"><ele>1165.3</ele></trkpt>
    <trkpt lat="37.170439" lon="32.265411"><ele>1167.0</ele></trkpt>
    <trkpt lat="37.170405" lon="32.266066"><ele>1166.8</ele></trkpt>
    <trkpt lat="37.170568" lon="32.267020"><ele>1164.8</ele></trkpt>
    <trkpt lat="37.170761" lon="32.268021"><ele>1161.2</ele></trkpt>
    <trkpt lat="37.170806" lon="32.268796"><ele>1156.7</ele></trkpt>
    <trkpt lat="37.170573" lon="32.269151"><ele>1152.0</ele></trkpt>
    <trkpt lat="37.170041" lon="32.269050"><ele>1147.9</ele></trkpt>
    <trkpt lat="37.169301" lon="32.268634"><ele>1145.1</ele></trkpt>
    <trkpt lat="37.168528" lon="32.268168"><ele>1144.1</ele></trkpt>
    <trkpt lat="37.167911" lon="32.267939"><ele>1145.2</ele></trkpt>
    <trkpt lat="37.167586" lon="32.268153"><ele>1148.3</ele></trkpt>
    <trkpt lat="37.167576" lon="32.268846"><ele>1153.1</ele></trkpt>
    <trkpt lat="37.167785" lon="32.269870"><ele>1158.9</ele></trkpt>
    <trkpt lat="37.168030" lon="32.270949"><ele>1164.9</ele></trkpt>
    <trkpt lat="37.168110" lon="32.271778"><ele>1170.2</ele></trkpt>
    <trkpt lat="37.167886" lon="32.272145"><ele>1174.2</ele></trkpt>
    <trkpt lat="37.167331" lon="32.272011"><ele>1176.1</ele></trkpt>
    <trkpt lat="37.166548" lon="32.271529"><ele>1175.9</ele></trkpt>
    <trkpt lat="37.165726" lon="32.270989"><ele>1173.4</ele></trkpt>
    <trkpt lat="37.165075" lon="32.270709"><ele>1169.2</ele></trkpt>
    <trkpt lat="37.164742" lon="32.270910"><ele>1163.9</ele></trkpt>
    <trkpt lat="37.164752" lon="32.271633"><ele>1158.4</ele></trkpt>
    <trkpt lat="37.165002" lon="32.272719"><ele>1153.6</ele></trkpt>
    <trkpt lat="37.165292" lon="32.273866"><ele>1150.3</ele></trkpt>
    <trkpt lat="37.165404" lon="32.274745"><ele>1149.1</ele></trkpt>
    <trkpt lat="37.165188" lon="32.275124"><ele>1150.2</ele></trkpt>
    <trkpt lat="37.164616" lon="32.274962"><ele>1153.7</ele></trkpt>
    <trkpt lat="37.163795" lon="32.274424"><ele>1159.1</ele></trkpt>
    <trkpt lat="37.162931" lon="32.273821"><ele>1165.5</ele></trkpt>
    <trkpt lat="37.162250" lon="32.273494"><ele>1172.3</ele></trkpt>
    <trkpt lat="37.161908" lon="32.273683"><ele>1178.2</ele></trkpt>
    <trkpt lat="37.161935" lon="32.274431"><ele>1182.6</ele></trkpt>
    <trkpt lat="37.162218" lon="32.275568"><ele>1184.8</ele></trkpt>
    <trkpt lat="37.162547" lon="32.276773"><ele>1184.5</ele></trkpt>
    <trkpt lat="37.162688" lon="32.277695"><ele>1181.7</ele></trkpt>
    <trkpt lat="37.162480" lon="32.278087"><ele>1177.0</ele></trkpt>
    <trkpt lat="37.161893" lon="32.277904"><ele>1171.1</ele></trkpt>
    <trkpt lat="37.161042" lon="32.277319"><ele>1164.9</ele></trkpt>
    <trkpt lat="37.160143" lon="32.276663"><ele>1159.6</ele></trkpt>
    <trkpt lat="37.159436" lon="32.276296"><ele>1155.9</ele></trkpt>
    <trkpt lat="37.159086" lon="32.276472"><ele>1154.5</ele></trkpt>
    <trkpt lat="37.159125" lon="32.277239"><ele>1155.7</ele></trkpt>
    <trkpt lat="37.159435" lon="32.278417"><ele>1159.4</ele></trkpt>
    <trkpt lat="37.159795" lon="32.279670"><ele>1165.2</ele></trkpt>
    <trkpt lat="37.159960" lon="32.280628"><ele>1172.2</ele></trkpt>
    <trkpt lat="37.159760" lon="32.281033"><ele>1179.5</ele></trkpt>
    <trkpt lat="37.159163" lon="32.280834"><ele>1185.9</ele></trkpt>
    <trkpt lat="37.158288" lon="32.280213"><ele>1190.6</ele></trkpt>
    <trkpt lat="37.157362" lon="32.279515"><ele>1193.0</ele></trkpt>
    <trkpt lat="37.156633" lon="32.279116"><ele>1192.6</ele></trkpt>
    <trkpt lat="37.156275" lon="32.279280"><ele>1189.6</ele></trkpt>
    <trkpt lat="37.156322" lon="32.280059"><ele>1184.6</ele></trkpt>
    <trkpt lat="37.156653" lon="32.281267"><ele>1178.2</ele></trkpt>
    <trkpt lat="37.157036" lon="32.282557"><ele>1171.7</ele></trkpt>
    <trkpt lat="37.157221" lon="32.283544"><ele>1165.9</ele></trkpt>
    <trkpt lat="37.157028" lon="32.283959"><ele>1162.0</ele></trkpt>
    <trkpt lat="37.156425" lon="32.283752"><ele>1160.4</ele></trkpt>
    <trkpt lat="37.155534" lon="32.283106"><ele>1161.7</ele></trkpt>
    <trkpt lat="37.154588" lon="32.282378"><ele>1165.6</ele></trkpt>
    <trkpt lat="37.153842" lon="32.281954"><ele>1171.6</ele></trkpt>
    <trkpt lat="37.153477" lon="32.282107"><ele>1178.9</ele></trkpt>
    <trkpt lat="37.153528" lon="32.282891"><ele>1186.5</ele></trkpt>
    <trkpt lat="37.153871" lon="32.284119"><ele>1193.2</ele></trkpt>
    <trkpt lat="37.154271" lon="32.285433"><ele>1198.1</ele></trkpt>
    <trkpt lat="37.154469" lon="32.286441"><ele>1200.6</ele></trkpt>
    <trkpt lat="37.154284" lon="32.286867"><ele>1200.2</ele></trkpt>
    <trkpt lat="37.153679" lon="32.286656"><ele>1197.2</ele></trkpt>
    <trkpt lat="37.152779" lon="32.285998"><ele>1191.9</ele></trkpt>
    <trkpt lat="37.151820" lon="32.285250"><ele>1185.4</ele></trkpt>
    <trkpt lat="37.151064" lon="32.284810"><ele>1178.6</ele></trkpt>
    <trkpt lat="37.150692" lon="32.284953"><ele>1172.6</ele></trkpt>
    <trkpt lat="37.150743" lon="32.285737"><ele>1168.5</ele></trkpt>
    <trkpt lat="37.151091" lon="32.286973"><ele>1166.9</ele></trkpt>
    <trkpt lat="37.151499" lon="32.288299"><ele>1168.1</ele></trkpt>
    <trkpt lat="37.151705" lon="32.289319"><ele>1172.1</ele></trkpt>
    <trkpt lat="37.151526" lon="32.289754"><ele>1178.2</ele></trkpt>
    <trkpt lat="37.150923" lon="32.289547"><ele>1185.6</ele></trkpt>
    <trkpt lat="37.150022" lon="32.288886"><ele>1193.3</ele></trkpt>
    <trkpt lat="37.149059" lon="32.288133"><ele>1200.2</ele></trkpt>
    <trkpt lat="37.148297" lon="32.287684"><ele>1205.2</ele></trkpt>
    <trkpt lat="37.147920" lon="32.287820"><ele>1207.6</ele></trkpt>
    <trkpt lat="37.147967" lon="32.288597"><ele>1207.3</ele></trkpt>
    <trkpt lat="37.148313" lon="32.289830"><ele>1204.3</ele></trkpt>
    <trkpt lat="37.148721" lon="32.291156"><ele>1199.0</ele></trkpt>
    <trkpt lat="37.148930" lon="32.292180"><ele>1192.5</ele></trkpt>
    <trkpt lat="37.148755" lon="32.292622"><ele>1185.7</ele></trkpt>
    <trkpt lat="37.148158" lon="32.292424"><ele>1179.7</ele></trkpt>
    <trkpt lat="37.147262" lon="32.291772"><ele>1175.6</ele></trkpt>
    <trkpt lat="37.146304" lon="32.291025"><ele>1174.0</ele></trkpt>
    <trkpt lat="37.145542" lon="32.290577"><ele>1175.2</ele></trkpt>
    <trkpt lat="37.145161" lon="32.290706"><ele>1179.0</ele></trkpt>
    <trkpt lat="37.145200" lon="32.291472"><ele>1185.1</ele></trkpt>
    <trkpt lat="37.145537" lon="32.292690"><ele>1192.4</ele></trkpt>
    <trkpt lat="37.145937" lon="32.294003"><ele>1200.0</ele></trkpt>
    <trkpt lat="37.146142" lon="32.295022"><ele>1206.7</ele></trkpt>
    <trkpt lat="37.145971" lon="32.295469"><ele>1211.7</ele></trkpt>
    <trkpt lat="37.145384" lon="32.295286"><ele>1214.1</ele></trkpt>
    <trkpt lat="37.144501" lon="32.294654"><ele>1213.9</ele></trkpt>
    <trkpt lat="37.143554" lon="32.293925"><ele>1210.9</ele></trkpt>
    <trkpt lat="37.142799" lon="32.293487"><ele>1205.8</ele></trkpt>
    <trkpt lat="37.142416" lon="32.293613"><ele>1199.5</ele></trkpt>
    <trkpt lat="37.142443" lon="32.294361"><ele>1192.9</ele></trkpt>
    <trkpt lat="37.142763" lon="32.295553"><ele>1187.2</ele></trkpt>
    <trkpt lat="37.143147" lon="32.296843"><ele>1183.2</ele></trkpt>
    <trkpt lat="37.143343" lon="32.297848"><ele>1181.6</ele></trkpt>
    <trkpt lat="37.143173" lon="32.298297"><ele>1182.7</ele></trkpt>
    <trkpt lat="37.142599" lon="32.298133"><ele>1186.4</ele></trkpt>
    <trkpt lat="37.141737" lon="32.297532"><ele>1192.2</ele></trkpt>
    <trkpt lat="37.140810" lon="32.296834"><ele>1199.3</ele></trkpt>
    <trkpt lat="37.140067" lon="32.296414"><ele>1206.5</ele></trkpt>
    <trkpt lat="37.139683" lon="32.296539"><ele>1213.0</ele></trkpt>
    <trkpt lat="37.139696" lon="32.297265"><ele>1217.7</ele></trkpt>
    <trkpt lat="37.139992" lon="32.298422"><ele>1220.1</ele></trkpt>
    <trkpt lat="37.140352" lon="32.299674"><ele>1219.9</ele></trkpt>
    <trkpt lat="37.140533" lon="32.300656"><ele>1217.1</ele></trkpt>
    <trkpt lat="37.140363" lon="32.301105"><ele>1212.4</ele></trkpt>
    <trkpt lat="37.139805" lon="32.300966"><ele>1206.5</ele></trkpt>
    <trkpt lat="37.138970" lon="32.300406"><ele>1200.3</ele></trkpt>
    <trkpt lat="37.138071" lon="32.299750"><ele>1194.9</ele></trkpt>
    <trkpt lat="37.137346" lon="32.299358"><ele>1191.2</ele></trkpt>
    <trkpt lat="37.136963" lon="32.299484"><ele>1189.8</ele></trkpt>
    <trkpt lat="37.136959" lon="32.300183"><ele>1190.8</ele></trkpt>
    <trkpt lat="37.137225" lon="32.301294"><ele>1194.3</ele></trkpt>
    <trkpt lat="37.137553" lon="32.302499"><ele>1199.7</ele></trkpt>
    <trkpt lat="37.137713" lon="32.303449"><ele>1206.2</ele></trkpt>
    <trkpt lat="37.137541" lon="32.303895"><ele>1212.9</ele></trkpt>
    <trkpt lat="37.137002" lon="32.303784"><ele>1218.9</ele></trkpt>
    <trkpt lat="37.136199" lon="32.303274"><ele>1223.3</ele></trkpt>
    <trkpt lat="37.135336" lon="32.302672"><ele>1225.5</ele></trkpt>
    <trkpt lat="37.134635" lon="32.302316"><ele>1225.4</ele></trkpt>
    <trkpt lat="37.134255" lon="32.302447"><ele>1222.9</ele></trkpt>
    <trkpt lat="37.134230" lon="32.303116"><ele>1218.7</ele></trkpt>
    <trkpt lat="37.134460" lon="32.304172"><ele>1213.3</ele></trkpt>
    <trkpt lat="37.134749" lon="32.305317"><ele>1207.8</ele></trkpt>
    <trkpt lat="37.134883" lon="32.306227"><ele>1203.0</ele></trkpt>
    <trkpt lat="37.134707" lon="32.306667"><ele>1199.7</ele></trkpt>
    <trkpt lat="37.134189" lon="32.306589"><ele>1198.4</ele></trkpt>
    <trkpt lat="37.133426" lon="32.306138"><ele>1199.4</ele></trkpt>
    <trkpt lat="37.132605" lon="32.305601"><ele>1202.5</ele></trkpt>
    <trkpt lat="37.131934" lon="32.305289"><ele>1207.3</ele></trkpt>
    <trkpt lat="37.131558" lon="32.305427"><ele>1213.2</ele></trkpt>
    <trkpt lat="37.131511" lon="32.306062"><ele>1219.2</ele></trkpt>
    <trkpt lat="37.131699" lon="32.307055"><ele>1224.5</ele></trkpt>
    <trkpt lat="37.131943" lon="32.308131"><ele>1228.5</ele></trkpt>
    <trkpt lat="37.132044" lon="32.308991"><ele>1230.5</ele></trkpt>
    <trkpt lat="37.131862" lon="32.309423"><ele>1230.4</ele></trkpt>
    <trkpt lat="37.131368" lon="32.309380"><ele>1228.3</ele></trkpt>
    <trkpt lat="37.130649" lon="32.308997"><ele>1224.7</ele></trkpt>
    <trkpt lat="37.129877" lon="32.308534"><ele>1220.1</ele></trkpt>
    <trkpt lat="37.129240" lon="32.308275"><ele>1215.4</ele></trkpt>
    <trkpt lat="37.128872" lon="32.308423"><ele>1211.3</ele></trkpt>
    <trkpt lat="37.128800" lon="32.309021"><ele>1208.5</ele></trkpt>
    <trkpt lat="37.128941" lon="32.309942"><ele>1207.5</ele></trkpt>
    <trkpt lat="37.129133" lon="32.310940"><ele>1208.4</ele></trkpt>
    <trkpt lat="37.129197" lon="32.311744"><ele>1211.1</ele></trkpt>
    <trkpt lat="37.129008" lon="32.312164"><ele>1215.3</ele></trkpt>
    <trkpt lat="37.128538" lon="32.312159"><ele>1220.3</ele></trkpt>
    <trkpt lat="37.127869" lon="32.311850"><ele>1225.4</ele></trkpt>
    <trkpt lat="37.127152" lon="32.311470"><ele>1229.9</ele></trkpt>
    <trkpt lat="37.126555" lon="32.311272"><ele>1233.3</ele></trkpt>
    <trkpt lat="37.126195" lon="32.311433"><ele>1235.0</ele></trkpt>
    <trkpt lat="37.126097" lon="32.311992"><ele>1235.0</ele></trkpt>
    <trkpt lat="37.126187" lon="32.312835"><ele>1233.4</ele></trkpt>
    <trkpt lat="37.126321" lon="32.313745"><ele>1230.5</ele></trkpt>
    <trkpt lat="37.126343" lon="32.314486"><ele>1226.8</ele></trkpt>
    <trkpt lat="37.126144" lon="32.314891"><ele>1223.1</ele></trkpt>
    <trkpt lat="37.125701" lon="32.314926"><ele>1219.9</ele></trkpt>
    <trkpt lat="37.125085" lon="32.314699"><ele>1217.7</ele></trkpt>
    <trkpt lat="37.124428" lon="32.314410"><ele>1217.0</ele></trkpt>
    <trkpt lat="37.123875" lon="32.314278"><ele>1217.8</ele></trkpt>
    <trkpt lat="37.123526" lon="32.314456"><ele>1220.1</ele></trkpt>
    <trkpt lat="37.123402" lon="32.314974"><ele>1223.5</ele></trkpt>
    <trkpt lat="37.123436" lon="32.315734"><ele>1227.5</ele></trkpt>
    <trkpt lat="37.123508" lon="32.316549"><ele>1231.6</ele></trkpt>
    <trkpt lat="37.123483" lon="32.317219"><ele>1235.2</ele></trkpt>
    <trkpt lat="37.123272" lon="32.317606"><ele>1237.8</ele></trkpt>
    <trkpt lat="37.122857" lon="32.317683"><ele>1239.2</ele></trkpt>
    <trkpt lat="37.122298" lon="32.317542"><ele>1239.3</ele></trkpt>
    <trkpt lat="37.121706" lon="32.317351"><ele>1238.2</ele></trkpt>
    <trkpt lat="37.121201" lon="32.317293"><ele>1236.1</ele></trkpt>
    <trkpt lat="37.120865" lon="32.317490"><ele>1233.4</ele></trkpt>
    <trkpt lat="37.120712" lon="32.317966"><ele>1230.8</ele></trkpt>
    <trkpt lat="37.120689" lon="32.318637"><ele>1228.5</ele></trkpt>
    <trkpt lat="37.120693" lon="32.319350"><ele>1227.1</ele></trkpt>
    <trkpt lat="37.120619" lon="32.319945"><ele>1226.7</ele></trkpt>
    <trkpt lat="37.120394" lon="32.320311"><ele>1227.5</ele></trkpt>
    <trkpt lat="37.120007" lon="32.320431"><ele>1229.3</ele></trkpt>
    <trkpt lat="37.119508" lon="32.320380"><ele>1231.8</ele></trkpt>
    <trkpt lat="37.118984" lon="32.320294"><ele>1234.8</ele></trkpt>
    <trkpt lat="37.118531" lon="32.320314"><ele>1237.7</ele></trkpt>
    <trkpt lat="37.118209" lon="32.320533"><ele>1240.3</ele></trkpt>
    <trkpt lat="37.118029" lon="32.320966"><ele>1242.2</ele></trkpt>
    <trkpt lat="37.117944" lon="32.321545"><ele>1243.2</ele></trkpt>
    <trkpt lat="37.117878" lon="32.322152"><ele>1243.3</ele></trkpt>
    <trkpt lat="37.117751" lon="32.322666"><ele>1242.7</ele></trkpt>
    <trkpt lat="37.117511" lon="32.323009"><ele>1241.5</ele></trkpt>
    <trkpt lat="37.117152" lon="32.323172"><ele>1240.0</ele></trkpt>
    <trkpt lat="37.116714" lon="32.323214"><ele>1238.5</ele></trkpt>
    <trkpt lat="37.116263" lon="32.323237"><ele>1237.3</ele></trkpt>
    <trkpt lat="37.115864" lon="32.323339"><ele>1236.7</ele></trkpt>
    <trkpt lat="37.115558" lon="32.323583"><ele>1236.7</ele></trkpt>
    <trkpt lat="37.115349" lon="32.323973"><ele>1237.4</ele></trkpt>
    <trkpt lat="37.115202" lon="32.324457"><ele>1238.7</ele></trkpt>
    <trkpt lat="37.115064" lon="32.324953"><ele>1240.3</ele></trkpt>
    <trkpt lat="37.114881" lon="32.325383"><ele>1242.1</ele></trkpt>
    <trkpt lat="37.114624" lon="32.325700"><ele>1243.8</ele></trkpt>
    <trkpt lat="37.114293" lon="32.325906"><ele>1245.3</ele></trkpt>
    <trkpt lat="37.113918" lon="32.326044"><ele>1246.4</ele></trkpt>
    <trkpt lat="37.113541" lon="32.326178"><ele>1247.0</ele></trkpt>
    <trkpt lat="37.113198" lon="32.326366"><ele>1247.2</ele></trkpt>
    <trkpt lat="37.112911" lon="32.326637"><ele>1247.1</ele></trkpt>
    <trkpt lat="37.112673" lon="32.326984"><ele>1246.7</ele></trkpt>
    <trkpt lat="37.112463" lon="32.327373"><ele>1246.4</ele></trkpt>
    <trkpt lat="37.112250" lon="32.327756"><ele>1246.2</ele></trkpt>
    <trkpt lat="37.112010" lon="32.328099"><ele>1246.1</ele></trkpt>
    <trkpt lat="37.111734" lon="32.328388"><ele>1246.4</ele></trkpt>
    <trkpt lat="37.111432" lon="32.328636"><ele>1246.8</ele></trkpt>
    <trkpt lat="37.111120" lon="32.328870"><ele>1247.5</ele></trkpt>
    <trkpt lat="37.110817" lon="32.329118"><ele>1248.2</ele></trkpt>
    <trkpt lat="37.110533" lon="32.329394"><ele>1248.9</ele></trkpt>
    <trkpt lat="37.110265" lon="32.329694"><ele>1249.5</ele></trkpt>
    <trkpt lat="37.110000" lon="32.330000"><ele>1250.0</ele></trkpt>
    <trkpt lat="37.109692" lon="32.330233"><ele>1248.1</ele></trkpt>
    <trkpt lat="37.109407" lon="32.330510"><ele>1246.4</ele></trkpt>
    <trkpt lat="37.109136" lon="32.330817"><ele>1244.7</ele></trkpt>
    <trkpt lat="37.108860" lon="32.331112"><ele>1242.9</ele></trkpt>
    <trkpt lat="37.108555" lon="32.331351"><ele>1240.8</ele></trkpt>
    <trkpt lat="37.108210" lon="32.331511"><ele>1238.4</ele></trkpt>
    <trkpt lat="37.107834" lon="32.331609"><ele>1235.6</ele></trkpt>
    <trkpt lat="37.107455" lon="32.331702"><ele>1232.4</ele></trkpt>
    <trkpt lat="37.107111" lon="32.331863"><ele>1229.1</ele></trkpt>
    <trkpt lat="37.106829" lon="32.332147"><ele>1225.8</ele></trkpt>
    <trkpt lat="37.106614" lon="32.332563"><ele>1222.8</ele></trkpt>
    <trkpt lat="37.106439" lon="32.333058"><ele>1220.4</ele></trkpt>
    <trkpt lat="37.106255" lon="32.333534"><ele>1218.7</ele></trkpt>
    <trkpt lat="37.106008" lon="32.333886"><ele>1217.7</ele></trkpt>
    <trkpt lat="37.105665" lon="32.334049"><ele>1217.3</ele></trkpt>
    <trkpt lat="37.105228" lon="32.334030"><ele>1217.3</ele></trkpt>
    <trkpt lat="37.104743" lon="32.333914"><ele>1217.4</ele></trkpt>
    <trkpt lat="37.104279" lon="32.333840"><ele>1217.1</ele></trkpt>
    <trkpt lat="37.103906" lon="32.333945"><ele>1216.2</ele></trkpt>
    <trkpt lat="37.103662" lon="32.334303"><ele>1214.4</ele></trkpt>
    <trkpt lat="37.103536" lon="32.334894"><ele>1211.4</ele></trkpt>
    <trkpt lat="37.103467" lon="32.335597"><ele>1207.4</ele></trkpt>
    <trkpt lat="37.103366" lon="32.336235"><ele>1202.6</ele></trkpt>
    <trkpt lat="37.103147" lon="32.336643"><ele>1197.3</ele></trkpt>
    <trkpt lat="37.102767" lon="32.336734"><ele>1192.0</ele></trkpt>
    <trkpt lat="37.102245" lon="32.336546"><ele>1187.3</ele></trkpt>
    <trkpt lat="37.101657" lon="32.336229"><ele>1183.7</ele></trkpt>
    <trkpt lat="37.101114" lon="32.335999"><ele>1181.3</ele></trkpt>
    <trkpt lat="37.100713" lon="32.336050"><ele>1180.4</ele></trkpt>
    <trkpt lat="37.100504" lon="32.336476"><ele>1180.9</ele></trkpt>
    <trkpt lat="37.100460" lon="32.337228"><ele>1182.4</ele></trkpt>
    <trkpt lat="37.100489" lon="32.338123"><ele>1184.4</ele></trkpt>
    <trkpt lat="37.100464" lon="32.338911"><ele>1186.3</ele></trkpt>
    <trkpt lat="37.100271" lon="32.339370"><ele>1187.4</ele></trkpt>
    <trkpt lat="37.099858" lon="32.339397"><ele>1187.2</ele></trkpt>
    <trkpt lat="37.099258" lon="32.339056"><ele>1185.2</ele></trkpt>
    <trkpt lat="37.098578" lon="32.338558"><ele>1181.5</ele></trkpt>
    <trkpt lat="37.097963" lon="32.338188"><ele>1176.1</ele></trkpt>
    <trkpt lat="37.097538" lon="32.338190"><ele>1169.5</ele></trkpt>
    <trkpt lat="37.097360" lon="32.338677"><ele>1162.4</ele></trkpt>
    <trkpt lat="37.097388" lon="32.339571"><ele>1155.5</ele></trkpt>
    <trkpt lat="37.097503" lon="32.340634"><ele>1149.6</ele></trkpt>
    <trkpt lat="37.097544" lon="32.341553"><ele>1145.3</ele></trkpt>
    <trkpt lat="37.097374" lon="32.342056"><ele>1143.1</ele></trkpt>
    <trkpt lat="37.096933" lon="32.342028"><ele>1142.9</ele></trkpt>
    <trkpt lat="37.096267" lon="32.341557"><ele>1144.6</ele></trkpt>
    <trkpt lat="37.095509" lon="32.340905"><ele>1147.7</ele></trkpt>
    <trkpt lat="37.094833" lon="32.340415"><ele>1151.3</ele></trkpt>
    <trkpt lat="37.094387" lon="32.340377"><ele>1154.6</ele></trkpt>
    <trkpt lat="37.094233" lon="32.340913"><ele>1156.8</ele></trkpt>
    <trkpt lat="37.094322" lon="32.341925"><ele>1157.0</ele></trkpt>
    <trkpt lat="37.094508" lon="32.343127"><ele>1155.0</ele></trkpt>
    <trkpt lat="37.094603" lon="32.344152"><ele>1150.6</ele></trkpt>
    <trkpt lat="37.094451" lon="32.344692"><ele>1144.2</ele></trkpt>
    <trkpt lat="37.093988" lon="32.344620"><ele>1136.3</ele></trkpt>
    <trkpt lat="37.093269" lon="32.344045"><ele>1127.8</ele></trkpt>
    <trkpt lat="37.092449" lon="32.343271"><ele>1119.7</ele></trkpt>
    <trkpt lat="37.091725" lon="32.342687"><ele>1112.9</ele></trkpt>
    <trkpt lat="37.091263" lon="32.342617"><ele>1108.2</ele></trkpt>
    <trkpt lat="37.091129" lon="32.343191"><ele>1106.1</ele></trkpt>
    <trkpt lat="37.091263" lon="32.344293"><ele>1106.5</ele></trkpt>
    <trkpt lat="37.091502" lon="32.345599"><ele>1109.1</ele></trkpt>
    <trkpt lat="37.091637" lon="32.346703"><ele>1113.2</ele></trkpt>
    <trkpt lat="37.091499" lon="32.347270"><ele>1117.9</ele></trkpt>
    <trkpt lat="37.091020" lon="32.347167"><ele>1122.1</ele></trkpt>
    <trkpt lat="37.090263" lon="32.346517"><ele>1124.9</ele></trkpt>
    <trkpt lat="37.089399" lon="32.345658"><ele>1125.5</ele></trkpt>
    <trkpt lat="37.088643" lon="32.345010"><ele>1123.4</ele></trkpt>
    <trkpt lat="37.088170" lon="32.344919"><ele>1118.6</ele></trkpt>
    <trkpt lat="37.088049" lon="32.345518"><ele>1111.5</ele></trkpt>
    <trkpt lat="37.088213" lon="32.346678"><ele>1102.8</ele></trkpt>
    <trkpt lat="37.088485" lon="32.348050"><ele>1093.5</ele></trkpt>
    <trkpt lat="37.088645" lon="32.349203"><ele>1084.8</ele></trkpt>
    <trkpt lat="37.088515" lon="32.349785"><ele>1077.6</ele></trkpt>
    <trkpt lat="37.088027" lon="32.349663"><ele>1072.7</ele></trkpt>
    <trkpt lat="37.087248" lon="32.348971"><ele>1070.6</ele></trkpt>
    <trkpt lat="37.086361" lon="32.348066"><ele>1071.3</ele></trkpt>
    <trkpt lat="37.085588" lon="32.347386"><ele>1074.3</ele></trkpt>
    <trkpt lat="37.085111" lon="32.347286"><ele>1078.9</ele></trkpt>
    <trkpt lat="37.084996" lon="32.347897"><ele>1084.1</ele></trkpt>
    <trkpt lat="37.085172" lon="32.349081"><ele>1088.7</ele></trkpt>
    <trkpt lat="37.085457" lon="32.350478"><ele>1091.7</ele></trkpt>
    <trkpt lat="37.085625" lon="32.351647"><ele>1092.3</ele></trkpt>
    <trkpt lat="37.085497" lon="32.352233"><ele>1090.1</ele></trkpt>
    <trkpt lat="37.085006" lon="32.352105"><ele>1085.2</ele></trkpt>
    <trkpt lat="37.084223" lon="32.351406"><ele>1077.9</ele></trkpt>
    <trkpt lat="37.083334" lon="32.350497"><ele>1069.0</ele></trkpt>
    <trkpt lat="37.082562" lon="32.349818"><ele>1059.6</ele></trkpt>
    <trkpt lat="37.082086" lon="32.349720"><ele>1050.8</ele></trkpt>
    <trkpt lat="37.081970" lon="32.350330"><ele>1043.6</ele></trkpt>
    <trkpt lat="37.082141" lon="32.351505"><ele>1038.8</ele></trkpt>
    <trkpt lat="37.082418" lon="32.352885"><ele>1036.8</ele></trkpt>
    <trkpt lat="37.082577" lon="32.354036"><ele>1037.5</ele></trkpt>
    <trkpt lat="37.082445" lon="32.354613"><ele>1040.5</ele></trkpt>
    <trkpt lat="37.081957" lon="32.354493"><ele>1045.0</ele></trkpt>
    <trkpt lat="37.081188" lon="32.353821"><ele>1050.0</ele></trkpt>
    <trkpt lat="37.080318" lon="32.352949"><ele>1054.3</ele></trkpt>
    <trkpt lat="37.079563" lon="32.352304"><ele>1057.1</ele></trkpt>
    <trkpt lat="37.079094" lon="32.352222"><ele>1057.5</ele></trkpt>
    <trkpt lat="37.078972" lon="32.352818"><ele>1055.2</ele></trkpt>
    <trkpt lat="37.079121" lon="32.353950"><ele>1050.3</ele></trkpt>
    <trkpt lat="37.079368" lon="32.355272"><ele>1043.3</ele></trkpt>
    <trkpt lat="37.079502" lon="32.356372"><ele>1034.9</ele></trkpt>
    <trkpt lat="37.079358" lon="32.356927"><ele>1026.0</ele></trkpt>
    <trkpt lat="37.078881" lon="32.356828"><ele>1017.8</ele></trkpt>
    <trkpt lat="37.078142" lon="32.356214"><ele>1011.1</ele></trkpt>
    <trkpt lat="37.077312" lon="32.355421"><ele>1006.6</ele></trkpt>
    <trkpt lat="37.076591" lon="32.354843"><ele>1004.7</ele></trkpt>
    <trkpt lat="37.076136" lon="32.354787"><ele>1005.2</ele></trkpt>
    <trkpt lat="37.076000" lon="32.355357"><ele>1007.7</ele></trkpt>
    <trkpt lat="37.076112" lon="32.356414"><ele>1011.4</ele></trkpt>
    <trkpt lat="37.076309" lon="32.357640"><ele>1015.5</ele></trkpt>
    <trkpt lat="37.076401" lon="32.358658"><ele>1019.0</ele></trkpt>
    <trkpt lat="37.076241" lon="32.359180"><ele>1021.0</ele></trkpt>
    <trkpt lat="37.075780" lon="32.359112"><ele>1021.0</ele></trkpt>
    <trkpt lat="37.075086" lon="32.358588"><ele>1018.7</ele></trkpt>
    <trkpt lat="37.074314" lon="32.357909"><ele>1014.2</ele></trkpt>
    <trkpt lat="37.073643" lon="32.357428"><ele>1007.8</ele></trkpt>
    <trkpt lat="37.073208" lon="32.357412"><ele>1000.4</ele></trkpt>
    <trkpt lat="37.073053" lon="32.357945"><ele>992.7</ele></trkpt>
    <trkpt lat="37.073112" lon="32.358899"><ele>985.6</ele></trkpt>
    <trkpt lat="37.073242" lon="32.359992"><ele>979.9</ele></trkpt>
    <trkpt lat="37.073278" lon="32.360899"><ele>975.9</ele></trkpt>
    <trkpt lat="37.073094" lon="32.361376"><ele>974.0</ele></trkpt>
    <trkpt lat="37.072655" lon="32.361351"><ele>974.1</ele></trkpt>
    <trkpt lat="37.072021" lon="32.360943"><ele>975.7</ele></trkpt>
    <trkpt lat="37.071324" lon="32.360413"><ele>978.1</ele></trkpt>
    <trkpt lat="37.070716" lon="32.360056"><ele>980.8</ele></trkpt>
    <trkpt lat="37.070306" lon="32.360089"><ele>982.9</ele></trkpt>
    <trkpt lat="37.070127" lon="32.360575"><ele>983.8</ele></trkpt>
    <trkpt lat="37.070121" lon="32.361401"><ele>983.2</ele></trkpt>
    <trkpt lat="37.070169" lon="32.362331"><ele>980.8</ele></trkpt>
    <trkpt lat="37.070135" lon="32.363103"><ele>976.8</ele></trkpt>
    <trkpt lat="37.069924" lon="32.363525"><ele>971.6</ele></trkpt>
    <trkpt lat="37.069510" lon="32.363551"><ele>965.7</ele></trkpt>
    <trkpt lat="37.068947" lon="32.363282"><ele>959.7</ele></trkpt>
    <trkpt lat="37.068340" lon="32.362928"><ele>954.2</ele></trkpt>
    <trkpt lat="37.067806" lon="32.362717"><ele>949.7</ele></trkpt>
    <trkpt lat="37.067426" lon="32.362809"><ele>946.4</ele></trkpt>
    <trkpt lat="37.067220" lon="32.363241"><ele>944.6</ele></trkpt>
    <trkpt lat="37.067138" lon="32.363918"><ele>944.0</ele></trkpt>
    <trkpt lat="37.067090" lon="32.364660"><ele>944.3</ele></trkpt>
    <trkpt lat="37.066977" lon="32.365276"><ele>945.1</ele></trkpt>
    <trkpt lat="37.066734" lon="32.365637"><ele>945.9</ele></trkpt>
    <trkpt lat="37.066350" lon="32.365719"><ele>946.2</ele></trkpt>
    <trkpt lat="37.065866" lon="32.365607"><ele>945.8</ele></trkpt>
    <trkpt lat="37.065360" lon="32.365451"><ele>944.3</ele></trkpt>
    <trkpt lat="37.064909" lon="32.365403"><ele>941.9</ele></trkpt>
    <trkpt lat="37.064563" lon="32.365561"><ele>938.6</ele></trkpt>
    <trkpt lat="37.064326" lon="32.365933"><ele>934.8</ele></trkpt>
    <trkpt lat="37.064161" lon="32.366447"><ele>930.7</ele></trkpt>
    <trkpt lat="37.064008" lon="32.366983"><ele>926.7</ele></trkpt>
    <trkpt lat="37.063809" lon="32.367429"><ele>923.1</ele></trkpt>
    <trkpt lat="37.063531" lon="32.367722"><ele>920.1</ele></trkpt>
    <trkpt lat="37.063178" lon="32.367866"><ele>917.7</ele></trkpt>
    <trkpt lat="37.062780" lon="32.367922"><ele>916.0</ele></trkpt>
    <trkpt lat="37.062382" lon="32.367978"><ele>914.6</ele></trkpt>
    <trkpt lat="37.062020" lon="32.368105"><ele>913.4</ele></trkpt>
    <trkpt lat="37.061710" lon="32.368332"><ele>912.3</ele></trkpt>
    <trkpt lat="37.061441" lon="32.368642"><ele>910.9</ele></trkpt>
    <trkpt lat="37.061188" lon="32.368984"><ele>909.3</ele></trkpt>
    <trkpt lat="37.060925" lon="32.369304"><ele>907.2</ele></trkpt>
    <trkpt lat="37.060635" lon="32.369572"><ele>904.9</ele></trkpt>
    <trkpt lat="37.060321" lon="32.369793"><ele>902.5</ele></trkpt>
    <trkpt lat="37.060000" lon="32.370000"><ele>900.0</ele></trkpt>
    <trkpt lat="37.059795" lon="32.370370"><ele>902.0</ele></trkpt>
    <trkpt lat="37.059550" lon="32.370702"><ele>903.8</ele></trkpt>
    <trkpt lat="37.059276" lon="32.371007"><ele>905.2</ele></trkpt>
    <trkpt lat="37.059009" lon="32.371319"><ele>906.3</ele></trkpt>
    <trkpt lat="37.058789" lon="32.371675"><ele>907.3</ele></trkpt>
    <trkpt lat="37.058641" lon="32.372098"><ele>908.3</ele></trkpt>
    <trkpt lat="37.058552" lon="32.372577"><ele>909.7</ele></trkpt>
    <trkpt lat="37.058475" lon="32.373067"><ele>911.6</ele></trkpt>
    <trkpt lat="37.058343" lon="32.373507"><ele>914.0</ele></trkpt>
    <trkpt lat="37.058104" lon="32.373844"><ele>917.1</ele></trkpt>
    <trkpt lat="37.057744" lon="32.374068"><ele>920.6</ele></trkpt>
    <trkpt lat="37.057305" lon="32.374218"><ele>924.3</ele></trkpt>
    <trkpt lat="37.056871" lon="32.374372"><ele>927.8</ele></trkpt>
    <trkpt lat="37.056539" lon="32.374622"><ele>930.9</ele></trkpt>
    <trkpt lat="37.056372" lon="32.375028"><ele>933.1</ele></trkpt>
    <trkpt lat="37.056374" lon="32.375593"><ele>934.4</ele></trkpt>
    <trkpt lat="37.056475" lon="32.376251"><ele>934.6</ele></trkpt>
    <trkpt lat="37.056555" lon="32.376889"><ele>934.0</ele></trkpt>
    <trkpt lat="37.056488" lon="32.377389"><ele>932.8</ele></trkpt>
    <trkpt lat="37.056198" lon="32.377679"><ele>931.6</ele></trkpt>
    <trkpt lat="37.055693" lon="32.377766"><ele>930.8</ele></trkpt>
    <trkpt lat="37.055071" lon="32.377744"><ele>930.9</ele></trkpt>
    <trkpt lat="37.054486" lon="32.377756"><ele>932.2</ele></trkpt>
    <trkpt lat="37.054091" lon="32.377946"><ele>935.0</ele></trkpt>
    <trkpt lat="37.053972" lon="32.378397"><ele>939.2</ele></trkpt>
    <trkpt lat="37.054111" lon="32.379091"><ele>944.4</ele></trkpt>
    <trkpt lat="37.054386" lon="32.379913"><ele>950.3</ele></trkpt>
    <trkpt lat="37.054609" lon="32.380686"><ele>956.2</ele></trkpt>
    <trkpt lat="37.054602" lon="32.381243"><ele>961.4</ele></trkpt>
    <trkpt lat="37.054269" lon="32.381492"><ele>965.4</ele></trkpt>
    <trkpt lat="37.053636" lon="32.381459"><ele>967.7</ele></trkpt>
    <trkpt lat="37.052852" lon="32.381283"><ele>968.1</ele></trkpt>
    <trkpt lat="37.052133" lon="32.381169"><ele>966.8</ele></trkpt>
    <trkpt lat="37.051680" lon="32.381305"><ele>964.1</ele></trkpt>
    <trkpt lat="37.051600" lon="32.381793"><ele>960.8</ele></trkpt>
    <trkpt lat="37.051857" lon="32.382598"><ele>957.6</ele></trkpt>
    <trkpt lat="37.052280" lon="32.383560"><ele>955.3</ele></trkpt>
    <trkpt lat="37.052626" lon="32.384449"><ele>954.6</ele></trkpt>
    <trkpt lat="37.052672" lon="32.385055"><ele>955.9</ele></trkpt>
    <trkpt lat="37.052305" lon="32.385272"><ele>959.4</ele></trkpt>
    <trkpt lat="37.051567" lon="32.385140"><ele>964.9</ele></trkpt>
    <trkpt lat="37.050650" lon="32.384839"><ele>972.0</ele></trkpt>
    <trkpt lat="37.049820" lon="32.384621"><ele>979.7</ele></trkpt>
    <trkpt lat="37.049320" lon="32.384712"><ele>987.3</ele></trkpt>
    <trkpt lat="37.049270" lon="32.385228"><ele>993.8</ele></trkpt>
    <trkpt lat="37.049618" lon="32.386119"><ele>998.4</ele></trkpt>
    <trkpt lat="37.050157" lon="32.387190"><ele>1000.7</ele></trkpt>
    <trkpt lat="37.050599" lon="32.388169"><ele>1000.5</ele></trkpt>
    <trkpt lat="37.050687" lon="32.388815"><ele>998.0</ele></trkpt>
    <trkpt lat="37.050294" lon="32.389008"><ele>994.0</ele></trkpt>
    <trkpt lat="37.049480" lon="32.388804"><ele>989.1</ele></trkpt>
    <trkpt lat="37.048465" lon="32.388411"><ele>984.6</ele></trkpt>
    <trkpt lat="37.047555" lon="32.388118"><ele>981.3</ele></trkpt>
    <trkpt lat="37.047020" lon="32.388176"><ele>980.1</ele></trkpt>
    <trkpt lat="37.046989" lon="32.388710"><ele>981.4</ele></trkpt>
    <trkpt lat="37.047399" lon="32.389660"><ele>985.4</ele></trkpt>
    <trkpt lat="37.048016" lon="32.390803"><ele>991.8</ele></trkpt>
    <trkpt lat="37.048521" lon="32.391842"><ele>999.9</ele></trkpt>
    <trkpt lat="37.048637" lon="32.392514"><ele>1008.8</ele></trkpt>
    <trkpt lat="37.048230" lon="32.392694"><ele>1017.3</ele></trkpt>
    <trkpt lat="37.047370" lon="32.392447"><ele>1024.5</ele></trkpt>
    <trkpt lat="37.046299" lon="32.392001"><ele>1029.4</ele></trkpt>
    <trkpt lat="37.045343" lon="32.391664"><ele>1031.6</ele></trkpt>
    <trkpt lat="37.044788" lon="32.391704"><ele>1031.1</ele></trkpt>
    <trkpt lat="37.044766" lon="32.392246"><ele>1028.1</ele></trkpt>
    <trkpt lat="37.045205" lon="32.393223"><ele>1023.3</ele></trkpt>
    <trkpt lat="37.045857" lon="32.394400"><ele>1017.9</ele></trkpt>
    <trkpt lat="37.046390" lon="32.395464"><ele>1012.8</ele></trkpt>
    <trkpt lat="37.046517" lon="32.396147"><ele>1009.1</ele></trkpt>
    <trkpt lat="37.046107" lon="32.396324"><ele>1007.8</ele></trkpt>
    <trkpt lat="37.045234" lon="32.396065"><ele>1009.2</ele></trkpt>
    <trkpt lat="37.044149" lon="32.395606"><ele>1013.4</ele></trkpt>
    <trkpt lat="37.043186" lon="32.395262"><ele>1020.0</ele></trkpt>
    <trkpt lat="37.042628" lon="32.395299"><ele>1028.4</ele></trkpt>
    <trkpt lat="37.042604" lon="32.395840"><ele>1037.4</ele></trkpt>
    <trkpt lat="37.043039" lon="32.396813"><ele>1046.0</ele></trkpt>
    <trkpt lat="37.043682" lon="32.397981"><ele>1053.2</ele></trkpt>
    <trkpt lat="37.044204" lon="32.399035"><ele>1058.1</ele></trkpt>
    <trkpt lat="37.044325" lon="32.399713"><ele>1060.2</ele></trkpt>
    <trkpt lat="37.043921" lon="32.399895"><ele>1059.6</ele></trkpt>
    <trkpt lat="37.043069" lon="32.399656"><ele>1056.7</ele></trkpt>
    <trkpt lat="37.042016" lon="32.399227"><ele>1052.1</ele></trkpt>
    <trkpt lat="37.041082" lon="32.398910"><ele>1046.9</ele></trkpt>
    <trkpt lat="37.040538" lon="32.398961"><ele>1042.2</ele></trkpt>
    <trkpt lat="37.040504" lon="32.399492"><ele>1038.9</ele></trkpt>
    <trkpt lat="37.040902" lon="32.400430"><ele>1037.8</ele></trkpt>
    <trkpt lat="37.041492" lon="32.401549"><ele>1039.3</ele></trkpt>
    <trkpt lat="37.041966" lon="32.402557"><ele>1043.4</ele></trkpt>
    <trkpt lat="37.042063" lon="32.403212"><ele>1049.7</ele></trkpt>
    <trkpt lat="37.041674" lon="32.403409"><ele>1057.5</ele></trkpt>
    <trkpt lat="37.040875" lon="32.403219"><ele>1065.8</ele></trkpt>
    <trkpt lat="37.039895" lon="32.402859"><ele>1073.6</ele></trkpt>
    <trkpt lat="37.039027" lon="32.402605"><ele>1080.0</ele></trkpt>
    <trkpt lat="37.038517" lon="32.402687"><ele>1084.4</ele></trkpt>
    <trkpt lat="37.038464" lon="32.403200"><ele>1086.4</ele></trkpt>
    <trkpt lat="37.038795" lon="32.404075"><ele>1086.1</ele></trkpt>
    <trkpt lat="37.039292" lon="32.405106"><ele>1083.8</ele></trkpt>
    <trkpt lat="37.039681" lon="32.406035"><ele>1080.2</ele></trkpt>
    <trkpt lat="37.039737" lon="32.406651"><ele>1076.3</ele></trkpt>
    <trkpt lat="37.039370" lon="32.406868"><ele>1072.7</ele></trkpt>
    <trkpt lat="37.038651" lon="32.406754"><ele>1070.5</ele></trkpt>
    <trkpt lat="37.037783" lon="32.406500"><ele>1070.1</ele></trkpt>
    <trkpt lat="37.037017" lon="32.406342"><ele>1071.7</ele></trkpt>
    <trkpt lat="37.036555" lon="32.406470"><ele>1075.4</ele></trkpt>
    <trkpt lat="37.036478" lon="32.406960"><ele>1080.8</ele></trkpt>
    <trkpt lat="37.036715" lon="32.407746"><ele>1087.2</ele></trkpt>
    <trkpt lat="37.037083" lon="32.408655"><ele>1093.9</ele></trkpt>
    <trkpt lat="37.037356" lon="32.409475"><ele>1100.1</ele></trkpt>
    <trkpt lat="37.037355" lon="32.410038"><ele>1105.3</ele></trkpt>
    <trkpt lat="37.037015" lon="32.410281"><ele>1108.8</ele></trkpt>
    <trkpt lat="37.036401" lon="32.410265"><ele>1110.6</ele></trkpt>
    <trkpt lat="37.035678" lon="32.410147"><ele>1110.8</ele></trkpt>
    <trkpt lat="37.035042" lon="32.410111"><ele>1109.7</ele></trkpt>
    <trkpt lat="37.034645" lon="32.410300"><ele>1107.8</ele></trkpt>
    <trkpt lat="37.034538" lon="32.410762"><ele>1105.7</ele></trkpt>
    <trkpt lat="37.034660" lon="32.411441"><ele>1104.1</ele></trkpt>
    <trkpt lat="37.034869" lon="32.412200"><ele>1103.4</ele></trkpt>
    <trkpt lat="37.035000" lon="32.412886"><ele>1104.0</ele></trkpt>
    <trkpt lat="37.034929" lon="32.413382"><ele>1105.9</ele></trkpt>
    <trkpt lat="37.034620" lon="32.413654"><ele>1109.0</ele></trkpt>
    <trkpt lat="37.034129" lon="32.413755"><ele>1113.0</ele></trkpt>
    <trkpt lat="37.033576" lon="32.413797"><ele>1117.5</ele></trkpt>
    <trkpt lat="37.033093" lon="32.413905"><ele>1121.9</ele></trkpt>
    <trkpt lat="37.032772" lon="32.414166"><ele>1126.0</ele></trkpt>
    <trkpt lat="37.032633" lon="32.414598"><ele>1129.4</ele></trkpt>
    <trkpt lat="37.032625" lon="32.415154"><ele>1131.8</ele></trkpt>
    <trkpt lat="37.032655" lon="32.415744"><ele>1133.4</ele></trkpt>
    <trkpt lat="37.032624" lon="32.416278"><ele>1134.3</ele></trkpt>
    <trkpt lat="37.032472" lon="32.416698"><ele>1134.7</ele></trkpt>
    <trkpt lat="37.032196" lon="32.417001"><ele>1134.9</ele></trkpt>
    <trkpt lat="37.031840" lon="32.417229"><ele>1135.3</ele></trkpt>
    <trkpt lat="37.031474" lon="32.417447"><ele>1136.0</ele></trkpt>
    <trkpt lat="37.031158" lon="32.417713"><ele>1137.2</ele></trkpt>
    <trkpt lat="37.030921" lon="32.418053"><ele>1139.0</ele></trkpt>
    <trkpt lat="37.030750" lon="32.418454"><ele>1141.1</ele></trkpt>
    <trkpt lat="37.030605" lon="32.418880"><ele>1143.5</ele></trkpt>
    <trkpt lat="37.030442" lon="32.419290"><ele>1145.9</ele></trkpt>
    <trkpt lat="37.030239" lon="32.419662"><ele>1148.1</ele></trkpt>
    <trkpt lat="37.030000" lon="32.420000"><ele>1150.0</ele></trkpt>
    <trkpt lat="37.029731" lon="32.420303"><ele>1152.8</ele></trkpt>
    <trkpt lat="37.029441" lon="32.420572"><ele>1155.9</ele></trkpt>
    <trkpt lat="37.029120" lon="32.420788"><ele>1159.0</ele></trkpt>
    <trkpt lat="37.028776" lon="32.420966"><ele>1162.1</ele></trkpt>
    <trkpt lat="37.028439" lon="32.421154"><ele>1164.9</ele></trkpt>
    <trkpt lat="37.028141" lon="32.421409"><ele>1167.2</ele></trkpt>
    <trkpt lat="37.027902" lon="32.421764"><ele>1169.1</ele></trkpt>
    <trkpt lat="37.027714" lon="32.422204"><ele>1170.6</ele></trkpt>
    <trkpt lat="37.027540" lon="32.422669"><ele>1171.8</ele></trkpt>
    <trkpt lat="37.027328" lon="32.423069"><ele>1173.1</ele></trkpt>
    <trkpt lat="37.027033" lon="32.423329"><ele>1174.6</ele></trkpt>
    <trkpt lat="37.026642" lon="32.423427"><ele>1176.7</ele></trkpt>
    <trkpt lat="37.026182" lon="32.423408"><ele>1179.5</ele></trkpt>
    <trkpt lat="37.025717" lon="32.423380"><ele>1183.2</ele></trkpt>
    <trkpt lat="37.025322" lon="32.423471"><ele>1187.7</ele></trkpt>
    <trkpt lat="37.025051" lon="32.423772"><ele>1192.7</ele></trkpt>
    <trkpt lat="37.024913" lon="32.424298"><ele>1197.8</ele></trkpt>
    <trkpt lat="37.024861" lon="32.424967"><ele>1202.8</ele></trkpt>
    <trkpt lat="37.024804" lon="32.425630"><ele>1207.0</ele></trkpt>
    <trkpt lat="37.024646" lon="32.426121"><ele>1210.2</ele></trkpt>
    <trkpt lat="37.024322" lon="32.426333"><ele>1212.2</ele></trkpt>
    <trkpt lat="37.023831" lon="32.426262"><ele>1213.0</ele></trkpt>
    <trkpt lat="37.023240" lon="32.426022"><ele>1212.7</ele></trkpt>
    <trkpt lat="37.022664" lon="32.425806"><ele>1211.8</ele></trkpt>
    <trkpt lat="37.022219" lon="32.425812"><ele>1210.8</ele></trkpt>
    <trkpt lat="37.021979" lon="32.426165"><ele>1210.2</ele></trkpt>
    <trkpt lat="37.021938" lon="32.426854"><ele>1210.8</ele></trkpt>
    <trkpt lat="37.022010" lon="32.427735"><ele>1212.8</ele></trkpt>
    <trkpt lat="37.022058" lon="32.428574"><ele>1216.4</ele></trkpt>
    <trkpt lat="37.021944" lon="32.429140"><ele>1221.7</ele></trkpt>
    <trkpt lat="37.021590" lon="32.429299"><ele>1228.2</ele></trkpt>
    <trkpt lat="37.021006" lon="32.429071"><ele>1235.4</ele></trkpt>
    <trkpt lat="37.020298" lon="32.428633"><ele>1242.6</ele></trkpt>
    <trkpt lat="37.019625" lon="32.428255"><ele>1249.1</ele></trkpt>
    <trkpt lat="37.019141" lon="32.428196"><ele>1254.2</ele></trkpt>
    <trkpt lat="37.018932" lon="32.428601"><ele>1257.4</ele></trkpt>
    <trkpt lat="37.018979" lon="32.429438"><ele>1258.6</ele></trkpt>
    <trkpt lat="37.019159" lon="32.430502"><ele>1257.9</ele></trkpt>
    <trkpt lat="37.019294" lon="32.431487"><ele>1255.8</ele></trkpt>
    <trkpt lat="37.019214" lon="32.432110"><ele>1252.9</ele></trkpt>
    <trkpt lat="37.018828" lon="32.432216"><ele>1250.1</ele></trkpt>
    <trkpt lat="37.018163" lon="32.431851"><ele>1248.3</ele></trkpt>
    <trkpt lat="37.017357" lon="32.431248"><ele>1248.1</ele></trkpt>
    <trkpt lat="37.016607" lon="32.430740"><ele>1250.2</ele></trkpt>
    <trkpt lat="37.016096" lon="32.430635"><ele>1254.6</ele></trkpt>
    <trkpt lat="37.015918" lon="32.431092"><ele>1261.1</ele></trkpt>
    <trkpt lat="37.016038" lon="32.432054"><ele>1269.2</ele></trkpt>
    <trkpt lat="37.016305" lon="32.433263"><ele>1278.1</ele></trkpt>
    <trkpt lat="37.016505" lon="32.434359"><ele>1286.8</ele></trkpt>
    <trkpt lat="37.016446" lon="32.435016"><ele>1294.3</ele></trkpt>
    <trkpt lat="37.016030" lon="32.435073"><ele>1299.9</ele></trkpt>
    <trkpt lat="37.015300" lon="32.434598"><ele>1303.0</ele></trkpt>
    <trkpt lat="37.014420" lon="32.433870"><ele>1303.5</ele></trkpt>
    <trkpt lat="37.013617" lon="32.433272"><ele>1301.7</ele></trkpt>
    <trkpt lat="37.013092" lon="32.433143"><ele>1298.3</ele></trkpt>
    <trkpt lat="37.012942" lon="32.433647"><ele>1294.1</ele></trkpt>
    <trkpt lat="37.013118" lon="32.434703"><ele>1290.2</ele></trkpt>
    <trkpt lat="37.013445" lon="32.436014"><ele>1287.6</ele></trkpt>
    <trkpt lat="37.013686" lon="32.437179"><ele>1287.2</ele></trkpt>
    <trkpt lat="37.013634" lon="32.437850"><ele>1289.4</ele></trkpt>
    <trkpt lat="37.013194" lon="32.437864"><ele>1294.4</ele></trkpt>
    <trkpt lat="37.012418" lon="32.437312"><ele>1301.8</ele></trkpt>
    <trkpt lat="37.011492" lon="32.436506"><ele>1310.9</ele></trkpt>
    <trkpt lat="37.010661" lon="32.435860"><ele>1320.7</ele></trkpt>
    <trkpt lat="37.010134" lon="32.435729"><ele>1330.1</ele></trkpt>
    <trkpt lat="37.010006" lon="32.436271"><ele>1338.0</ele></trkpt>
    <trkpt lat="37.010217" lon="32.437385"><ele>1343.7</ele></trkpt>
    <trkpt lat="37.010575" lon="32.438748"><ele>1346.6</ele></trkpt>
    <trkpt lat="37.010832" lon="32.439940"><ele>1346.7</ele></trkpt>
    <trkpt lat="37.010775" lon="32.440603"><ele>1344.3</ele></trkpt>
    <trkpt lat="37.010315" lon="32.440584"><ele>1340.3</ele></trkpt>
    <trkpt lat="37.009516" lon="32.439993"><ele>1335.6</ele></trkpt>
    <trkpt lat="37.008575" lon="32.439161"><ele>1331.3</ele></trkpt>
    <trkpt lat="37.007741" lon="32.438510"><ele>1328.7</ele></trkpt>
    <trkpt lat="37.007224" lon="32.438396"><ele>1328.3</ele></trkpt>
    <trkpt lat="37.007112" lon="32.438965"><ele>1330.8</ele></trkpt>
    <trkpt lat="37.007334" lon="32.440098"><ele>1336.1</ele></trkpt>
    <trkpt lat="37.007693" lon="32.441463"><ele>1343.7</ele></trkpt>
    <trkpt lat="37.007939" lon="32.442636"><ele>1353.0</ele></trkpt>
    <trkpt lat="37.007867" lon="32.443273"><ele>1362.9</ele></trkpt>
    <trkpt lat="37.007396" lon="32.443235"><ele>1372.2</ele></trkpt>
    <trkpt lat="37.006597" lon="32.442645"><ele>1379.9</ele></trkpt>
    <trkpt lat="37.005670" lon="32.441837"><ele>1385.3</ele></trkpt>
    <trkpt lat="37.004860" lon="32.441226"><ele>1388.0</ele></trkpt>
    <trkpt lat="37.004364" lon="32.441147"><ele>1387.9</ele></trkpt>
    <trkpt lat="37.004259" lon="32.441728"><ele>1385.6</ele></trkpt>
    <trkpt lat="37.004468" lon="32.442839"><ele>1381.7</ele></trkpt>
    <trkpt lat="37.004797" lon="32.444153"><ele>1377.4</ele></trkpt>
    <trkpt lat="37.005008" lon="32.445267"><ele>1373.7</ele></trkpt>
    <trkpt lat="37.004910" lon="32.445860"><ele>1371.5</ele></trkpt>
    <trkpt lat="37.004436" lon="32.445818"><ele>1371.6</ele></trkpt>
    <trkpt lat="37.003663" lon="32.445271"><ele>1374.3</ele></trkpt>
    <trkpt lat="37.002781" lon="32.444539"><ele>1379.6</ele></trkpt>
    <trkpt lat="37.002017" lon="32.444008"><ele>1386.9</ele></trkpt>
    <trkpt lat="37.001551" lon="32.443979"><ele>1395.6</ele></trkpt>
    <trkpt lat="37.001443" lon="32.444555"><ele>1404.7</ele></trkpt>
    <trkpt lat="37.001616" lon="32.445604"><ele>1413.1</ele></trkpt>
    <trkpt lat="37.001886" lon="32.446818"><ele>1420.0</ele></trkpt>
    <trkpt lat="37.002038" lon="32.447832"><ele>1424.9</ele></trkpt>
    <trkpt lat="37.001907" lon="32.448370"><ele>1427.3</ele></trkpt>
    <trkpt lat="37.001441" lon="32.448341"><ele>1427.4</ele></trkpt>
    <trkpt lat="37.000717" lon="32.447876"><ele>1425.7</ele></trkpt>
    <trkpt lat="36.999907" lon="32.447268"><ele>1422.8</ele></trkpt>
    <trkpt lat="36.999213" lon="32.446853"><ele>1419.7</ele></trkpt>
    <trkpt lat="36.998783" lon="32.446885"><ele>1417.2</ele></trkpt>
    <trkpt lat="36.998661" lon="32.447438"><ele>1416.1</ele></trkpt>
    <trkpt lat="36.998773" lon="32.448385"><ele>1416.9</ele></trkpt>
    <trkpt lat="36.998958" lon="32.449454"><ele>1419.9</ele></trkpt>
    <trkpt lat="36.999032" lon="32.450338"><ele>1424.8</ele></trkpt>
    <trkpt lat="36.998863" lon="32.450810"><ele>1431.2</ele></trkpt>
    <trkpt lat="36.998416" lon="32.450813"><ele>1438.5</ele></trkpt>
    <trkpt lat="36.997762" lon="32.450468"><ele>1446.0</ele></trkpt>
    <trkpt lat="36.997050" lon="32.450024"><ele>1452.9</ele></trkpt>
    <trkpt lat="36.996442" lon="32.449754"><ele>1458.5</ele></trkpt>
    <trkpt lat="36.996052" lon="32.449854"><ele>1462.5</ele></trkpt>
    <trkpt lat="36.995907" lon="32.450367"><ele>1464.8</ele></trkpt>
    <trkpt lat="36.995938" lon="32.451178"><ele>1465.4</ele></trkpt>
    <trkpt lat="36.996014" lon="32.452064"><ele>1464.9</ele></trkpt>
    <trkpt lat="36.995995" lon="32.452790"><ele>1463.7</ele></trkpt>
    <trkpt lat="36.995785" lon="32.453193"><ele>1462.4</ele></trkpt>
    <trkpt lat="36.995366" lon="32.453245"><ele>1461.8</ele></trkpt>
    <trkpt lat="36.994803" lon="32.453052"><ele>1462.2</ele></trkpt>
    <trkpt lat="36.994208" lon="32.452805"><ele>1463.9</ele></trkpt>
    <trkpt lat="36.993699" lon="32.452704"><ele>1466.9</ele></trkpt>
    <trkpt lat="36.993351" lon="32.452874"><ele>1471.1</ele></trkpt>
    <trkpt lat="36.993172" lon="32.453329"><ele>1476.2</ele></trkpt>
    <trkpt lat="36.993105" lon="32.453974"><ele>1481.6</ele></trkpt>
    <trkpt lat="36.993056" lon="32.454650"><ele>1486.9</ele></trkpt>
    <trkpt lat="36.992933" lon="32.455200"><ele>1491.7</ele></trkpt>
    <trkpt lat="36.992681" lon="32.455533"><ele>1495.7</ele></trkpt>
    <trkpt lat="36.992301" lon="32.455650"><ele>1498.8</ele></trkpt>
    <trkpt lat="36.991843" lon="32.455634"><ele>1501.0</ele></trkpt>
    <trkpt lat="36.991380" lon="32.455610"><ele>1502.5</ele></trkpt>
    <trkpt lat="36.990978" lon="32.455690"><ele>1503.5</ele></trkpt>
    <trkpt lat="36.990670" lon="32.455928"><ele>1504.5</ele></trkpt>
    <trkpt lat="36.990448" lon="32.456311"><ele>1505.6</ele></trkpt>
    <trkpt lat="36.990271" lon="32.456769"><ele>1507.2</ele></trkpt>
    <trkpt lat="36.990085" lon="32.457214"><ele>1509.2</ele></trkpt>
    <trkpt lat="36.989853" lon="32.457580"><ele>1511.9</ele></trkpt>
    <trkpt lat="36.989562" lon="32.457847"><ele>1514.9</ele></trkpt>
    <trkpt lat="36.989229" lon="32.458043"><ele>1518.2</ele></trkpt>
    <trkpt lat="36.988886" lon="32.458222"><ele>1521.5</ele></trkpt>
    <trkpt lat="36.988562" lon="32.458434"><ele>1524.6</ele></trkpt>
    <trkpt lat="36.988270" lon="32.458698"><ele>1527.5</ele></trkpt>
    <trkpt lat="36.988000" lon="32.459000"><ele>1530.0</ele></trkpt>
    <trkpt lat="36.987645" lon="32.459099"><ele>1531.3</ele></trkpt>
    <trkpt lat="36.987308" lon="32.459260"><ele>1532.7</ele></trkpt>
    <trkpt lat="36.986991" lon="32.459500"><ele>1534.0</ele></trkpt>
    <trkpt lat="36.986685" lon="32.459779"><ele>1534.9</ele></trkpt>
    <trkpt lat="36.986368" lon="32.460016"><ele>1535.4</ele></trkpt>
    <trkpt lat="36.986018" lon="32.460134"><ele>1535.3</ele></trkpt>
    <trkpt lat="36.985629" lon="32.460103"><ele>1534.8</ele></trkpt>
    <trkpt lat="36.985212" lon="32.459969"><ele>1534.0</ele></trkpt>
    <trkpt lat="36.984797" lon="32.459843"><ele>1533.2</ele></trkpt>
    <trkpt lat="36.984420" lon="32.459857"><ele>1532.9</ele></trkpt>
    <trkpt lat="36.984105" lon="32.460103"><ele>1533.4</ele></trkpt>
    <trkpt lat="36.983851" lon="32.460579"><ele>1534.8</ele></trkpt>
    <trkpt lat="36.983631" lon="32.461178"><ele>1537.2</ele></trkpt>
    <trkpt lat="36.983396" lon="32.461719"><ele>1540.4</ele></trkpt>
    <trkpt lat="36.983096" lon="32.462022"><ele>1544.2</ele></trkpt>
    <trkpt lat="36.982705" lon="32.461987"><ele>1548.0</ele></trkpt>
    <trkpt lat="36.982233" lon="32.461647"><ele>1551.3</ele></trkpt>
    <trkpt lat="36.981724" lon="32.461171"><ele>1553.7</ele></trkpt>
    <trkpt lat="36.981244" lon="32.460802"><ele>1554.7</ele></trkpt>
    <trkpt lat="36.980853" lon="32.460765"><ele>1554.1</ele></trkpt>
    <trkpt lat="36.980579" lon="32.461166"><ele>1552.2</ele></trkpt>
    <trkpt lat="36.980406" lon="32.461938"><ele>1549.1</ele></trkpt>
    <trkpt lat="36.980272" lon="32.462857"><ele>1545.6</ele></trkpt>
    <trkpt lat="36.980095" lon="32.463617"><ele>1542.2</ele></trkpt>
    <trkpt lat="36.979805" lon="32.463957"><ele>1539.6</ele></trkpt>
    <trkpt lat="36.979373" lon="32.463768"><ele>1538.6</ele></trkpt>
    <trkpt lat="36.978826" lon="32.463150"><ele>1539.4</ele></trkpt>
    <trkpt lat="36.978239" lon="32.462383"><ele>1542.3</ele></trkpt>
    <trkpt lat="36.977707" lon="32.461823"><ele>1546.9</ele></trkpt>
    <trkpt lat="36.977311" lon="32.461764"><ele>1552.8</ele></trkpt>
    <trkpt lat="36.977077" lon="32.462314"><ele>1559.2</ele></trkpt>
    <trkpt lat="36.976972" lon="32.463340"><ele>1565.2</ele></trkpt>
    <trkpt lat="36.976906" lon="32.464514"><ele>1570.0</ele></trkpt>
    <trkpt lat="36.976772" lon="32.465433"><ele>1572.9</ele></trkpt>
    <trkpt lat="36.976484" lon="32.465780"><ele>1573.4</ele></trkpt>
    <trkpt lat="36.976015" lon="32.465452"><ele>1571.5</ele></trkpt>
    <trkpt lat="36.975408" lon="32.464610"><ele>1567.6</ele></trkpt>
    <trkpt lat="36.974763" lon="32.463628"><ele>1562.4</ele></trkpt>
    <trkpt lat="36.974198" lon="32.462943"><ele>1556.7</ele></trkpt>
    <trkpt lat="36.973803" lon="32.462892"><ele>1551.6</ele></trkpt>
    <trkpt lat="36.973603" lon="32.463568"><ele>1548.0</ele></trkpt>
    <trkpt lat="36.973548" lon="32.464782"><ele>1546.7</ele></trkpt>
    <trkpt lat="36.973529" lon="32.466126"><ele>1548.1</ele></trkpt>
    <trkpt lat="36.973419" lon="32.467134"><ele>1552.1</ele></trkpt>
    <trkpt lat="36.973125" lon="32.467461"><ele>1558.3</ele></trkpt>
    <trkpt lat="36.972626" lon="32.467023"><ele>1565.8</ele></trkpt>
    <trkpt lat="36.971980" lon="32.466034"><ele>1573.7</ele></trkpt>
    <trkpt lat="36.971301" lon="32.464929"><ele>1580.8</ele></trkpt>
    <trkpt lat="36.970722" lon="32.464192"><ele>1586.1</ele></trkpt>
    <trkpt lat="36.970336" lon="32.464172"><ele>1589.0</ele></trkpt>
    <trkpt lat="36.970161" lon="32.464939"><ele>1589.0</ele></trkpt>
    <trkpt lat="36.970134" lon="32.466257"><ele>1586.2</ele></trkpt>
    <trkpt lat="36.970134" lon="32.467673"><ele>1581.3</ele></trkpt>
    <trkpt lat="36.970027" lon="32.468696"><ele>1575.1</ele></trkpt>
    <trkpt lat="36.969723" lon="32.468982"><ele>1568.6</ele></trkpt>
    <trkpt lat="36.969206" lon="32.468476"><ele>1563.1</ele></trkpt>
    <trkpt lat="36.968544" lon="32.467429"><ele>1559.4</ele></trkpt>
    <trkpt lat="36.967860" lon="32.466303"><ele>1558.4</ele></trkpt>
    <trkpt lat="36.967287" lon="32.465589"><ele>1560.2</ele></trkpt>
    <trkpt lat="36.966913" lon="32.465616"><ele>1564.8</ele></trkpt>
    <trkpt lat="36.966750" lon="32.466425"><ele>1571.4</ele></trkpt>
    <trkpt lat="36.966725" lon="32.467753"><ele>1579.2</ele></trkpt>
    <trkpt lat="36.966717" lon="32.469139"><ele>1587.2</ele></trkpt>
    <trkpt lat="36.966595" lon="32.470105"><ele>1594.1</ele></trkpt>
    <trkpt lat="36.966277" lon="32.470339"><ele>1599.0</ele></trkpt>
    <trkpt lat="36.965756" lon="32.469818"><ele>1601.4</ele></trkpt>
    <trkpt lat="36.965104" lon="32.468809"><ele>1601.0</ele></trkpt>
    <trkpt lat="36.964442" lon="32.467765"><ele>1598.1</ele></trkpt>
    <trkpt lat="36.963893" lon="32.467141"><ele>1593.3</ele></trkpt>
    <trkpt lat="36.963534" lon="32.467223"><ele>1587.5</ele></trkpt>
    <trkpt lat="36.963367" lon="32.468018"><ele>1581.7</ele></trkpt>
    <trkpt lat="36.963319" lon="32.469260"><ele>1577.0</ele></trkpt>
    <trkpt lat="36.963276" lon="32.470515"><ele>1574.2</ele></trkpt>
    <trkpt lat="36.963122" lon="32.471360"><ele>1573.8</ele></trkpt>
    <trkpt lat="36.962789" lon="32.471539"><ele>1575.9</ele></trkpt>
    <trkpt lat="36.962279" lon="32.471061"><ele>1580.2</ele></trkpt>
    <trkpt lat="36.961663" lon="32.470186"><ele>1586.1</ele></trkpt>
    <trkpt lat="36.961049" lon="32.469318"><ele>1592.8</ele></trkpt>
    <trkpt lat="36.960539" lon="32.468841"><ele>1599.3</ele></trkpt>
    <trkpt lat="36.960194" lon="32.468976"><ele>1604.8</ele></trkpt>
    <trkpt lat="36.960008" lon="32.469699"><ele>1608.5</ele></trkpt>
    <trkpt lat="36.959912" lon="32.470762"><ele>1610.2</ele></trkpt>
    <trkpt lat="36.959810" lon="32.471800"><ele>1609.7</ele></trkpt>
    <trkpt lat="36.959610" lon="32.472474"><ele>1607.5</ele></trkpt>
    <trkpt lat="36.959265" lon="32.472605"><ele>1603.9</ele></trkpt>
    <trkpt lat="36.958782" lon="32.472228"><ele>1599.9</ele></trkpt>
    <trkpt lat="36.958225" lon="32.471573"><ele>1596.2</ele></trkpt>
    <trkpt lat="36.957679" lon="32.470960"><ele>1593.4</ele></trkpt>
    <trkpt lat="36.957221" lon="32.470672"><ele>1592.1</ele></trkpt>
    <trkpt lat="36.956887" lon="32.470849"><ele>1592.5</ele></trkpt>
    <trkpt lat="36.956665" lon="32.471442"><ele>1594.5</ele></trkpt>
    <trkpt lat="36.956501" lon="32.472248"><ele>1597.8</ele></trkpt>
    <trkpt lat="36.956322" lon="32.472999"><ele>1601.9</ele></trkpt>
    <trkpt lat="36.956068" lon="32.473471"><ele>1606.2</ele></trkpt>
    <trkpt lat="36.955713" lon="32.473568"><ele>1610.1</ele></trkpt>
    <trkpt lat="36.955272" lon="32.473347"><ele>1613.3</ele></trkpt>
    <trkpt lat="36.954793" lon="32.472981"><ele>1615.3</ele></trkpt>
    <trkpt lat="36.954331" lon="32.472680"><ele>1616.2</ele></trkpt>
    <trkpt lat="36.953929" lon="32.472604"><ele>1616.0</ele></trkpt>
    <trkpt lat="36.953602" lon="32.472805"><ele>1615.1</ele></trkpt>
    <trkpt lat="36.953332" lon="32.473219"><ele>1613.9</ele></trkpt>
    <trkpt lat="36.953083" lon="32.473710"><ele>1612.7</ele></trkpt>
    <trkpt lat="36.952815" lon="32.474130"><ele>1611.9</ele></trkpt>
    <trkpt lat="36.952503" lon="32.474386"><ele>1611.7</ele></trkpt>
    <trkpt lat="36.952144" lon="32.474470"><ele>1612.2</ele></trkpt>
    <trkpt lat="36.951757" lon="32.474447"><ele>1613.3</ele></trkpt>
    <trkpt lat="36.951368" lon="32.474417"><ele>1614.8</ele></trkpt>
    <trkpt lat="36.950998" lon="32.474459"><ele>1616.5</ele></trkpt>
    <trkpt lat="36.950654" lon="32.474598"><ele>1618.0</ele></trkpt>
    <trkpt lat="36.950327" lon="32.474800"><ele>1619.2</ele></trkpt>
    <trkpt lat="36.950000" lon="32.475000"><ele>1620.0</ele></trkpt>
    <trkpt lat="36.949680" lon="32.475207"><ele>1618.4</ele></trkpt>
    <trkpt lat="36.949396" lon="32.475503"><ele>1617.1</ele></trkpt>
    <trkpt lat="36.949127" lon="32.475835"><ele>1615.8</ele></trkpt>
    <trkpt lat="36.948832" lon="32.476105"><ele>1614.2</ele></trkpt>
    <trkpt lat="36.948480" lon="32.476232"><ele>1611.9</ele></trkpt>
    <trkpt lat="36.948065" lon="32.476203"><ele>1608.8</ele></trkpt>
    <trkpt lat="36.947616" lon="32.476093"><ele>1605.0</ele></trkpt>
    <trkpt lat="36.947192" lon="32.476042"><ele>1600.6</ele></trkpt>
    <trkpt lat="36.946849" lon="32.476193"><ele>1596.2</ele></trkpt>
    <trkpt lat="36.946619" lon="32.476621"><ele>1592.1</ele></trkpt>
    <trkpt lat="36.946481" lon="32.477279"><ele>1588.8</ele></trkpt>
    <trkpt lat="36.946372" lon="32.478005"><ele>1586.7</ele></trkpt>
    <trkpt lat="36.946201" lon="32.478580"><ele>1586.1</ele></trkpt>
    <trkpt lat="36.945894" lon="32.478818"><ele>1586.8</ele></trkpt>
    <trkpt lat="36.945425" lon="32.478658"><ele>1588.4</ele></trkpt>
    <trkpt lat="36.944837" lon="32.478203"><ele>1590.5</ele></trkpt>
    <trkpt lat="36.944228" lon="32.477697"><ele>1592.3</ele></trkpt>
    <trkpt lat="36.943716" lon="32.477429"><ele>1593.1</ele></trkpt>
    <trkpt lat="36.943389" lon="32.477619"><ele>1592.3</ele></trkpt>
    <trkpt lat="36.943267" lon="32.478314"><ele>1589.6</ele></trkpt>
    <trkpt lat="36.943285" lon="32.479355"><ele>1584.8</ele></trkpt>
    <trkpt lat="36.943316" lon="32.480429"><ele>1578.3</ele></trkpt>
    <trkpt lat="36.943219" lon="32.481185"><ele>1570.6</ele></trkpt>
    <trkpt lat="36.942894" lon="32.481380"><ele>1562.7</ele></trkpt>
    <trkpt lat="36.942329" lon="32.480983"><ele>1555.5</ele></trkpt>
    <trkpt lat="36.941609" lon="32.480202"><ele>1549.8</ele></trkpt>
    <trkpt lat="36.940884" lon="32.479410"><ele>1546.3</ele></trkpt>
    <trkpt lat="36.940315" lon="32.479003"><ele>1545.3</ele></trkpt>
    <trkpt lat="36.940007" lon="32.479239"><ele>1546.8</ele></trkpt>
    <trkpt lat="36.939964" lon="32.480130"><ele>1550.2</ele></trkpt>
    <trkpt lat="36.940087" lon="32.481428"><ele>1554.8</ele></trkpt>
    <trkpt lat="36.940204" lon="32.482715"><ele>1559.4</ele></trkpt>
    <trkpt lat="36.940145" lon="32.483564"><ele>1563.1</ele></trkpt>
    <trkpt lat="36.939801" lon="32.483713"><ele>1564.8</ele></trkpt>
    <trkpt lat="36.939176" lon="32.483168"><ele>1564.0</ele></trkpt>
    <trkpt lat="36.938384" lon="32.482210"><ele>1560.3</ele></trkpt>
    <trkpt lat="36.937606" lon="32.481285"><ele>1554.0</ele></trkpt>
    <trkpt lat="36.937019" lon="32.480834"><ele>1545.7</ele></trkpt>
    <trkpt lat="36.936729" lon="32.481114"><ele>1536.3</ele></trkpt>
    <trkpt lat="36.936724" lon="32.482099"><ele>1527.1</ele></trkpt>
    <trkpt lat="36.936883" lon="32.483488"><ele>1519.1</ele></trkpt>
    <trkpt lat="36.937020" lon="32.484822"><ele>1513.2</ele></trkpt>
    <trkpt lat="36.936957" lon="32.485664"><ele>1510.0</ele></trkpt>
    <trkpt lat="36.936598" lon="32.485773"><ele>1509.7</ele></trkpt>
    <trkpt lat="36.935959" lon="32.485193"><ele>1512.0</ele></trkpt>
    <trkpt lat="36.935166" lon="32.484234"><ele>1516.0</ele></trkpt>
    <trkpt lat="36.934404" lon="32.483350"><ele>1520.9</ele></trkpt>
    <trkpt lat="36.933841" lon="32.482956"><ele>1525.6</ele></trkpt>
    <trkpt lat="36.933564" lon="32.483269"><ele>1528.9</ele></trkpt>
    <trkpt lat="36.933549" lon="32.484229"><ele>1530.0</ele></trkpt>
    <trkpt lat="36.933671" lon="32.485527"><ele>1528.6</ele></trkpt>
    <trkpt lat="36.933757" lon="32.486735"><ele>1524.6</ele></trkpt>
    <trkpt lat="36.933653" lon="32.487474"><ele>1518.4</ele></trkpt>
    <trkpt lat="36.933283" lon="32.487558"><ele>1510.6</ele></trkpt>
    <trkpt lat="36.932679" lon="32.487063"><ele>1502.4</ele></trkpt>
    <trkpt lat="36.931958" lon="32.486283"><ele>1494.5</ele></trkpt>
    <trkpt lat="36.931280" lon="32.485604"><ele>1488.0</ele></trkpt>
    <trkpt lat="36.930775" lon="32.485356"><ele>1483.3</ele></trkpt>
    <trkpt lat="36.930504" lon="32.485684"><ele>1480.9</ele></trkpt>
    <trkpt lat="36.930431" lon="32.486501"><ele>1480.5</ele></trkpt>
    <trkpt lat="36.930449" lon="32.487541"><ele>1481.9</ele></trkpt>
    <trkpt lat="36.930422" lon="32.488471"><ele>1484.2</ele></trkpt>
    <trkpt lat="36.930244" lon="32.489027"><ele>1486.7</ele></trkpt>
    <trkpt lat="36.929873" lon="32.489109"><ele>1488.8</ele></trkpt>
    <trkpt lat="36.929348" lon="32.488809"><ele>1489.6</ele></trkpt>
    <trkpt lat="36.928761" lon="32.488357"><ele>1489.0</ele></trkpt>
    <trkpt lat="36.928219" lon="32.488017"><ele>1486.8</ele></trkpt>
    <trkpt lat="36.927801" lon="32.487981"><ele>1483.2</ele></trkpt>
    <trkpt lat="36.927526" lon="32.488299"><ele>1478.6</ele></trkpt>
    <trkpt lat="36.927356" lon="32.488876"><ele>1473.6</ele></trkpt>
    <trkpt lat="36.927217" lon="32.489529"><ele>1468.8</ele></trkpt>
    <trkpt lat="36.927033" lon="32.490073"><ele>1464.5</ele></trkpt>
    <trkpt lat="36.926761" lon="32.490397"><ele>1461.1</ele></trkpt>
    <trkpt lat="36.926399" lon="32.490501"><ele>1458.6</ele></trkpt>
    <trkpt lat="36.925986" lon="32.490477"><ele>1457.0</ele></trkpt>
    <trkpt lat="36.925573" lon="32.490456"><ele>1455.9</ele></trkpt>
    <trkpt lat="36.925201" lon="32.490535"><ele>1454.9</ele></trkpt>
    <trkpt lat="36.924881" lon="32.490741"><ele>1453.8</ele></trkpt>
    <trkpt lat="36.924592" lon="32.491025"><ele>1452.2</ele></trkpt>
    <trkpt lat="36.924300" lon="32.491300"><ele>1450.0</ele></trkpt>
    <trkpt lat="36.923976" lon="32.491499"><ele>1451.5</ele></trkpt>
    <trkpt lat="36.923667" lon="32.491733"><ele>1453.1</ele></trkpt>
    <trkpt lat="36.923361" lon="32.491979"><ele>1454.7</ele></trkpt>
    <trkpt lat="36.923045" lon="32.492197"><ele>1456.1</ele></trkpt>
    <trkpt lat="36.922707" lon="32.492356"><ele>1457.3</ele></trkpt>
    <trkpt lat="36.922344" lon="32.492453"><ele>1458.1</ele></trkpt>
    <trkpt lat="36.921970" lon="32.492520"><ele>1458.7</ele></trkpt>
    <trkpt lat="36.921607" lon="32.492616"><ele>1459.0</ele></trkpt>
    <trkpt lat="36.921278" lon="32.492800"><ele>1459.4</ele></trkpt>
    <trkpt lat="36.920992" lon="32.493098"><ele>1459.8</ele></trkpt>
    <trkpt lat="36.920743" lon="32.493489"><ele>1460.6</ele></trkpt>
    <trkpt lat="36.920501" lon="32.493900"><ele>1462.0</ele></trkpt>
    <trkpt lat="36.920232" lon="32.494241"><ele>1463.9</ele></trkpt>
    <trkpt lat="36.919907" lon="32.494436"><ele>1466.4</ele></trkpt>
    <trkpt lat="36.919517" lon="32.494462"><ele>1469.3</ele></trkpt>
    <trkpt lat="36.919082" lon="32.494369"><ele>1472.3</ele></trkpt>
    <trkpt lat="36.918640" lon="32.494262"><ele>1475.2</ele></trkpt>
    <trkpt lat="36.918242" lon="32.494267"><ele>1477.7</ele></trkpt>
    <trkpt lat="36.917923" lon="32.494476"><ele>1479.5</ele></trkpt>
    <trkpt lat="36.917689" lon="32.494907"><ele>1480.5</ele></trkpt>
    <trkpt lat="36.917511" lon="32.495485"><ele>1480.5</ele></trkpt>
    <trkpt lat="36.917335" lon="32.496066"><ele>1479.8</ele></trkpt>
    <trkpt lat="36.917100" lon="32.496495"><ele>1478.5</ele></trkpt>
    <trkpt lat="36.916764" lon="32.496661"><ele>1477.1</ele></trkpt>
    <trkpt lat="36.916324" lon="32.496556"><ele>1476.1</ele></trkpt>
    <trkpt lat="36.915817" lon="32.496279"><ele>1475.7</ele></trkpt>
    <trkpt lat="36.915313" lon="32.496008"><ele>1476.3</ele></trkpt>
    <trkpt lat="36.914883" lon="32.495930"><ele>1478.2</ele></trkpt>
    <trkpt lat="36.914575" lon="32.496169"><ele>1481.2</ele></trkpt>
    <trkpt lat="36.914391" lon="32.496729"><ele>1485.3</ele></trkpt>
    <trkpt lat="36.914281" lon="32.497485"><ele>1489.9</ele></trkpt>
    <trkpt lat="36.914166" lon="32.498225"><ele>1494.6</ele></trkpt>
    <trkpt lat="36.913961" lon="32.498732"><ele>1498.8</ele></trkpt>
    <trkpt lat="36.913613" lon="32.498867"><ele>1502.1</ele></trkpt>
    <trkpt lat="36.913124" lon="32.498635"><ele>1504.0</ele></trkpt>
    <trkpt lat="36.912551" lon="32.498186"><ele>1504.4</ele></trkpt>
    <trkpt lat="36.911989" lon="32.497763"><ele>1503.4</ele></trkpt>
    <trkpt lat="36.911531" lon="32.497613"><ele>1501.2</ele></trkpt>
    <trkpt lat="36.911236" lon="32.497885"><ele>1498.3</ele></trkpt>
    <trkpt lat="36.911099" lon="32.498569"><ele>1495.3</ele></trkpt>
    <trkpt lat="36.911053" lon="32.499489"><ele>1493.1</ele></trkpt>
    <trkpt lat="36.910993" lon="32.500372"><ele>1492.0</ele></trkpt>
    <trkpt lat="36.910813" lon="32.500945"><ele>1492.5</ele></trkpt>
    <trkpt lat="36.910452" lon="32.501047"><ele>1494.9</ele></trkpt>
    <trkpt lat="36.909917" lon="32.500696"><ele>1499.0</ele></trkpt>
    <trkpt lat="36.909284" lon="32.500090"><ele>1504.4</ele></trkpt>
    <trkpt lat="36.908670" lon="32.499533"><ele>1510.6</ele></trkpt>
    <trkpt lat="36.908189" lon="32.499323"><ele>1516.7</ele></trkpt>
    <trkpt lat="36.907907" lon="32.499630"><ele>1522.0</ele></trkpt>
    <trkpt lat="36.907814" lon="32.500427"><ele>1525.9</ele></trkpt>
    <trkpt lat="36.907825" lon="32.501495"><ele>1527.9</ele></trkpt>
    <trkpt lat="36.907812" lon="32.502501"><ele>1527.8</ele></trkpt>
    <trkpt lat="36.907654" lon="32.503128"><ele>1525.8</ele></trkpt>
    <trkpt lat="36.907279" lon="32.503195"><ele>1522.3</ele></trkpt>
    <trkpt lat="36.906703" lon="32.502736"><ele>1518.0</ele></trkpt>
    <trkpt lat="36.906017" lon="32.501993"><ele>1513.8</ele></trkpt>
    <trkpt lat="36.905360" lon="32.501324"><ele>1510.5</ele></trkpt>
    <trkpt lat="36.904861" lon="32.501067"><ele>1509.0</ele></trkpt>
    <trkpt lat="36.904592" lon="32.501408"><ele>1509.5</ele></trkpt>
    <trkpt lat="36.904538" lon="32.502306"><ele>1512.4</ele></trkpt>
    <trkpt lat="36.904597" lon="32.503500"><ele>1517.3</ele></trkpt>
    <trkpt lat="36.904624" lon="32.504608"><ele>1523.9</ele></trkpt>
    <trkpt lat="36.904480" lon="32.505274"><ele>1531.2</ele></trkpt>
    <trkpt lat="36.904092" lon="32.505307"><ele>1538.4</ele></trkpt>
    <trkpt lat="36.903480" lon="32.504755"><ele>1544.6</ele></trkpt>
    <trkpt lat="36.902751" lon="32.503899"><ele>1548.9</ele></trkpt>
    <trkpt lat="36.902059" lon="32.503140"><ele>1550.9</ele></trkpt>
    <trkpt lat="36.901547" lon="32.502849"><ele>1550.3</ele></trkpt>
    <trkpt lat="36.901291" lon="32.503225"><ele>1547.5</ele></trkpt>
    <trkpt lat="36.901270" lon="32.504207"><ele>1543.0</ele></trkpt>
    <trkpt lat="36.901368" lon="32.505502"><ele>1537.7</ele></trkpt>
    <trkpt lat="36.901424" lon="32.506687"><ele>1532.6</ele></trkpt>
    <trkpt lat="36.901291" lon="32.507379"><ele>1528.7</ele></trkpt>
    <trkpt lat="36.900890" lon="32.507379"><ele>1526.8</ele></trkpt>
    <trkpt lat="36.900249" lon="32.506752"><ele>1527.4</ele></trkpt>
    <trkpt lat="36.899486" lon="32.505808"><ele>1530.7</ele></trkpt>
    <trkpt lat="36.898769" lon="32.504984"><ele>1536.3</ele></trkpt>
    <trkpt lat="36.898250" lon="32.504676"><ele>1543.7</ele></trkpt>
    <trkpt lat="36.898007" lon="32.505083"><ele>1551.9</ele></trkpt>
    <trkpt lat="36.898010" lon="32.506131"><ele>1559.8</ele></trkpt>
    <trkpt lat="36.898137" lon="32.507499"><ele>1566.4</ele></trkpt>
    <trkpt lat="36.898213" lon="32.508736"><ele>1570.9</ele></trkpt>
    <trkpt lat="36.898084" lon="32.509439"><ele>1572.8</ele></trkpt>
    <trkpt lat="36.897672" lon="32.509409"><ele>1571.9</ele></trkpt>
    <trkpt lat="36.897009" lon="32.508726"><ele>1568.5</ele></trkpt>
    <trkpt lat="36.896223" lon="32.507723"><ele>1563.4</ele></trkpt>
    <trkpt lat="36.895492" lon="32.506862"><ele>1557.6</ele></trkpt>
    <trkpt lat="36.894971" lon="32.506549"><ele>1552.0</ele></trkpt>
    <trkpt lat="36.894738" lon="32.506983"><ele>1547.8</ele></trkpt>
    <trkpt lat="36.894760" lon="32.508078"><ele>1545.8</ele></trkpt>
    <trkpt lat="36.894903" lon="32.509489"><ele>1546.5</ele></trkpt>
    <trkpt lat="36.894988" lon="32.510750"><ele>1550.0</ele></trkpt>
    <trkpt lat="36.894858" lon="32.511451"><ele>1556.1</ele></trkpt>
    <trkpt lat="36.894437" lon="32.511395"><ele>1563.8</ele></trkpt>
    <trkpt lat="36.893760" lon="32.510677"><ele>1572.4</ele></trkpt>
    <trkpt lat="36.892964" lon="32.509647"><ele>1580.6</ele></trkpt>
    <trkpt lat="36.892228" lon="32.508775"><ele>1587.3</ele></trkpt>
    <trkpt lat="36.891711" lon="32.508471"><ele>1591.8</ele></trkpt>
    <trkpt lat="36.891487" lon="32.508928"><ele>1593.6</ele></trkpt>
    <trkpt lat="36.891517" lon="32.510046"><ele>1592.4</ele></trkpt>
    <trkpt lat="36.891665" lon="32.511469"><ele>1588.8</ele></trkpt>
    <trkpt lat="36.891750" lon="32.512728"><ele>1583.5</ele></trkpt>
    <trkpt lat="36.891614" lon="32.513413"><ele>1577.5</ele></trkpt>
    <trkpt lat="36.891185" lon="32.513338"><ele>1571.9</ele></trkpt>
    <trkpt lat="36.890504" lon="32.512608"><ele>1567.7</ele></trkpt>
    <trkpt lat="36.889708" lon="32.511581"><ele>1565.8</ele></trkpt>
    <trkpt lat="36.888979" lon="32.510725"><ele>1566.7</ele></trkpt>
    <trkpt lat="36.888470" lon="32.510443"><ele>1570.4</ele></trkpt>
    <trkpt lat="36.888253" lon="32.510916"><ele>1576.5</ele></trkpt>
    <trkpt lat="36.888283" lon="32.512034"><ele>1584.3</ele></trkpt>
    <trkpt lat="36.888424" lon="32.513439"><ele>1592.8</ele></trkpt>
    <trkpt lat="36.888497" lon="32.514668"><ele>1600.8</ele></trkpt>
    <trkpt lat="36.888350" lon="32.515324"><ele>1607.3</ele></trkpt>
    <trkpt lat="36.887916" lon="32.515237"><ele>1611.6</ele></trkpt>
    <trkpt lat="36.887240" lon="32.514520"><ele>1613.1</ele></trkpt>
    <trkpt lat="36.886457" lon="32.513526"><ele>1611.9</ele></trkpt>
    <trkpt lat="36.885744" lon="32.512713"><ele>1608.4</ele></trkpt>
    <trkpt lat="36.885249" lon="32.512466"><ele>1603.3</ele></trkpt>
    <trkpt lat="36.885034" lon="32.512947"><ele>1597.6</ele></trkpt>
    <trkpt lat="36.885055" lon="32.514040"><ele>1592.4</ele></trkpt>
    <trkpt lat="36.885178" lon="32.515397"><ele>1588.6</ele></trkpt>
    <trkpt lat="36.885229" lon="32.516569"><ele>1587.1</ele></trkpt>
    <trkpt lat="36.885067" lon="32.517187"><ele>1588.1</ele></trkpt>
    <trkpt lat="36.884632" lon="32.517096"><ele>1591.8</ele></trkpt>
    <trkpt lat="36.883969" lon="32.516414"><ele>1597.7</ele></trkpt>
    <trkpt lat="36.883211" lon="32.515484"><ele>1605.1</ele></trkpt>
    <trkpt lat="36.882525" lon="32.514740"><ele>1613.0</ele></trkpt>
    <trkpt lat="36.882046" lon="32.514536"><ele>1620.4</ele></trkpt>
    <trkpt lat="36.881831" lon="32.515017"><ele>1626.3</ele></trkpt>
    <trkpt lat="36.881834" lon="32.516063"><ele>1630.2</ele></trkpt>
    <trkpt lat="36.881926" lon="32.517340"><ele>1631.6</ele></trkpt>
    <trkpt lat="36.881947" lon="32.518433"><ele>1630.5</ele></trkpt>
    <trkpt lat="36.881766" lon="32.519003"><ele>1627.3</ele></trkpt>
    <trkpt lat="36.881333" lon="32.518917"><ele>1622.9</ele></trkpt>
    <trkpt lat="36.880693" lon="32.518294"><ele>1617.9</ele></trkpt>
    <trkpt lat="36.879971" lon="32.517457"><ele>1613.5</ele></trkpt>
    <trkpt lat="36.879319" lon="32.516803"><ele>1610.5</ele></trkpt>
    <trkpt lat="36.878860" lon="32.516651"><ele>1609.4</ele></trkpt>
    <trkpt lat="36.878642" lon="32.517122"><ele>1610.6</ele></trkpt>
    <trkpt lat="36.878617" lon="32.518098"><ele>1614.1</ele></trkpt>
    <trkpt lat="36.878669" lon="32.519269"><ele>1619.5</ele></trkpt>
    <trkpt lat="36.878651" lon="32.520261"><ele>1626.0</ele></trkpt>
    <trkpt lat="36.878449" lon="32.520775"><ele>1632.9</ele></trkpt>
    <trkpt lat="36.878021" lon="32.520703"><ele>1639.3</ele></trkpt>
    <trkpt lat="36.877412" lon="32.520162"><ele>1644.5</ele></trkpt>
    <trkpt lat="36.876736" lon="32.519444"><ele>1647.8</ele></trkpt>
    <trkpt lat="36.876127" lon="32.518901"><ele>1649.0</ele></trkpt>
    <trkpt lat="36.875691" lon="32.518808"><ele>1648.1</ele></trkpt>
    <trkpt lat="36.875465" lon="32.519260"><ele>1645.7</ele></trkpt>
    <trkpt lat="36.875405" lon="32.520143"><ele>1642.2</ele></trkpt>
    <trkpt lat="36.875406" lon="32.521184"><ele>1638.5</ele></trkpt>
    <trkpt lat="36.875341" lon="32.522056"><ele>1635.2</ele></trkpt>
    <trkpt lat="36.875116" lon="32.522509"><ele>1633.1</ele></trkpt>
    <trkpt lat="36.874698" lon="32.522461"><ele>1632.7</ele></trkpt>
    <trkpt lat="36.874129" lon="32.522022"><ele>1634.1</ele></trkpt>
    <trkpt lat="36.873507" lon="32.521447"><ele>1637.2</ele></trkpt>
    <trkpt lat="36.872947" lon="32.521031"><ele>1641.8</ele></trkpt>
    <trkpt lat="36.872535" lon="32.521000"><ele>1647.1</ele></trkpt>
    <trkpt lat="36.872298" lon="32.521424"><ele>1652.7</ele></trkpt>
    <trkpt lat="36.872195" lon="32.522195"><ele>1657.8</ele></trkpt>
    <trkpt lat="36.872137" lon="32.523083"><ele>1661.8</ele></trkpt>
    <trkpt lat="36.872021" lon="32.523820"><ele>1664.4</ele></trkpt>
    <trkpt lat="36.871771" lon="32.524210"><ele>1665.5</ele></trkpt>
    <trkpt lat="36.871365" lon="32.524195"><ele>1665.1</ele></trkpt>
    <trkpt lat="36.870843" lon="32.523877"><ele>1663.6</ele></trkpt>
    <trkpt lat="36.870283" lon="32.523463"><ele>1661.5</ele></trkpt>
    <trkpt lat="36.869778" lon="32.523189"><ele>1659.2</ele></trkpt>
    <trkpt lat="36.869391" lon="32.523223"><ele>1657.4</ele></trkpt>
    <trkpt lat="36.869139" lon="32.523608"><ele>1656.5</ele></trkpt>
    <trkpt lat="36.868987" lon="32.524251"><ele>1656.8</ele></trkpt>
    <trkpt lat="36.868863" lon="32.524969"><ele>1658.3</ele></trkpt>
    <trkpt lat="36.868690" lon="32.525559"><ele>1660.9</ele></trkpt>
    <trkpt lat="36.868415" lon="32.525884"><ele>1664.4</ele></trkpt>
    <trkpt lat="36.868026" lon="32.525912"><ele>1668.3</ele></trkpt>
    <trkpt lat="36.867556" lon="32.525730"><ele>1672.2</ele></trkpt>
    <trkpt lat="36.867065" lon="32.525494"><ele>1675.8</ele></trkpt>
    <trkpt lat="36.866617" lon="32.525370"><ele>1678.6</ele></trkpt>
    <trkpt lat="36.866255" lon="32.525469"><ele>1680.5</ele></trkpt>
    <trkpt lat="36.865985" lon="32.525807"><ele>1681.5</ele></trkpt>
    <trkpt lat="36.865778" lon="32.526307"><ele>1681.7</ele></trkpt>
    <trkpt lat="36.865584" lon="32.526841"><ele>1681.3</ele></trkpt>
    <trkpt lat="36.865352" lon="32.527278"><ele>1680.7</ele></trkpt>
    <trkpt lat="36.865052" lon="32.527538"><ele>1680.2</ele></trkpt>
    <trkpt lat="36.864683" lon="32.527618"><ele>1680.0</ele></trkpt>
    <trkpt lat="36.864270" lon="32.527583"><ele>1680.4</ele></trkpt>
    <trkpt lat="36.863851" lon="32.527536"><ele>1681.4</ele></trkpt>
    <trkpt lat="36.863464" lon="32.527569"><ele>1682.9</ele></trkpt>
    <trkpt lat="36.863126" lon="32.527731"><ele>1684.9</ele></trkpt>
    <trkpt lat="36.862835" lon="32.528013"><ele>1687.2</ele></trkpt>
    <trkpt lat="36.862569" lon="32.528361"><ele>1689.5</ele></trkpt>
    <trkpt lat="36.862301" lon="32.528703"><ele>1691.6</ele></trkpt>
    <trkpt lat="36.862008" lon="32.528982"><ele>1693.4</ele></trkpt>
    <trkpt lat="36.861685" lon="32.529181"><ele>1694.9</ele></trkpt>
    <trkpt lat="36.861338" lon="32.529319"><ele>1696.1</ele></trkpt>
    <trkpt lat="36.860985" lon="32.529441"><ele>1697.1</ele></trkpt>
    <trkpt lat="36.860642" lon="32.529588"><ele>1698.0</ele></trkpt>
    <trkpt lat="36.860315" lon="32.529779"><ele>1698.9</ele></trkpt>
    <trkpt lat="36.860000" lon="32.530000"><ele>1700.0</ele></trkpt>
    <trkpt lat="36.859663" lon="32.530162"><ele>1700.9</ele></trkpt>
    <trkpt lat="36.859342" lon="32.530366"><ele>1701.5</ele></trkpt>
    <trkpt lat="36.859041" lon="32.530625"><ele>1702.0</ele></trkpt>
    <trkpt lat="36.858753" lon="32.530913"><ele>1702.4</ele></trkpt>
    <trkpt lat="36.858455" lon="32.531177"><ele>1703.0</ele></trkpt>
    <trkpt lat="36.858126" lon="32.531362"><ele>1704.0</ele></trkpt>
    <trkpt lat="36.857758" lon="32.531444"><ele>1705.4</ele></trkpt>
    <trkpt lat="36.857361" lon="32.531450"><ele>1707.2</ele></trkpt>
    <trkpt lat="36.856963" lon="32.531453"><ele>1709.5</ele></trkpt>
    <trkpt lat="36.856598" lon="32.531544"><ele>1711.9</ele></trkpt>
    <trkpt lat="36.856294" lon="32.531792"><ele>1714.2</ele></trkpt>
    <trkpt lat="36.856052" lon="32.532202"><ele>1716.2</ele></trkpt>
    <trkpt lat="36.855847" lon="32.532709"><ele>1717.5</ele></trkpt>
    <trkpt lat="36.855633" lon="32.533192"><ele>1718.0</ele></trkpt>
    <trkpt lat="36.855360" lon="32.533522"><ele>1717.7</ele></trkpt>
    <trkpt lat="36.854999" lon="32.533622"><ele>1716.6</ele></trkpt>
    <trkpt lat="36.854553" lon="32.533500"><ele>1715.2</ele></trkpt>
    <trkpt lat="36.854062" lon="32.533262"><ele>1713.7</ele></trkpt>
    <trkpt lat="36.853591" lon="32.533077"><ele>1712.5</ele></trkpt>
    <trkpt lat="36.853203" lon="32.533105"><ele>1712.2</ele></trkpt>
    <trkpt lat="36.852931" lon="32.533439"><ele>1712.9</ele></trkpt>
    <trkpt lat="36.852766" lon="32.534049"><ele>1714.8</ele></trkpt>
    <trkpt lat="36.852652" lon="32.534791"><ele>1717.9</ele></trkpt>
    <trkpt lat="36.852507" lon="32.535455"><ele>1721.9</ele></trkpt>
    <trkpt lat="36.852257" lon="32.535843"><ele>1726.4</ele></trkpt>
    <trkpt lat="36.851863" lon="32.535857"><ele>1730.8</ele></trkpt>
    <trkpt lat="36.851342" lon="32.535542"><ele>1734.6</ele></trkpt>
    <trkpt lat="36.850765" lon="32.535079"><ele>1737.2</ele></trkpt>
    <trkpt lat="36.850229" lon="32.534723"><ele>1738.4</ele></trkpt>
    <trkpt lat="36.849820" lon="32.534700"><ele>1738.0</ele></trkpt>
    <trkpt lat="36.849581" lon="32.535117"><ele>1736.1</ele></trkpt>
    <trkpt lat="36.849486" lon="32.535911"><ele>1733.1</ele></trkpt>
    <trkpt lat="36.849454" lon="32.536866"><ele>1729.5</ele></trkpt>
    <trkpt lat="36.849370" lon="32.537688"><ele>1726.2</ele></trkpt>
    <trkpt lat="36.849137" lon="32.538122"><ele>1723.7</ele></trkpt>
    <trkpt lat="36.848712" lon="32.538055"><ele>1722.7</ele></trkpt>
    <trkpt lat="36.848125" lon="32.537567"><ele>1723.5</ele></trkpt>
    <trkpt lat="36.847472" lon="32.536907"><ele>1726.3</ele></trkpt>
    <trkpt lat="36.846880" lon="32.536405"><ele>1730.9</ele></trkpt>
    <trkpt lat="36.846456" lon="32.536342"><ele>1736.7</ele></trkpt>
    <trkpt lat="36.846246" lon="32.536836"><ele>1743.1</ele></trkpt>
    <trkpt lat="36.846214" lon="32.537791"><ele>1749.1</ele></trkpt>
    <trkpt lat="36.846250" lon="32.538927"><ele>1754.1</ele></trkpt>
    <trkpt lat="36.846217" lon="32.539880"><ele>1757.3</ele></trkpt>
    <trkpt lat="36.845997" lon="32.540348"><ele>1758.3</ele></trkpt>
    <trkpt lat="36.845544" lon="32.540208"><ele>1757.1</ele></trkpt>
    <trkpt lat="36.844900" lon="32.539573"><ele>1753.8</ele></trkpt>
    <trkpt lat="36.844185" lon="32.538751"><ele>1749.2</ele></trkpt>
    <trkpt lat="36.843549" lon="32.538134"><ele>1744.1</ele></trkpt>
    <trkpt lat="36.843115" lon="32.538044"><ele>1739.4</ele></trkpt>
    <trkpt lat="36.842931" lon="32.538606"><ele>1735.9</ele></trkpt>
    <trkpt lat="36.842949" lon="32.539692"><ele>1734.5</ele></trkpt>
    <trkpt lat="36.843040" lon="32.540968"><ele>1735.6</ele></trkpt>
    <trkpt lat="36.843044" lon="32.542019"><ele>1739.1</ele></trkpt>
    <trkpt lat="36.842832" lon="32.542507"><ele>1744.7</ele></trkpt>
    <trkpt lat="36.842355" lon="32.542307"><ele>1751.9</ele></trkpt>
    <trkpt lat="36.841668" lon="32.541558"><ele>1759.5</ele></trkpt>
    <trkpt lat="36.840907" lon="32.540617"><ele>1766.7</ele></trkpt>
    <trkpt lat="36.840240" lon="32.539920"><ele>1772.4</ele></trkpt>
    <trkpt lat="36.839801" lon="32.539818"><ele>1775.8</ele></trkpt>
    <trkpt lat="36.839637" lon="32.540433"><ele>1776.7</ele></trkpt>
    <trkpt lat="36.839692" lon="32.541613"><ele>1774.8</ele></trkpt>
    <trkpt lat="36.839820" lon="32.542986"><ele>1770.7</ele></trkpt>
    <trkpt lat="36.839847" lon="32.544098"><ele>1765.1</ele></trkpt>
    <trkpt lat="36.839638" lon="32.544592"><ele>1759.0</ele></trkpt>
    <trkpt lat="36.839143" lon="32.544345"><ele>1753.5</ele></trkpt>
    <trkpt lat="36.838427" lon="32.543522"><ele>1749.6</ele></trkpt>
    <trkpt lat="36.837638" lon="32.542509"><ele>1748.0</ele></trkpt>
    <trkpt lat="36.836955" lon="32.541771"><ele>1749.3</ele></trkpt>
    <trkpt lat="36.836516" lon="32.541669"><ele>1753.3</ele></trkpt>
    <trkpt lat="36.836368" lon="32.542321"><ele>1759.6</ele></trkpt>
    <trkpt lat="36.836443" lon="32.543556"><ele>1767.4</ele></trkpt>
    <trkpt lat="36.836589" lon="32.544976"><ele>1775.6</ele></trkpt>
    <trkpt lat="36.836625" lon="32.546110"><ele>1783.2</ele></trkpt>
    <trkpt lat="36.836413" lon="32.546596"><ele>1789.1</ele></trkpt>
    <trkpt lat="36.835907" lon="32.546321"><ele>1792.5</ele></trkpt>
    <trkpt lat="36.835179" lon="32.545465"><ele>1793.2</ele></trkpt>
    <trkpt lat="36.834381" lon="32.544430"><ele>1791.0</ele></trkpt>
    <trkpt lat="36.833697" lon="32.543690"><ele>1786.5</ele></trkpt>
    <trkpt lat="36.833264" lon="32.543601"><ele>1780.6</ele></trkpt>
    <trkpt lat="36.833122" lon="32.544273"><ele>1774.3</ele></trkpt>
    <trkpt lat="36.833202" lon="32.545519"><ele>1768.7</ele></trkpt>
    <trkpt lat="36.833346" lon="32.546935"><ele>1764.9</ele></trkpt>
    <trkpt lat="36.833376" lon="32.548052"><ele>1763.5</ele></trkpt>
    <trkpt lat="36.833156" lon="32.548518"><ele>1764.9</ele></trkpt>
    <trkpt lat="36.832647" lon="32.548234"><ele>1769.0</ele></trkpt>
    <trkpt lat="36.831923" lon="32.547388"><ele>1775.4</ele></trkpt>
    <trkpt lat="36.831137" lon="32.546383"><ele>1783.1</ele></trkpt>
    <trkpt lat="36.830466" lon="32.545679"><ele>1791.2</ele></trkpt>
    <trkpt lat="36.830043" lon="32.545617"><ele>1798.5</ele></trkpt>
    <trkpt lat="36.829901" lon="32.546287"><ele>1804.1</ele></trkpt>
    <trkpt lat="36.829968" lon="32.547500"><ele>1807.3</ele></trkpt>
    <trkpt lat="36.830091" lon="32.548861"><ele>1807.8</ele></trkpt>
    <trkpt lat="36.830100" lon="32.549923"><ele>1805.6</ele></trkpt>
    <trkpt lat="36.829868" lon="32.550359"><ele>1801.4</ele></trkpt>
    <trkpt lat="36.829364" lon="32.550086"><ele>1795.9</ele></trkpt>
    <trkpt lat="36.828660" lon="32.549295"><ele>1790.1</ele></trkpt>
    <trkpt lat="36.827904" lon="32.548369"><ele>1785.2</ele></trkpt>
    <trkpt lat="36.827262" lon="32.547739"><ele>1781.9</ele></trkpt>
    <trkpt lat="36.826852" lon="32.547711"><ele>1780.9</ele></trkpt>
    <trkpt lat="36.826702" lon="32.548360"><ele>1782.4</ele></trkpt>
    <trkpt lat="36.826740" lon="32.549498"><ele>1786.3</ele></trkpt>
    <trkpt lat="36.826824" lon="32.550755"><ele>1792.2</ele></trkpt>
    <trkpt lat="36.826798" lon="32.551726"><ele>1799.2</ele></trkpt>
    <trkpt lat="36.826550" lon="32.552123"><ele>1806.3</ele></trkpt>
    <trkpt lat="36.826058" lon="32.551882"><ele>1812.7</ele></trkpt>
    <trkpt lat="36.825392" lon="32.551187"><ele>1817.5</ele></trkpt>
    <trkpt lat="36.824685" lon="32.550388"><ele>1820.2</ele></trkpt>
    <trkpt lat="36.824084" lon="32.549863"><ele>1820.5</ele></trkpt>
    <trkpt lat="36.823690" lon="32.549879"><ele>1818.8</ele></trkpt>
    <trkpt lat="36.823523" lon="32.550485"><ele>1815.3</ele></trkpt>
    <trkpt lat="36.823517" lon="32.551507"><ele>1810.9</ele></trkpt>
    <trkpt lat="36.823544" lon="32.552618"><ele>1806.4</ele></trkpt>
    <trkpt lat="36.823471" lon="32.553467"><ele>1802.7</ele></trkpt>
    <trkpt lat="36.823206" lon="32.553818"><ele>1800.4</ele></trkpt>
    <trkpt lat="36.822735" lon="32.553630"><ele>1800.0</ele></trkpt>
    <trkpt lat="36.822119" lon="32.553069"><ele>1801.6</ele></trkpt>
    <trkpt lat="36.821477" lon="32.552436"><ele>1805.0</ele></trkpt>
    <trkpt lat="36.820927" lon="32.552047"><ele>1809.8</ele></trkpt>
    <trkpt lat="36.820552" lon="32.552111"><ele>1815.4</ele></trkpt>
    <trkpt lat="36.820362" lon="32.552655"><ele>1820.9</ele></trkpt>
    <trkpt lat="36.820297" lon="32.553526"><ele>1825.8</ele></trkpt>
    <trkpt lat="36.820253" lon="32.554451"><ele>1829.4</ele></trkpt>
    <trkpt lat="36.820124" lon="32.555154"><ele>1831.5</ele></trkpt>
    <trkpt lat="36.819840" lon="32.555454"><ele>1831.8</ele></trkpt>
    <trkpt lat="36.819395" lon="32.555337"><ele>1830.7</ele></trkpt>
    <trkpt lat="36.818844" lon="32.554943"><ele>1828.5</ele></trkpt>
    <trkpt lat="36.818279" lon="32.554512"><ele>1825.8</ele></trkpt>
    <trkpt lat="36.817790" lon="32.554280"><ele>1823.2</ele></trkpt>
    <trkpt lat="36.817434" lon="32.554394"><ele>1821.2</ele></trkpt>
    <trkpt lat="36.817214" lon="32.554860"><ele>1820.2</ele></trkpt>
    <trkpt lat="36.817079" lon="32.555549"><ele>1820.5</ele></trkpt>
    <trkpt lat="36.816953" lon="32.556259"><ele>1822.1</ele></trkpt>
    <trkpt lat="36.816760" lon="32.556796"><ele>1824.7</ele></trkpt>
    <trkpt lat="36.816456" lon="32.557046"><ele>1828.0</ele></trkpt>
    <trkpt lat="36.816045" lon="32.557015"><ele>1831.7</ele></trkpt>
    <trkpt lat="36.815568" lon="32.556815"><ele>1835.2</ele></trkpt>
    <trkpt lat="36.815090" lon="32.556610"><ele>1838.1</ele></trkpt>
    <trkpt lat="36.814668" lon="32.556551"><ele>1840.3</ele></trkpt>
    <trkpt lat="36.814331" lon="32.556716"><ele>1841.6</ele></trkpt>
    <trkpt lat="36.814075" lon="32.557088"><ele>1842.1</ele></trkpt>
    <trkpt lat="36.813862" lon="32.557574"><ele>1841.9</ele></trkpt>
    <trkpt lat="36.813645" lon="32.558048"><ele>1841.3</ele></trkpt>
    <trkpt lat="36.813383" lon="32.558407"><ele>1840.7</ele></trkpt>
    <trkpt lat="36.813061" lon="32.558607"><ele>1840.3</ele></trkpt>
    <trkpt lat="36.812688" lon="32.558676"><ele>1840.3</ele></trkpt>
    <trkpt lat="36.812292" lon="32.558687"><ele>1840.9</ele></trkpt>
    <trkpt lat="36.811907" lon="32.558726"><ele>1841.9</ele></trkpt>
    <trkpt lat="36.811555" lon="32.558847"><ele>1843.3</ele></trkpt>
    <trkpt lat="36.811237" lon="32.559060"><ele>1844.9</ele></trkpt>
    <trkpt lat="36.810940" lon="32.559328"><ele>1846.5</ele></trkpt>
    <trkpt lat="36.810644" lon="32.559596"><ele>1848.0</ele></trkpt>
    <trkpt lat="36.810332" lon="32.559823"><ele>1849.1</ele></trkpt>
    <trkpt lat="36.810000" lon="32.560000"><ele>1850.0</ele></trkpt>
    <trkpt lat="36.809724" lon="32.560289"><ele>1849.5</ele></trkpt>
    <trkpt lat="36.809442" lon="32.560568"><ele>1849.0</ele></trkpt>
    <trkpt lat="36.809144" lon="32.560821"><ele>1848.5</ele></trkpt>
    <trkpt lat="36.808832" lon="32.561048"><ele>1847.9</ele></trkpt>
    <trkpt lat="36.808514" lon="32.561269"><ele>1847.1</ele></trkpt>
    <trkpt lat="36.808210" lon="32.561510"><ele>1846.1</ele></trkpt>
    <trkpt lat="36.807933" lon="32.561797"><ele>1844.9</ele></trkpt>
    <trkpt lat="36.807687" lon="32.562136"><ele>1843.6</ele></trkpt>
    <trkpt lat="36.807460" lon="32.562506"><ele>1842.4</ele></trkpt>
    <trkpt lat="36.807228" lon="32.562868"><ele>1841.3</ele></trkpt>
    <trkpt lat="36.806964" lon="32.563177"><ele>1840.5</ele></trkpt>
    <trkpt lat="36.806652" lon="32.563405"><ele>1840.0</ele></trkpt>
    <trkpt lat="36.806293" lon="32.563557"><ele>1840.0</ele></trkpt>
    <trkpt lat="36.805911" lon="32.563670"><ele>1840.2</ele></trkpt>
    <trkpt lat="36.805544" lon="32.563807"><ele>1840.7</ele></trkpt>
    <trkpt lat="36.805227" lon="32.564029"><ele>1841.2</ele></trkpt>
    <trkpt lat="36.804980" lon="32.564366"><ele>1841.5</ele></trkpt>
    <trkpt lat="36.804795" lon="32.564805"><ele>1841.4</ele></trkpt>
    <trkpt lat="36.804636" lon="32.565288"><ele>1840.8</ele></trkpt>
    <trkpt lat="36.804454" lon="32.565733"><ele>1839.6</ele></trkpt>
    <trkpt lat="36.804203" lon="32.566062"><ele>1837.8</ele></trkpt>
    <trkpt lat="36.803861" lon="32.566241"><ele>1835.6</ele></trkpt>
    <trkpt lat="36.803442" lon="32.566293"><ele>1833.2</ele></trkpt>
    <trkpt lat="36.802992" lon="32.566294"><ele>1830.8</ele></trkpt>
    <trkpt lat="36.802575" lon="32.566350"><ele>1828.8</ele></trkpt>
    <trkpt lat="36.802246" lon="32.566550"><ele>1827.4</ele></trkpt>
    <trkpt lat="36.802029" lon="32.566936"><ele>1826.7</ele></trkpt>
    <trkpt lat="36.801903" lon="32.567474"><ele>1826.8</ele></trkpt>
    <trkpt lat="36.801811" lon="32.568068"><ele>1827.7</ele></trkpt>
    <trkpt lat="36.801678" lon="32.568594"><ele>1829.1</ele></trkpt>
    <trkpt lat="36.801439" lon="32.568944"><ele>1830.7</ele></trkpt>
    <trkpt lat="36.801068" lon="32.569075"><ele>1832.3</ele></trkpt>
    <trkpt lat="36.800590" lon="32.569029"><ele>1833.3</ele></trkpt>
    <trkpt lat="36.800075" lon="32.568921"><ele>1833.6</ele></trkpt>
    <trkpt lat="36.799610" lon="32.568897"><ele>1832.9</ele></trkpt>
    <trkpt lat="36.799268" lon="32.569077"><ele>1831.1</ele></trkpt>
    <trkpt lat="36.799079" lon="32.569509"><ele>1828.5</ele></trkpt>
    <trkpt lat="36.799011" lon="32.570143"><ele>1825.2</ele></trkpt>
    <trkpt lat="36.798984" lon="32.570845"><ele>1821.6</ele></trkpt>
    <trkpt lat="36.798899" lon="32.571449"><ele>1818.2</ele></trkpt>
    <trkpt lat="36.798672" lon="32.571819"><ele>1815.4</ele></trkpt>
    <trkpt lat="36.798273" lon="32.571905"><ele>1813.6</ele></trkpt>
    <trkpt lat="36.797739" lon="32.571765"><ele>1813.0</ele></trkpt>
    <trkpt lat="36.797160" lon="32.571552"><ele>1813.7</ele></trkpt>
    <trkpt lat="36.796648" lon="32.571450"><ele>1815.4</ele></trkpt>
    <trkpt lat="36.796295" lon="32.571611"><ele>1817.9</ele></trkpt>
    <trkpt lat="36.796132" lon="32.572088"><ele>1820.7</ele></trkpt>
    <trkpt lat="36.796119" lon="32.572813"><ele>1823.2</ele></trkpt>
    <trkpt lat="36.796155" lon="32.573617"><ele>1825.0</ele></trkpt>
    <trkpt lat="36.796114" lon="32.574297"><ele>1825.6</ele></trkpt>
    <trkpt lat="36.795899" lon="32.574686"><ele>1824.8</ele></trkpt>
    <trkpt lat="36.795475" lon="32.574728"><ele>1822.6</ele></trkpt>
    <trkpt lat="36.794887" lon="32.574501"><ele>1819.1</ele></trkpt>
    <trkpt lat="36.794247" lon="32.574187"><ele>1814.7</ele></trkpt>
    <trkpt lat="36.793692" lon="32.574013"><ele>1810.0</ele></trkpt>
    <trkpt lat="36.793327" lon="32.574155"><ele>1805.7</ele></trkpt>
    <trkpt lat="36.793190" lon="32.574673"><ele>1802.2</ele></trkpt>
    <trkpt lat="36.793229" lon="32.575483"><ele>1800.1</ele></trkpt>
    <trkpt lat="36.793322" lon="32.576385"><ele>1799.6</ele></trkpt>
    <trkpt lat="36.793325" lon="32.577135"><ele>1800.7</ele></trkpt>
    <trkpt lat="36.793121" lon="32.577543"><ele>1803.3</ele></trkpt>
    <trkpt lat="36.792672" lon="32.577545"><ele>1806.7</ele></trkpt>
    <trkpt lat="36.792034" lon="32.577235"><ele>1810.6</ele></trkpt>
    <trkpt lat="36.791338" lon="32.576828"><ele>1814.0</ele></trkpt>
    <trkpt lat="36.790741" lon="32.576585"><ele>1816.5</ele></trkpt>
    <trkpt lat="36.790366" lon="32.576709"><ele>1817.4</ele></trkpt>
    <trkpt lat="36.790252" lon="32.577266"><ele>1816.5</ele></trkpt>
    <trkpt lat="36.790339" lon="32.578156"><ele>1813.8</ele></trkpt>
    <trkpt lat="36.790487" lon="32.579147"><ele>1809.5</ele></trkpt>
    <trkpt lat="36.790529" lon="32.579963"><ele>1804.2</ele></trkpt>
    <trkpt lat="36.790335" lon="32.580388"><ele>1798.6</ele></trkpt>
    <trkpt lat="36.789864" lon="32.580353"><ele>1793.4</ele></trkpt>
    <trkpt lat="36.789180" lon="32.579967"><ele>1789.3</ele></trkpt>
    <trkpt lat="36.788433" lon="32.579474"><ele>1786.9</ele></trkpt>
    <trkpt lat="36.787798" lon="32.579168"><ele>1786.4</ele></trkpt>
    <trkpt lat="36.787412" lon="32.579276"><ele>1788.0</ele></trkpt>
    <trkpt lat="36.787319" lon="32.579868"><ele>1791.3</ele></trkpt>
    <trkpt lat="36.787450" lon="32.580830"><ele>1795.6</ele></trkpt>
    <trkpt lat="36.787647" lon="32.581903"><ele>1800.3</ele></trkpt>
    <trkpt lat="36.787725" lon="32.582778"><ele>1804.6</ele></trkpt>
    <trkpt lat="36.787541" lon="32.583219"><ele>1807.6</ele></trkpt>
    <trkpt lat="36.787050" lon="32.583152"><ele>1808.8</ele></trkpt>
    <trkpt lat="36.786325" lon="32.582697"><ele>1807.8</ele></trkpt>
    <trkpt lat="36.785531" lon="32.582127"><ele>1804.7</ele></trkpt>
    <trkpt lat="36.784862" lon="32.581765"><ele>1799.8</ele></trkpt>
    <trkpt lat="36.784467" lon="32.581857"><ele>1793.7</ele></trkpt>
    <trkpt lat="36.784393" lon="32.582480"><ele>1787.2</ele></trkpt>
    <trkpt lat="36.784562" lon="32.583507"><ele>1781.3</ele></trkpt>
    <trkpt lat="36.784804" lon="32.584652"><ele>1776.7</ele></trkpt>
    <trkpt lat="36.784914" lon="32.585581"><ele>1774.0</ele></trkpt>
    <trkpt lat="36.784738" lon="32.586036"><ele>1773.7</ele></trkpt>
    <trkpt lat="36.784230" lon="32.585940"><ele>1775.6</ele></trkpt>
    <trkpt lat="36.783468" lon="32.585424"><ele>1779.5</ele></trkpt>
    <trkpt lat="36.782633" lon="32.584787"><ele>1784.5</ele></trkpt>
    <trkpt lat="36.781934" lon="32.584375"><ele>1790.0</ele></trkpt>
    <trkpt lat="36.781531" lon="32.584453"><ele>1794.9</ele></trkpt>
    <trkpt lat="36.781473" lon="32.585104"><ele>1798.4</ele></trkpt>
    <trkpt lat="36.781677" lon="32.586186"><ele>1799.8</ele></trkpt>
    <trkpt lat="36.781956" lon="32.587394"><ele>1798.8</ele></trkpt>
    <trkpt lat="36.782094" lon="32.588369"><ele>1795.3</ele></trkpt>
    <trkpt lat="36.781926" lon="32.588837"><ele>1789.9</ele></trkpt>
    <trkpt lat="36.781402" lon="32.588715"><ele>1783.1</ele></trkpt>
    <trkpt lat="36.780610" lon="32.588149"><ele>1776.0</ele></trkpt>
    <trkpt lat="36.779740" lon="32.587454"><ele>1769.5</ele></trkpt>
    <trkpt lat="36.779015" lon="32.586999"><ele>1764.5</ele></trkpt>
    <trkpt lat="36.778606" lon="32.587067"><ele>1761.6</ele></trkpt>
    <trkpt lat="36.778562" lon="32.587739"><ele>1761.3</ele></trkpt>
    <trkpt lat="36.778793" lon="32.588869"><ele>1763.5</ele></trkpt>
    <trkpt lat="36.779104" lon="32.590129"><ele>1767.9</ele></trkpt>
    <trkpt lat="36.779265" lon="32.591142"><ele>1773.5</ele></trkpt>
    <trkpt lat="36.779103" lon="32.591620"><ele>1779.6</ele></trkpt>
    <trkpt lat="36.778567" lon="32.591478"><ele>1785.0</ele></trkpt>
    <trkpt lat="36.777750" lon="32.590870"><ele>1788.8</ele></trkpt>
    <trkpt lat="36.776851" lon="32.590128"><ele>1790.4</ele></trkpt>
    <trkpt lat="36.776106" lon="32.589640"><ele>1789.3</ele></trkpt>
    <trkpt lat="36.775691" lon="32.589698"><ele>1785.6</ele></trkpt>
    <trkpt lat="36.775657" lon="32.590389"><ele>1779.7</ele></trkpt>
    <trkpt lat="36.775911" lon="32.591555"><ele>1772.5</ele></trkpt>
    <trkpt lat="36.776247" lon="32.592856"><ele>1764.9</ele></trkpt>
    <trkpt lat="36.776426" lon="32.593899"><ele>1758.0</ele></trkpt>
    <trkpt lat="36.776269" lon="32.594385"><ele>1752.7</ele></trkpt>
    <trkpt lat="36.775724" lon="32.594228"><ele>1749.7</ele></trkpt>
    <trkpt lat="36.774887" lon="32.593588"><ele>1749.5</ele></trkpt>
    <trkpt lat="36.773967" lon="32.592810"><ele>1751.9</ele></trkpt>
    <trkpt lat="36.773207" lon="32.592297"><ele>1756.5</ele></trkpt>
    <trkpt lat="36.772787" lon="32.592348"><ele>1762.5</ele></trkpt>
    <trkpt lat="36.772762" lon="32.593052"><ele>1769.0</ele></trkpt>
    <trkpt lat="36.773032" lon="32.594244"><ele>1774.7</ele></trkpt>
    <trkpt lat="36.773385" lon="32.595575"><ele>1778.8</ele></trkpt>
    <trkpt lat="36.773577" lon="32.596639"><ele>1780.4</ele></trkpt>
    <trkpt lat="36.773424" lon="32.597131"><ele>1779.3</ele></trkpt>
    <trkpt lat="36.772872" lon="32.596963"><ele>1775.4</ele></trkpt>
    <trkpt lat="36.772022" lon="32.596301"><ele>1769.3</ele></trkpt>
    <trkpt lat="36.771088" lon="32.595501"><ele>1761.8</ele></trkpt>
    <trkpt lat="36.770317" lon="32.594970"><ele>1753.9</ele></trkpt>
    <trkpt lat="36.769895" lon="32.595017"><ele>1746.8</ele></trkpt>
    <trkpt lat="36.769875" lon="32.595729"><ele>1741.3</ele></trkpt>
    <trkpt lat="36.770155" lon="32.596938"><ele>1738.3</ele></trkpt>
    <trkpt lat="36.770519" lon="32.598287"><ele>1738.1</ele></trkpt>
    <trkpt lat="36.770718" lon="32.599363"><ele>1740.6</ele></trkpt>
    <trkpt lat="36.770566" lon="32.599857"><ele>1745.4</ele></trkpt>
    <trkpt lat="36.770011" lon="32.599684"><ele>1751.6</ele></trkpt>
    <trkpt lat="36.769155" lon="32.599011"><ele>1758.2</ele></trkpt>
    <trkpt lat="36.768214" lon="32.598199"><ele>1764.1</ele></trkpt>
    <trkpt lat="36.767438" lon="32.597661"><ele>1768.2</ele></trkpt>
    <trkpt lat="36.767015" lon="32.597706"><ele>1769.9</ele></trkpt>
    <trkpt lat="36.766997" lon="32.598421"><ele>1768.8</ele></trkpt>
    <trkpt lat="36.767280" lon="32.599636"><ele>1764.8</ele></trkpt>
    <trkpt lat="36.767647" lon="32.600990"><ele>1758.7</ele></trkpt>
    <trkpt lat="36.767849" lon="32.602069"><ele>1751.1</ele></trkpt>
    <trkpt lat="36.767697" lon="32.602564"><ele>1743.1</ele></trkpt>
    <trkpt lat="36.767142" lon="32.602390"><ele>1735.9</ele></trkpt>
    <trkpt lat="36.766285" lon="32.601717"><ele>1730.4</ele></trkpt>
    <trkpt lat="36.765344" lon="32.600905"><ele>1727.4</ele></trkpt>
    <trkpt lat="36.764570" lon="32.600368"><ele>1727.2</ele></trkpt>
    <trkpt lat="36.764147" lon="32.600414"><ele>1729.8</ele></trkpt>
    <trkpt lat="36.764127" lon="32.601127"><ele>1734.6</ele></trkpt>
    <trkpt lat="36.764408" lon="32.602338"><ele>1740.8</ele></trkpt>
    <trkpt lat="36.764771" lon="32.603685"><ele>1747.4</ele></trkpt>
    <trkpt lat="36.764969" lon="32.604758"><ele>1753.2</ele></trkpt>
    <trkpt lat="36.764817" lon="32.605251"><ele>1757.3</ele></trkpt>
    <trkpt lat="36.764263" lon="32.605081"><ele>1758.9</ele></trkpt>
    <trkpt lat="36.763412" lon="32.604418"><ele>1757.7</ele></trkpt>
    <trkpt lat="36.762479" lon="32.603619"><ele>1753.8</ele></trkpt>
    <trkpt lat="36.761711" lon="32.603093"><ele>1747.7</ele></trkpt>
    <trkpt lat="36.761291" lon="32.603142"><ele>1740.3</ele></trkpt>
    <trkpt lat="36.761267" lon="32.603849"><ele>1732.4</ele></trkpt>
    <trkpt lat="36.761538" lon="32.605044"><ele>1725.4</ele></trkpt>
    <trkpt lat="36.761890" lon="32.606372"><ele>1720.0</ele></trkpt>
    <trkpt lat="36.762079" lon="32.607430"><ele>1717.1</ele></trkpt>
    <trkpt lat="36.761924" lon="32.607919"><ele>1716.9</ele></trkpt>
    <trkpt lat="36.761376" lon="32.607758"><ele>1719.4</ele></trkpt>
    <trkpt lat="36.760537" lon="32.607115"><ele>1724.1</ele></trkpt>
    <trkpt lat="36.759619" lon="32.606341"><ele>1730.1</ele></trkpt>
    <trkpt lat="36.758863" lon="32.605834"><ele>1736.4</ele></trkpt>
    <trkpt lat="36.758446" lon="32.605890"><ele>1742.0</ele></trkpt>
    <trkpt lat="36.758416" lon="32.606585"><ele>1745.8</ele></trkpt>
    <trkpt lat="36.758672" lon="32.607755"><ele>1747.4</ele></trkpt>
    <trkpt lat="36.759005" lon="32.609052"><ele>1746.2</ele></trkpt>
    <trkpt lat="36.759179" lon="32.610086"><ele>1742.4</ele></trkpt>
    <trkpt lat="36.759019" lon="32.610567"><ele>1736.5</ele></trkpt>
    <trkpt lat="36.758480" lon="32.610420"><ele>1729.4</ele></trkpt>
    <trkpt lat="36.757659" lon="32.609807"><ele>1721.9</ele></trkpt>
    <trkpt lat="36.756764" lon="32.609070"><ele>1715.1</ele></trkpt>
    <trkpt lat="36.756024" lon="32.608592"><ele>1710.0</ele></trkpt>
    <trkpt lat="36.755613" lon="32.608656"><ele>1707.3</ele></trkpt>
    <trkpt lat="36.755573" lon="32.609336"><ele>1707.1</ele></trkpt>
    <trkpt lat="36.755807" lon="32.610470"><ele>1709.4</ele></trkpt>
    <trkpt lat="36.756115" lon="32.611725"><ele>1713.8</ele></trkpt>
    <trkpt lat="36.756270" lon="32.612726"><ele>1719.4</ele></trkpt>
    <trkpt lat="36.756104" lon="32.613197"><ele>1725.2</ele></trkpt>
    <trkpt lat="36.755575" lon="32.613067"><ele>1730.4</ele></trkpt>
    <trkpt lat="36.754779" lon="32.612496"><ele>1734.0</ele></trkpt>
    <trkpt lat="36.753912" lon="32.611806"><ele>1735.3</ele></trkpt>
    <trkpt lat="36.753196" lon="32.611366"><ele>1734.1</ele></trkpt>
    <trkpt lat="36.752791" lon="32.611441"><ele>1730.6</ele></trkpt>
    <trkpt lat="36.752738" lon="32.612100"><ele>1725.1</ele></trkpt>
    <trkpt lat="36.752946" lon="32.613189"><ele>1718.4</ele></trkpt>
    <trkpt lat="36.753221" lon="32.614390"><ele>1711.4</ele></trkpt>
    <trkpt lat="36.753351" lon="32.615350"><ele>1705.2</ele></trkpt>
    <trkpt lat="36.753177" lon="32.615809"><ele>1700.5</ele></trkpt>
    <trkpt lat="36.752662" lon="32.615702"><ele>1697.9</ele></trkpt>
    <trkpt lat="36.751896" lon="32.615180"><ele>1697.7</ele></trkpt>
    <trkpt lat="36.751065" lon="32.614550"><ele>1699.8</ele></trkpt>
    <trkpt lat="36.750376" lon="32.614154"><ele>1703.7</ele></trkpt>
    <trkpt lat="36.749979" lon="32.614243"><ele>1708.8</ele></trkpt>
    <trkpt lat="36.749912" lon="32.614878"><ele>1714.0</ele></trkpt>
    <trkpt lat="36.750086" lon="32.615912"><ele>1718.6</ele></trkpt>
    <trkpt lat="36.750323" lon="32.617050"><ele>1721.7</ele></trkpt>
    <trkpt lat="36.750423" lon="32.617960"><ele>1722.8</ele></trkpt>
    <trkpt lat="36.750241" lon="32.618404"><ele>1721.6</ele></trkpt>
    <trkpt lat="36.749742" lon="32.618324"><ele>1718.4</ele></trkpt>
    <trkpt lat="36.749011" lon="32.617860"><ele>1713.4</ele></trkpt>
    <trkpt lat="36.748222" lon="32.617299"><ele>1707.3</ele></trkpt>
    <trkpt lat="36.747564" lon="32.616956"><ele>1701.1</ele></trkpt>
    <trkpt lat="36.747177" lon="32.617061"><ele>1695.6</ele></trkpt>
    <trkpt lat="36.747093" lon="32.617667"><ele>1691.4</ele></trkpt>
    <trkpt lat="36.747229" lon="32.618639"><ele>1689.0</ele></trkpt>
    <trkpt lat="36.747422" lon="32.619703"><ele>1688.8</ele></trkpt>
    <trkpt lat="36.747487" lon="32.620557"><ele>1690.6</ele></trkpt>
    <trkpt lat="36.747295" lon="32.620984"><ele>1693.9</ele></trkpt>
    <trkpt lat="36.746814" lon="32.620934"><ele>1698.2</ele></trkpt>
    <trkpt lat="36.746124" lon="32.620537"><ele>1702.6</ele></trkpt>
    <trkpt lat="36.745382" lon="32.620054"><ele>1706.5</ele></trkpt>
    <trkpt lat="36.744760" lon="32.619771"><ele>1709.0</ele></trkpt>
    <trkpt lat="36.744384" lon="32.619894"><ele>1709.8</ele></trkpt>
    <trkpt lat="36.744280" lon="32.620468"><ele>1708.7</ele></trkpt>
    <trkpt lat="36.744374" lon="32.621369"><ele>1705.8</ele></trkpt>
    <trkpt lat="36.744517" lon="32.622350"><ele>1701.4</ele></trkpt>
    <trkpt lat="36.744544" lon="32.623141"><ele>1696.2</ele></trkpt>
    <trkpt lat="36.744341" lon="32.623550"><ele>1690.9</ele></trkpt>
    <trkpt lat="36.743880" lon="32.623533"><ele>1686.1</ele></trkpt>
    <trkpt lat="36.743235" lon="32.623210"><ele>1682.6</ele></trkpt>
    <trkpt lat="36.742545" lon="32.622814"><ele>1680.5</ele></trkpt>
    <trkpt lat="36.741963" lon="32.622598"><ele>1680.3</ele></trkpt>
    <trkpt lat="36.741599" lon="32.622740"><ele>1681.7</ele></trkpt>
    <trkpt lat="36.741474" lon="32.623279"><ele>1684.3</ele></trkpt>
    <trkpt lat="36.741521" lon="32.624103"><ele>1687.7</ele></trkpt>
    <trkpt lat="36.741609" lon="32.624993"><ele>1691.2</ele></trkpt>
    <trkpt lat="36.741595" lon="32.625715"><ele>1694.2</ele></trkpt>
    <trkpt lat="36.741379" lon="32.626103"><ele>1696.1</ele></trkpt>
    <trkpt lat="36.740940" lon="32.626123"><ele>1696.5</ele></trkpt>
    <trkpt lat="36.740344" lon="32.625881"><ele>1695.5</ele></trkpt>
    <trkpt lat="36.739711" lon="32.625579"><ele>1693.0</ele></trkpt>
    <trkpt lat="36.739173" lon="32.625434"><ele>1689.3</ele></trkpt>
    <trkpt lat="36.738821" lon="32.625598"><ele>1685.1</ele></trkpt>
    <trkpt lat="36.738674" lon="32.626099"><ele>1680.8</ele></trkpt>
    <trkpt lat="36.738670" lon="32.626839"><ele>1676.9</ele></trkpt>
    <trkpt lat="36.738699" lon="32.627632"><ele>1674.0</ele></trkpt>
    <trkpt lat="36.738640" lon="32.628279"><ele>1672.4</ele></trkpt>
    <trkpt lat="36.738410" lon="32.628645"><ele>1672.1</ele></trkpt>
    <trkpt lat="36.737995" lon="32.628704"><ele>1673.0</ele></trkpt>
    <trkpt lat="36.737451" lon="32.628548"><ele>1674.9</ele></trkpt>
    <trkpt lat="36.736879" lon="32.628347"><ele>1677.3</ele></trkpt>
    <trkpt lat="36.736387" lon="32.628280"><ele>1679.7</ele></trkpt>
    <trkpt lat="36.736049" lon="32.628466"><ele>1681.7</ele></trkpt>
    <trkpt lat="36.735878" lon="32.628927"><ele>1682.8</ele></trkpt>
    <trkpt lat="36.735820" lon="32.629578"><ele>1683.0</ele></trkpt>
    <trkpt lat="36.735787" lon="32.630267"><ele>1681.9</ele></trkpt>
    <trkpt lat="36.735680" lon="32.630836"><ele>1679.9</ele></trkpt>
    <trkpt lat="36.735436" lon="32.631178"><ele>1677.1</ele></trkpt>
    <trkpt lat="36.735046" lon="32.631278"><ele>1673.9</ele></trkpt>
    <trkpt lat="36.734557" lon="32.631214"><ele>1670.7</ele></trkpt>
    <trkpt lat="36.734049" lon="32.631119"><ele>1667.9</ele></trkpt>
    <trkpt lat="36.733606" lon="32.631132"><ele>1665.7</ele></trkpt>
    <trkpt lat="36.733283" lon="32.631342"><ele>1664.5</ele></trkpt>
    <trkpt lat="36.733085" lon="32.631761"><ele>1664.1</ele></trkpt>
    <trkpt lat="36.732972" lon="32.632319"><ele>1664.5</ele></trkpt>
    <trkpt lat="36.732873" lon="32.632900"><ele>1665.6</ele></trkpt>
    <trkpt lat="36.732716" lon="32.633386"><ele>1666.9</ele></trkpt>
    <trkpt lat="36.732457" lon="32.633704"><ele>1668.1</ele></trkpt>
    <trkpt lat="36.732094" lon="32.633847"><ele>1669.1</ele></trkpt>
    <trkpt lat="36.731661" lon="32.633878"><ele>1669.4</ele></trkpt>
    <trkpt lat="36.731220" lon="32.633893"><ele>1669.2</ele></trkpt>
    <trkpt lat="36.730828" lon="32.633989"><ele>1668.2</ele></trkpt>
    <trkpt lat="36.730520" lon="32.634225"><ele>1666.7</ele></trkpt>
    <trkpt lat="36.730296" lon="32.634599"><ele>1664.7</ele></trkpt>
    <trkpt lat="36.730124" lon="32.635061"><ele>1662.7</ele></trkpt>
    <trkpt lat="36.729957" lon="32.635530"><ele>1660.6</ele></trkpt>
    <trkpt lat="36.729749" lon="32.635932"><ele>1658.9</ele></trkpt>
    <trkpt lat="36.729476" lon="32.636224"><ele>1657.6</ele></trkpt>
    <trkpt lat="36.729139" lon="32.636412"><ele>1656.7</ele></trkpt>
    <trkpt lat="36.728765" lon="32.636540"><ele>1656.3</ele></trkpt>
    <trkpt lat="36.728393" lon="32.636668"><ele>1656.2</ele></trkpt>
    <trkpt lat="36.728052" lon="32.636851"><ele>1656.3</ele></trkpt>
    <trkpt lat="36.727759" lon="32.637111"><ele>1656.5</ele></trkpt>
    <trkpt lat="36.727508" lon="32.637441"><ele>1656.5</ele></trkpt>
    <trkpt lat="36.727277" lon="32.637805"><ele>1656.4</ele></trkpt>
    <trkpt lat="36.727041" lon="32.638160"><ele>1655.9</ele></trkpt>
    <trkpt lat="36.726781" lon="32.638475"><ele>1655.2</ele></trkpt>
    <trkpt lat="36.726492" lon="32.638742"><ele>1654.3</ele></trkpt>
    <trkpt lat="36.726183" lon="32.638975"><ele>1653.3</ele></trkpt>
    <trkpt lat="36.725869" lon="32.639202"><ele>1652.3</ele></trkpt>
    <trkpt lat="36.725565" lon="32.639445"><ele>1651.4</ele></trkpt>
    <trkpt lat="36.725277" lon="32.639714"><ele>1650.6</ele></trkpt>
    <trkpt lat="36.725000" lon="32.640000"><ele>1650.0</ele></trkpt>
    </trkseg>
  </trk>
</gpx>
