<?xml version="1.0" encoding="UTF-8"?>
<gpx version="1.1" creator="tripplanner (sketch line from researched control points)" xmlns="http://www.topografix.com/GPX/1/1">
  <metadata>
    <name>taurus-six — Sarıveliler → Ermenek → Mut</name>
    <desc>128.0 km, 2050 m. Sketch line through researched control points, calibrated to 128 km / 2050 m of road — drawn, not routed.</desc>
  </metadata>
  <trk>
    <name>taurus-six — Sarıveliler → Ermenek → Mut</name>
    <trkseg>
    <trkpt lat="36.725000" lon="32.640000"><ele>1650.0</ele></trkpt>
    <trkpt lat="36.725123" lon="32.640422"><ele>1649.3</ele></trkpt>
    <trkpt lat="36.725266" lon="32.640835"><ele>1648.8</ele></trkpt>
    <trkpt lat="36.725399" lon="32.641253"><ele>1648.5</ele></trkpt>
    <trkpt lat="36.725492" lon="32.641686"><ele>1648.0</ele></trkpt>
    <trkpt lat="36.725535" lon="32.642139"><ele>1647.4</ele></trkpt>
    <trkpt lat="36.725546" lon="32.642604"><ele>1646.5</ele></trkpt>
    <trkpt lat="36.725568" lon="32.643065"><ele>1645.2</ele></trkpt>
    <trkpt lat="36.725648" lon="32.643503"><ele>1643.6</ele></trkpt>
    <trkpt lat="36.725817" lon="32.643907"><ele>1641.7</ele></trkpt>
    <trkpt lat="36.726067" lon="32.644279"><ele>1639.8</ele></trkpt>
    <trkpt lat="36.726349" lon="32.644639"><ele>1638.0</ele></trkpt>
    <trkpt lat="36.726591" lon="32.645014"><ele>1636.7</ele></trkpt>
    <trkpt lat="36.726726" lon="32.645431"><ele>1635.9</ele></trkpt>
    <trkpt lat="36.726724" lon="32.645901"><ele>1635.7</ele></trkpt>
    <trkpt lat="36.726610" lon="32.646415"><ele>1636.2</ele></trkpt>
    <trkpt lat="36.726463" lon="32.646941"><ele>1637.1</ele></trkpt>
    <trkpt lat="36.726385" lon="32.647441"><ele>1638.3</ele></trkpt>
    <trkpt lat="36.726463" lon="32.647880"><ele>1639.4</ele></trkpt>
    <trkpt lat="36.726725" lon="32.648248"><ele>1640.1</ele></trkpt>
    <trkpt lat="36.727129" lon="32.648560"><ele>1640.1</ele></trkpt>
    <trkpt lat="36.727567" lon="32.648859"><ele>1639.1</ele></trkpt>
    <trkpt lat="36.727907" lon="32.649196"><ele>1637.1</ele></trkpt>
    <trkpt lat="36.728046" lon="32.649612"><ele>1634.3</ele></trkpt>
    <trkpt lat="36.727953" lon="32.650117"><ele>1630.9</ele></trkpt>
    <trkpt lat="36.727690" lon="32.650689"><ele>1627.2</ele></trkpt>
    <trkpt lat="36.727391" lon="32.651275"><ele>1623.7</ele></trkpt>
    <trkpt lat="36.727217" lon="32.651812"><ele>1620.9</ele></trkpt>
    <trkpt lat="36.727289" lon="32.652253"><ele>1619.2</ele></trkpt>
    <trkpt lat="36.727638" lon="32.652587"><ele>1618.7</ele></trkpt>
    <trkpt lat="36.728186" lon="32.652843"><ele>1619.5</ele></trkpt>
    <trkpt lat="36.728771" lon="32.653085"><ele>1621.5</ele></trkpt>
    <trkpt lat="36.729205" lon="32.653385"><ele>1624.1</ele></trkpt>
    <trkpt lat="36.729350" lon="32.653798"><ele>1627.1</ele></trkpt>
    <trkpt lat="36.729175" lon="32.654336"><ele>1629.7</ele></trkpt>
    <trkpt lat="36.728774" lon="32.654961"><ele>1631.3</ele></trkpt>
    <trkpt lat="36.728334" lon="32.655602"><ele>1631.6</ele></trkpt>
    <trkpt lat="36.728069" lon="32.656175"><ele>1630.4</ele></trkpt>
    <trkpt lat="36.728134" lon="32.656619"><ele>1627.5</ele></trkpt>
    <trkpt lat="36.728560" lon="32.656922"><ele>1623.3</ele></trkpt>
    <trkpt lat="36.729239" lon="32.657127"><ele>1618.2</ele></trkpt>
    <trkpt lat="36.729958" lon="32.657317"><ele>1612.9</ele></trkpt>
    <trkpt lat="36.730479" lon="32.657584"><ele>1608.0</ele></trkpt>
    <trkpt lat="36.730633" lon="32.657993"><ele>1604.3</ele></trkpt>
    <trkpt lat="36.730386" lon="32.658559"><ele>1602.2</ele></trkpt>
    <trkpt lat="36.729861" lon="32.659233"><ele>1602.0</ele></trkpt>
    <trkpt lat="36.729295" lon="32.659922"><ele>1603.7</ele></trkpt>
    <trkpt lat="36.728947" lon="32.660527"><ele>1606.9</ele></trkpt>
    <trkpt lat="36.729003" lon="32.660975"><ele>1611.1</ele></trkpt>
    <trkpt lat="36.729496" lon="32.661252"><ele>1615.5</ele></trkpt>
    <trkpt lat="36.730289" lon="32.661413"><ele>1619.3</ele></trkpt>
    <trkpt lat="36.731126" lon="32.661557"><ele>1621.8</ele></trkpt>
    <trkpt lat="36.731725" lon="32.661793"><ele>1622.5</ele></trkpt>
    <trkpt lat="36.731887" lon="32.662199"><ele>1621.0</ele></trkpt>
    <trkpt lat="36.731580" lon="32.662788"><ele>1617.3</ele></trkpt>
    <trkpt lat="36.730951" lon="32.663503"><ele>1612.0</ele></trkpt>
    <trkpt lat="36.730277" lon="32.664235"><ele>1605.6</ele></trkpt>
    <trkpt lat="36.729858" lon="32.664867"><ele>1599.0</ele></trkpt>
    <trkpt lat="36.729904" lon="32.665318"><ele>1593.0</ele></trkpt>
    <trkpt lat="36.730450" lon="32.665575"><ele>1588.6</ele></trkpt>
    <trkpt lat="36.731337" lon="32.665700"><ele>1586.2</ele></trkpt>
    <trkpt lat="36.732272" lon="32.665805"><ele>1586.2</ele></trkpt>
    <trkpt lat="36.732936" lon="32.666016"><ele>1588.5</ele></trkpt>
    <trkpt lat="36.733108" lon="32.666419"><ele>1592.7</ele></trkpt>
    <trkpt lat="36.732755" lon="32.667026"><ele>1598.0</ele></trkpt>
    <trkpt lat="36.732043" lon="32.667772"><ele>1603.5</ele></trkpt>
    <trkpt lat="36.731282" lon="32.668538"><ele>1608.3</ele></trkpt>
    <trkpt lat="36.730804" lon="32.669193"><ele>1611.4</ele></trkpt>
    <trkpt lat="36.730841" lon="32.669648"><ele>1612.3</ele></trkpt>
    <trkpt lat="36.731426" lon="32.669890"><ele>1610.6</ele></trkpt>
    <trkpt lat="36.732384" lon="32.669986"><ele>1606.4</ele></trkpt>
    <trkpt lat="36.733394" lon="32.670063"><ele>1600.3</ele></trkpt>
    <trkpt lat="36.734109" lon="32.670254"><ele>1593.0</ele></trkpt>
    <trkpt lat="36.734291" lon="32.670653"><ele>1585.5</ele></trkpt>
    <trkpt lat="36.733906" lon="32.671272"><ele>1578.8</ele></trkpt>
    <trkpt lat="36.733135" lon="32.672042"><ele>1573.9</ele></trkpt>
    <trkpt lat="36.732311" lon="32.672832"><ele>1571.3</ele></trkpt>
    <trkpt lat="36.731790" lon="32.673504"><ele>1571.5</ele></trkpt>
    <trkpt lat="36.731817" lon="32.673962"><ele>1574.2</ele></trkpt>
    <trkpt lat="36.732427" lon="32.674195"><ele>1579.0</ele></trkpt>
    <trkpt lat="36.733432" lon="32.674273"><ele>1584.9</ele></trkpt>
    <trkpt lat="36.734492" lon="32.674330"><ele>1591.1</ele></trkpt>
    <trkpt lat="36.735241" lon="32.674508"><ele>1596.4</ele></trkpt>
    <trkpt lat="36.735432" lon="32.674903"><ele>1599.9</ele></trkpt>
    <trkpt lat="36.735030" lon="32.675529"><ele>1600.9</ele></trkpt>
    <trkpt lat="36.734225" lon="32.676312"><ele>1599.1</ele></trkpt>
    <trkpt lat="36.733364" lon="32.677116"><ele>1594.7</ele></trkpt>
    <trkpt lat="36.732818" lon="32.677798"><ele>1588.2</ele></trkpt>
    <trkpt lat="36.732837" lon="32.678260"><ele>1580.4</ele></trkpt>
    <trkpt lat="36.733456" lon="32.678488"><ele>1572.5</ele></trkpt>
    <trkpt lat="36.734483" lon="32.678558"><ele>1565.5</ele></trkpt>
    <trkpt lat="36.735565" lon="32.678606"><ele>1560.3</ele></trkpt>
    <trkpt lat="36.736332" lon="32.678777"><ele>1557.7</ele></trkpt>
    <trkpt lat="36.736530" lon="32.679170"><ele>1557.9</ele></trkpt>
    <trkpt lat="36.736125" lon="32.679797"><ele>1560.8</ele></trkpt>
    <trkpt lat="36.735312" lon="32.680583"><ele>1565.7</ele></trkpt>
    <trkpt lat="36.734442" lon="32.681391"><ele>1571.9</ele></trkpt>
    <trkpt lat="36.733888" lon="32.682076"><ele>1578.2</ele></trkpt>
    <trkpt lat="36.733900" lon="32.682541"><ele>1583.6</ele></trkpt>
    <trkpt lat="36.734515" lon="32.682771"><ele>1587.2</ele></trkpt>
    <trkpt lat="36.735536" lon="32.682843"><ele>1588.2</ele></trkpt>
    <trkpt lat="36.736615" lon="32.682892"><ele>1586.4</ele></trkpt>
    <trkpt lat="36.737380" lon="32.683064"><ele>1581.9</ele></trkpt>
    <trkpt lat="36.737583" lon="32.683454"><ele>1575.4</ele></trkpt>
    <trkpt lat="36.737190" lon="32.684077"><ele>1567.7</ele></trkpt>
    <trkpt lat="36.736395" lon="32.684856"><ele>1559.9</ele></trkpt>
    <trkpt lat="36.735543" lon="32.685657"><ele>1553.0</ele></trkpt>
    <trkpt lat="36.734999" lon="32.686338"><ele>1548.0</ele></trkpt>
    <trkpt lat="36.735009" lon="32.686803"><ele>1545.4</ele></trkpt>
    <trkpt lat="36.735604" lon="32.687041"><ele>1545.6</ele></trkpt>
    <trkpt lat="36.736595" lon="32.687125"><ele>1548.3</ele></trkpt>
    <trkpt lat="36.737642" lon="32.687187"><ele>1553.1</ele></trkpt>
    <trkpt lat="36.738387" lon="32.687366"><ele>1558.9</ele></trkpt>
    <trkpt lat="36.738592" lon="32.687756"><ele>1564.9</ele></trkpt>
    <trkpt lat="36.738225" lon="32.688368"><ele>1570.0</ele></trkpt>
    <trkpt lat="36.737472" lon="32.689131"><ele>1573.2</ele></trkpt>
    <trkpt lat="36.736666" lon="32.689914"><ele>1574.1</ele></trkpt>
    <trkpt lat="36.736151" lon="32.690584"><ele>1572.4</ele></trkpt>
    <trkpt lat="36.736161" lon="32.691049"><ele>1568.2</ele></trkpt>
    <trkpt lat="36.736724" lon="32.691300"><ele>1562.1</ele></trkpt>
    <trkpt lat="36.737660" lon="32.691405"><ele>1555.0</ele></trkpt>
    <trkpt lat="36.738648" lon="32.691490"><ele>1547.8</ele></trkpt>
    <trkpt lat="36.739355" lon="32.691684"><ele>1541.4</ele></trkpt>
    <trkpt lat="36.739557" lon="32.692074"><ele>1536.8</ele></trkpt>
    <trkpt lat="36.739229" lon="32.692672"><ele>1534.4</ele></trkpt>
    <trkpt lat="36.738543" lon="32.693408"><ele>1534.5</ele></trkpt>
    <trkpt lat="36.737807" lon="32.694164"><ele>1536.9</ele></trkpt>
    <trkpt lat="36.737341" lon="32.694815"><ele>1541.0</ele></trkpt>
    <trkpt lat="36.737355" lon="32.695279"><ele>1546.1</ele></trkpt>
    <trkpt lat="36.737874" lon="32.695546"><ele>1551.2</ele></trkpt>
    <trkpt lat="36.738732" lon="32.695682"><ele>1555.5</ele></trkpt>
    <trkpt lat="36.739637" lon="32.695799"><ele>1558.2</ele></trkpt>
    <trkpt lat="36.740287" lon="32.696016"><ele>1558.8</ele></trkpt>
    <trkpt lat="36.740483" lon="32.696409"><ele>1557.2</ele></trkpt>
    <trkpt lat="36.740203" lon="32.696987"><ele>1553.5</ele></trkpt>
    <trkpt lat="36.739606" lon="32.697689"><ele>1548.2</ele></trkpt>
    <trkpt lat="36.738966" lon="32.698408"><ele>1542.1</ele></trkpt>
    <trkpt lat="36.738564" lon="32.699033"><ele>1535.9</ele></trkpt>
    <trkpt lat="36.738587" lon="32.699494"><ele>1530.6</ele></trkpt>
    <trkpt lat="36.739052" lon="32.699782"><ele>1526.6</ele></trkpt>
    <trkpt lat="36.739812" lon="32.699956"><ele>1524.6</ele></trkpt>
    <trkpt lat="36.740611" lon="32.700114"><ele>1524.6</ele></trkpt>
    <trkpt lat="36.741187" lon="32.700359"><ele>1526.4</ele></trkpt>
    <trkpt lat="36.741372" lon="32.700757"><ele>1529.5</ele></trkpt>
    <trkpt lat="36.741151" lon="32.701312"><ele>1533.4</ele></trkpt>
    <trkpt lat="36.740661" lon="32.701973"><ele>1537.3</ele></trkpt>
    <trkpt lat="36.740137" lon="32.702646"><ele>1540.4</ele></trkpt>
    <trkpt lat="36.739817" lon="32.703240"><ele>1542.3</ele></trkpt>
    <trkpt lat="36.739853" lon="32.703695"><ele>1542.5</ele></trkpt>
    <trkpt lat="36.740257" lon="32.704008"><ele>1541.0</ele></trkpt>
    <trkpt lat="36.740901" lon="32.704226"><ele>1538.0</ele></trkpt>
    <trkpt lat="36.741573" lon="32.704434"><ele>1533.8</ele></trkpt>
    <trkpt lat="36.742061" lon="32.704714"><ele>1529.1</ele></trkpt>
    <trkpt lat="36.742230" lon="32.705117"><ele>1524.3</ele></trkpt>
    <trkpt lat="36.742074" lon="32.705647"><ele>1520.3</ele></trkpt>
    <trkpt lat="36.741707" lon="32.706260"><ele>1517.3</ele></trkpt>
    <trkpt lat="36.741318" lon="32.706881"><ele>1515.7</ele></trkpt>
    <trkpt lat="36.741093" lon="32.707438"><ele>1515.5</ele></trkpt>
    <trkpt lat="36.741147" lon="32.707886"><ele>1516.6</ele></trkpt>
    <trkpt lat="36.741483" lon="32.708225"><ele>1518.5</ele></trkpt>
    <trkpt lat="36.741998" lon="32.708494"><ele>1520.8</ele></trkpt>
    <trkpt lat="36.742528" lon="32.708757"><ele>1523.1</ele></trkpt>
    <trkpt lat="36.742914" lon="32.709076"><ele>1524.8</ele></trkpt>
    <trkpt lat="36.743063" lon="32.709487"><ele>1525.6</ele></trkpt>
    <trkpt lat="36.742977" lon="32.709990"><ele>1525.4</ele></trkpt>
    <trkpt lat="36.742745" lon="32.710550"><ele>1524.1</ele></trkpt>
    <trkpt lat="36.742505" lon="32.711113"><ele>1521.8</ele></trkpt>
    <trkpt lat="36.742387" lon="32.711628"><ele>1519.0</ele></trkpt>
    <trkpt lat="36.742464" lon="32.712068"><ele>1515.9</ele></trkpt>
    <trkpt lat="36.742728" lon="32.712434"><ele>1512.9</ele></trkpt>
    <trkpt lat="36.743103" lon="32.712758"><ele>1510.4</ele></trkpt>
    <trkpt lat="36.743478" lon="32.713081"><ele>1508.5</ele></trkpt>
    <trkpt lat="36.743753" lon="32.713444"><ele>1507.4</ele></trkpt>
    <trkpt lat="36.743877" lon="32.713865"><ele>1507.1</ele></trkpt>
    <trkpt lat="36.743863" lon="32.714340"><ele>1507.3</ele></trkpt>
    <trkpt lat="36.743774" lon="32.714844"><ele>1507.8</ele></trkpt>
    <trkpt lat="36.743694" lon="32.715345"><ele>1508.4</ele></trkpt>
    <trkpt lat="36.743691" lon="32.715815"><ele>1508.9</ele></trkpt>
    <trkpt lat="36.743795" lon="32.716244"><ele>1509.0</ele></trkpt>
    <trkpt lat="36.743987" lon="32.716639"><ele>1508.6</ele></trkpt>
    <trkpt lat="36.744217" lon="32.717019"><ele>1507.8</ele></trkpt>
    <trkpt lat="36.744428" lon="32.717406"><ele>1506.6</ele></trkpt>
    <trkpt lat="36.744585" lon="32.717814"><ele>1505.2</ele></trkpt>
    <trkpt lat="36.744680" lon="32.718247"><ele>1503.8</ele></trkpt>
    <trkpt lat="36.744739" lon="32.718693"><ele>1502.5</ele></trkpt>
    <trkpt lat="36.744796" lon="32.719140"><ele>1501.4</ele></trkpt>
    <trkpt lat="36.744881" lon="32.719577"><ele>1500.6</ele></trkpt>
    <trkpt lat="36.745000" lon="32.720000"><ele>1500.0</ele></trkpt>
    <trkpt lat="36.744749" lon="32.720322"><ele>1499.3</ele></trkpt>
    <trkpt lat="36.744507" lon="32.720654"><ele>1498.7</ele></trkpt>
    <trkpt lat="36.744288" lon="32.721011"><ele>1498.1</ele></trkpt>
    <trkpt lat="36.744093" lon="32.721393"><ele>1497.8</ele></trkpt>
    <trkpt lat="36.743905" lon="32.721783"><ele>1497.7</ele></trkpt>
    <trkpt lat="36.743698" lon="32.722153"><ele>1497.8</ele></trkpt>
    <trkpt lat="36.743450" lon="32.722478"><ele>1498.1</ele></trkpt>
    <trkpt lat="36.743154" lon="32.722752"><ele>1498.3</ele></trkpt>
    <trkpt lat="36.742829" lon="32.722994"><ele>1498.4</ele></trkpt>
    <trkpt lat="36.742509" lon="32.723244"><ele>1498.1</ele></trkpt>
    <trkpt lat="36.742238" lon="32.723544"><ele>1497.5</ele></trkpt>
    <trkpt lat="36.742040" lon="32.723923"><ele>1496.4</ele></trkpt>
    <trkpt lat="36.741914" lon="32.724379"><ele>1494.9</ele></trkpt>
    <trkpt lat="36.741824" lon="32.724873"><ele>1493.1</ele></trkpt>
    <trkpt lat="36.741713" lon="32.725346"><ele>1491.4</ele></trkpt>
    <trkpt lat="36.741528" lon="32.725738"><ele>1489.8</ele></trkpt>
    <trkpt lat="36.741236" lon="32.726017"><ele>1488.6</ele></trkpt>
    <trkpt lat="36.740848" lon="32.726193"><ele>1488.1</ele></trkpt>
    <trkpt lat="36.740419" lon="32.726324"><ele>1488.2</ele></trkpt>
    <trkpt lat="36.740022" lon="32.726491"><ele>1489.1</ele></trkpt>
    <trkpt lat="36.739730" lon="32.726768"><ele>1490.4</ele></trkpt>
    <trkpt lat="36.739575" lon="32.727194"><ele>1492.1</ele></trkpt>
    <trkpt lat="36.739538" lon="32.727746"><ele>1493.6</ele></trkpt>
    <trkpt lat="36.739551" lon="32.728350"><ele>1494.9</ele></trkpt>
    <trkpt lat="36.739517" lon="32.728905"><ele>1495.4</ele></trkpt>
    <trkpt lat="36.739352" lon="32.729319"><ele>1495.0</ele></trkpt>
    <trkpt lat="36.739018" lon="32.729553"><ele>1493.7</ele></trkpt>
    <trkpt lat="36.738543" lon="32.729635"><ele>1491.5</ele></trkpt>
    <trkpt lat="36.738013" lon="32.729658"><ele>1488.6</ele></trkpt>
    <trkpt lat="36.737541" lon="32.729745"><ele>1485.3</ele></trkpt>
    <trkpt lat="36.737228" lon="32.730000"><ele>1482.3</ele></trkpt>
    <trkpt lat="36.737113" lon="32.730468"><ele>1479.7</ele></trkpt>
    <trkpt lat="36.737163" lon="32.731112"><ele>1478.1</ele></trkpt>
    <trkpt lat="36.737274" lon="32.731822"><ele>1477.7</ele></trkpt>
    <trkpt lat="36.737313" lon="32.732455"><ele>1478.5</ele></trkpt>
    <trkpt lat="36.737169" lon="32.732892"><ele>1480.4</ele></trkpt>
    <trkpt lat="36.736796" lon="32.733083"><ele>1483.1</ele></trkpt>
    <trkpt lat="36.736237" lon="32.733076"><ele>1486.2</ele></trkpt>
    <trkpt lat="36.735612" lon="32.732997"><ele>1489.0</ele></trkpt>
    <trkpt lat="36.735069" lon="32.733008"><ele>1491.1</ele></trkpt>
    <trkpt lat="36.734735" lon="32.733241"><ele>1492.1</ele></trkpt>
    <trkpt lat="36.734658" lon="32.733750"><ele>1491.7</ele></trkpt>
    <trkpt lat="36.734788" lon="32.734480"><ele>1489.7</ele></trkpt>
    <trkpt lat="36.734991" lon="32.735288"><ele>1486.4</ele></trkpt>
    <trkpt lat="36.735099" lon="32.735995"><ele>1482.2</ele></trkpt>
    <trkpt lat="36.734975" lon="32.736453"><ele>1477.7</ele></trkpt>
    <trkpt lat="36.734566" lon="32.736606"><ele>1473.4</ele></trkpt>
    <trkpt lat="36.733931" lon="32.736517"><ele>1470.0</ele></trkpt>
    <trkpt lat="36.733216" lon="32.736343"><ele>1468.0</ele></trkpt>
    <trkpt lat="36.732608" lon="32.736282"><ele>1467.6</ele></trkpt>
    <trkpt lat="36.732254" lon="32.736495"><ele>1469.0</ele></trkpt>
    <trkpt lat="36.732211" lon="32.737040"><ele>1471.9</ele></trkpt>
    <trkpt lat="36.732415" lon="32.737849"><ele>1475.8</ele></trkpt>
    <trkpt lat="36.732702" lon="32.738747"><ele>1480.1</ele></trkpt>
    <trkpt lat="36.732874" lon="32.739522"><ele>1484.1</ele></trkpt>
    <trkpt lat="36.732768" lon="32.740000"><ele>1487.0</ele></trkpt>
    <trkpt lat="36.732328" lon="32.740119"><ele>1488.4</ele></trkpt>
    <trkpt lat="36.731622" lon="32.739955"><ele>1487.9</ele></trkpt>
    <trkpt lat="36.730828" lon="32.739696"><ele>1485.4</ele></trkpt>
    <trkpt lat="36.730159" lon="32.739571"><ele>1481.2</ele></trkpt>
    <trkpt lat="36.729788" lon="32.739764"><ele>1475.9</ele></trkpt>
    <trkpt lat="36.729774" lon="32.740341"><ele>1470.2</ele></trkpt>
    <trkpt lat="36.730043" lon="32.741220"><ele>1464.9</ele></trkpt>
    <trkpt lat="36.730406" lon="32.742199"><ele>1460.7</ele></trkpt>
    <trkpt lat="36.730634" lon="32.743034"><ele>1458.3</ele></trkpt>
    <trkpt lat="36.730546" lon="32.743531"><ele>1458.1</ele></trkpt>
    <trkpt lat="36.730078" lon="32.743620"><ele>1459.9</ele></trkpt>
    <trkpt lat="36.729312" lon="32.743391"><ele>1463.6</ele></trkpt>
    <trkpt lat="36.728447" lon="32.743057"><ele>1468.6</ele></trkpt>
    <trkpt lat="36.727725" lon="32.742875"><ele>1473.9</ele></trkpt>
    <trkpt lat="36.727338" lon="32.743051"><ele>1478.8</ele></trkpt>
    <trkpt lat="36.727350" lon="32.743655"><ele>1482.4</ele></trkpt>
    <trkpt lat="36.727675" lon="32.744594"><ele>1484.1</ele></trkpt>
    <trkpt lat="36.728102" lon="32.745643"><ele>1483.5</ele></trkpt>
    <trkpt lat="36.728379" lon="32.746530"><ele>1480.6</ele></trkpt>
    <trkpt lat="36.728306" lon="32.747042"><ele>1475.7</ele></trkpt>
    <trkpt lat="36.727815" lon="32.747107"><ele>1469.5</ele></trkpt>
    <trkpt lat="36.726998" lon="32.746824"><ele>1462.9</ele></trkpt>
    <trkpt lat="36.726074" lon="32.746426"><ele>1456.7</ele></trkpt>
    <trkpt lat="36.725308" lon="32.746197"><ele>1452.0</ele></trkpt>
    <trkpt lat="36.724906" lon="32.746358"><ele>1449.3</ele></trkpt>
    <trkpt lat="36.724939" lon="32.746984"><ele>1449.1</ele></trkpt>
    <trkpt lat="36.725310" lon="32.747972"><ele>1451.4</ele></trkpt>
    <trkpt lat="36.725790" lon="32.749077"><ele>1455.7</ele></trkpt>
    <trkpt lat="36.726107" lon="32.750007"><ele>1461.4</ele></trkpt>
    <trkpt lat="36.726047" lon="32.750533"><ele>1467.5</ele></trkpt>
    <trkpt lat="36.725537" lon="32.750579"><ele>1473.1</ele></trkpt>
    <trkpt lat="36.724680" lon="32.750252"><ele>1477.2</ele></trkpt>
    <trkpt lat="36.723709" lon="32.749805"><ele>1479.1</ele></trkpt>
    <trkpt lat="36.722908" lon="32.749538"><ele>1478.5</ele></trkpt>
    <trkpt lat="36.722495" lon="32.749687"><ele>1475.2</ele></trkpt>
    <trkpt lat="36.722543" lon="32.750330"><ele>1469.8</ele></trkpt>
    <trkpt lat="36.722949" lon="32.751355"><ele>1463.0</ele></trkpt>
    <trkpt lat="36.723470" lon="32.752503"><ele>1455.7</ele></trkpt>
    <trkpt lat="36.723817" lon="32.753465"><ele>1449.0</ele></trkpt>
    <trkpt lat="36.723766" lon="32.754002"><ele>1443.9</ele></trkpt>
    <trkpt lat="36.723244" lon="32.754034"><ele>1441.1</ele></trkpt>
    <trkpt lat="36.722357" lon="32.753676"><ele>1440.9</ele></trkpt>
    <trkpt lat="36.721353" lon="32.753192"><ele>1443.4</ele></trkpt>
    <trkpt lat="36.720527" lon="32.752898"><ele>1448.2</ele></trkpt>
    <trkpt lat="36.720106" lon="32.753039"><ele>1454.3</ele></trkpt>
    <trkpt lat="36.720164" lon="32.753692"><ele>1461.0</ele></trkpt>
    <trkpt lat="36.720593" lon="32.754742"><ele>1467.0</ele></trkpt>
    <trkpt lat="36.721141" lon="32.755919"><ele>1471.3</ele></trkpt>
    <trkpt lat="36.721508" lon="32.756903"><ele>1473.4</ele></trkpt>
    <trkpt lat="36.721464" lon="32.757447"><ele>1472.7</ele></trkpt>
    <trkpt lat="36.720934" lon="32.757471"><ele>1469.2</ele></trkpt>
    <trkpt lat="36.720030" lon="32.757094"><ele>1463.5</ele></trkpt>
    <trkpt lat="36.719006" lon="32.756589"><ele>1456.4</ele></trkpt>
    <trkpt lat="36.718165" lon="32.756280"><ele>1448.8</ele></trkpt>
    <trkpt lat="36.717738" lon="32.756414"><ele>1441.8</ele></trkpt>
    <trkpt lat="36.717802" lon="32.757073"><ele>1436.5</ele></trkpt>
    <trkpt lat="36.718242" lon="32.758136"><ele>1433.6</ele></trkpt>
    <trkpt lat="36.718803" lon="32.759326"><ele>1433.5</ele></trkpt>
    <trkpt lat="36.719179" lon="32.760320"><ele>1436.1</ele></trkpt>
    <trkpt lat="36.719139" lon="32.760867"><ele>1441.0</ele></trkpt>
    <trkpt lat="36.718607" lon="32.760889"><ele>1447.4</ele></trkpt>
    <trkpt lat="36.717697" lon="32.760506"><ele>1454.2</ele></trkpt>
    <trkpt lat="36.716667" lon="32.759995"><ele>1460.3</ele></trkpt>
    <trkpt lat="36.715822" lon="32.759682"><ele>1464.7</ele></trkpt>
    <trkpt lat="36.715394" lon="32.759815"><ele>1466.8</ele></trkpt>
    <trkpt lat="36.715457" lon="32.760473"><ele>1466.0</ele></trkpt>
    <trkpt lat="36.715897" lon="32.761535"><ele>1462.6</ele></trkpt>
    <trkpt lat="36.716456" lon="32.762724"><ele>1456.8</ele></trkpt>
    <trkpt lat="36.716831" lon="32.763716"><ele>1449.7</ele></trkpt>
    <trkpt lat="36.716791" lon="32.764263"><ele>1442.1</ele></trkpt>
    <trkpt lat="36.716262" lon="32.764288"><ele>1435.1</ele></trkpt>
    <trkpt lat="36.715358" lon="32.763912"><ele>1429.9</ele></trkpt>
    <trkpt lat="36.714337" lon="32.763410"><ele>1427.0</ele></trkpt>
    <trkpt lat="36.713499" lon="32.763104"><ele>1426.9</ele></trkpt>
    <trkpt lat="36.713073" lon="32.763240"><ele>1429.5</ele></trkpt>
    <trkpt lat="36.713130" lon="32.763892"><ele>1434.3</ele></trkpt>
    <trkpt lat="36.713558" lon="32.764940"><ele>1440.6</ele></trkpt>
    <trkpt lat="36.714102" lon="32.766113"><ele>1447.2</ele></trkpt>
    <trkpt lat="36.714464" lon="32.767091"><ele>1453.1</ele></trkpt>
    <trkpt lat="36.714420" lon="32.767635"><ele>1457.4</ele></trkpt>
    <trkpt lat="36.713899" lon="32.767668"><ele>1459.4</ele></trkpt>
    <trkpt lat="36.713014" lon="32.767312"><ele>1458.6</ele></trkpt>
    <trkpt lat="36.712015" lon="32.766834"><ele>1455.2</ele></trkpt>
    <trkpt lat="36.711195" lon="32.766548"><ele>1449.7</ele></trkpt>
    <trkpt lat="36.710774" lon="32.766689"><ele>1442.8</ele></trkpt>
    <trkpt lat="36.710821" lon="32.767330"><ele>1435.5</ele></trkpt>
    <trkpt lat="36.711225" lon="32.768352"><ele>1428.9</ele></trkpt>
    <trkpt lat="36.711739" lon="32.769493"><ele>1423.9</ele></trkpt>
    <trkpt lat="36.712078" lon="32.770447"><ele>1421.2</ele></trkpt>
    <trkpt lat="36.712026" lon="32.770982"><ele>1421.1</ele></trkpt>
    <trkpt lat="36.711518" lon="32.771029"><ele>1423.6</ele></trkpt>
    <trkpt lat="36.710663" lon="32.770705"><ele>1428.1</ele></trkpt>
    <trkpt lat="36.709700" lon="32.770266"><ele>1433.9</ele></trkpt>
    <trkpt lat="36.708909" lon="32.770010"><ele>1440.0</ele></trkpt>
    <trkpt lat="36.708498" lon="32.770161"><ele>1445.5</ele></trkpt>
    <trkpt lat="36.708529" lon="32.770786"><ele>1449.4</ele></trkpt>
    <trkpt lat="36.708898" lon="32.771771"><ele>1451.1</ele></trkpt>
    <trkpt lat="36.709369" lon="32.772866"><ele>1450.4</ele></trkpt>
    <trkpt lat="36.709674" lon="32.773783"><ele>1447.2</ele></trkpt>
    <trkpt lat="36.709612" lon="32.774307"><ele>1442.1</ele></trkpt>
    <trkpt lat="36.709121" lon="32.774373"><ele>1435.8</ele></trkpt>
    <trkpt lat="36.708306" lon="32.774092"><ele>1429.2</ele></trkpt>
    <trkpt lat="36.707393" lon="32.773706"><ele>1423.2</ele></trkpt>
    <trkpt lat="36.706640" lon="32.773491"><ele>1418.7</ele></trkpt>
    <trkpt lat="36.706242" lon="32.773656"><ele>1416.2</ele></trkpt>
    <trkpt lat="36.706254" lon="32.774260"><ele>1416.1</ele></trkpt>
    <trkpt lat="36.706576" lon="32.775196"><ele>1418.3</ele></trkpt>
    <trkpt lat="36.706992" lon="32.776231"><ele>1422.3</ele></trkpt>
    <trkpt lat="36.707254" lon="32.777102"><ele>1427.3</ele></trkpt>
    <trkpt lat="36.707177" lon="32.777610"><ele>1432.7</ele></trkpt>
    <trkpt lat="36.706708" lon="32.777699"><ele>1437.4</ele></trkpt>
    <trkpt lat="36.705944" lon="32.777473"><ele>1440.8</ele></trkpt>
    <trkpt lat="36.705092" lon="32.777152"><ele>1442.2</ele></trkpt>
    <trkpt lat="36.704387" lon="32.776989"><ele>1441.4</ele></trkpt>
    <trkpt lat="36.704005" lon="32.777171"><ele>1438.6</ele></trkpt>
    <trkpt lat="36.703994" lon="32.777750"><ele>1434.1</ele></trkpt>
    <trkpt lat="36.704261" lon="32.778626"><ele>1428.6</ele></trkpt>
    <trkpt lat="36.704610" lon="32.779590"><ele>1422.9</ele></trkpt>
    <trkpt lat="36.704819" lon="32.780405"><ele>1417.8</ele></trkpt>
    <trkpt lat="36.704724" lon="32.780894"><ele>1414.0</ele></trkpt>
    <trkpt lat="36.704280" lon="32.781010"><ele>1411.9</ele></trkpt>
    <trkpt lat="36.703576" lon="32.780848"><ele>1411.8</ele></trkpt>
    <trkpt lat="36.702796" lon="32.780604"><ele>1413.6</ele></trkpt>
    <trkpt lat="36.702149" lon="32.780503"><ele>1416.8</ele></trkpt>
    <trkpt lat="36.701786" lon="32.780705"><ele>1420.9</ele></trkpt>
    <trkpt lat="36.701748" lon="32.781255"><ele>1425.2</ele></trkpt>
    <trkpt lat="36.701950" lon="32.782063"><ele>1429.0</ele></trkpt>
    <trkpt lat="36.702222" lon="32.782944"><ele>1431.6</ele></trkpt>
    <trkpt lat="36.702370" lon="32.783693"><ele>1432.6</ele></trkpt>
    <trkpt lat="36.702254" lon="32.784160"><ele>1431.8</ele></trkpt>
    <trkpt lat="36.701839" lon="32.784306"><ele>1429.5</ele></trkpt>
    <trkpt lat="36.701203" lon="32.784217"><ele>1425.8</ele></trkpt>
    <trkpt lat="36.700505" lon="32.784062"><ele>1421.4</ele></trkpt>
    <trkpt lat="36.699923" lon="32.784029"><ele>1416.8</ele></trkpt>
    <trkpt lat="36.699582" lon="32.784256"><ele>1412.8</ele></trkpt>
    <trkpt lat="36.699514" lon="32.784773"><ele>1409.8</ele></trkpt>
    <trkpt lat="36.699645" lon="32.785504"><ele>1408.2</ele></trkpt>
    <trkpt lat="36.699830" lon="32.786293"><ele>1408.0</ele></trkpt>
    <trkpt lat="36.699910" lon="32.786969"><ele>1409.3</ele></trkpt>
    <trkpt lat="36.699770" lon="32.787411"><ele>1411.7</ele></trkpt>
    <trkpt lat="36.699386" lon="32.787591"><ele>1414.6</ele></trkpt>
    <trkpt lat="36.698825" lon="32.787581"><ele>1417.7</ele></trkpt>
    <trkpt lat="36.698218" lon="32.787523"><ele>1420.3</ele></trkpt>
    <trkpt lat="36.697707" lon="32.787567"><ele>1421.9</ele></trkpt>
    <trkpt lat="36.697391" lon="32.787820"><ele>1422.5</ele></trkpt>
    <trkpt lat="36.697290" lon="32.788303"><ele>1421.8</ele></trkpt>
    <trkpt lat="36.697344" lon="32.788951"><ele>1419.9</ele></trkpt>
    <trkpt lat="36.697435" lon="32.789639"><ele>1417.2</ele></trkpt>
    <trkpt lat="36.697440" lon="32.790235"><ele>1414.0</ele></trkpt>
    <trkpt lat="36.697275" lon="32.790649"><ele>1410.8</ele></trkpt>
    <trkpt lat="36.696924" lon="32.790865"><ele>1408.0</ele></trkpt>
    <trkpt lat="36.696444" lon="32.790942"><ele>1406.0</ele></trkpt>
    <trkpt lat="36.695934" lon="32.790987"><ele>1404.9</ele></trkpt>
    <trkpt lat="36.695499" lon="32.791113"><ele>1404.7</ele></trkpt>
    <trkpt lat="36.695210" lon="32.791395"><ele>1405.4</ele></trkpt>
    <trkpt lat="36.695075" lon="32.791841"><ele>1406.8</ele></trkpt>
    <trkpt lat="36.695046" lon="32.792401"><ele>1408.4</ele></trkpt>
    <trkpt lat="36.695037" lon="32.792982"><ele>1410.0</ele></trkpt>
    <trkpt lat="36.694964" lon="32.793494"><ele>1411.3</ele></trkpt>
    <trkpt lat="36.694771" lon="32.793879"><ele>1412.0</ele></trkpt>
    <trkpt lat="36.694455" lon="32.794132"><ele>1412.0</ele></trkpt>
    <trkpt lat="36.694059" lon="32.794299"><ele>1411.3</ele></trkpt>
    <trkpt lat="36.693651" lon="32.794453"><ele>1410.0</ele></trkpt>
    <trkpt lat="36.693298" lon="32.794666"><ele>1408.4</ele></trkpt>
    <trkpt lat="36.693036" lon="32.794977"><ele>1406.6</ele></trkpt>
    <trkpt lat="36.692866" lon="32.795386"><ele>1404.8</ele></trkpt>
    <trkpt lat="36.692751" lon="32.795854"><ele>1403.4</ele></trkpt>
    <trkpt lat="36.692639" lon="32.796324"><ele>1402.4</ele></trkpt>
    <trkpt lat="36.692483" lon="32.796748"><ele>1401.8</ele></trkpt>
    <trkpt lat="36.692261" lon="32.797102"><ele>1401.7</ele></trkpt>
    <trkpt lat="36.691981" lon="32.797393"><ele>1401.8</ele></trkpt>
    <trkpt lat="36.691672" lon="32.797653"><ele>1402.0</ele></trkpt>
    <trkpt lat="36.691369" lon="32.797920"><ele>1402.3</ele></trkpt>
    <trkpt lat="36.691099" lon="32.798222"><ele>1402.4</ele></trkpt>
    <trkpt lat="36.690867" lon="32.798565"><ele>1402.3</ele></trkpt>
    <trkpt lat="36.690661" lon="32.798935"><ele>1401.9</ele></trkpt>
    <trkpt lat="36.690458" lon="32.799309"><ele>1401.3</ele></trkpt>
    <trkpt lat="36.690240" lon="32.799666"><ele>1400.7</ele></trkpt>
    <trkpt lat="36.690000" lon="32.800000"><ele>1400.0</ele></trkpt>
    <trkpt lat="36.689810" lon="32.800381"><ele>1399.5</ele></trkpt>
    <trkpt lat="36.689613" lon="32.800756"><ele>1398.9</ele></trkpt>
    <trkpt lat="36.689393" lon="32.801111"><ele>1398.0</ele></trkpt>
    <trkpt lat="36.689147" lon="32.801443"><ele>1397.0</ele></trkpt>
    <trkpt lat="36.688890" lon="32.801765"><ele>1396.0</ele></trkpt>
    <trkpt lat="36.688650" lon="32.802101"><ele>1394.9</ele></trkpt>
    <trkpt lat="36.688450" lon="32.802474"><ele>1394.1</ele></trkpt>
    <trkpt lat="36.688301" lon="32.802891"><ele>1393.6</ele></trkpt>
    <trkpt lat="36.688187" lon="32.803339"><ele>1393.4</ele></trkpt>
    <trkpt lat="36.688072" lon="32.803787"><ele>1393.5</ele></trkpt>
    <trkpt lat="36.687914" lon="32.804196"><ele>1393.8</ele></trkpt>
    <trkpt lat="36.687681" lon="32.804539"><ele>1394.3</ele></trkpt>
    <trkpt lat="36.687372" lon="32.804815"><ele>1394.6</ele></trkpt>
    <trkpt lat="36.687017" lon="32.805051"><ele>1394.7</ele></trkpt>
    <trkpt lat="36.686674" lon="32.805297"><ele>1394.3</ele></trkpt>
    <trkpt lat="36.686401" lon="32.805605"><ele>1393.3</ele></trkpt>
    <trkpt lat="36.686236" lon="32.806009"><ele>1391.8</ele></trkpt>
    <trkpt lat="36.686175" lon="32.806503"><ele>1389.8</ele></trkpt>
    <trkpt lat="36.686168" lon="32.807046"><ele>1387.5</ele></trkpt>
    <trkpt lat="36.686140" lon="32.807570"><ele>1385.2</ele></trkpt>
    <trkpt lat="36.686014" lon="32.808007"><ele>1383.1</ele></trkpt>
    <trkpt lat="36.685748" lon="32.808321"><ele>1381.5</ele></trkpt>
    <trkpt lat="36.685352" lon="32.808521"><ele>1380.7</ele></trkpt>
    <trkpt lat="36.684891" lon="32.808663"><ele>1380.7</ele></trkpt>
    <trkpt lat="36.684462" lon="32.808834"><ele>1381.6</ele></trkpt>
    <trkpt lat="36.684157" lon="32.809113"><ele>1383.0</ele></trkpt>
    <trkpt lat="36.684024" lon="32.809545"><ele>1384.8</ele></trkpt>
    <trkpt lat="36.684048" lon="32.810114"><ele>1386.5</ele></trkpt>
    <trkpt lat="36.684146" lon="32.810749"><ele>1387.9</ele></trkpt>
    <trkpt lat="36.684202" lon="32.811347"><ele>1388.5</ele></trkpt>
    <trkpt lat="36.684109" lon="32.811813"><ele>1388.1</ele></trkpt>
    <trkpt lat="36.683812" lon="32.812100"><ele>1386.6</ele></trkpt>
    <trkpt lat="36.683333" lon="32.812227"><ele>1384.1</ele></trkpt>
    <trkpt lat="36.682770" lon="32.812280"><ele>1380.8</ele></trkpt>
    <trkpt lat="36.682258" lon="32.812377"><ele>1377.1</ele></trkpt>
    <trkpt lat="36.681920" lon="32.812628"><ele>1373.5</ele></trkpt>
    <trkpt lat="36.681817" lon="32.813085"><ele>1370.4</ele></trkpt>
    <trkpt lat="36.681920" lon="32.813725"><ele>1368.4</ele></trkpt>
    <trkpt lat="36.682118" lon="32.814447"><ele>1367.5</ele></trkpt>
    <trkpt lat="36.682255" lon="32.815117"><ele>1368.1</ele></trkpt>
    <trkpt lat="36.682195" lon="32.815612"><ele>1369.8</ele></trkpt>
    <trkpt lat="36.681869" lon="32.815874"><ele>1372.5</ele></trkpt>
    <trkpt lat="36.681314" lon="32.815933"><ele>1375.6</ele></trkpt>
    <trkpt lat="36.680655" lon="32.815901"><ele>1378.6</ele></trkpt>
    <trkpt lat="36.680064" lon="32.815928"><ele>1380.9</ele></trkpt>
    <trkpt lat="36.679694" lon="32.816151"><ele>1382.0</ele></trkpt>
    <trkpt lat="36.679617" lon="32.816632"><ele>1381.6</ele></trkpt>
    <trkpt lat="36.679794" lon="32.817336"><ele>1379.6</ele></trkpt>
    <trkpt lat="36.680084" lon="32.818140"><ele>1376.2</ele></trkpt>
    <trkpt lat="36.680298" lon="32.818877"><ele>1371.7</ele></trkpt>
    <trkpt lat="36.680269" lon="32.819400"><ele>1366.8</ele></trkpt>
    <trkpt lat="36.679919" lon="32.819641"><ele>1362.0</ele></trkpt>
    <trkpt lat="36.679293" lon="32.819638"><ele>1358.1</ele></trkpt>
    <trkpt lat="36.678545" lon="32.819527"><ele>1355.5</ele></trkpt>
    <trkpt lat="36.677880" lon="32.819490"><ele>1354.7</ele></trkpt>
    <trkpt lat="36.677479" lon="32.819685"><ele>1355.7</ele></trkpt>
    <trkpt lat="36.677426" lon="32.820186"><ele>1358.3</ele></trkpt>
    <trkpt lat="36.677669" lon="32.820950"><ele>1362.1</ele></trkpt>
    <trkpt lat="36.678044" lon="32.821828"><ele>1366.3</ele></trkpt>
    <trkpt lat="36.678329" lon="32.822627"><ele>1370.4</ele></trkpt>
    <trkpt lat="36.678329" lon="32.823177"><ele>1373.5</ele></trkpt>
    <trkpt lat="36.677959" lon="32.823399"><ele>1375.1</ele></trkpt>
    <trkpt lat="36.677270" lon="32.823340"><ele>1374.7</ele></trkpt>
    <trkpt lat="36.676441" lon="32.823159"><ele>1372.3</ele></trkpt>
    <trkpt lat="36.675710" lon="32.823063"><ele>1368.1</ele></trkpt>
    <trkpt lat="36.675280" lon="32.823233"><ele>1362.7</ele></trkpt>
    <trkpt lat="36.675246" lon="32.823751"><ele>1356.6</ele></trkpt>
    <trkpt lat="36.675548" lon="32.824566"><ele>1350.9</ele></trkpt>
    <trkpt lat="36.675998" lon="32.825511"><ele>1346.2</ele></trkpt>
    <trkpt lat="36.676345" lon="32.826365"><ele>1343.2</ele></trkpt>
    <trkpt lat="36.676374" lon="32.826939"><ele>1342.4</ele></trkpt>
    <trkpt lat="36.675986" lon="32.827146"><ele>1343.7</ele></trkpt>
    <trkpt lat="36.675243" lon="32.827040"><ele>1347.0</ele></trkpt>
    <trkpt lat="36.674345" lon="32.826797"><ele>1351.7</ele></trkpt>
    <trkpt lat="36.673554" lon="32.826649"><ele>1356.9</ele></trkpt>
    <trkpt lat="36.673098" lon="32.826796"><ele>1361.9</ele></trkpt>
    <trkpt lat="36.673079" lon="32.827327"><ele>1365.7</ele></trkpt>
    <trkpt lat="36.673431" lon="32.828185"><ele>1367.6</ele></trkpt>
    <trkpt lat="36.673945" lon="32.829187"><ele>1367.3</ele></trkpt>
    <trkpt lat="36.674347" lon="32.830090"><ele>1364.5</ele></trkpt>
    <trkpt lat="36.674401" lon="32.830685"><ele>1359.8</ele></trkpt>
    <trkpt lat="36.673999" lon="32.830880"><ele>1353.5</ele></trkpt>
    <trkpt lat="36.673211" lon="32.830735"><ele>1346.6</ele></trkpt>
    <trkpt lat="36.672254" lon="32.830440"><ele>1340.1</ele></trkpt>
    <trkpt lat="36.671414" lon="32.830248"><ele>1334.8</ele></trkpt>
    <trkpt lat="36.670935" lon="32.830375"><ele>1331.5</ele></trkpt>
    <trkpt lat="36.670927" lon="32.830916"><ele>1330.6</ele></trkpt>
    <trkpt lat="36.671319" lon="32.831810"><ele>1332.2</ele></trkpt>
    <trkpt lat="36.671886" lon="32.832858"><ele>1336.0</ele></trkpt>
    <trkpt lat="36.672333" lon="32.833800"><ele>1341.4</ele></trkpt>
    <trkpt lat="36.672408" lon="32.834414"><ele>1347.4</ele></trkpt>
    <trkpt lat="36.671997" lon="32.834601"><ele>1353.0</ele></trkpt>
    <trkpt lat="36.671174" lon="32.834425"><ele>1357.3</ele></trkpt>
    <trkpt lat="36.670170" lon="32.834089"><ele>1359.5</ele></trkpt>
    <trkpt lat="36.669290" lon="32.833862"><ele>1359.2</ele></trkpt>
    <trkpt lat="36.668792" lon="32.833972"><ele>1356.2</ele></trkpt>
    <trkpt lat="36.668791" lon="32.834520"><ele>1351.0</ele></trkpt>
    <trkpt lat="36.669213" lon="32.835440"><ele>1344.2</ele></trkpt>
    <trkpt lat="36.669820" lon="32.836523"><ele>1336.7</ele></trkpt>
    <trkpt lat="36.670302" lon="32.837496"><ele>1329.7</ele></trkpt>
    <trkpt lat="36.670394" lon="32.838125"><ele>1324.0</ele></trkpt>
    <trkpt lat="36.669978" lon="32.838307"><ele>1320.4</ele></trkpt>
    <trkpt lat="36.669130" lon="32.838109"><ele>1319.5</ele></trkpt>
    <trkpt lat="36.668093" lon="32.837744"><ele>1321.3</ele></trkpt>
    <trkpt lat="36.667183" lon="32.837491"><ele>1325.4</ele></trkpt>
    <trkpt lat="36.666670" lon="32.837588"><ele>1331.2</ele></trkpt>
    <trkpt lat="36.666673" lon="32.838139"><ele>1337.7</ele></trkpt>
    <trkpt lat="36.667114" lon="32.839076"><ele>1343.7</ele></trkpt>
    <trkpt lat="36.667748" lon="32.840183"><ele>1348.3</ele></trkpt>
    <trkpt lat="36.668254" lon="32.841177"><ele>1350.7</ele></trkpt>
    <trkpt lat="36.668358" lon="32.841817"><ele>1350.4</ele></trkpt>
    <trkpt lat="36.667940" lon="32.841997"><ele>1347.3</ele></trkpt>
    <trkpt lat="36.667079" lon="32.841787"><ele>1341.9</ele></trkpt>
    <trkpt lat="36.666022" lon="32.841404"><ele>1334.8</ele></trkpt>
    <trkpt lat="36.665094" lon="32.841135"><ele>1327.0</ele></trkpt>
    <trkpt lat="36.664570" lon="32.841223"><ele>1319.6</ele></trkpt>
    <trkpt lat="36.664573" lon="32.841774"><ele>1313.7</ele></trkpt>
    <trkpt lat="36.665023" lon="32.842719"><ele>1310.1</ele></trkpt>
    <trkpt lat="36.665670" lon="32.843837"><ele>1309.2</ele></trkpt>
    <trkpt lat="36.666188" lon="32.844842"><ele>1311.0</ele></trkpt>
    <trkpt lat="36.666300" lon="32.845489"><ele>1315.3</ele></trkpt>
    <trkpt lat="36.665884" lon="32.845670"><ele>1321.2</ele></trkpt>
    <trkpt lat="36.665019" lon="32.845457"><ele>1327.8</ele></trkpt>
    <trkpt lat="36.663956" lon="32.845069"><ele>1334.0</ele></trkpt>
    <trkpt lat="36.663022" lon="32.844795"><ele>1338.7</ele></trkpt>
    <trkpt lat="36.662493" lon="32.844878"><ele>1341.1</ele></trkpt>
    <trkpt lat="36.662493" lon="32.845426"><ele>1340.8</ele></trkpt>
    <trkpt lat="36.662941" lon="32.846369"><ele>1337.8</ele></trkpt>
    <trkpt lat="36.663587" lon="32.847486"><ele>1332.3</ele></trkpt>
    <trkpt lat="36.664105" lon="32.848491"><ele>1325.2</ele></trkpt>
    <trkpt lat="36.664220" lon="32.849141"><ele>1317.4</ele></trkpt>
    <trkpt lat="36.663808" lon="32.849327"><ele>1310.0</ele></trkpt>
    <trkpt lat="36.662951" lon="32.849120"><ele>1304.1</ele></trkpt>
    <trkpt lat="36.661896" lon="32.848739"><ele>1300.5</ele></trkpt>
    <trkpt lat="36.660967" lon="32.848470"><ele>1299.6</ele></trkpt>
    <trkpt lat="36.660439" lon="32.848553"><ele>1301.4</ele></trkpt>
    <trkpt lat="36.660432" lon="32.849095"><ele>1305.6</ele></trkpt>
    <trkpt lat="36.660867" lon="32.850027"><ele>1311.4</ele></trkpt>
    <trkpt lat="36.661498" lon="32.851131"><ele>1317.9</ele></trkpt>
    <trkpt lat="36.662005" lon="32.852126"><ele>1323.9</ele></trkpt>
    <trkpt lat="36.662117" lon="32.852773"><ele>1328.5</ele></trkpt>
    <trkpt lat="36.661714" lon="32.852966"><ele>1330.8</ele></trkpt>
    <trkpt lat="36.660874" lon="32.852775"><ele>1330.5</ele></trkpt>
    <trkpt lat="36.659840" lon="32.852414"><ele>1327.5</ele></trkpt>
    <trkpt lat="36.658929" lon="32.852160"><ele>1322.2</ele></trkpt>
    <trkpt lat="36.658407" lon="32.852248"><ele>1315.4</ele></trkpt>
    <trkpt lat="36.658390" lon="32.852782"><ele>1307.9</ele></trkpt>
    <trkpt lat="36.658802" lon="32.853693"><ele>1300.8</ele></trkpt>
    <trkpt lat="36.659405" lon="32.854772"><ele>1295.1</ele></trkpt>
    <trkpt lat="36.659889" lon="32.855746"><ele>1291.7</ele></trkpt>
    <trkpt lat="36.659991" lon="32.856385"><ele>1290.8</ele></trkpt>
    <trkpt lat="36.659599" lon="32.856589"><ele>1292.5</ele></trkpt>
    <trkpt lat="36.658787" lon="32.856422"><ele>1296.4</ele></trkpt>
    <trkpt lat="36.657789" lon="32.856091"><ele>1301.8</ele></trkpt>
    <trkpt lat="36.656907" lon="32.855863"><ele>1307.8</ele></trkpt>
    <trkpt lat="36.656396" lon="32.855962"><ele>1313.4</ele></trkpt>
    <trkpt lat="36.656367" lon="32.856485"><ele>1317.7</ele></trkpt>
    <trkpt lat="36.656747" lon="32.857367"><ele>1319.8</ele></trkpt>
    <trkpt lat="36.657308" lon="32.858410"><ele>1319.5</ele></trkpt>
    <trkpt lat="36.657757" lon="32.859353"><ele>1316.7</ele></trkpt>
    <trkpt lat="36.657845" lon="32.859980"><ele>1311.7</ele></trkpt>
    <trkpt lat="36.657466" lon="32.860194"><ele>1305.3</ele></trkpt>
    <trkpt lat="36.656692" lon="32.860061"><ele>1298.4</ele></trkpt>
    <trkpt lat="36.655742" lon="32.859773"><ele>1291.9</ele></trkpt>
    <trkpt lat="36.654900" lon="32.859580"><ele>1286.7</ele></trkpt>
    <trkpt lat="36.654406" lon="32.859693"><ele>1283.5</ele></trkpt>
    <trkpt lat="36.654363" lon="32.860204"><ele>1282.6</ele></trkpt>
    <trkpt lat="36.654701" lon="32.861050"><ele>1284.1</ele></trkpt>
    <trkpt lat="36.655208" lon="32.862045"><ele>1287.6</ele></trkpt>
    <trkpt lat="36.655610" lon="32.862947"><ele>1292.4</ele></trkpt>
    <trkpt lat="36.655679" lon="32.863556"><ele>1297.7</ele></trkpt>
    <trkpt lat="36.655316" lon="32.863785"><ele>1302.6</ele></trkpt>
    <trkpt lat="36.654587" lon="32.863691"><ele>1306.3</ele></trkpt>
    <trkpt lat="36.653697" lon="32.863456"><ele>1308.1</ele></trkpt>
    <trkpt lat="36.652907" lon="32.863309"><ele>1307.7</ele></trkpt>
    <trkpt lat="36.652435" lon="32.863442"><ele>1305.2</ele></trkpt>
    <trkpt lat="36.652376" lon="32.863938"><ele>1300.8</ele></trkpt>
    <trkpt lat="36.652664" lon="32.864740"><ele>1295.1</ele></trkpt>
    <trkpt lat="36.653105" lon="32.865677"><ele>1289.1</ele></trkpt>
    <trkpt lat="36.653451" lon="32.866530"><ele>1283.4</ele></trkpt>
    <trkpt lat="36.653495" lon="32.867117"><ele>1278.8</ele></trkpt>
    <trkpt lat="36.653148" lon="32.867360"><ele>1276.0</ele></trkpt>
    <trkpt lat="36.652473" lon="32.867314"><ele>1275.2</ele></trkpt>
    <trkpt lat="36.651654" lon="32.867142"><ele>1276.4</ele></trkpt>
    <trkpt lat="36.650926" lon="32.867048"><ele>1279.2</ele></trkpt>
    <trkpt lat="36.650482" lon="32.867206"><ele>1283.2</ele></trkpt>
    <trkpt lat="36.650405" lon="32.867686"><ele>1287.6</ele></trkpt>
    <trkpt lat="36.650635" lon="32.868438"><ele>1291.6</ele></trkpt>
    <trkpt lat="36.651000" lon="32.869308"><ele>1294.5</ele></trkpt>
    <trkpt lat="36.651280" lon="32.870103"><ele>1295.9</ele></trkpt>
    <trkpt lat="36.651294" lon="32.870663"><ele>1295.4</ele></trkpt>
    <trkpt lat="36.650966" lon="32.870922"><ele>1293.2</ele></trkpt>
    <trkpt lat="36.650352" lon="32.870930"><ele>1289.4</ele></trkpt>
    <trkpt lat="36.649613" lon="32.870829"><ele>1284.8</ele></trkpt>
    <trkpt lat="36.648955" lon="32.870797"><ele>1279.7</ele></trkpt>
    <trkpt lat="36.648544" lon="32.870983"><ele>1275.1</ele></trkpt>
    <trkpt lat="36.648448" lon="32.871447"><ele>1271.3</ele></trkpt>
    <trkpt lat="36.648615" lon="32.872143"><ele>1269.0</ele></trkpt>
    <trkpt lat="36.648895" lon="32.872937"><ele>1268.3</ele></trkpt>
    <trkpt lat="36.649100" lon="32.873667"><ele>1269.1</ele></trkpt>
    <trkpt lat="36.649079" lon="32.874196"><ele>1271.2</ele></trkpt>
    <trkpt lat="36.648770" lon="32.874473"><ele>1274.2</ele></trkpt>
    <trkpt lat="36.648222" lon="32.874539"><ele>1277.4</ele></trkpt>
    <trkpt lat="36.647573" lon="32.874516"><ele>1280.2</ele></trkpt>
    <trkpt lat="36.646993" lon="32.874554"><ele>1282.3</ele></trkpt>
    <trkpt lat="36.646619" lon="32.874773"><ele>1283.1</ele></trkpt>
    <trkpt lat="36.646504" lon="32.875220"><ele>1282.6</ele></trkpt>
    <trkpt lat="36.646601" lon="32.875854"><ele>1280.7</ele></trkpt>
    <trkpt lat="36.646788" lon="32.876567"><ele>1277.8</ele></trkpt>
    <trkpt lat="36.646912" lon="32.877224"><ele>1274.2</ele></trkpt>
    <trkpt lat="36.646852" lon="32.877719"><ele>1270.4</ele></trkpt>
    <trkpt lat="36.646562" lon="32.878013"><ele>1266.9</ele></trkpt>
    <trkpt lat="36.646086" lon="32.878142"><ele>1264.2</ele></trkpt>
    <trkpt lat="36.645533" lon="32.878204"><ele>1262.4</ele></trkpt>
    <trkpt lat="36.645038" lon="32.878317"><ele>1261.8</ele></trkpt>
    <trkpt lat="36.644705" lon="32.878571"><ele>1262.2</ele></trkpt>
    <trkpt lat="36.644570" lon="32.879001"><ele>1263.5</ele></trkpt>
    <trkpt lat="36.644595" lon="32.879571"><ele>1265.3</ele></trkpt>
    <trkpt lat="36.644682" lon="32.880196"><ele>1267.2</ele></trkpt>
    <trkpt lat="36.644718" lon="32.880776"><ele>1268.8</ele></trkpt>
    <trkpt lat="36.644615" lon="32.881234"><ele>1269.8</ele></trkpt>
    <trkpt lat="36.644345" lon="32.881545"><ele>1270.0</ele></trkpt>
    <trkpt lat="36.643943" lon="32.881739"><ele>1269.4</ele></trkpt>
    <trkpt lat="36.643493" lon="32.881891"><ele>1267.9</ele></trkpt>
    <trkpt lat="36.643088" lon="32.882083"><ele>1265.9</ele></trkpt>
    <trkpt lat="36.642799" lon="32.882377"><ele>1263.5</ele></trkpt>
    <trkpt lat="36.642644" lon="32.882789"><ele>1261.1</ele></trkpt>
    <trkpt lat="36.642593" lon="32.883293"><ele>1258.9</ele></trkpt>
    <trkpt lat="36.642576" lon="32.883826"><ele>1257.3</ele></trkpt>
    <trkpt lat="36.642520" lon="32.884325"><ele>1256.2</ele></trkpt>
    <trkpt lat="36.642372" lon="32.884743"><ele>1255.6</ele></trkpt>
    <trkpt lat="36.642121" lon="32.885070"><ele>1255.6</ele></trkpt>
    <trkpt lat="36.641796" lon="32.885333"><ele>1256.0</ele></trkpt>
    <trkpt lat="36.641452" lon="32.885578"><ele>1256.5</ele></trkpt>
    <trkpt lat="36.641141" lon="32.885853"><ele>1257.0</ele></trkpt>
    <trkpt lat="36.640898" lon="32.886187"><ele>1257.2</ele></trkpt>
    <trkpt lat="36.640725" lon="32.886583"><ele>1257.1</ele></trkpt>
    <trkpt lat="36.640596" lon="32.887018"><ele>1256.7</ele></trkpt>
    <trkpt lat="36.640472" lon="32.887457"><ele>1255.9</ele></trkpt>
    <trkpt lat="36.640320" lon="32.887872"><ele>1254.9</ele></trkpt>
    <trkpt lat="36.640124" lon="32.888248"><ele>1253.8</ele></trkpt>
    <trkpt lat="36.639892" lon="32.888592"><ele>1252.7</ele></trkpt>
    <trkpt lat="36.639646" lon="32.888923"><ele>1251.8</ele></trkpt>
    <trkpt lat="36.639409" lon="32.889263"><ele>1251.0</ele></trkpt>
    <trkpt lat="36.639195" lon="32.889623"><ele>1250.4</ele></trkpt>
    <trkpt lat="36.639000" lon="32.890000"><ele>1250.0</ele></trkpt>
    <trkpt lat="36.638828" lon="32.890394"><ele>1247.3</ele></trkpt>
    <trkpt lat="36.638674" lon="32.890799"><ele>1244.6</ele></trkpt>
    <trkpt lat="36.638551" lon="32.891222"><ele>1242.1</ele></trkpt>
    <trkpt lat="36.638449" lon="32.891658"><ele>1239.8</ele></trkpt>
    <trkpt lat="36.638342" lon="32.892090"><ele>1237.7</ele></trkpt>
    <trkpt lat="36.638197" lon="32.892500"><ele>1235.9</ele></trkpt>
    <trkpt lat="36.637996" lon="32.892878"><ele>1234.1</ele></trkpt>
    <trkpt lat="36.637747" lon="32.893227"><ele>1232.2</ele></trkpt>
    <trkpt lat="36.637483" lon="32.893567"><ele>1230.0</ele></trkpt>
    <trkpt lat="36.637254" lon="32.893928"><ele>1227.5</ele></trkpt>
    <trkpt lat="36.637103" lon="32.894335"><ele>1224.6</ele></trkpt>
    <trkpt lat="36.637045" lon="32.894796"><ele>1221.2</ele></trkpt>
    <trkpt lat="36.637054" lon="32.895297"><ele>1217.5</ele></trkpt>
    <trkpt lat="36.637071" lon="32.895802"><ele>1213.6</ele></trkpt>
    <trkpt lat="36.637023" lon="32.896269"><ele>1209.8</ele></trkpt>
    <trkpt lat="36.636857" lon="32.896667"><ele>1206.4</ele></trkpt>
    <trkpt lat="36.636562" lon="32.896989"><ele>1203.5</ele></trkpt>
    <trkpt lat="36.636182" lon="32.897261"><ele>1201.3</ele></trkpt>
    <trkpt lat="36.635801" lon="32.897533"><ele>1199.8</ele></trkpt>
    <trkpt lat="36.635512" lon="32.897859"><ele>1199.0</ele></trkpt>
    <trkpt lat="36.635382" lon="32.898278"><ele>1198.5</ele></trkpt>
    <trkpt lat="36.635417" lon="32.898793"><ele>1198.2</ele></trkpt>
    <trkpt lat="36.635555" lon="32.899370"><ele>1197.6</ele></trkpt>
    <trkpt lat="36.635687" lon="32.899942"><ele>1196.4</ele></trkpt>
    <trkpt lat="36.635698" lon="32.900444"><ele>1194.4</ele></trkpt>
    <trkpt lat="36.635511" lon="32.900830"><ele>1191.5</ele></trkpt>
    <trkpt lat="36.635126" lon="32.901099"><ele>1187.5</ele></trkpt>
    <trkpt lat="36.634620" lon="32.901297"><ele>1182.7</ele></trkpt>
    <trkpt lat="36.634125" lon="32.901502"><ele>1177.4</ele></trkpt>
    <trkpt lat="36.633780" lon="32.901795"><ele>1172.1</ele></trkpt>
    <trkpt lat="36.633669" lon="32.902226"><ele>1167.1</ele></trkpt>
    <trkpt lat="36.633792" lon="32.902793"><ele>1163.0</ele></trkpt>
    <trkpt lat="36.634053" lon="32.903441"><ele>1159.9</ele></trkpt>
    <trkpt lat="36.634295" lon="32.904078"><ele>1158.2</ele></trkpt>
    <trkpt lat="36.634362" lon="32.904613"><ele>1157.7</ele></trkpt>
    <trkpt lat="36.634156" lon="32.904988"><ele>1158.2</ele></trkpt>
    <trkpt lat="36.633685" lon="32.905206"><ele>1159.2</ele></trkpt>
    <trkpt lat="36.633060" lon="32.905335"><ele>1160.3</ele></trkpt>
    <trkpt lat="36.632459" lon="32.905478"><ele>1160.9</ele></trkpt>
    <trkpt lat="36.632059" lon="32.905738"><ele>1160.4</ele></trkpt>
    <trkpt lat="36.631967" lon="32.906180"><ele>1158.5</ele></trkpt>
    <trkpt lat="36.632172" lon="32.906795"><ele>1155.1</ele></trkpt>
    <trkpt lat="36.632547" lon="32.907510"><ele>1150.2</ele></trkpt>
    <trkpt lat="36.632892" lon="32.908208"><ele>1144.2</ele></trkpt>
    <trkpt lat="36.633011" lon="32.908773"><ele>1137.5</ele></trkpt>
    <trkpt lat="36.632788" lon="32.909138"><ele>1130.8</ele></trkpt>
    <trkpt lat="36.632238" lon="32.909310"><ele>1124.8</ele></trkpt>
    <trkpt lat="36.631504" lon="32.909374"><ele>1120.0</ele></trkpt>
    <trkpt lat="36.630805" lon="32.909460"><ele>1116.8</ele></trkpt>
    <trkpt lat="36.630356" lon="32.909691"><ele>1115.5</ele></trkpt>
    <trkpt lat="36.630280" lon="32.910142"><ele>1115.8</ele></trkpt>
    <trkpt lat="36.630560" lon="32.910802"><ele>1117.5</ele></trkpt>
    <trkpt lat="36.631039" lon="32.911578"><ele>1119.9</ele></trkpt>
    <trkpt lat="36.631476" lon="32.912330"><ele>1122.2</ele></trkpt>
    <trkpt lat="36.631642" lon="32.912922"><ele>1123.7</ele></trkpt>
    <trkpt lat="36.631404" lon="32.913278"><ele>1123.9</ele></trkpt>
    <trkpt lat="36.630784" lon="32.913409"><ele>1122.1</ele></trkpt>
    <trkpt lat="36.629951" lon="32.913416"><ele>1118.3</ele></trkpt>
    <trkpt lat="36.629165" lon="32.913450"><ele>1112.6</ele></trkpt>
    <trkpt lat="36.628672" lon="32.913656"><ele>1105.5</ele></trkpt>
    <trkpt lat="36.628610" lon="32.914115"><ele>1097.6</ele></trkpt>
    <trkpt lat="36.628956" lon="32.914814"><ele>1089.8</ele></trkpt>
    <trkpt lat="36.629526" lon="32.915643"><ele>1082.8</ele></trkpt>
    <trkpt lat="36.630045" lon="32.916443"><ele>1077.5</ele></trkpt>
    <trkpt lat="36.630252" lon="32.917059"><ele>1074.3</ele></trkpt>
    <trkpt lat="36.630001" lon="32.917407"><ele>1073.3</ele></trkpt>
    <trkpt lat="36.629319" lon="32.917503"><ele>1074.4</ele></trkpt>
    <trkpt lat="36.628403" lon="32.917460"><ele>1077.0</ele></trkpt>
    <trkpt lat="36.627542" lon="32.917450"><ele>1080.4</ele></trkpt>
    <trkpt lat="36.627011" lon="32.917634"><ele>1083.8</ele></trkpt>
    <trkpt lat="36.626962" lon="32.918101"><ele>1086.1</ele></trkpt>
    <trkpt lat="36.627363" lon="32.918832"><ele>1086.7</ele></trkpt>
    <trkpt lat="36.628010" lon="32.919706"><ele>1085.0</ele></trkpt>
    <trkpt lat="36.628597" lon="32.920545"><ele>1080.9</ele></trkpt>
    <trkpt lat="36.628838" lon="32.921182"><ele>1074.5</ele></trkpt>
    <trkpt lat="36.628575" lon="32.921523"><ele>1066.6</ele></trkpt>
    <trkpt lat="36.627843" lon="32.921589"><ele>1057.8</ele></trkpt>
    <trkpt lat="36.626858" lon="32.921507"><ele>1049.1</ele></trkpt>
    <trkpt lat="36.625936" lon="32.921461"><ele>1041.5</ele></trkpt>
    <trkpt lat="36.625375" lon="32.921627"><ele>1035.8</ele></trkpt>
    <trkpt lat="36.625336" lon="32.922100"><ele>1032.5</ele></trkpt>
    <trkpt lat="36.625782" lon="32.922856"><ele>1031.8</ele></trkpt>
    <trkpt lat="36.626489" lon="32.923766"><ele>1033.4</ele></trkpt>
    <trkpt lat="36.627129" lon="32.924637"><ele>1036.7</ele></trkpt>
    <trkpt lat="36.627397" lon="32.925289"><ele>1040.9</ele></trkpt>
    <trkpt lat="36.627125" lon="32.925625"><ele>1045.0</ele></trkpt>
    <trkpt lat="36.626355" lon="32.925669"><ele>1047.8</ele></trkpt>
    <trkpt lat="36.625318" lon="32.925556"><ele>1048.7</ele></trkpt>
    <trkpt lat="36.624351" lon="32.925484"><ele>1047.1</ele></trkpt>
    <trkpt lat="36.623767" lon="32.925636"><ele>1042.7</ele></trkpt>
    <trkpt lat="36.623735" lon="32.926113"><ele>1036.0</ele></trkpt>
    <trkpt lat="36.624214" lon="32.926889"><ele>1027.4</ele></trkpt>
    <trkpt lat="36.624964" lon="32.927824"><ele>1018.0</ele></trkpt>
    <trkpt lat="36.625642" lon="32.928717"><ele>1008.8</ele></trkpt>
    <trkpt lat="36.625927" lon="32.929380"><ele>1000.8</ele></trkpt>
    <trkpt lat="36.625650" lon="32.929712"><ele>994.9</ele></trkpt>
    <trkpt lat="36.624854" lon="32.929740"><ele>991.6</ele></trkpt>
    <trkpt lat="36.623782" lon="32.929607"><ele>991.1</ele></trkpt>
    <trkpt lat="36.622785" lon="32.929518"><ele>993.0</ele></trkpt>
    <trkpt lat="36.622188" lon="32.929663"><ele>996.7</ele></trkpt>
    <trkpt lat="36.622161" lon="32.930142"><ele>1001.4</ele></trkpt>
    <trkpt lat="36.622659" lon="32.930930"><ele>1005.8</ele></trkpt>
    <trkpt lat="36.623435" lon="32.931880"><ele>1008.9</ele></trkpt>
    <trkpt lat="36.624133" lon="32.932785"><ele>1009.9</ele></trkpt>
    <trkpt lat="36.624428" lon="32.933453"><ele>1008.2</ele></trkpt>
    <trkpt lat="36.624147" lon="32.933783"><ele>1003.8</ele></trkpt>
    <trkpt lat="36.623338" lon="32.933804"><ele>996.8</ele></trkpt>
    <trkpt lat="36.622250" lon="32.933661"><ele>988.0</ele></trkpt>
    <trkpt lat="36.621241" lon="32.933565"><ele>978.4</ele></trkpt>
    <trkpt lat="36.620639" lon="32.933706"><ele>969.0</ele></trkpt>
    <trkpt lat="36.620614" lon="32.934187"><ele>960.8</ele></trkpt>
    <trkpt lat="36.621119" lon="32.934979"><ele>954.9</ele></trkpt>
    <trkpt lat="36.621902" lon="32.935933"><ele>951.6</ele></trkpt>
    <trkpt lat="36.622604" lon="32.936840"><ele>951.1</ele></trkpt>
    <trkpt lat="36.622899" lon="32.937508"><ele>953.2</ele></trkpt>
    <trkpt lat="36.622617" lon="32.937838"><ele>957.0</ele></trkpt>
    <trkpt lat="36.621807" lon="32.937858"><ele>961.7</ele></trkpt>
    <trkpt lat="36.620722" lon="32.937717"><ele>966.1</ele></trkpt>
    <trkpt lat="36.619718" lon="32.937624"><ele>969.2</ele></trkpt>
    <trkpt lat="36.619120" lon="32.937768"><ele>970.2</ele></trkpt>
    <trkpt lat="36.619095" lon="32.938249"><ele>968.5</ele></trkpt>
    <trkpt lat="36.619594" lon="32.939036"><ele>964.0</ele></trkpt>
    <trkpt lat="36.620364" lon="32.939983"><ele>957.1</ele></trkpt>
    <trkpt lat="36.621053" lon="32.940883"><ele>948.3</ele></trkpt>
    <trkpt lat="36.621340" lon="32.941546"><ele>938.8</ele></trkpt>
    <trkpt lat="36.621059" lon="32.941877"><ele>929.5</ele></trkpt>
    <trkpt lat="36.620262" lon="32.941905"><ele>921.6</ele></trkpt>
    <trkpt lat="36.619198" lon="32.941776"><ele>915.8</ele></trkpt>
    <trkpt lat="36.618216" lon="32.941695"><ele>912.6</ele></trkpt>
    <trkpt lat="36.617631" lon="32.941847"><ele>912.1</ele></trkpt>
    <trkpt lat="36.617604" lon="32.942326"><ele>914.0</ele></trkpt>
    <trkpt lat="36.618083" lon="32.943103"><ele>917.6</ele></trkpt>
    <trkpt lat="36.618823" lon="32.944032"><ele>921.9</ele></trkpt>
    <trkpt lat="36.619482" lon="32.944913"><ele>926.0</ele></trkpt>
    <trkpt lat="36.619751" lon="32.945567"><ele>928.9</ele></trkpt>
    <trkpt lat="36.619474" lon="32.945899"><ele>929.6</ele></trkpt>
    <trkpt lat="36.618703" lon="32.945942"><ele>927.8</ele></trkpt>
    <trkpt lat="36.617678" lon="32.945836"><ele>923.4</ele></trkpt>
    <trkpt lat="36.616734" lon="32.945778"><ele>916.7</ele></trkpt>
    <trkpt lat="36.616171" lon="32.945943"><ele>908.3</ele></trkpt>
    <trkpt lat="36.616139" lon="32.946420"><ele>899.3</ele></trkpt>
    <trkpt lat="36.616587" lon="32.947177"><ele>890.5</ele></trkpt>
    <trkpt lat="36.617279" lon="32.948078"><ele>883.0</ele></trkpt>
    <trkpt lat="36.617891" lon="32.948933"><ele>877.5</ele></trkpt>
    <trkpt lat="36.618134" lon="32.949570"><ele>874.4</ele></trkpt>
    <trkpt lat="36.617862" lon="32.949906"><ele>873.8</ele></trkpt>
    <trkpt lat="36.617129" lon="32.949971"><ele>875.3</ele></trkpt>
    <trkpt lat="36.616161" lon="32.949899"><ele>878.4</ele></trkpt>
    <trkpt lat="36.615272" lon="32.949873"><ele>882.1</ele></trkpt>
    <trkpt lat="36.614739" lon="32.950055"><ele>885.6</ele></trkpt>
    <trkpt lat="36.614700" lon="32.950528"><ele>887.8</ele></trkpt>
    <trkpt lat="36.615104" lon="32.951260"><ele>888.2</ele></trkpt>
    <trkpt lat="36.615731" lon="32.952123"><ele>886.2</ele></trkpt>
    <trkpt lat="36.616281" lon="32.952941"><ele>882.0</ele></trkpt>
    <trkpt lat="36.616490" lon="32.953558"><ele>875.7</ele></trkpt>
    <trkpt lat="36.616226" lon="32.953899"><ele>868.1</ele></trkpt>
    <trkpt lat="36.615542" lon="32.953993"><ele>859.9</ele></trkpt>
    <trkpt lat="36.614647" lon="32.953963"><ele>851.9</ele></trkpt>
    <trkpt lat="36.613827" lon="32.953978"><ele>845.1</ele></trkpt>
    <trkpt lat="36.613332" lon="32.954183"><ele>840.1</ele></trkpt>
    <trkpt lat="36.613285" lon="32.954650"><ele>837.1</ele></trkpt>
    <trkpt lat="36.613634" lon="32.955350"><ele>836.3</ele></trkpt>
    <trkpt lat="36.614181" lon="32.956166"><ele>837.3</ele></trkpt>
    <trkpt lat="36.614655" lon="32.956939"><ele>839.5</ele></trkpt>
    <trkpt lat="36.614821" lon="32.957532"><ele>842.3</ele></trkpt>
    <trkpt lat="36.614568" lon="32.957878"><ele>844.7</ele></trkpt>
    <trkpt lat="36.613943" lon="32.958007"><ele>846.2</ele></trkpt>
    <trkpt lat="36.613136" lon="32.958029"><ele>846.0</ele></trkpt>
    <trkpt lat="36.612398" lon="32.958092"><ele>843.9</ele></trkpt>
    <trkpt lat="36.611949" lon="32.958324"><ele>839.9</ele></trkpt>
    <trkpt lat="36.611891" lon="32.958785"><ele>834.3</ele></trkpt>
    <trkpt lat="36.612176" lon="32.959447"><ele>827.6</ele></trkpt>
    <trkpt lat="36.612628" lon="32.960208"><ele>820.5</ele></trkpt>
    <trkpt lat="36.613013" lon="32.960929"><ele>813.6</ele></trkpt>
    <trkpt lat="36.613131" lon="32.961493"><ele>807.8</ele></trkpt>
    <trkpt lat="36.612889" lon="32.961846"><ele>803.3</ele></trkpt>
    <trkpt lat="36.612333" lon="32.962015"><ele>800.5</ele></trkpt>
    <trkpt lat="36.611627" lon="32.962096"><ele>799.4</ele></trkpt>
    <trkpt lat="36.610984" lon="32.962215"><ele>799.7</ele></trkpt>
    <trkpt lat="36.610586" lon="32.962477"><ele>800.8</ele></trkpt>
    <trkpt lat="36.610516" lon="32.962931"><ele>802.4</ele></trkpt>
    <trkpt lat="36.610728" lon="32.963550"><ele>803.6</ele></trkpt>
    <trkpt lat="36.611073" lon="32.964248"><ele>804.0</ele></trkpt>
    <trkpt lat="36.611359" lon="32.964911"><ele>803.2</ele></trkpt>
    <trkpt lat="36.611422" lon="32.965443"><ele>800.9</ele></trkpt>
    <trkpt lat="36.611193" lon="32.965804"><ele>797.2</ele></trkpt>
    <trkpt lat="36.610714" lon="32.966018"><ele>792.4</ele></trkpt>
    <trkpt lat="36.610119" lon="32.966165"><ele>786.9</ele></trkpt>
    <trkpt lat="36.609581" lon="32.966344"><ele>781.1</ele></trkpt>
    <trkpt lat="36.609240" lon="32.966639"><ele>775.6</ele></trkpt>
    <trkpt lat="36.609156" lon="32.967085"><ele>770.8</ele></trkpt>
    <trkpt lat="36.609288" lon="32.967658"><ele>767.1</ele></trkpt>
    <trkpt lat="36.609517" lon="32.968288"><ele>764.5</ele></trkpt>
    <trkpt lat="36.609694" lon="32.968886"><ele>763.0</ele></trkpt>
    <trkpt lat="36.609699" lon="32.969384"><ele>762.4</ele></trkpt>
    <trkpt lat="36.609483" lon="32.969753"><ele>762.3</ele></trkpt>
    <trkpt lat="36.609087" lon="32.970016"><ele>762.4</ele></trkpt>
    <trkpt lat="36.608613" lon="32.970233"><ele>762.2</ele></trkpt>
    <trkpt lat="36.608187" lon="32.970479"><ele>761.5</ele></trkpt>
    <trkpt lat="36.607907" lon="32.970810"><ele>759.9</ele></trkpt>
    <trkpt lat="36.607808" lon="32.971247"><ele>757.4</ele></trkpt>
    <trkpt lat="36.607855" lon="32.971770"><ele>754.2</ele></trkpt>
    <trkpt lat="36.607960" lon="32.972327"><ele>750.3</ele></trkpt>
    <trkpt lat="36.608021" lon="32.972858"><ele>746.0</ele></trkpt>
    <trkpt lat="36.607964" lon="32.973319"><ele>741.8</ele></trkpt>
    <trkpt lat="36.607764" lon="32.973697"><ele>737.8</ele></trkpt>
    <trkpt lat="36.607455" lon="32.974011"><ele>734.2</ele></trkpt>
    <trkpt lat="36.607107" lon="32.974303"><ele>731.2</ele></trkpt>
    <trkpt lat="36.606799" lon="32.974617"><ele>728.8</ele></trkpt>
    <trkpt lat="36.606583" lon="32.974985"><ele>726.9</ele></trkpt>
    <trkpt lat="36.606468" lon="32.975414"><ele>725.4</ele></trkpt>
    <trkpt lat="36.606426" lon="32.975884"><ele>724.0</ele></trkpt>
    <trkpt lat="36.606402" lon="32.976365"><ele>722.5</ele></trkpt>
    <trkpt lat="36.606344" lon="32.976826"><ele>720.8</ele></trkpt>
    <trkpt lat="36.606221" lon="32.977250"><ele>718.7</ele></trkpt>
    <trkpt lat="36.606037" lon="32.977637"><ele>716.4</ele></trkpt>
    <trkpt lat="36.605819" lon="32.978004"><ele>713.7</ele></trkpt>
    <trkpt lat="36.605602" lon="32.978372"><ele>710.8</ele></trkpt>
    <trkpt lat="36.605415" lon="32.978758"><ele>707.9</ele></trkpt>
    <trkpt lat="36.605264" lon="32.979164"><ele>705.1</ele></trkpt>
    <trkpt lat="36.605133" lon="32.979583"><ele>702.5</ele></trkpt>
    <trkpt lat="36.605000" lon="32.980000"><ele>700.0</ele></trkpt>
    <trkpt lat="36.604976" lon="32.980447"><ele>698.4</ele></trkpt>
    <trkpt lat="36.604985" lon="32.980898"><ele>696.6</ele></trkpt>
    <trkpt lat="36.605004" lon="32.981349"><ele>694.8</ele></trkpt>
    <trkpt lat="36.604996" lon="32.981798"><ele>693.3</ele></trkpt>
    <trkpt lat="36.604932" lon="32.982242"><ele>692.0</ele></trkpt>
    <trkpt lat="36.604811" lon="32.982679"><ele>691.0</ele></trkpt>
    <trkpt lat="36.604663" lon="32.983115"><ele>690.4</ele></trkpt>
    <trkpt lat="36.604544" lon="32.983553"><ele>690.0</ele></trkpt>
    <trkpt lat="36.604507" lon="32.983999"><ele>689.6</ele></trkpt>
    <trkpt lat="36.604577" lon="32.984455"><ele>689.1</ele></trkpt>
    <trkpt lat="36.604733" lon="32.984920"><ele>688.2</ele></trkpt>
    <trkpt lat="36.604907" lon="32.985387"><ele>686.7</ele></trkpt>
    <trkpt lat="36.605013" lon="32.985847"><ele>684.6</ele></trkpt>
    <trkpt lat="36.604982" lon="32.986293"><ele>681.8</ele></trkpt>
    <trkpt lat="36.604794" lon="32.986725"><ele>678.7</ele></trkpt>
    <trkpt lat="36.604495" lon="32.987145"><ele>675.3</ele></trkpt>
    <trkpt lat="36.604184" lon="32.987565"><ele>672.1</ele></trkpt>
    <trkpt lat="36.603980" lon="32.987995"><ele>669.4</ele></trkpt>
    <trkpt lat="36.603967" lon="32.988443"><ele>667.4</ele></trkpt>
    <trkpt lat="36.604160" lon="32.988911"><ele>666.4</ele></trkpt>
    <trkpt lat="36.604490" lon="32.989393"><ele>666.3</ele></trkpt>
    <trkpt lat="36.604823" lon="32.989875"><ele>667.1</ele></trkpt>
    <trkpt lat="36.605012" lon="32.990343"><ele>668.4</ele></trkpt>
    <trkpt lat="36.604957" lon="32.990787"><ele>669.9</ele></trkpt>
    <trkpt lat="36.604648" lon="32.991207"><ele>671.1</ele></trkpt>
    <trkpt lat="36.604179" lon="32.991611"><ele>671.4</ele></trkpt>
    <trkpt lat="36.603715" lon="32.992016"><ele>670.7</ele></trkpt>
    <trkpt lat="36.603432" lon="32.992438"><ele>668.7</ele></trkpt>
    <trkpt lat="36.603443" lon="32.992888"><ele>665.3</ele></trkpt>
    <trkpt lat="36.603753" lon="32.993368"><ele>661.0</ele></trkpt>
    <trkpt lat="36.604246" lon="32.993866"><ele>655.9</ele></trkpt>
    <trkpt lat="36.604726" lon="32.994362"><ele>650.8</ele></trkpt>
    <trkpt lat="36.604990" lon="32.994837"><ele>646.2</ele></trkpt>
    <trkpt lat="36.604911" lon="32.995279"><ele>642.6</ele></trkpt>
    <trkpt lat="36.604490" lon="32.995688"><ele>640.5</ele></trkpt>
    <trkpt lat="36.603865" lon="32.996077"><ele>640.0</ele></trkpt>
    <trkpt lat="36.603262" lon="32.996468"><ele>641.1</ele></trkpt>
    <trkpt lat="36.602907" lon="32.996883"><ele>643.4</ele></trkpt>
    <trkpt lat="36.602942" lon="32.997336"><ele>646.5</ele></trkpt>
    <trkpt lat="36.603359" lon="32.997826"><ele>649.6</ele></trkpt>
    <trkpt lat="36.604000" lon="32.998338"><ele>652.0</ele></trkpt>
    <trkpt lat="36.604611" lon="32.998847"><ele>653.2</ele></trkpt>
    <trkpt lat="36.604941" lon="32.999329"><ele>652.6</ele></trkpt>
    <trkpt lat="36.604839" lon="32.999768"><ele>650.0</ele></trkpt>
    <trkpt lat="36.604317" lon="33.000167"><ele>645.7</ele></trkpt>
    <trkpt lat="36.603554" lon="33.000543"><ele>639.8</ele></trkpt>
    <trkpt lat="36.602829" lon="33.000922"><ele>633.2</ele></trkpt>
    <trkpt lat="36.602415" lon="33.001332"><ele>626.6</ele></trkpt>
    <trkpt lat="36.602472" lon="33.001787"><ele>620.9</ele></trkpt>
    <trkpt lat="36.602983" lon="33.002286"><ele>616.6</ele></trkpt>
    <trkpt lat="36.603751" lon="33.002810"><ele>614.4</ele></trkpt>
    <trkpt lat="36.604473" lon="33.003330"><ele>614.4</ele></trkpt>
    <trkpt lat="36.604857" lon="33.003817"><ele>616.4</ele></trkpt>
    <trkpt lat="36.604733" lon="33.004254"><ele>620.0</ele></trkpt>
    <trkpt lat="36.604125" lon="33.004645"><ele>624.5</ele></trkpt>
    <trkpt lat="36.603247" lon="33.005010"><ele>628.9</ele></trkpt>
    <trkpt lat="36.602422" lon="33.005379"><ele>632.3</ele></trkpt>
    <trkpt lat="36.601960" lon="33.005784"><ele>634.0</ele></trkpt>
    <trkpt lat="36.602038" lon="33.006241"><ele>633.5</ele></trkpt>
    <trkpt lat="36.602626" lon="33.006748"><ele>630.5</ele></trkpt>
    <trkpt lat="36.603497" lon="33.007282"><ele>625.3</ele></trkpt>
    <trkpt lat="36.604307" lon="33.007810"><ele>618.4</ele></trkpt>
    <trkpt lat="36.604732" lon="33.008301"><ele>610.6</ele></trkpt>
    <trkpt lat="36.604589" lon="33.008737"><ele>602.9</ele></trkpt>
    <trkpt lat="36.603912" lon="33.009121"><ele>596.3</ele></trkpt>
    <trkpt lat="36.602945" lon="33.009477"><ele>591.7</ele></trkpt>
    <trkpt lat="36.602044" lon="33.009839"><ele>589.4</ele></trkpt>
    <trkpt lat="36.601549" lon="33.010241"><ele>589.7</ele></trkpt>
    <trkpt lat="36.601644" lon="33.010699"><ele>592.5</ele></trkpt>
    <trkpt lat="36.602292" lon="33.011212"><ele>597.0</ele></trkpt>
    <trkpt lat="36.603238" lon="33.011753"><ele>602.3</ele></trkpt>
    <trkpt lat="36.604110" lon="33.012287"><ele>607.6</ele></trkpt>
    <trkpt lat="36.604561" lon="33.012781"><ele>611.6</ele></trkpt>
    <trkpt lat="36.604402" lon="33.013215"><ele>613.7</ele></trkpt>
    <trkpt lat="36.603677" lon="33.013594"><ele>613.1</ele></trkpt>
    <trkpt lat="36.602649" lon="33.013944"><ele>609.8</ele></trkpt>
    <trkpt lat="36.601700" lon="33.014302"><ele>604.1</ele></trkpt>
    <trkpt lat="36.601185" lon="33.014702"><ele>596.5</ele></trkpt>
    <trkpt lat="36.601295" lon="33.015162"><ele>588.1</ele></trkpt>
    <trkpt lat="36.601981" lon="33.015678"><ele>579.8</ele></trkpt>
    <trkpt lat="36.602972" lon="33.016224"><ele>572.8</ele></trkpt>
    <trkpt lat="36.603879" lon="33.016761"><ele>568.0</ele></trkpt>
    <trkpt lat="36.604341" lon="33.017256"><ele>565.8</ele></trkpt>
    <trkpt lat="36.604170" lon="33.017689"><ele>566.3</ele></trkpt>
    <trkpt lat="36.603417" lon="33.018066"><ele>569.4</ele></trkpt>
    <trkpt lat="36.602359" lon="33.018413"><ele>574.4</ele></trkpt>
    <trkpt lat="36.601390" lon="33.018768"><ele>580.1</ele></trkpt>
    <trkpt lat="36.600872" lon="33.019168"><ele>585.7</ele></trkpt>
    <trkpt lat="36.600992" lon="33.019629"><ele>589.9</ele></trkpt>
    <trkpt lat="36.601695" lon="33.020147"><ele>592.0</ele></trkpt>
    <trkpt lat="36.602700" lon="33.020694"><ele>591.3</ele></trkpt>
    <trkpt lat="36.603611" lon="33.021232"><ele>587.9</ele></trkpt>
    <trkpt lat="36.604070" lon="33.021726"><ele>582.0</ele></trkpt>
    <trkpt lat="36.603891" lon="33.022158"><ele>574.2</ele></trkpt>
    <trkpt lat="36.603132" lon="33.022534"><ele>565.7</ele></trkpt>
    <trkpt lat="36.602076" lon="33.022882"><ele>557.4</ele></trkpt>
    <trkpt lat="36.601117" lon="33.023238"><ele>550.4</ele></trkpt>
    <trkpt lat="36.600610" lon="33.023639"><ele>545.7</ele></trkpt>
    <trkpt lat="36.600736" lon="33.024100"><ele>543.5</ele></trkpt>
    <trkpt lat="36.601432" lon="33.024618"><ele>544.2</ele></trkpt>
    <trkpt lat="36.602420" lon="33.025163"><ele>547.3</ele></trkpt>
    <trkpt lat="36.603308" lon="33.025699"><ele>552.2</ele></trkpt>
    <trkpt lat="36.603748" lon="33.026191"><ele>557.8</ele></trkpt>
    <trkpt lat="36.603565" lon="33.026623"><ele>563.1</ele></trkpt>
    <trkpt lat="36.602824" lon="33.027001"><ele>567.1</ele></trkpt>
    <trkpt lat="36.601801" lon="33.027351"><ele>568.9</ele></trkpt>
    <trkpt lat="36.600880" lon="33.027712"><ele>568.1</ele></trkpt>
    <trkpt lat="36.600398" lon="33.028114"><ele>564.7</ele></trkpt>
    <trkpt lat="36.600525" lon="33.028576"><ele>558.9</ele></trkpt>
    <trkpt lat="36.601194" lon="33.029091"><ele>551.5</ele></trkpt>
    <trkpt lat="36.602132" lon="33.029631"><ele>543.4</ele></trkpt>
    <trkpt lat="36.602969" lon="33.030162"><ele>535.6</ele></trkpt>
    <trkpt lat="36.603376" lon="33.030651"><ele>529.1</ele></trkpt>
    <trkpt lat="36.603195" lon="33.031083"><ele>524.7</ele></trkpt>
    <trkpt lat="36.602493" lon="33.031465"><ele>522.8</ele></trkpt>
    <trkpt lat="36.601534" lon="33.031822"><ele>523.4</ele></trkpt>
    <trkpt lat="36.600678" lon="33.032188"><ele>526.1</ele></trkpt>
    <trkpt lat="36.600236" lon="33.032595"><ele>530.4</ele></trkpt>
    <trkpt lat="36.600358" lon="33.033057"><ele>535.3</ele></trkpt>
    <trkpt lat="36.600977" lon="33.033566"><ele>539.9</ele></trkpt>
    <trkpt lat="36.601837" lon="33.034099"><ele>543.1</ele></trkpt>
    <trkpt lat="36.602595" lon="33.034622"><ele>544.5</ele></trkpt>
    <trkpt lat="36.602957" lon="33.035107"><ele>543.5</ele></trkpt>
    <trkpt lat="36.602782" lon="33.035540"><ele>540.3</ele></trkpt>
    <trkpt lat="36.602140" lon="33.035927"><ele>535.0</ele></trkpt>
    <trkpt lat="36.601275" lon="33.036293"><ele>528.4</ele></trkpt>
    <trkpt lat="36.600508" lon="33.036668"><ele>521.2</ele></trkpt>
    <trkpt lat="36.600119" lon="33.037080"><ele>514.5</ele></trkpt>
    <trkpt lat="36.600232" lon="33.037541"><ele>508.8</ele></trkpt>
    <trkpt lat="36.600781" lon="33.038044"><ele>505.0</ele></trkpt>
    <trkpt lat="36.601534" lon="33.038566"><ele>503.3</ele></trkpt>
    <trkpt lat="36.602191" lon="33.039080"><ele>503.6</ele></trkpt>
    <trkpt lat="36.602494" lon="33.039559"><ele>505.7</ele></trkpt>
    <trkpt lat="36.602332" lon="33.039992"><ele>509.0</ele></trkpt>
    <trkpt lat="36.601769" lon="33.040388"><ele>512.7</ele></trkpt>
    <trkpt lat="36.601022" lon="33.040765"><ele>516.0</ele></trkpt>
    <trkpt lat="36.600369" lon="33.041151"><ele>518.3</ele></trkpt>
    <trkpt lat="36.600042" lon="33.041569"><ele>518.9</ele></trkpt>
    <trkpt lat="36.600141" lon="33.042028"><ele>517.8</ele></trkpt>
    <trkpt lat="36.600601" lon="33.042523"><ele>514.8</ele></trkpt>
    <trkpt lat="36.601224" lon="33.043033"><ele>510.3</ele></trkpt>
    <trkpt lat="36.601758" lon="33.043534"><ele>504.9</ele></trkpt>
    <trkpt lat="36.601995" lon="33.044007"><ele>499.2</ele></trkpt>
    <trkpt lat="36.601849" lon="33.044442"><ele>493.9</ele></trkpt>
    <trkpt lat="36.601382" lon="33.044846"><ele>489.4</ele></trkpt>
    <trkpt lat="36.600776" lon="33.045237"><ele>486.4</ele></trkpt>
    <trkpt lat="36.600255" lon="33.045636"><ele>484.9</ele></trkpt>
    <trkpt lat="36.599999" lon="33.046061"><ele>484.8</ele></trkpt>
    <trkpt lat="36.600079" lon="33.046519"><ele>486.0</ele></trkpt>
    <trkpt lat="36.600436" lon="33.047003"><ele>487.9</ele></trkpt>
    <trkpt lat="36.600909" lon="33.047498"><ele>490.0</ele></trkpt>
    <trkpt lat="36.601302" lon="33.047986"><ele>491.7</ele></trkpt>
    <trkpt lat="36.601465" lon="33.048451"><ele>492.6</ele></trkpt>
    <trkpt lat="36.601339" lon="33.048889"><ele>492.4</ele></trkpt>
    <trkpt lat="36.600983" lon="33.049304"><ele>491.1</ele></trkpt>
    <trkpt lat="36.600536" lon="33.049710"><ele>488.5</ele></trkpt>
    <trkpt lat="36.600161" lon="33.050124"><ele>485.1</ele></trkpt>
    <trkpt lat="36.599983" lon="33.050556"><ele>481.3</ele></trkpt>
    <trkpt lat="36.600040" lon="33.051011"><ele>477.3</ele></trkpt>
    <trkpt lat="36.600281" lon="33.051484"><ele>473.7</ele></trkpt>
    <trkpt lat="36.600587" lon="33.051964"><ele>470.7</ele></trkpt>
    <trkpt lat="36.600829" lon="33.052437"><ele>468.5</ele></trkpt>
    <trkpt lat="36.600911" lon="33.052894"><ele>467.2</ele></trkpt>
    <trkpt lat="36.600811" lon="33.053334"><ele>466.7</ele></trkpt>
    <trkpt lat="36.600576" lon="33.053761"><ele>466.7</ele></trkpt>
    <trkpt lat="36.600301" lon="33.054184"><ele>467.0</ele></trkpt>
    <trkpt lat="36.600083" lon="33.054612"><ele>467.2</ele></trkpt>
    <trkpt lat="36.599986" lon="33.055053"><ele>467.0</ele></trkpt>
    <trkpt lat="36.600016" lon="33.055505"><ele>466.5</ele></trkpt>
    <trkpt lat="36.600132" lon="33.055966"><ele>465.4</ele></trkpt>
    <trkpt lat="36.600262" lon="33.056428"><ele>463.8</ele></trkpt>
    <trkpt lat="36.600344" lon="33.056886"><ele>461.8</ele></trkpt>
    <trkpt lat="36.600344" lon="33.057336"><ele>459.6</ele></trkpt>
    <trkpt lat="36.600272" lon="33.057778"><ele>457.4</ele></trkpt>
    <trkpt lat="36.600165" lon="33.058217"><ele>455.5</ele></trkpt>
    <trkpt lat="36.600069" lon="33.058658"><ele>453.7</ele></trkpt>
    <trkpt lat="36.600013" lon="33.059102"><ele>452.3</ele></trkpt>
    <trkpt lat="36.599998" lon="33.059550"><ele>451.1</ele></trkpt>
    <trkpt lat="36.600000" lon="33.060000"><ele>450.0</ele></trkpt>
    <trkpt lat="36.600099" lon="33.060432"><ele>451.4</ele></trkpt>
    <trkpt lat="36.600220" lon="33.060855"><ele>453.0</ele></trkpt>
    <trkpt lat="36.600361" lon="33.061271"><ele>454.6</ele></trkpt>
    <trkpt lat="36.600501" lon="33.061686"><ele>456.5</ele></trkpt>
    <trkpt lat="36.600616" lon="33.062112"><ele>458.5</ele></trkpt>
    <trkpt lat="36.600691" lon="33.062553"><ele>460.6</ele></trkpt>
    <trkpt lat="36.600728" lon="33.063009"><ele>462.6</ele></trkpt>
    <trkpt lat="36.600752" lon="33.063469"><ele>464.5</ele></trkpt>
    <trkpt lat="36.600802" lon="33.063920"><ele>466.1</ele></trkpt>
    <trkpt lat="36.600911" lon="33.064348"><ele>467.4</ele></trkpt>
    <trkpt lat="36.601092" lon="33.064748"><ele>468.3</ele></trkpt>
    <trkpt lat="36.601325" lon="33.065128"><ele>469.0</ele></trkpt>
    <trkpt lat="36.601564" lon="33.065505"><ele>469.6</ele></trkpt>
    <trkpt lat="36.601752" lon="33.065902"><ele>470.2</ele></trkpt>
    <trkpt lat="36.601846" lon="33.066336"><ele>471.1</ele></trkpt>
    <trkpt lat="36.601839" lon="33.066809"><ele>472.4</ele></trkpt>
    <trkpt lat="36.601765" lon="33.067308"><ele>474.3</ele></trkpt>
    <trkpt lat="36.601692" lon="33.067806"><ele>476.6</ele></trkpt>
    <trkpt lat="36.601695" lon="33.068275"><ele>479.5</ele></trkpt>
    <trkpt lat="36.601826" lon="33.068694"><ele>482.6</ele></trkpt>
    <trkpt lat="36.602089" lon="33.069062"><ele>485.9</ele></trkpt>
    <trkpt lat="36.602432" lon="33.069399"><ele>488.9</ele></trkpt>
    <trkpt lat="36.602767" lon="33.069740"><ele>491.5</ele></trkpt>
    <trkpt lat="36.603000" lon="33.070119"><ele>493.5</ele></trkpt>
    <trkpt lat="36.603071" lon="33.070562"><ele>494.6</ele></trkpt>
    <trkpt lat="36.602982" lon="33.071067"><ele>495.1</ele></trkpt>
    <trkpt lat="36.602799" lon="33.071608"><ele>494.9</ele></trkpt>
    <trkpt lat="36.602631" lon="33.072143"><ele>494.3</ele></trkpt>
    <trkpt lat="36.602591" lon="33.072629"><ele>493.7</ele></trkpt>
    <trkpt lat="36.602747" lon="33.073038"><ele>493.4</ele></trkpt>
    <trkpt lat="36.603092" lon="33.073375"><ele>493.7</ele></trkpt>
    <trkpt lat="36.603543" lon="33.073670"><ele>495.0</ele></trkpt>
    <trkpt lat="36.603970" lon="33.073975"><ele>497.2</ele></trkpt>
    <trkpt lat="36.604244" lon="33.074338"><ele>500.4</ele></trkpt>
    <trkpt lat="36.604290" lon="33.074791"><ele>504.4</ele></trkpt>
    <trkpt lat="36.604119" lon="33.075327"><ele>508.8</ele></trkpt>
    <trkpt lat="36.603830" lon="33.075909"><ele>513.2</ele></trkpt>
    <trkpt lat="36.603573" lon="33.076479"><ele>517.1</ele></trkpt>
    <trkpt lat="36.603494" lon="33.076980"><ele>520.3</ele></trkpt>
    <trkpt lat="36.603676" lon="33.077380"><ele>522.2</ele></trkpt>
    <trkpt lat="36.604101" lon="33.077685"><ele>523.0</ele></trkpt>
    <trkpt lat="36.604655" lon="33.077940"><ele>522.6</ele></trkpt>
    <trkpt lat="36.605169" lon="33.078211"><ele>521.3</ele></trkpt>
    <trkpt lat="36.605480" lon="33.078560"><ele>519.5</ele></trkpt>
    <trkpt lat="36.605499" lon="33.079023"><ele>517.8</ele></trkpt>
    <trkpt lat="36.605250" lon="33.079590"><ele>516.7</ele></trkpt>
    <trkpt lat="36.604859" lon="33.080211"><ele>516.5</ele></trkpt>
    <trkpt lat="36.604519" lon="33.080814"><ele>517.7</ele></trkpt>
    <trkpt lat="36.604405" lon="33.081328"><ele>520.4</ele></trkpt>
    <trkpt lat="36.604614" lon="33.081717"><ele>524.4</ele></trkpt>
    <trkpt lat="36.605116" lon="33.081992"><ele>529.4</ele></trkpt>
    <trkpt lat="36.605769" lon="33.082209"><ele>535.0</ele></trkpt>
    <trkpt lat="36.606363" lon="33.082449"><ele>540.4</ele></trkpt>
    <trkpt lat="36.606707" lon="33.082785"><ele>545.2</ele></trkpt>
    <trkpt lat="36.606699" lon="33.083259"><ele>548.8</ele></trkpt>
    <trkpt lat="36.606373" lon="33.083855"><ele>550.8</ele></trkpt>
    <trkpt lat="36.605888" lon="33.084514"><ele>551.1</ele></trkpt>
    <trkpt lat="36.605470" lon="33.085146"><ele>549.9</ele></trkpt>
    <trkpt lat="36.605327" lon="33.085672"><ele>547.6</ele></trkpt>
    <trkpt lat="36.605563" lon="33.086050"><ele>544.8</ele></trkpt>
    <trkpt lat="36.606140" lon="33.086297"><ele>542.0</ele></trkpt>
    <trkpt lat="36.606883" lon="33.086478"><ele>540.1</ele></trkpt>
    <trkpt lat="36.607551" lon="33.086689"><ele>539.6</ele></trkpt>
    <trkpt lat="36.607922" lon="33.087015"><ele>540.8</ele></trkpt>
    <trkpt lat="36.607886" lon="33.087499"><ele>543.9</ele></trkpt>
    <trkpt lat="36.607489" lon="33.088124"><ele>548.6</ele></trkpt>
    <trkpt lat="36.606916" lon="33.088816"><ele>554.6</ele></trkpt>
    <trkpt lat="36.606429" lon="33.089475"><ele>561.2</ele></trkpt>
    <trkpt lat="36.606261" lon="33.090011"><ele>567.6</ele></trkpt>
    <trkpt lat="36.606525" lon="33.090378"><ele>573.0</ele></trkpt>
    <trkpt lat="36.607170" lon="33.090598"><ele>577.0</ele></trkpt>
    <trkpt lat="36.607998" lon="33.090747"><ele>578.9</ele></trkpt>
    <trkpt lat="36.608731" lon="33.090933"><ele>578.9</ele></trkpt>
    <trkpt lat="36.609124" lon="33.091250"><ele>577.0</ele></trkpt>
    <trkpt lat="36.609061" lon="33.091745"><ele>573.8</ele></trkpt>
    <trkpt lat="36.608597" lon="33.092395"><ele>570.0</ele></trkpt>
    <trkpt lat="36.607946" lon="33.093118"><ele>566.4</ele></trkpt>
    <trkpt lat="36.607398" lon="33.093801"><ele>563.9</ele></trkpt>
    <trkpt lat="36.607209" lon="33.094344"><ele>563.0</ele></trkpt>
    <trkpt lat="36.607500" lon="33.094701"><ele>564.3</ele></trkpt>
    <trkpt lat="36.608209" lon="33.094896"><ele>567.7</ele></trkpt>
    <trkpt lat="36.609111" lon="33.095017"><ele>573.1</ele></trkpt>
    <trkpt lat="36.609900" lon="33.095181"><ele>580.0</ele></trkpt>
    <trkpt lat="36.610312" lon="33.095491"><ele>587.4</ele></trkpt>
    <trkpt lat="36.610221" lon="33.095996"><ele>594.5</ele></trkpt>
    <trkpt lat="36.609697" lon="33.096670"><ele>600.6</ele></trkpt>
    <trkpt lat="36.608976" lon="33.097420"><ele>604.8</ele></trkpt>
    <trkpt lat="36.608376" lon="33.098123"><ele>606.7</ele></trkpt>
    <trkpt lat="36.608172" lon="33.098672"><ele>606.3</ele></trkpt>
    <trkpt lat="36.608490" lon="33.099019"><ele>603.8</ele></trkpt>
    <trkpt lat="36.609256" lon="33.099192"><ele>599.8</ele></trkpt>
    <trkpt lat="36.610222" lon="33.099287"><ele>595.2</ele></trkpt>
    <trkpt lat="36.611058" lon="33.099433"><ele>591.0</ele></trkpt>
    <trkpt lat="36.611482" lon="33.099738"><ele>588.0</ele></trkpt>
    <trkpt lat="36.611366" lon="33.100254"><ele>586.9</ele></trkpt>
    <trkpt lat="36.610789" lon="33.100948"><ele>588.2</ele></trkpt>
    <trkpt lat="36.610009" lon="33.101720"><ele>592.0</ele></trkpt>
    <trkpt lat="36.609367" lon="33.102439"><ele>598.0</ele></trkpt>
    <trkpt lat="36.609153" lon="33.102993"><ele>605.4</ele></trkpt>
    <trkpt lat="36.609496" lon="33.103330"><ele>613.5</ele></trkpt>
    <trkpt lat="36.610311" lon="33.103484"><ele>621.3</ele></trkpt>
    <trkpt lat="36.611330" lon="33.103559"><ele>627.7</ele></trkpt>
    <trkpt lat="36.612204" lon="33.103690"><ele>632.1</ele></trkpt>
    <trkpt lat="36.612635" lon="33.103992"><ele>633.9</ele></trkpt>
    <trkpt lat="36.612495" lon="33.104517"><ele>633.2</ele></trkpt>
    <trkpt lat="36.611873" lon="33.105228"><ele>630.2</ele></trkpt>
    <trkpt lat="36.611046" lon="33.106019"><ele>625.7</ele></trkpt>
    <trkpt lat="36.610372" lon="33.106751"><ele>620.5</ele></trkpt>
    <trkpt lat="36.610153" lon="33.107306"><ele>615.8</ele></trkpt>
    <trkpt lat="36.610518" lon="33.107635"><ele>612.4</ele></trkpt>
    <trkpt lat="36.611374" lon="33.107773"><ele>611.3</ele></trkpt>
    <trkpt lat="36.612434" lon="33.107831"><ele>612.7</ele></trkpt>
    <trkpt lat="36.613335" lon="33.107952"><ele>616.7</ele></trkpt>
    <trkpt lat="36.613769" lon="33.108254"><ele>623.1</ele></trkpt>
    <trkpt lat="36.613607" lon="33.108787"><ele>631.1</ele></trkpt>
    <trkpt lat="36.612949" lon="33.109512"><ele>639.6</ele></trkpt>
    <trkpt lat="36.612087" lon="33.110317"><ele>647.8</ele></trkpt>
    <trkpt lat="36.611390" lon="33.111057"><ele>654.4</ele></trkpt>
    <trkpt lat="36.611171" lon="33.111613"><ele>658.9</ele></trkpt>
    <trkpt lat="36.611557" lon="33.111933"><ele>660.6</ele></trkpt>
    <trkpt lat="36.612444" lon="33.112059"><ele>659.6</ele></trkpt>
    <trkpt lat="36.613534" lon="33.112106"><ele>656.3</ele></trkpt>
    <trkpt lat="36.614452" lon="33.112220"><ele>651.4</ele></trkpt>
    <trkpt lat="36.614883" lon="33.112523"><ele>645.9</ele></trkpt>
    <trkpt lat="36.614703" lon="33.113063"><ele>640.9</ele></trkpt>
    <trkpt lat="36.614018" lon="33.113799"><ele>637.4</ele></trkpt>
    <trkpt lat="36.613132" lon="33.114613"><ele>636.2</ele></trkpt>
    <trkpt lat="36.612425" lon="33.115358"><ele>637.7</ele></trkpt>
    <trkpt lat="36.612210" lon="33.115911"><ele>642.0</ele></trkpt>
    <trkpt lat="36.612613" lon="33.116225"><ele>648.6</ele></trkpt>
    <trkpt lat="36.613521" lon="33.116343"><ele>656.8</ele></trkpt>
    <trkpt lat="36.614629" lon="33.116383"><ele>665.6</ele></trkpt>
    <trkpt lat="36.615552" lon="33.116495"><ele>673.9</ele></trkpt>
    <trkpt lat="36.615977" lon="33.116800"><ele>680.7</ele></trkpt>
    <trkpt lat="36.615782" lon="33.117346"><ele>685.1</ele></trkpt>
    <trkpt lat="36.615080" lon="33.118088"><ele>686.7</ele></trkpt>
    <trkpt lat="36.614183" lon="33.118907"><ele>685.6</ele></trkpt>
    <trkpt lat="36.613475" lon="33.119651"><ele>682.1</ele></trkpt>
    <trkpt lat="36.613269" lon="33.120202"><ele>677.0</ele></trkpt>
    <trkpt lat="36.613685" lon="33.120510"><ele>671.4</ele></trkpt>
    <trkpt lat="36.614605" lon="33.120623"><ele>666.3</ele></trkpt>
    <trkpt lat="36.615718" lon="33.120662"><ele>662.8</ele></trkpt>
    <trkpt lat="36.616636" lon="33.120775"><ele>661.7</ele></trkpt>
    <trkpt lat="36.617051" lon="33.121085"><ele>663.3</ele></trkpt>
    <trkpt lat="36.616844" lon="33.121635"><ele>667.7</ele></trkpt>
    <trkpt lat="36.616136" lon="33.122380"><ele>674.4</ele></trkpt>
    <trkpt lat="36.615241" lon="33.123198"><ele>682.7</ele></trkpt>
    <trkpt lat="36.614542" lon="33.123939"><ele>691.5</ele></trkpt>
    <trkpt lat="36.614349" lon="33.124484"><ele>699.8</ele></trkpt>
    <trkpt lat="36.614774" lon="33.124789"><ele>706.4</ele></trkpt>
    <trkpt lat="36.615696" lon="33.124902"><ele>710.7</ele></trkpt>
    <trkpt lat="36.616800" lon="33.124943"><ele>712.3</ele></trkpt>
    <trkpt lat="36.617704" lon="33.125063"><ele>711.0</ele></trkpt>
    <trkpt lat="36.618104" lon="33.125378"><ele>707.5</ele></trkpt>
    <trkpt lat="36.617889" lon="33.125931"><ele>702.5</ele></trkpt>
    <trkpt lat="36.617185" lon="33.126674"><ele>697.0</ele></trkpt>
    <trkpt lat="36.616305" lon="33.127486"><ele>692.1</ele></trkpt>
    <trkpt lat="36.615626" lon="33.128220"><ele>688.7</ele></trkpt>
    <trkpt lat="36.615449" lon="33.128759"><ele>687.8</ele></trkpt>
    <trkpt lat="36.615880" lon="33.129062"><ele>689.5</ele></trkpt>
    <trkpt lat="36.616792" lon="33.129178"><ele>693.9</ele></trkpt>
    <trkpt lat="36.617875" lon="33.129228"><ele>700.6</ele></trkpt>
    <trkpt lat="36.618754" lon="33.129357"><ele>708.7</ele></trkpt>
    <trkpt lat="36.619136" lon="33.129678"><ele>717.3</ele></trkpt>
    <trkpt lat="36.618919" lon="33.130233"><ele>725.3</ele></trkpt>
    <trkpt lat="36.618230" lon="33.130971"><ele>731.7</ele></trkpt>
    <trkpt lat="36.617376" lon="33.131772"><ele>735.8</ele></trkpt>
    <trkpt lat="36.616727" lon="33.132494"><ele>737.2</ele></trkpt>
    <trkpt lat="36.616569" lon="33.133025"><ele>736.0</ele></trkpt>
    <trkpt lat="36.617000" lon="33.133328"><ele>732.7</ele></trkpt>
    <trkpt lat="36.617893" lon="33.133452"><ele>727.9</ele></trkpt>
    <trkpt lat="36.618942" lon="33.133515"><ele>722.7</ele></trkpt>
    <trkpt lat="36.619788" lon="33.133657"><ele>718.2</ele></trkpt>
    <trkpt lat="36.620149" lon="33.133987"><ele>715.2</ele></trkpt>
    <trkpt lat="36.619934" lon="33.134541"><ele>714.4</ele></trkpt>
    <trkpt lat="36.619270" lon="33.135268"><ele>716.2</ele></trkpt>
    <trkpt lat="36.618456" lon="33.136055"><ele>720.6</ele></trkpt>
    <trkpt lat="36.617845" lon="33.136762"><ele>727.0</ele></trkpt>
    <trkpt lat="36.617709" lon="33.137285"><ele>734.8</ele></trkpt>
    <trkpt lat="36.618136" lon="33.137589"><ele>742.9</ele></trkpt>
    <trkpt lat="36.618998" lon="33.137725"><ele>750.4</ele></trkpt>
    <trkpt lat="36.620002" lon="33.137805"><ele>756.4</ele></trkpt>
    <trkpt lat="36.620805" lon="33.137964"><ele>760.3</ele></trkpt>
    <trkpt lat="36.621143" lon="33.138303"><ele>761.6</ele></trkpt>
    <trkpt lat="36.620934" lon="33.138854"><ele>760.5</ele></trkpt>
    <trkpt lat="36.620306" lon="33.139568"><ele>757.5</ele></trkpt>
    <trkpt lat="36.619543" lon="33.140334"><ele>753.2</ele></trkpt>
    <trkpt lat="36.618979" lon="33.141023"><ele>748.6</ele></trkpt>
    <trkpt lat="36.618867" lon="33.141537"><ele>744.6</ele></trkpt>
    <trkpt lat="36.619284" lon="33.141845"><ele>742.1</ele></trkpt>
    <trkpt lat="36.620106" lon="33.141996"><ele>741.6</ele></trkpt>
    <trkpt lat="36.621054" lon="33.142099"><ele>743.5</ele></trkpt>
    <trkpt lat="36.621805" lon="33.142277"><ele>747.7</ele></trkpt>
    <trkpt lat="36.622119" lon="33.142625"><ele>753.7</ele></trkpt>
    <trkpt lat="36.621922" lon="33.143172"><ele>760.9</ele></trkpt>
    <trkpt lat="36.621339" lon="33.143869"><ele>768.4</ele></trkpt>
    <trkpt lat="36.620638" lon="33.144611"><ele>775.3</ele></trkpt>
    <trkpt lat="36.620129" lon="33.145278"><ele>780.7</ele></trkpt>
    <trkpt lat="36.620043" lon="33.145782"><ele>784.2</ele></trkpt>
    <trkpt lat="36.620446" lon="33.146096"><ele>785.5</ele></trkpt>
    <trkpt lat="36.621217" lon="33.146267"><ele>784.7</ele></trkpt>
    <trkpt lat="36.622097" lon="33.146395"><ele>782.1</ele></trkpt>
    <trkpt lat="36.622791" lon="33.146596"><ele>778.5</ele></trkpt>
    <trkpt lat="36.623078" lon="33.146955"><ele>774.6</ele></trkpt>
    <trkpt lat="36.622898" lon="33.147495"><ele>771.4</ele></trkpt>
    <trkpt lat="36.622370" lon="33.148170"><ele>769.4</ele></trkpt>
    <trkpt lat="36.621741" lon="33.148884"><ele>769.3</ele></trkpt>
    <trkpt lat="36.621293" lon="33.149528"><ele>771.3</ele></trkpt>
    <trkpt lat="36.621234" lon="33.150021"><ele>775.2</ele></trkpt>
    <trkpt lat="36.621618" lon="33.150342"><ele>780.7</ele></trkpt>
    <trkpt lat="36.622330" lon="33.150536"><ele>787.1</ele></trkpt>
    <trkpt lat="36.623133" lon="33.150695"><ele>793.7</ele></trkpt>
    <trkpt lat="36.623762" lon="33.150921"><ele>799.8</ele></trkpt>
    <trkpt lat="36.624022" lon="33.151290"><ele>804.6</ele></trkpt>
    <trkpt lat="36.623864" lon="33.151822"><ele>807.7</ele></trkpt>
    <trkpt lat="36.623399" lon="33.152472"><ele>809.0</ele></trkpt>
    <trkpt lat="36.622852" lon="33.153155"><ele>808.4</ele></trkpt>
    <trkpt lat="36.622472" lon="33.153772"><ele>806.5</ele></trkpt>
    <trkpt lat="36.622440" lon="33.154255"><ele>803.7</ele></trkpt>
    <trkpt lat="36.622800" lon="33.154585"><ele>800.8</ele></trkpt>
    <trkpt lat="36.623444" lon="33.154805"><ele>798.4</ele></trkpt>
    <trkpt lat="36.624161" lon="33.154997"><ele>797.2</ele></trkpt>
    <trkpt lat="36.624719" lon="33.155251"><ele>797.5</ele></trkpt>
    <trkpt lat="36.624952" lon="33.155631"><ele>799.4</ele></trkpt>
    <trkpt lat="36.624820" lon="33.156152"><ele>803.0</ele></trkpt>
    <trkpt lat="36.624428" lon="33.156774"><ele>807.8</ele></trkpt>
    <trkpt lat="36.623970" lon="33.157422"><ele>813.3</ele></trkpt>
    <trkpt lat="36.623664" lon="33.158011"><ele>818.9</ele></trkpt>
    <trkpt lat="36.623659" lon="33.158483"><ele>824.0</ele></trkpt>
    <trkpt lat="36.623990" lon="33.158825"><ele>828.1</ele></trkpt>
    <trkpt lat="36.624558" lon="33.159074"><ele>830.8</ele></trkpt>
    <trkpt lat="36.625182" lon="33.159302"><ele>832.1</ele></trkpt>
    <trkpt lat="36.625665" lon="33.159585"><ele>831.9</ele></trkpt>
    <trkpt lat="36.625870" lon="33.159976"><ele>830.7</ele></trkpt>
    <trkpt lat="36.625770" lon="33.160485"><ele>828.9</ele></trkpt>
    <trkpt lat="36.625456" lon="33.161077"><ele>827.1</ele></trkpt>
    <trkpt lat="36.625095" lon="33.161687"><ele>825.7</ele></trkpt>
    <trkpt lat="36.624866" lon="33.162246"><ele>825.3</ele></trkpt>
    <trkpt lat="36.624889" lon="33.162707"><ele>826.0</ele></trkpt>
    <trkpt lat="36.625186" lon="33.163062"><ele>827.9</ele></trkpt>
    <trkpt lat="36.625672" lon="33.163344"><ele>831.1</ele></trkpt>
    <trkpt lat="36.626196" lon="33.163610"><ele>835.1</ele></trkpt>
    <trkpt lat="36.626600" lon="33.163924"><ele>839.5</ele></trkpt>
    <trkpt lat="36.626778" lon="33.164325"><ele>844.0</ele></trkpt>
    <trkpt lat="36.626714" lon="33.164820"><ele>848.0</ele></trkpt>
    <trkpt lat="36.626486" lon="33.165379"><ele>851.3</ele></trkpt>
    <trkpt lat="36.626227" lon="33.165949"><ele>853.6</ele></trkpt>
    <trkpt lat="36.626078" lon="33.166477"><ele>854.9</ele></trkpt>
    <trkpt lat="36.626128" lon="33.166928"><ele>855.2</ele></trkpt>
    <trkpt lat="36.626387" lon="33.167298"><ele>854.8</ele></trkpt>
    <trkpt lat="36.626785" lon="33.167613"><ele>854.2</ele></trkpt>
    <trkpt lat="36.627204" lon="33.167921"><ele>853.5</ele></trkpt>
    <trkpt lat="36.627527" lon="33.168266"><ele>853.2</ele></trkpt>
    <trkpt lat="36.627679" lon="33.168677"><ele>853.6</ele></trkpt>
    <trkpt lat="36.627655" lon="33.169156"><ele>854.7</ele></trkpt>
    <trkpt lat="36.627517" lon="33.169680"><ele>856.7</ele></trkpt>
    <trkpt lat="36.627365" lon="33.170209"><ele>859.3</ele></trkpt>
    <trkpt lat="36.627298" lon="33.170705"><ele>862.4</ele></trkpt>
    <trkpt lat="36.627373" lon="33.171146"><ele>865.7</ele></trkpt>
    <trkpt lat="36.627590" lon="33.171532"><ele>868.9</ele></trkpt>
    <trkpt lat="36.627896" lon="33.171884"><ele>871.9</ele></trkpt>
    <trkpt lat="36.628207" lon="33.172233"><ele>874.3</ele></trkpt>
    <trkpt lat="36.628447" lon="33.172610"><ele>876.2</ele></trkpt>
    <trkpt lat="36.628574" lon="33.173031"><ele>877.5</ele></trkpt>
    <trkpt lat="36.628593" lon="33.173494"><ele>878.3</ele></trkpt>
    <trkpt lat="36.628550" lon="33.173981"><ele>878.9</ele></trkpt>
    <trkpt lat="36.628508" lon="33.174467"><ele>879.4</ele></trkpt>
    <trkpt lat="36.628524" lon="33.174931"><ele>880.0</ele></trkpt>
    <trkpt lat="36.628623" lon="33.175363"><ele>880.9</ele></trkpt>
    <trkpt lat="36.628795" lon="33.175766"><ele>882.1</ele></trkpt>
    <trkpt lat="36.629004" lon="33.176155"><ele>883.7</ele></trkpt>
    <trkpt lat="36.629205" lon="33.176547"><ele>885.5</ele></trkpt>
    <trkpt lat="36.629362" lon="33.176957"><ele>887.6</ele></trkpt>
    <trkpt lat="36.629466" lon="33.177386"><ele>889.7</ele></trkpt>
    <trkpt lat="36.629531" lon="33.177831"><ele>891.8</ele></trkpt>
    <trkpt lat="36.629585" lon="33.178280"><ele>893.8</ele></trkpt>
    <trkpt lat="36.629655" lon="33.178723"><ele>895.6</ele></trkpt>
    <trkpt lat="36.629754" lon="33.179155"><ele>897.1</ele></trkpt>
    <trkpt lat="36.629875" lon="33.179578"><ele>898.6</ele></trkpt>
    <trkpt lat="36.630000" lon="33.180000"><ele>900.0</ele></trkpt>
    <trkpt lat="36.630076" lon="33.180438"><ele>899.2</ele></trkpt>
    <trkpt lat="36.630176" lon="33.180868"><ele>898.2</ele></trkpt>
    <trkpt lat="36.630293" lon="33.181294"><ele>897.1</ele></trkpt>
    <trkpt lat="36.630399" lon="33.181723"><ele>895.8</ele></trkpt>
    <trkpt lat="36.630472" lon="33.182161"><ele>894.3</ele></trkpt>
    <trkpt lat="36.630500" lon="33.182612"><ele>892.8</ele></trkpt>
    <trkpt lat="36.630494" lon="33.183073"><ele>891.5</ele></trkpt>
    <trkpt lat="36.630490" lon="33.183533"><ele>890.3</ele></trkpt>
    <trkpt lat="36.630530" lon="33.183981"><ele>889.4</ele></trkpt>
    <trkpt lat="36.630643" lon="33.184408"><ele>888.9</ele></trkpt>
    <trkpt lat="36.630829" lon="33.184814"><ele>888.8</ele></trkpt>
    <trkpt lat="36.631056" lon="33.185209"><ele>888.8</ele></trkpt>
    <trkpt lat="36.631265" lon="33.185609"><ele>888.9</ele></trkpt>
    <trkpt lat="36.631397" lon="33.186030"><ele>888.9</ele></trkpt>
    <trkpt lat="36.631417" lon="33.186484"><ele>888.5</ele></trkpt>
    <trkpt lat="36.631335" lon="33.186966"><ele>887.7</ele></trkpt>
    <trkpt lat="36.631204" lon="33.187462"><ele>886.2</ele></trkpt>
    <trkpt lat="36.631107" lon="33.187948"><ele>884.2</ele></trkpt>
    <trkpt lat="36.631121" lon="33.188403"><ele>881.7</ele></trkpt>
    <trkpt lat="36.631285" lon="33.188816"><ele>879.0</ele></trkpt>
    <trkpt lat="36.631580" lon="33.189191"><ele>876.2</ele></trkpt>
    <trkpt lat="36.631930" lon="33.189551"><ele>873.8</ele></trkpt>
    <trkpt lat="36.632232" lon="33.189925"><ele>872.0</ele></trkpt>
    <trkpt lat="36.632391" lon="33.190339"><ele>870.9</ele></trkpt>
    <trkpt lat="36.632362" lon="33.190806"><ele>870.7</ele></trkpt>
    <trkpt lat="36.632173" lon="33.191318"><ele>871.3</ele></trkpt>
    <trkpt lat="36.631920" lon="33.191849"><ele>872.4</ele></trkpt>
    <trkpt lat="36.631731" lon="33.192361"><ele>873.9</ele></trkpt>
    <trkpt lat="36.631718" lon="33.192824"><ele>875.2</ele></trkpt>
    <trkpt lat="36.631929" lon="33.193223"><ele>876.1</ele></trkpt>
    <trkpt lat="36.632328" lon="33.193569"><ele>876.2</ele></trkpt>
    <trkpt lat="36.632798" lon="33.193895"><ele>875.2</ele></trkpt>
    <trkpt lat="36.633191" lon="33.194243"><ele>873.2</ele></trkpt>
    <trkpt lat="36.633377" lon="33.194650"><ele>870.1</ele></trkpt>
    <trkpt lat="36.633303" lon="33.195130"><ele>866.3</ele></trkpt>
    <trkpt lat="36.633013" lon="33.195670"><ele>862.3</ele></trkpt>
    <trkpt lat="36.632643" lon="33.196234"><ele>858.3</ele></trkpt>
    <trkpt lat="36.632365" lon="33.196771"><ele>855.0</ele></trkpt>
    <trkpt lat="36.632323" lon="33.197242"><ele>852.7</ele></trkpt>
    <trkpt lat="36.632578" lon="33.197629"><ele>851.7</ele></trkpt>
    <trkpt lat="36.633074" lon="33.197948"><ele>852.1</ele></trkpt>
    <trkpt lat="36.633659" lon="33.198241"><ele>853.6</ele></trkpt>
    <trkpt lat="36.634139" lon="33.198565"><ele>856.0</ele></trkpt>
    <trkpt lat="36.634354" lon="33.198963"><ele>858.7</ele></trkpt>
    <trkpt lat="36.634238" lon="33.199455"><ele>861.3</ele></trkpt>
    <trkpt lat="36.633855" lon="33.200022"><ele>863.0</ele></trkpt>
    <trkpt lat="36.633374" lon="33.200616"><ele>863.5</ele></trkpt>
    <trkpt lat="36.633010" lon="33.201178"><ele>862.5</ele></trkpt>
    <trkpt lat="36.632941" lon="33.201657"><ele>859.9</ele></trkpt>
    <trkpt lat="36.633234" lon="33.202033"><ele>855.9</ele></trkpt>
    <trkpt lat="36.633819" lon="33.202326"><ele>851.0</ele></trkpt>
    <trkpt lat="36.634511" lon="33.202590"><ele>845.7</ele></trkpt>
    <trkpt lat="36.635074" lon="33.202890"><ele>840.7</ele></trkpt>
    <trkpt lat="36.635317" lon="33.203280"><ele>836.5</ele></trkpt>
    <trkpt lat="36.635165" lon="33.203782"><ele>833.8</ele></trkpt>
    <trkpt lat="36.634697" lon="33.204373"><ele>832.9</ele></trkpt>
    <trkpt lat="36.634114" lon="33.204997"><ele>833.7</ele></trkpt>
    <trkpt lat="36.633670" lon="33.205581"><ele>836.1</ele></trkpt>
    <trkpt lat="36.633572" lon="33.206067"><ele>839.6</ele></trkpt>
    <trkpt lat="36.633899" lon="33.206434"><ele>843.5</ele></trkpt>
    <trkpt lat="36.634565" lon="33.206705"><ele>847.0</ele></trkpt>
    <trkpt lat="36.635354" lon="33.206941"><ele>849.5</ele></trkpt>
    <trkpt lat="36.635994" lon="33.207219"><ele>850.4</ele></trkpt>
    <trkpt lat="36.636264" lon="33.207602"><ele>849.4</ele></trkpt>
    <trkpt lat="36.636082" lon="33.208112"><ele>846.3</ele></trkpt>
    <trkpt lat="36.635537" lon="33.208725"><ele>841.6</ele></trkpt>
    <trkpt lat="36.634863" lon="33.209374"><ele>835.7</ele></trkpt>
    <trkpt lat="36.634346" lon="33.209979"><ele>829.3</ele></trkpt>
    <trkpt lat="36.634221" lon="33.210473"><ele>823.3</ele></trkpt>
    <trkpt lat="36.634575" lon="33.210832"><ele>818.5</ele></trkpt>
    <trkpt lat="36.635313" lon="33.211083"><ele>815.4</ele></trkpt>
    <trkpt lat="36.636188" lon="33.211295"><ele>814.5</ele></trkpt>
    <trkpt lat="36.636896" lon="33.211554"><ele>815.7</ele></trkpt>
    <trkpt lat="36.637193" lon="33.211929"><ele>818.8</ele></trkpt>
    <trkpt lat="36.636986" lon="33.212446"><ele>823.2</ele></trkpt>
    <trkpt lat="36.636376" lon="33.213077"><ele>828.0</ele></trkpt>
    <trkpt lat="36.635622" lon="33.213749"><ele>832.5</ele></trkpt>
    <trkpt lat="36.635040" lon="33.214372"><ele>835.6</ele></trkpt>
    <trkpt lat="36.634890" lon="33.214874"><ele>836.8</ele></trkpt>
    <trkpt lat="36.635265" lon="33.215227"><ele>835.8</ele></trkpt>
    <trkpt lat="36.636062" lon="33.215461"><ele>832.4</ele></trkpt>
    <trkpt lat="36.637011" lon="33.215652"><ele>827.0</ele></trkpt>
    <trkpt lat="36.637780" lon="33.215893"><ele>820.3</ele></trkpt>
    <trkpt lat="36.638102" lon="33.216261"><ele>813.1</ele></trkpt>
    <trkpt lat="36.637876" lon="33.216784"><ele>806.3</ele></trkpt>
    <trkpt lat="36.637212" lon="33.217430"><ele>800.9</ele></trkpt>
    <trkpt lat="36.636390" lon="33.218121"><ele>797.6</ele></trkpt>
    <trkpt lat="36.635754" lon="33.218760"><ele>796.6</ele></trkpt>
    <trkpt lat="36.635579" lon="33.219268"><ele>798.2</ele></trkpt>
    <trkpt lat="36.635971" lon="33.219617"><ele>801.8</ele></trkpt>
    <trkpt lat="36.636815" lon="33.219837"><ele>806.9</ele></trkpt>
    <trkpt lat="36.637825" lon="33.220011"><ele>812.4</ele></trkpt>
    <trkpt lat="36.638644" lon="33.220239"><ele>817.5</ele></trkpt>
    <trkpt lat="36.638988" lon="33.220600"><ele>821.1</ele></trkpt>
    <trkpt lat="36.638749" lon="33.221127"><ele>822.6</ele></trkpt>
    <trkpt lat="36.638044" lon="33.221785"><ele>821.6</ele></trkpt>
    <trkpt lat="36.637169" lon="33.222491"><ele>818.0</ele></trkpt>
    <trkpt lat="36.636487" lon="33.223142"><ele>812.1</ele></trkpt>
    <trkpt lat="36.636292" lon="33.223656"><ele>804.9</ele></trkpt>
    <trkpt lat="36.636694" lon="33.224002"><ele>797.0</ele></trkpt>
    <trkpt lat="36.637573" lon="33.224212"><ele>789.7</ele></trkpt>
    <trkpt lat="36.638628" lon="33.224373"><ele>783.9</ele></trkpt>
    <trkpt lat="36.639487" lon="33.224590"><ele>780.3</ele></trkpt>
    <trkpt lat="36.639850" lon="33.224946"><ele>779.4</ele></trkpt>
    <trkpt lat="36.639605" lon="33.225474"><ele>781.1</ele></trkpt>
    <trkpt lat="36.638871" lon="33.226140"><ele>785.1</ele></trkpt>
    <trkpt lat="36.637957" lon="33.226857"><ele>790.6</ele></trkpt>
    <trkpt lat="36.637242" lon="33.227518"><ele>796.6</ele></trkpt>
    <trkpt lat="36.637029" lon="33.228037"><ele>802.1</ele></trkpt>
    <trkpt lat="36.637435" lon="33.228382"><ele>806.1</ele></trkpt>
    <trkpt lat="36.638336" lon="33.228586"><ele>807.8</ele></trkpt>
    <trkpt lat="36.639423" lon="33.228738"><ele>806.7</ele></trkpt>
    <trkpt lat="36.640309" lon="33.228947"><ele>803.0</ele></trkpt>
    <trkpt lat="36.640688" lon="33.229299"><ele>796.9</ele></trkpt>
    <trkpt lat="36.640441" lon="33.229827"><ele>789.3</ele></trkpt>
    <trkpt lat="36.639692" lon="33.230498"><ele>781.2</ele></trkpt>
    <trkpt lat="36.638755" lon="33.231221"><ele>773.6</ele></trkpt>
    <trkpt lat="36.638018" lon="33.231888"><ele>767.5</ele></trkpt>
    <trkpt lat="36.637792" lon="33.232411"><ele>763.8</ele></trkpt>
    <trkpt lat="36.638196" lon="33.232756"><ele>762.9</ele></trkpt>
    <trkpt lat="36.639106" lon="33.232958"><ele>764.7</ele></trkpt>
    <trkpt lat="36.640208" lon="33.233106"><ele>768.8</ele></trkpt>
    <trkpt lat="36.641110" lon="33.233310"><ele>774.4</ele></trkpt>
    <trkpt lat="36.641500" lon="33.233659"><ele>780.7</ele></trkpt>
    <trkpt lat="36.641257" lon="33.234186"><ele>786.3</ele></trkpt>
    <trkpt lat="36.640506" lon="33.234857"><ele>790.4</ele></trkpt>
    <trkpt lat="36.639562" lon="33.235583"><ele>792.2</ele></trkpt>
    <trkpt lat="36.638815" lon="33.236252"><ele>791.2</ele></trkpt>
    <trkpt lat="36.638580" lon="33.236778"><ele>787.4</ele></trkpt>
    <trkpt lat="36.638977" lon="33.237125"><ele>781.3</ele></trkpt>
    <trkpt lat="36.639884" lon="33.237327"><ele>773.7</ele></trkpt>
    <trkpt lat="36.640984" lon="33.237476"><ele>765.5</ele></trkpt>
    <trkpt lat="36.641889" lon="33.237679"><ele>757.8</ele></trkpt>
    <trkpt lat="36.642286" lon="33.238026"><ele>751.8</ele></trkpt>
    <trkpt lat="36.642053" lon="33.238551"><ele>748.0</ele></trkpt>
    <trkpt lat="36.641312" lon="33.239219"><ele>747.0</ele></trkpt>
    <trkpt lat="36.640377" lon="33.239942"><ele>748.8</ele></trkpt>
    <trkpt lat="36.639633" lon="33.240611"><ele>752.8</ele></trkpt>
    <trkpt lat="36.639395" lon="33.241137"><ele>758.4</ele></trkpt>
    <trkpt lat="36.639779" lon="33.241487"><ele>764.6</ele></trkpt>
    <trkpt lat="36.640669" lon="33.241695"><ele>770.1</ele></trkpt>
    <trkpt lat="36.641753" lon="33.241848"><ele>774.1</ele></trkpt>
    <trkpt lat="36.642648" lon="33.242054"><ele>775.9</ele></trkpt>
    <trkpt lat="36.643046" lon="33.242400"><ele>774.9</ele></trkpt>
    <trkpt lat="36.642827" lon="33.242921"><ele>771.2</ele></trkpt>
    <trkpt lat="36.642110" lon="33.243583"><ele>765.3</ele></trkpt>
    <trkpt lat="36.641199" lon="33.244299"><ele>757.9</ele></trkpt>
    <trkpt lat="36.640472" lon="33.244963"><ele>749.9</ele></trkpt>
    <trkpt lat="36.640235" lon="33.245489"><ele>742.5</ele></trkpt>
    <trkpt lat="36.640603" lon="33.245844"><ele>736.6</ele></trkpt>
    <trkpt lat="36.641463" lon="33.246060"><ele>733.0</ele></trkpt>
    <trkpt lat="36.642515" lon="33.246222"><ele>731.9</ele></trkpt>
    <trkpt lat="36.643387" lon="33.246434"><ele>733.5</ele></trkpt>
    <trkpt lat="36.643781" lon="33.246782"><ele>737.3</ele></trkpt>
    <trkpt lat="36.643580" lon="33.247298"><ele>742.6</ele></trkpt>
    <trkpt lat="36.642898" lon="33.247949"><ele>748.3</ele></trkpt>
    <trkpt lat="36.642027" lon="33.248654"><ele>753.5</ele></trkpt>
    <trkpt lat="36.641330" lon="33.249310"><ele>757.3</ele></trkpt>
    <trkpt lat="36.641099" lon="33.249834"><ele>758.8</ele></trkpt>
    <trkpt lat="36.641448" lon="33.250194"><ele>757.9</ele></trkpt>
    <trkpt lat="36.642267" lon="33.250422"><ele>754.4</ele></trkpt>
    <trkpt lat="36.643271" lon="33.250597"><ele>748.8</ele></trkpt>
    <trkpt lat="36.644107" lon="33.250820"><ele>741.9</ele></trkpt>
    <trkpt lat="36.644491" lon="33.251171"><ele>734.4</ele></trkpt>
    <trkpt lat="36.644313" lon="33.251680"><ele>727.5</ele></trkpt>
    <trkpt lat="36.643677" lon="33.252318"><ele>722.0</ele></trkpt>
    <trkpt lat="36.642861" lon="33.253008"><ele>718.6</ele></trkpt>
    <trkpt lat="36.642206" lon="33.253652"><ele>717.5</ele></trkpt>
    <trkpt lat="36.641988" lon="33.254172"><ele>718.9</ele></trkpt>
    <trkpt lat="36.642313" lon="33.254539"><ele>722.2</ele></trkpt>
    <trkpt lat="36.643080" lon="33.254782"><ele>726.9</ele></trkpt>
    <trkpt lat="36.644022" lon="33.254974"><ele>732.0</ele></trkpt>
    <trkpt lat="36.644810" lon="33.255211"><ele>736.6</ele></trkpt>
    <trkpt lat="36.645179" lon="33.255566"><ele>739.8</ele></trkpt>
    <trkpt lat="36.645025" lon="33.256068"><ele>741.2</ele></trkpt>
    <trkpt lat="36.644446" lon="33.256690"><ele>740.2</ele></trkpt>
    <trkpt lat="36.643699" lon="33.257360"><ele>737.0</ele></trkpt>
    <trkpt lat="36.643098" lon="33.257989"><ele>732.0</ele></trkpt>
    <trkpt lat="36.642898" lon="33.258504"><ele>725.7</ele></trkpt>
    <trkpt lat="36.643198" lon="33.258879"><ele>719.1</ele></trkpt>
    <trkpt lat="36.643903" lon="33.259138"><ele>712.9</ele></trkpt>
    <trkpt lat="36.644770" lon="33.259352"><ele>707.9</ele></trkpt>
    <trkpt lat="36.645498" lon="33.259606"><ele>704.8</ele></trkpt>
    <trkpt lat="36.645845" lon="33.259967"><ele>703.8</ele></trkpt>
    <trkpt lat="36.645718" lon="33.260462"><ele>704.8</ele></trkpt>
    <trkpt lat="36.645206" lon="33.261065"><ele>707.5</ele></trkpt>
    <trkpt lat="36.644540" lon="33.261712"><ele>711.4</ele></trkpt>
    <trkpt lat="36.644005" lon="33.262322"><ele>715.6</ele></trkpt>
    <trkpt lat="36.643829" lon="33.262831"><ele>719.3</ele></trkpt>
    <trkpt lat="36.644101" lon="33.263213"><ele>722.0</ele></trkpt>
    <trkpt lat="36.644736" lon="33.263492"><ele>722.9</ele></trkpt>
    <trkpt lat="36.645515" lon="33.263731"><ele>722.0</ele></trkpt>
    <trkpt lat="36.646172" lon="33.264005"><ele>719.1</ele></trkpt>
    <trkpt lat="36.646492" lon="33.264373"><ele>714.8</ele></trkpt>
    <trkpt lat="36.646393" lon="33.264860"><ele>709.4</ele></trkpt>
    <trkpt lat="36.645955" lon="33.265443"><ele>703.7</ele></trkpt>
    <trkpt lat="36.645382" lon="33.266063"><ele>698.5</ele></trkpt>
    <trkpt lat="36.644924" lon="33.266652"><ele>694.3</ele></trkpt>
    <trkpt lat="36.644778" lon="33.267152"><ele>691.5</ele></trkpt>
    <trkpt lat="36.645021" lon="33.267542"><ele>690.5</ele></trkpt>
    <trkpt lat="36.645578" lon="33.267844"><ele>691.2</ele></trkpt>
    <trkpt lat="36.646260" lon="33.268110"><ele>693.2</ele></trkpt>
    <trkpt lat="36.646835" lon="33.268407"><ele>696.0</ele></trkpt>
    <trkpt lat="36.647122" lon="33.268785"><ele>699.1</ele></trkpt>
    <trkpt lat="36.647053" lon="33.269263"><ele>701.9</ele></trkpt>
    <trkpt lat="36.646696" lon="33.269823"><ele>703.7</ele></trkpt>
    <trkpt lat="36.646226" lon="33.270414"><ele>704.2</ele></trkpt>
    <trkpt lat="36.645853" lon="33.270979"><ele>703.2</ele></trkpt>
    <trkpt lat="36.645743" lon="33.271469"><ele>700.8</ele></trkpt>
    <trkpt lat="36.645957" lon="33.271867"><ele>697.2</ele></trkpt>
    <trkpt lat="36.646430" lon="33.272193"><ele>692.9</ele></trkpt>
    <trkpt lat="36.647004" lon="33.272489"><ele>688.4</ele></trkpt>
    <trkpt lat="36.647489" lon="33.272811"><ele>684.3</ele></trkpt>
    <trkpt lat="36.647738" lon="33.273200"><ele>680.9</ele></trkpt>
    <trkpt lat="36.647698" lon="33.273670"><ele>678.7</ele></trkpt>
    <trkpt lat="36.647427" lon="33.274205"><ele>677.8</ele></trkpt>
    <trkpt lat="36.647068" lon="33.274766"><ele>678.0</ele></trkpt>
    <trkpt lat="36.646790" lon="33.275303"><ele>679.1</ele></trkpt>
    <trkpt lat="36.646721" lon="33.275782"><ele>680.9</ele></trkpt>
    <trkpt lat="36.646905" lon="33.276189"><ele>682.7</ele></trkpt>
    <trkpt lat="36.647290" lon="33.276539"><ele>684.3</ele></trkpt>
    <trkpt lat="36.647749" lon="33.276868"><ele>685.1</ele></trkpt>
    <trkpt lat="36.648136" lon="33.277218"><ele>685.1</ele></trkpt>
    <trkpt lat="36.648342" lon="33.277618"><ele>684.1</ele></trkpt>
    <trkpt lat="36.648331" lon="33.278080"><ele>682.1</ele></trkpt>
    <trkpt lat="36.648150" lon="33.278590"><ele>679.4</ele></trkpt>
    <trkpt lat="36.647910" lon="33.279117"><ele>676.3</ele></trkpt>
    <trkpt lat="36.647732" lon="33.279626"><ele>673.1</ele></trkpt>
    <trkpt lat="36.647708" lon="33.280092"><ele>670.2</ele></trkpt>
    <trkpt lat="36.647864" lon="33.280507"><ele>667.9</ele></trkpt>
    <trkpt lat="36.648157" lon="33.280883"><ele>666.2</ele></trkpt>
    <trkpt lat="36.648496" lon="33.281246"><ele>665.3</ele></trkpt>
    <trkpt lat="36.648780" lon="33.281625"><ele>665.1</ele></trkpt>
    <trkpt lat="36.648938" lon="33.282039"><ele>665.3</ele></trkpt>
    <trkpt lat="36.648954" lon="33.282494"><ele>665.8</ele></trkpt>
    <trkpt lat="36.648867" lon="33.282977"><ele>666.3</ele></trkpt>
    <trkpt lat="36.648749" lon="33.283470"><ele>666.6</ele></trkpt>
    <trkpt lat="36.648677" lon="33.283949"><ele>666.4</ele></trkpt>
    <trkpt lat="36.648702" lon="33.284400"><ele>665.8</ele></trkpt>
    <trkpt lat="36.648832" lon="33.284823"><ele>664.6</ele></trkpt>
    <trkpt lat="36.649032" lon="33.285225"><ele>663.1</ele></trkpt>
    <trkpt lat="36.649246" lon="33.285624"><ele>661.3</ele></trkpt>
    <trkpt lat="36.649422" lon="33.286033"><ele>659.5</ele></trkpt>
    <trkpt lat="36.649529" lon="33.286462"><ele>657.7</ele></trkpt>
    <trkpt lat="36.649571" lon="33.286909"><ele>656.2</ele></trkpt>
    <trkpt lat="36.649577" lon="33.287366"><ele>654.9</ele></trkpt>
    <trkpt lat="36.649584" lon="33.287823"><ele>653.9</ele></trkpt>
    <trkpt lat="36.649622" lon="33.288271"><ele>653.1</ele></trkpt>
    <trkpt lat="36.649700" lon="33.288708"><ele>652.4</ele></trkpt>
    <trkpt lat="36.649805" lon="33.289137"><ele>651.7</ele></trkpt>
    <trkpt lat="36.649912" lon="33.289566"><ele>650.9</ele></trkpt>
    <trkpt lat="36.650000" lon="33.290000"><ele>650.0</ele></trkpt>
    <trkpt lat="36.649993" lon="33.290448"><ele>649.0</ele></trkpt>
    <trkpt lat="36.649995" lon="33.290896"><ele>648.0</ele></trkpt>
    <trkpt lat="36.649987" lon="33.291344"><ele>647.1</ele></trkpt>
    <trkpt lat="36.649955" lon="33.291790"><ele>646.2</ele></trkpt>
    <trkpt lat="36.649894" lon="33.292235"><ele>645.1</ele></trkpt>
    <trkpt lat="36.649821" lon="33.292678"><ele>643.9</ele></trkpt>
    <trkpt lat="36.649761" lon="33.293123"><ele>642.5</ele></trkpt>
    <trkpt lat="36.649740" lon="33.293570"><ele>640.8</ele></trkpt>
    <trkpt lat="36.649772" lon="33.294020"><ele>639.1</ele></trkpt>
    <trkpt lat="36.649844" lon="33.294473"><ele>637.4</ele></trkpt>
    <trkpt lat="36.649925" lon="33.294927"><ele>635.8</ele></trkpt>
    <trkpt lat="36.649970" lon="33.295378"><ele>634.4</ele></trkpt>
    <trkpt lat="36.649946" lon="33.295825"><ele>633.4</ele></trkpt>
    <trkpt lat="36.649843" lon="33.296266"><ele>632.7</ele></trkpt>
    <trkpt lat="36.649685" lon="33.296705"><ele>632.4</ele></trkpt>
    <trkpt lat="36.649524" lon="33.297143"><ele>632.3</ele></trkpt>
    <trkpt lat="36.649420" lon="33.297584"><ele>632.3</ele></trkpt>
    <trkpt lat="36.649416" lon="33.298032"><ele>632.2</ele></trkpt>
    <trkpt lat="36.649517" lon="33.298487"><ele>631.8</ele></trkpt>
    <trkpt lat="36.649686" lon="33.298946"><ele>630.9</ele></trkpt>
    <trkpt lat="36.649853" lon="33.299405"><ele>629.6</ele></trkpt>
    <trkpt lat="36.649943" lon="33.299859"><ele>627.6</ele></trkpt>
    <trkpt lat="36.649904" lon="33.300305"><ele>625.2</ele></trkpt>
    <trkpt lat="36.649732" lon="33.300742"><ele>622.6</ele></trkpt>
    <trkpt lat="36.649479" lon="33.301175"><ele>619.8</ele></trkpt>
    <trkpt lat="36.649231" lon="33.301607"><ele>617.2</ele></trkpt>
    <trkpt lat="36.649083" lon="33.302046"><ele>615.1</ele></trkpt>
    <trkpt lat="36.649092" lon="33.302495"><ele>613.7</ele></trkpt>
    <trkpt lat="36.649260" lon="33.302954"><ele>612.9</ele></trkpt>
    <trkpt lat="36.649524" lon="33.303419"><ele>612.9</ele></trkpt>
    <trkpt lat="36.649778" lon="33.303884"><ele>613.5</ele></trkpt>
    <trkpt lat="36.649912" lon="33.304340"><ele>614.5</ele></trkpt>
    <trkpt lat="36.649860" lon="33.304785"><ele>615.5</ele></trkpt>
    <trkpt lat="36.649623" lon="33.305219"><ele>616.2</ele></trkpt>
    <trkpt lat="36.649276" lon="33.305645"><ele>616.3</ele></trkpt>
    <trkpt lat="36.648943" lon="33.306072"><ele>615.6</ele></trkpt>
    <trkpt lat="36.648749" lon="33.306508"><ele>613.9</ele></trkpt>
    <trkpt lat="36.648770" lon="33.306958"><ele>611.4</ele></trkpt>
    <trkpt lat="36.649003" lon="33.307421"><ele>608.1</ele></trkpt>
    <trkpt lat="36.649359" lon="33.307892"><ele>604.3</ele></trkpt>
    <trkpt lat="36.649697" lon="33.308362"><ele>600.6</ele></trkpt>
    <trkpt lat="36.649877" lon="33.308821"><ele>597.2</ele></trkpt>
    <trkpt lat="36.649814" lon="33.309266"><ele>594.6</ele></trkpt>
    <trkpt lat="36.649514" lon="33.309695"><ele>593.0</ele></trkpt>
    <trkpt lat="36.649077" lon="33.310115"><ele>592.6</ele></trkpt>
    <trkpt lat="36.648660" lon="33.310537"><ele>593.2</ele></trkpt>
    <trkpt lat="36.648421" lon="33.310970"><ele>594.7</ele></trkpt>
    <trkpt lat="36.648453" lon="33.311421"><ele>596.7</ele></trkpt>
    <trkpt lat="36.648746" lon="33.311888"><ele>598.6</ele></trkpt>
    <trkpt lat="36.649190" lon="33.312364"><ele>600.1</ele></trkpt>
    <trkpt lat="36.649610" lon="33.312839"><ele>600.7</ele></trkpt>
    <trkpt lat="36.649835" lon="33.313302"><ele>600.1</ele></trkpt>
    <trkpt lat="36.649763" lon="33.313745"><ele>598.2</ele></trkpt>
    <trkpt lat="36.649404" lon="33.314171"><ele>595.0</ele></trkpt>
    <trkpt lat="36.648881" lon="33.314586"><ele>590.9</ele></trkpt>
    <trkpt lat="36.648384" lon="33.315003"><ele>586.2</ele></trkpt>
    <trkpt lat="36.648100" lon="33.315433"><ele>581.5</ele></trkpt>
    <trkpt lat="36.648140" lon="33.315884"><ele>577.3</ele></trkpt>
    <trkpt lat="36.648490" lon="33.316354"><ele>574.2</ele></trkpt>
    <trkpt lat="36.649018" lon="33.316836"><ele>572.5</ele></trkpt>
    <trkpt lat="36.649517" lon="33.317316"><ele>572.3</ele></trkpt>
    <trkpt lat="36.649786" lon="33.317782"><ele>573.5</ele></trkpt>
    <trkpt lat="36.649707" lon="33.318225"><ele>575.9</ele></trkpt>
    <trkpt lat="36.649293" lon="33.318647"><ele>578.7</ele></trkpt>
    <trkpt lat="36.648688" lon="33.319057"><ele>581.6</ele></trkpt>
    <trkpt lat="36.648115" lon="33.319469"><ele>583.9</ele></trkpt>
    <trkpt lat="36.647787" lon="33.319896"><ele>584.9</ele></trkpt>
    <trkpt lat="36.647833" lon="33.320347"><ele>584.5</ele></trkpt>
    <trkpt lat="36.648236" lon="33.320821"><ele>582.3</ele></trkpt>
    <trkpt lat="36.648842" lon="33.321308"><ele>578.6</ele></trkpt>
    <trkpt lat="36.649416" lon="33.321793"><ele>573.6</ele></trkpt>
    <trkpt lat="36.649728" lon="33.322261"><ele>568.1</ele></trkpt>
    <trkpt lat="36.649644" lon="33.322704"><ele>562.5</ele></trkpt>
    <trkpt lat="36.649180" lon="33.323123"><ele>557.7</ele></trkpt>
    <trkpt lat="36.648499" lon="33.323528"><ele>554.1</ele></trkpt>
    <trkpt lat="36.647853" lon="33.323935"><ele>552.3</ele></trkpt>
    <trkpt lat="36.647484" lon="33.324360"><ele>552.3</ele></trkpt>
    <trkpt lat="36.647533" lon="33.324811"><ele>554.0</ele></trkpt>
    <trkpt lat="36.647984" lon="33.325288"><ele>557.1</ele></trkpt>
    <trkpt lat="36.648663" lon="33.325780"><ele>560.8</ele></trkpt>
    <trkpt lat="36.649307" lon="33.326269"><ele>564.5</ele></trkpt>
    <trkpt lat="36.649660" lon="33.326740"><ele>567.4</ele></trkpt>
    <trkpt lat="36.649573" lon="33.327183"><ele>568.9</ele></trkpt>
    <trkpt lat="36.649063" lon="33.327599"><ele>568.6</ele></trkpt>
    <trkpt lat="36.648313" lon="33.327999"><ele>566.2</ele></trkpt>
    <trkpt lat="36.647600" lon="33.328402"><ele>562.0</ele></trkpt>
    <trkpt lat="36.647191" lon="33.328824"><ele>556.4</ele></trkpt>
    <trkpt lat="36.647242" lon="33.329276"><ele>550.0</ele></trkpt>
    <trkpt lat="36.647735" lon="33.329756"><ele>543.7</ele></trkpt>
    <trkpt lat="36.648481" lon="33.330251"><ele>538.2</ele></trkpt>
    <trkpt lat="36.649190" lon="33.330745"><ele>534.3</ele></trkpt>
    <trkpt lat="36.649581" lon="33.331218"><ele>532.3</ele></trkpt>
    <trkpt lat="36.649493" lon="33.331661"><ele>532.5</ele></trkpt>
    <trkpt lat="36.648944" lon="33.332074"><ele>534.6</ele></trkpt>
    <trkpt lat="36.648131" lon="33.332471"><ele>538.3</ele></trkpt>
    <trkpt lat="36.647355" lon="33.332870"><ele>542.8</ele></trkpt>
    <trkpt lat="36.646909" lon="33.333290"><ele>547.2</ele></trkpt>
    <trkpt lat="36.646960" lon="33.333741"><ele>550.7</ele></trkpt>
    <trkpt lat="36.647491" lon="33.334223"><ele>552.6</ele></trkpt>
    <trkpt lat="36.648296" lon="33.334723"><ele>552.4</ele></trkpt>
    <trkpt lat="36.649063" lon="33.335220"><ele>549.8</ele></trkpt>
    <trkpt lat="36.649491" lon="33.335696"><ele>545.2</ele></trkpt>
    <trkpt lat="36.649403" lon="33.336138"><ele>539.1</ele></trkpt>
    <trkpt lat="36.648819" lon="33.336549"><ele>532.0</ele></trkpt>
    <trkpt lat="36.647951" lon="33.336942"><ele>525.0</ele></trkpt>
    <trkpt lat="36.647120" lon="33.337338"><ele>519.0</ele></trkpt>
    <trkpt lat="36.646639" lon="33.337756"><ele>514.7</ele></trkpt>
    <trkpt lat="36.646689" lon="33.338207"><ele>512.6</ele></trkpt>
    <trkpt lat="36.647251" lon="33.338691"><ele>512.9</ele></trkpt>
    <trkpt lat="36.648108" lon="33.339194"><ele>515.5</ele></trkpt>
    <trkpt lat="36.648927" lon="33.339694"><ele>519.6</ele></trkpt>
    <trkpt lat="36.649388" lon="33.340172"><ele>524.7</ele></trkpt>
    <trkpt lat="36.649302" lon="33.340615"><ele>529.7</ele></trkpt>
    <trkpt lat="36.648690" lon="33.341024"><ele>533.7</ele></trkpt>
    <trkpt lat="36.647774" lon="33.341414"><ele>535.9</ele></trkpt>
    <trkpt lat="36.646894" lon="33.341807"><ele>535.8</ele></trkpt>
    <trkpt lat="36.646382" lon="33.342222"><ele>533.2</ele></trkpt>
    <trkpt lat="36.646430" lon="33.342674"><ele>528.3</ele></trkpt>
    <trkpt lat="36.647017" lon="33.343159"><ele>521.6</ele></trkpt>
    <trkpt lat="36.647918" lon="33.343665"><ele>514.1</ele></trkpt>
    <trkpt lat="36.648782" lon="33.344168"><ele>506.6</ele></trkpt>
    <trkpt lat="36.649272" lon="33.344648"><ele>500.1</ele></trkpt>
    <trkpt lat="36.649189" lon="33.345091"><ele>495.5</ele></trkpt>
    <trkpt lat="36.648555" lon="33.345499"><ele>493.3</ele></trkpt>
    <trkpt lat="36.647599" lon="33.345886"><ele>493.7</ele></trkpt>
    <trkpt lat="36.646678" lon="33.346276"><ele>496.5</ele></trkpt>
    <trkpt lat="36.646139" lon="33.346690"><ele>501.1</ele></trkpt>
    <trkpt lat="36.646182" lon="33.347141"><ele>506.6</ele></trkpt>
    <trkpt lat="36.646789" lon="33.347628"><ele>512.0</ele></trkpt>
    <trkpt lat="36.647725" lon="33.348136"><ele>516.4</ele></trkpt>
    <trkpt lat="36.648626" lon="33.348642"><ele>518.9</ele></trkpt>
    <trkpt lat="36.649142" lon="33.349123"><ele>518.9</ele></trkpt>
    <trkpt lat="36.649064" lon="33.349566"><ele>516.2</ele></trkpt>
    <trkpt lat="36.648413" lon="33.349973"><ele>511.1</ele></trkpt>
    <trkpt lat="36.647426" lon="33.350358"><ele>504.1</ele></trkpt>
    <trkpt lat="36.646472" lon="33.350746"><ele>496.2</ele></trkpt>
    <trkpt lat="36.645909" lon="33.351159"><ele>488.3</ele></trkpt>
    <trkpt lat="36.645947" lon="33.351609"><ele>481.5</ele></trkpt>
    <trkpt lat="36.646568" lon="33.352097"><ele>476.7</ele></trkpt>
    <trkpt lat="36.647530" lon="33.352607"><ele>474.4</ele></trkpt>
    <trkpt lat="36.648461" lon="33.353114"><ele>474.9</ele></trkpt>
    <trkpt lat="36.648997" lon="33.353597"><ele>477.8</ele></trkpt>
    <trkpt lat="36.648926" lon="33.354040"><ele>482.6</ele></trkpt>
    <trkpt lat="36.648264" lon="33.354447"><ele>488.5</ele></trkpt>
    <trkpt lat="36.647255" lon="33.354831"><ele>494.2</ele></trkpt>
    <trkpt lat="36.646276" lon="33.355217"><ele>498.8</ele></trkpt>
    <trkpt lat="36.645694" lon="33.355628"><ele>501.5</ele></trkpt>
    <trkpt lat="36.645726" lon="33.356078"><ele>501.6</ele></trkpt>
    <trkpt lat="36.646354" lon="33.356567"><ele>498.9</ele></trkpt>
    <trkpt lat="36.647334" lon="33.357077"><ele>493.6</ele></trkpt>
    <trkpt lat="36.648286" lon="33.357586"><ele>486.5</ele></trkpt>
    <trkpt lat="36.648839" lon="33.358070"><ele>478.3</ele></trkpt>
    <trkpt lat="36.648774" lon="33.358514"><ele>470.2</ele></trkpt>
    <trkpt lat="36.648108" lon="33.358920"><ele>463.2</ele></trkpt>
    <trkpt lat="36.647086" lon="33.359303"><ele>458.3</ele></trkpt>
    <trkpt lat="36.646090" lon="33.359688"><ele>455.9</ele></trkpt>
    <trkpt lat="36.645494" lon="33.360098"><ele>456.4</ele></trkpt>
    <trkpt lat="36.645519" lon="33.360548"><ele>459.4</ele></trkpt>
    <trkpt lat="36.646148" lon="33.361037"><ele>464.3</ele></trkpt>
    <trkpt lat="36.647137" lon="33.361548"><ele>470.3</ele></trkpt>
    <trkpt lat="36.648101" lon="33.362058"><ele>476.2</ele></trkpt>
    <trkpt lat="36.648665" lon="33.362542"><ele>481.0</ele></trkpt>
    <trkpt lat="36.648608" lon="33.362986"><ele>483.7</ele></trkpt>
    <trkpt lat="36.647943" lon="33.363392"><ele>483.8</ele></trkpt>
    <trkpt lat="36.646917" lon="33.363775"><ele>481.1</ele></trkpt>
    <trkpt lat="36.645913" lon="33.364160"><ele>475.9</ele></trkpt>
    <trkpt lat="36.645308" lon="33.364570"><ele>468.7</ele></trkpt>
    <trkpt lat="36.645325" lon="33.365019"><ele>460.4</ele></trkpt>
    <trkpt lat="36.645951" lon="33.365507"><ele>452.3</ele></trkpt>
    <trkpt lat="36.646939" lon="33.366018"><ele>445.2</ele></trkpt>
    <trkpt lat="36.647906" lon="33.366528"><ele>440.2</ele></trkpt>
    <trkpt lat="36.648477" lon="33.367013"><ele>437.8</ele></trkpt>
    <trkpt lat="36.648428" lon="33.367458"><ele>438.2</ele></trkpt>
    <trkpt lat="36.647770" lon="33.367865"><ele>441.2</ele></trkpt>
    <trkpt lat="36.646749" lon="33.368248"><ele>446.2</ele></trkpt>
    <trkpt lat="36.645746" lon="33.368632"><ele>452.1</ele></trkpt>
    <trkpt lat="36.645137" lon="33.369042"><ele>458.0</ele></trkpt>
    <trkpt lat="36.645146" lon="33.369491"><ele>462.8</ele></trkpt>
    <trkpt lat="36.645762" lon="33.369978"><ele>465.5</ele></trkpt>
    <trkpt lat="36.646741" lon="33.370489"><ele>465.7</ele></trkpt>
    <trkpt lat="36.647703" lon="33.370998"><ele>463.0</ele></trkpt>
    <trkpt lat="36.648275" lon="33.371483"><ele>457.8</ele></trkpt>
    <trkpt lat="36.648233" lon="33.371929"><ele>450.7</ele></trkpt>
    <trkpt lat="36.647588" lon="33.372336"><ele>442.6</ele></trkpt>
    <trkpt lat="36.646581" lon="33.372720"><ele>434.5</ele></trkpt>
    <trkpt lat="36.645588" lon="33.373105"><ele>427.5</ele></trkpt>
    <trkpt lat="36.644981" lon="33.373515"><ele>422.6</ele></trkpt>
    <trkpt lat="36.644982" lon="33.373963"><ele>420.2</ele></trkpt>
    <trkpt lat="36.645582" lon="33.374450"><ele>420.5</ele></trkpt>
    <trkpt lat="36.646542" lon="33.374959"><ele>423.4</ele></trkpt>
    <trkpt lat="36.647490" lon="33.375468"><ele>428.1</ele></trkpt>
    <trkpt lat="36.648058" lon="33.375952"><ele>433.9</ele></trkpt>
    <trkpt lat="36.648024" lon="33.376399"><ele>439.6</ele></trkpt>
    <trkpt lat="36.647398" lon="33.376807"><ele>444.3</ele></trkpt>
    <trkpt lat="36.646413" lon="33.377193"><ele>446.9</ele></trkpt>
    <trkpt lat="36.645438" lon="33.377579"><ele>447.1</ele></trkpt>
    <trkpt lat="36.644838" lon="33.377989"><ele>444.5</ele></trkpt>
    <trkpt lat="36.644832" lon="33.378437"><ele>439.5</ele></trkpt>
    <trkpt lat="36.645411" lon="33.378922"><ele>432.6</ele></trkpt>
    <trkpt lat="36.646344" lon="33.379430"><ele>424.7</ele></trkpt>
    <trkpt lat="36.647269" lon="33.379937"><ele>416.9</ele></trkpt>
    <trkpt lat="36.647827" lon="33.380421"><ele>410.1</ele></trkpt>
    <trkpt lat="36.647801" lon="33.380868"><ele>405.3</ele></trkpt>
    <trkpt lat="36.647198" lon="33.381277"><ele>402.9</ele></trkpt>
    <trkpt lat="36.646244" lon="33.381665"><ele>403.2</ele></trkpt>
    <trkpt lat="36.645297" lon="33.382053"><ele>405.8</ele></trkpt>
    <trkpt lat="36.644710" lon="33.382464"><ele>410.3</ele></trkpt>
    <trkpt lat="36.644696" lon="33.382912"><ele>415.7</ele></trkpt>
    <trkpt lat="36.645249" lon="33.383395"><ele>421.1</ele></trkpt>
    <trkpt lat="36.646147" lon="33.383901"><ele>425.5</ele></trkpt>
    <trkpt lat="36.647041" lon="33.384406"><ele>428.0</ele></trkpt>
    <trkpt lat="36.647583" lon="33.384889"><ele>428.1</ele></trkpt>
    <trkpt lat="36.647564" lon="33.385336"><ele>425.6</ele></trkpt>
    <trkpt lat="36.646989" lon="33.385747"><ele>420.9</ele></trkpt>
    <trkpt lat="36.646074" lon="33.386137"><ele>414.3</ele></trkpt>
    <trkpt lat="36.645163" lon="33.386528"><ele>406.8</ele></trkpt>
    <trkpt lat="36.644594" lon="33.386940"><ele>399.4</ele></trkpt>
    <trkpt lat="36.644573" lon="33.387387"><ele>393.0</ele></trkpt>
    <trkpt lat="36.645096" lon="33.387868"><ele>388.4</ele></trkpt>
    <trkpt lat="36.645952" lon="33.388371"><ele>386.0</ele></trkpt>
    <trkpt lat="36.646805" lon="33.388874"><ele>386.2</ele></trkpt>
    <trkpt lat="36.647326" lon="33.389355"><ele>388.6</ele></trkpt>
    <trkpt lat="36.647313" lon="33.389803"><ele>392.6</ele></trkpt>
    <trkpt lat="36.646770" lon="33.390217"><ele>397.6</ele></trkpt>
    <trkpt lat="36.645903" lon="33.390610"><ele>402.5</ele></trkpt>
    <trkpt lat="36.645035" lon="33.391003"><ele>406.5</ele></trkpt>
    <trkpt lat="36.644491" lon="33.391416"><ele>408.7</ele></trkpt>
    <trkpt lat="36.644464" lon="33.391863"><ele>408.7</ele></trkpt>
    <trkpt lat="36.644952" lon="33.392342"><ele>406.4</ele></trkpt>
    <trkpt lat="36.645757" lon="33.392842"><ele>401.9</ele></trkpt>
    <trkpt lat="36.646563" lon="33.393342"><ele>395.9</ele></trkpt>
    <trkpt lat="36.647057" lon="33.393821"><ele>389.0</ele></trkpt>
    <trkpt lat="36.647049" lon="33.394269"><ele>382.1</ele></trkpt>
    <trkpt lat="36.646543" lon="33.394685"><ele>376.1</ele></trkpt>
    <trkpt lat="36.645730" lon="33.395082"><ele>371.8</ele></trkpt>
    <trkpt lat="36.644914" lon="33.395478"><ele>369.6</ele></trkpt>
    <trkpt lat="36.644399" lon="33.395894"><ele>369.6</ele></trkpt>
    <trkpt lat="36.644368" lon="33.396340"><ele>371.6</ele></trkpt>
    <trkpt lat="36.644818" lon="33.396817"><ele>375.1</ele></trkpt>
    <trkpt lat="36.645565" lon="33.397313"><ele>379.5</ele></trkpt>
    <trkpt lat="36.646315" lon="33.397809"><ele>383.8</ele></trkpt>
    <trkpt lat="36.646777" lon="33.398287"><ele>387.2</ele></trkpt>
    <trkpt lat="36.646774" lon="33.398735"><ele>389.1</ele></trkpt>
    <trkpt lat="36.646307" lon="33.399153"><ele>389.0</ele></trkpt>
    <trkpt lat="36.645555" lon="33.399554"><ele>386.8</ele></trkpt>
    <trkpt lat="36.644799" lon="33.399954"><ele>382.8</ele></trkpt>
    <trkpt lat="36.644318" lon="33.400372"><ele>377.3</ele></trkpt>
    <trkpt lat="36.644283" lon="33.400818"><ele>371.0</ele></trkpt>
    <trkpt lat="36.644692" lon="33.401292"><ele>364.8</ele></trkpt>
    <trkpt lat="36.645374" lon="33.401784"><ele>359.5</ele></trkpt>
    <trkpt lat="36.646062" lon="33.402276"><ele>355.5</ele></trkpt>
    <trkpt lat="36.646486" lon="33.402751"><ele>353.4</ele></trkpt>
    <trkpt lat="36.646486" lon="33.403200"><ele>353.3</ele></trkpt>
    <trkpt lat="36.646063" lon="33.403621"><ele>354.9</ele></trkpt>
    <trkpt lat="36.645378" lon="33.404026"><ele>357.8</ele></trkpt>
    <trkpt lat="36.644688" lon="33.404430"><ele>361.4</ele></trkpt>
    <trkpt lat="36.644247" lon="33.404850"><ele>364.9</ele></trkpt>
    <trkpt lat="36.644209" lon="33.405296"><ele>367.7</ele></trkpt>
    <trkpt lat="36.644574" lon="33.405768"><ele>369.2</ele></trkpt>
    <trkpt lat="36.645186" lon="33.406255"><ele>369.0</ele></trkpt>
    <trkpt lat="36.645804" lon="33.406743"><ele>367.0</ele></trkpt>
    <trkpt lat="36.646187" lon="33.407215"><ele>363.3</ele></trkpt>
    <trkpt lat="36.646188" lon="33.407664"><ele>358.5</ele></trkpt>
    <trkpt lat="36.645810" lon="33.408088"><ele>353.1</ele></trkpt>
    <trkpt lat="36.645198" lon="33.408497"><ele>347.7</ele></trkpt>
    <trkpt lat="36.644581" lon="33.408906"><ele>343.0</ele></trkpt>
    <trkpt lat="36.644184" lon="33.409329"><ele>339.5</ele></trkpt>
    <trkpt lat="36.644146" lon="33.409775"><ele>337.5</ele></trkpt>
    <trkpt lat="36.644464" lon="33.410244"><ele>337.2</ele></trkpt>
    <trkpt lat="36.645001" lon="33.410726"><ele>338.4</ele></trkpt>
    <trkpt lat="36.645543" lon="33.411209"><ele>340.6</ele></trkpt>
    <trkpt lat="36.645879" lon="33.411679"><ele>343.3</ele></trkpt>
    <trkpt lat="36.645880" lon="33.412127"><ele>346.0</ele></trkpt>
    <trkpt lat="36.645550" lon="33.412555"><ele>348.1</ele></trkpt>
    <trkpt lat="36.645015" lon="33.412969"><ele>349.1</ele></trkpt>
    <trkpt lat="36.644476" lon="33.413383"><ele>348.7</ele></trkpt>
    <trkpt lat="36.644129" lon="33.413809"><ele>346.8</ele></trkpt>
    <trkpt lat="36.644092" lon="33.414255"><ele>343.7</ele></trkpt>
    <trkpt lat="36.644361" lon="33.414720"><ele>339.6</ele></trkpt>
    <trkpt lat="36.644819" lon="33.415198"><ele>335.0</ele></trkpt>
    <trkpt lat="36.645280" lon="33.415676"><ele>330.6</ele></trkpt>
    <trkpt lat="36.645564" lon="33.416142"><ele>326.6</ele></trkpt>
    <trkpt lat="36.645564" lon="33.416590"><ele>323.7</ele></trkpt>
    <trkpt lat="36.645283" lon="33.417021"><ele>321.9</ele></trkpt>
    <trkpt lat="36.644830" lon="33.417440"><ele>321.4</ele></trkpt>
    <trkpt lat="36.644375" lon="33.417859"><ele>322.1</ele></trkpt>
    <trkpt lat="36.644081" lon="33.418289"><ele>323.5</ele></trkpt>
    <trkpt lat="36.644045" lon="33.418735"><ele>325.3</ele></trkpt>
    <trkpt lat="36.644265" lon="33.419197"><ele>327.1</ele></trkpt>
    <trkpt lat="36.644639" lon="33.419670"><ele>328.3</ele></trkpt>
    <trkpt lat="36.645015" lon="33.420142"><ele>328.8</ele></trkpt>
    <trkpt lat="36.645244" lon="33.420605"><ele>328.1</ele></trkpt>
    <trkpt lat="36.645241" lon="33.421053"><ele>326.5</ele></trkpt>
    <trkpt lat="36.645010" lon="33.421486"><ele>323.8</ele></trkpt>
    <trkpt lat="36.644642" lon="33.421911"><ele>320.6</ele></trkpt>
    <trkpt lat="36.644274" lon="33.422336"><ele>317.0</ele></trkpt>
    <trkpt lat="36.644037" lon="33.422769"><ele>313.5</ele></trkpt>
    <trkpt lat="36.644005" lon="33.423216"><ele>310.4</ele></trkpt>
    <trkpt lat="36.644174" lon="33.423675"><ele>308.0</ele></trkpt>
    <trkpt lat="36.644462" lon="33.424141"><ele>306.5</ele></trkpt>
    <trkpt lat="36.644748" lon="33.424608"><ele>305.8</ele></trkpt>
    <trkpt lat="36.644919" lon="33.425067"><ele>305.9</ele></trkpt>
    <trkpt lat="36.644911" lon="33.425515"><ele>306.6</ele></trkpt>
    <trkpt lat="36.644732" lon="33.425952"><ele>307.4</ele></trkpt>
    <trkpt lat="36.644451" lon="33.426382"><ele>308.1</ele></trkpt>
    <trkpt lat="36.644174" lon="33.426813"><ele>308.5</ele></trkpt>
    <trkpt lat="36.643997" lon="33.427250"><ele>308.3</ele></trkpt>
    <trkpt lat="36.643971" lon="33.427697"><ele>307.5</ele></trkpt>
    <trkpt lat="36.644089" lon="33.428153"><ele>305.9</ele></trkpt>
    <trkpt lat="36.644288" lon="33.428614"><ele>303.9</ele></trkpt>
    <trkpt lat="36.644482" lon="33.429074"><ele>301.4</ele></trkpt>
    <trkpt lat="36.644592" lon="33.429529"><ele>298.9</ele></trkpt>
    <trkpt lat="36.644577" lon="33.429977"><ele>296.4</ele></trkpt>
    <trkpt lat="36.644448" lon="33.430417"><ele>294.2</ele></trkpt>
    <trkpt lat="36.644257" lon="33.430853"><ele>292.5</ele></trkpt>
    <trkpt lat="36.644074" lon="33.431290"><ele>291.2</ele></trkpt>
    <trkpt lat="36.643959" lon="33.431731"><ele>290.4</ele></trkpt>
    <trkpt lat="36.643941" lon="33.432178"><ele>289.9</ele></trkpt>
    <trkpt lat="36.644008" lon="33.432630"><ele>289.7</ele></trkpt>
    <trkpt lat="36.644118" lon="33.433086"><ele>289.5</ele></trkpt>
    <trkpt lat="36.644217" lon="33.433540"><ele>289.2</ele></trkpt>
    <trkpt lat="36.644263" lon="33.433992"><ele>288.7</ele></trkpt>
    <trkpt lat="36.644240" lon="33.434438"><ele>287.8</ele></trkpt>
    <trkpt lat="36.644161" lon="33.434882"><ele>286.7</ele></trkpt>
    <trkpt lat="36.644060" lon="33.435324"><ele>285.3</ele></trkpt>
    <trkpt lat="36.643972" lon="33.435766"><ele>283.8</ele></trkpt>
    <trkpt lat="36.643922" lon="33.436212"><ele>282.2</ele></trkpt>
    <trkpt lat="36.643913" lon="33.436659"><ele>280.7</ele></trkpt>
    <trkpt lat="36.643930" lon="33.437109"><ele>279.3</ele></trkpt>
    <trkpt lat="36.643950" lon="33.437558"><ele>278.0</ele></trkpt>
    <trkpt lat="36.643953" lon="33.438007"><ele>276.9</ele></trkpt>
    <trkpt lat="36.643933" lon="33.438454"><ele>276.0</ele></trkpt>
    <trkpt lat="36.643900" lon="33.438900"><ele>275.0</ele></trkpt>
    </trkseg>
  </trk>
</gpx>
