<?xml version="1.0" encoding="UTF-8"?>
<gpx version="1.1" creator="tripplanner (sketch line from researched control points)" xmlns="http://www.topografix.com/GPX/1/1">
  <metadata>
    <name>taurus-six — Antalya → Akseki</name>
    <desc>134.0 km, 1750 m. Sketch line through researched control points, calibrated to 134 km / 1750 m of road — drawn, not routed.</desc>
  </metadata>
  <trk>
    <name>taurus-six — Antalya → Akseki</name>
    <trkseg>
    <trkpt lat="36.884100" lon="30.705600"><ele>25.0</ele></trkpt>
    <trkpt lat="36.884274" lon="30.705994"><ele>25.0</ele></trkpt>
    <trkpt lat="36.884452" lon="30.706384"><ele>25.0</ele></trkpt>
    <trkpt lat="36.884634" lon="30.706772"><ele>25.1</ele></trkpt>
    <trkpt lat="36.884818" lon="30.707159"><ele>25.2</ele></trkpt>
    <trkpt lat="36.885002" lon="30.707546"><ele>25.3</ele></trkpt>
    <trkpt lat="36.885182" lon="30.707935"><ele>25.5</ele></trkpt>
    <trkpt lat="36.885358" lon="30.708327"><ele>25.6</ele></trkpt>
    <trkpt lat="36.885528" lon="30.708724"><ele>25.7</ele></trkpt>
    <trkpt lat="36.885689" lon="30.709126"><ele>25.9</ele></trkpt>
    <trkpt lat="36.885842" lon="30.709533"><ele>26.0</ele></trkpt>
    <trkpt lat="36.885988" lon="30.709945"><ele>26.1</ele></trkpt>
    <trkpt lat="36.886128" lon="30.710362"><ele>26.1</ele></trkpt>
    <trkpt lat="36.886265" lon="30.710780"><ele>26.1</ele></trkpt>
    <trkpt lat="36.886402" lon="30.711199"><ele>26.1</ele></trkpt>
    <trkpt lat="36.886542" lon="30.711615"><ele>26.0</ele></trkpt>
    <trkpt lat="36.886689" lon="30.712027"><ele>25.8</ele></trkpt>
    <trkpt lat="36.886846" lon="30.712432"><ele>25.6</ele></trkpt>
    <trkpt lat="36.887016" lon="30.712828"><ele>25.4</ele></trkpt>
    <trkpt lat="36.887200" lon="30.713215"><ele>25.1</ele></trkpt>
    <trkpt lat="36.887398" lon="30.713592"><ele>24.7</ele></trkpt>
    <trkpt lat="36.887610" lon="30.713960"><ele>24.3</ele></trkpt>
    <trkpt lat="36.887832" lon="30.714321"><ele>23.9</ele></trkpt>
    <trkpt lat="36.888062" lon="30.714676"><ele>23.5</ele></trkpt>
    <trkpt lat="36.888295" lon="30.715030"><ele>23.1</ele></trkpt>
    <trkpt lat="36.888525" lon="30.715386"><ele>22.7</ele></trkpt>
    <trkpt lat="36.888748" lon="30.715746"><ele>22.3</ele></trkpt>
    <trkpt lat="36.888957" lon="30.716116"><ele>22.0</ele></trkpt>
    <trkpt lat="36.889150" lon="30.716496"><ele>21.7</ele></trkpt>
    <trkpt lat="36.889323" lon="30.716891"><ele>21.4</ele></trkpt>
    <trkpt lat="36.889473" lon="30.717300"><ele>21.3</ele></trkpt>
    <trkpt lat="36.889603" lon="30.717724"><ele>21.2</ele></trkpt>
    <trkpt lat="36.889713" lon="30.718160"><ele>21.2</ele></trkpt>
    <trkpt lat="36.889808" lon="30.718607"><ele>21.3</ele></trkpt>
    <trkpt lat="36.889893" lon="30.719061"><ele>21.5</ele></trkpt>
    <trkpt lat="36.889974" lon="30.719517"><ele>21.8</ele></trkpt>
    <trkpt lat="36.890059" lon="30.719970"><ele>22.2</ele></trkpt>
    <trkpt lat="36.890156" lon="30.720416"><ele>22.6</ele></trkpt>
    <trkpt lat="36.890270" lon="30.720850"><ele>23.2</ele></trkpt>
    <trkpt lat="36.890408" lon="30.721268"><ele>23.8</ele></trkpt>
    <trkpt lat="36.890574" lon="30.721667"><ele>24.4</ele></trkpt>
    <trkpt lat="36.890768" lon="30.722047"><ele>25.1</ele></trkpt>
    <trkpt lat="36.890991" lon="30.722407"><ele>25.8</ele></trkpt>
    <trkpt lat="36.891240" lon="30.722750"><ele>26.5</ele></trkpt>
    <trkpt lat="36.891509" lon="30.723079"><ele>27.2</ele></trkpt>
    <trkpt lat="36.891792" lon="30.723399"><ele>27.8</ele></trkpt>
    <trkpt lat="36.892080" lon="30.723715"><ele>28.4</ele></trkpt>
    <trkpt lat="36.892364" lon="30.724035"><ele>28.9</ele></trkpt>
    <trkpt lat="36.892634" lon="30.724363"><ele>29.3</ele></trkpt>
    <trkpt lat="36.892882" lon="30.724707"><ele>29.6</ele></trkpt>
    <trkpt lat="36.893100" lon="30.725070"><ele>29.7</ele></trkpt>
    <trkpt lat="36.893285" lon="30.725456"><ele>29.7</ele></trkpt>
    <trkpt lat="36.893433" lon="30.725867"><ele>29.6</ele></trkpt>
    <trkpt lat="36.893546" lon="30.726302"><ele>29.4</ele></trkpt>
    <trkpt lat="36.893625" lon="30.726759"><ele>29.0</ele></trkpt>
    <trkpt lat="36.893679" lon="30.727234"><ele>28.4</ele></trkpt>
    <trkpt lat="36.893714" lon="30.727721"><ele>27.8</ele></trkpt>
    <trkpt lat="36.893742" lon="30.728213"><ele>27.0</ele></trkpt>
    <trkpt lat="36.893774" lon="30.728703"><ele>26.1</ele></trkpt>
    <trkpt lat="36.893820" lon="30.729183"><ele>25.2</ele></trkpt>
    <trkpt lat="36.893892" lon="30.729646"><ele>24.2</ele></trkpt>
    <trkpt lat="36.893997" lon="30.730085"><ele>23.1</ele></trkpt>
    <trkpt lat="36.894143" lon="30.730498"><ele>22.1</ele></trkpt>
    <trkpt lat="36.894332" lon="30.730881"><ele>21.1</ele></trkpt>
    <trkpt lat="36.894564" lon="30.731235"><ele>20.1</ele></trkpt>
    <trkpt lat="36.894836" lon="30.731563"><ele>19.2</ele></trkpt>
    <trkpt lat="36.895140" lon="30.731868"><ele>18.4</ele></trkpt>
    <trkpt lat="36.895468" lon="30.732158"><ele>17.8</ele></trkpt>
    <trkpt lat="36.895806" lon="30.732440"><ele>17.2</ele></trkpt>
    <trkpt lat="36.896143" lon="30.732723"><ele>16.9</ele></trkpt>
    <trkpt lat="36.896465" lon="30.733017"><ele>16.7</ele></trkpt>
    <trkpt lat="36.896759" lon="30.733329"><ele>16.6</ele></trkpt>
    <trkpt lat="36.897015" lon="30.733667"><ele>16.8</ele></trkpt>
    <trkpt lat="36.897226" lon="30.734036"><ele>17.2</ele></trkpt>
    <trkpt lat="36.897387" lon="30.734438"><ele>17.7</ele></trkpt>
    <trkpt lat="36.897498" lon="30.734874"><ele>18.4</ele></trkpt>
    <trkpt lat="36.897563" lon="30.735341"><ele>19.3</ele></trkpt>
    <trkpt lat="36.897588" lon="30.735835"><ele>20.3</ele></trkpt>
    <trkpt lat="36.897585" lon="30.736348"><ele>21.4</ele></trkpt>
    <trkpt lat="36.897567" lon="30.736872"><ele>22.6</ele></trkpt>
    <trkpt lat="36.897547" lon="30.737396"><ele>23.8</ele></trkpt>
    <trkpt lat="36.897542" lon="30.737911"><ele>25.1</ele></trkpt>
    <trkpt lat="36.897565" lon="30.738406"><ele>26.4</ele></trkpt>
    <trkpt lat="36.897629" lon="30.738874"><ele>27.6</ele></trkpt>
    <trkpt lat="36.897743" lon="30.739308"><ele>28.8</ele></trkpt>
    <trkpt lat="36.897912" lon="30.739705"><ele>29.9</ele></trkpt>
    <trkpt lat="36.898137" lon="30.740064"><ele>30.8</ele></trkpt>
    <trkpt lat="36.898416" lon="30.740386"><ele>31.6</ele></trkpt>
    <trkpt lat="36.898741" lon="30.740678"><ele>32.2</ele></trkpt>
    <trkpt lat="36.899100" lon="30.740946"><ele>32.6</ele></trkpt>
    <trkpt lat="36.899480" lon="30.741200"><ele>32.8</ele></trkpt>
    <trkpt lat="36.899864" lon="30.741452"><ele>32.7</ele></trkpt>
    <trkpt lat="36.900235" lon="30.741712"><ele>32.5</ele></trkpt>
    <trkpt lat="36.900579" lon="30.741991"><ele>32.0</ele></trkpt>
    <trkpt lat="36.900880" lon="30.742298"><ele>31.3</ele></trkpt>
    <trkpt lat="36.901128" lon="30.742642"><ele>30.4</ele></trkpt>
    <trkpt lat="36.901316" lon="30.743026"><ele>29.3</ele></trkpt>
    <trkpt lat="36.901441" lon="30.743452"><ele>28.0</ele></trkpt>
    <trkpt lat="36.901507" lon="30.743919"><ele>26.7</ele></trkpt>
    <trkpt lat="36.901520" lon="30.744421"><ele>25.2</ele></trkpt>
    <trkpt lat="36.901492" lon="30.744951"><ele>23.7</ele></trkpt>
    <trkpt lat="36.901439" lon="30.745498"><ele>22.1</ele></trkpt>
    <trkpt lat="36.901377" lon="30.746051"><ele>20.6</ele></trkpt>
    <trkpt lat="36.901324" lon="30.746598"><ele>19.1</ele></trkpt>
    <trkpt lat="36.901299" lon="30.747126"><ele>17.7</ele></trkpt>
    <trkpt lat="36.901317" lon="30.747625"><ele>16.4</ele></trkpt>
    <trkpt lat="36.901390" lon="30.748087"><ele>15.3</ele></trkpt>
    <trkpt lat="36.901526" lon="30.748505"><ele>14.4</ele></trkpt>
    <trkpt lat="36.901731" lon="30.748878"><ele>13.7</ele></trkpt>
    <trkpt lat="36.902001" lon="30.749207"><ele>13.2</ele></trkpt>
    <trkpt lat="36.902329" lon="30.749496"><ele>13.0</ele></trkpt>
    <trkpt lat="36.902705" lon="30.749753"><ele>13.0</ele></trkpt>
    <trkpt lat="36.903112" lon="30.749989"><ele>13.3</ele></trkpt>
    <trkpt lat="36.903533" lon="30.750215"><ele>13.9</ele></trkpt>
    <trkpt lat="36.903948" lon="30.750446"><ele>14.7</ele></trkpt>
    <trkpt lat="36.904338" lon="30.750693"><ele>15.7</ele></trkpt>
    <trkpt lat="36.904686" lon="30.750969"><ele>16.9</ele></trkpt>
    <trkpt lat="36.904977" lon="30.751284"><ele>18.3</ele></trkpt>
    <trkpt lat="36.905201" lon="30.751643"><ele>19.9</ele></trkpt>
    <trkpt lat="36.905354" lon="30.752051"><ele>21.5</ele></trkpt>
    <trkpt lat="36.905436" lon="30.752506"><ele>23.2</ele></trkpt>
    <trkpt lat="36.905453" lon="30.753006"><ele>24.9</ele></trkpt>
    <trkpt lat="36.905418" lon="30.753541"><ele>26.6</ele></trkpt>
    <trkpt lat="36.905344" lon="30.754102"><ele>28.3</ele></trkpt>
    <trkpt lat="36.905252" lon="30.754675"><ele>29.8</ele></trkpt>
    <trkpt lat="36.905161" lon="30.755247"><ele>31.2</ele></trkpt>
    <trkpt lat="36.905093" lon="30.755805"><ele>32.4</ele></trkpt>
    <trkpt lat="36.905065" lon="30.756335"><ele>33.3</ele></trkpt>
    <trkpt lat="36.905094" lon="30.756827"><ele>34.1</ele></trkpt>
    <trkpt lat="36.905191" lon="30.757272"><ele>34.5</ele></trkpt>
    <trkpt lat="36.905362" lon="30.757667"><ele>34.7</ele></trkpt>
    <trkpt lat="36.905609" lon="30.758011"><ele>34.6</ele></trkpt>
    <trkpt lat="36.905926" lon="30.758308"><ele>34.3</ele></trkpt>
    <trkpt lat="36.906301" lon="30.758565"><ele>33.6</ele></trkpt>
    <trkpt lat="36.906721" lon="30.758793"><ele>32.7</ele></trkpt>
    <trkpt lat="36.907164" lon="30.759004"><ele>31.5</ele></trkpt>
    <trkpt lat="36.907611" lon="30.759213"><ele>30.1</ele></trkpt>
    <trkpt lat="36.908040" lon="30.759434"><ele>28.6</ele></trkpt>
    <trkpt lat="36.908430" lon="30.759681"><ele>26.9</ele></trkpt>
    <trkpt lat="36.908765" lon="30.759966"><ele>25.0</ele></trkpt>
    <trkpt lat="36.909031" lon="30.760297"><ele>23.2</ele></trkpt>
    <trkpt lat="36.909221" lon="30.760680"><ele>21.3</ele></trkpt>
    <trkpt lat="36.909332" lon="30.761116"><ele>19.4</ele></trkpt>
    <trkpt lat="36.909369" lon="30.761603"><ele>17.6</ele></trkpt>
    <trkpt lat="36.909341" lon="30.762132"><ele>16.0</ele></trkpt>
    <trkpt lat="36.909264" lon="30.762695"><ele>14.5</ele></trkpt>
    <trkpt lat="36.909157" lon="30.763279"><ele>13.2</ele></trkpt>
    <trkpt lat="36.909042" lon="30.763868"><ele>12.1</ele></trkpt>
    <trkpt lat="36.908940" lon="30.764448"><ele>11.3</ele></trkpt>
    <trkpt lat="36.908873" lon="30.765005"><ele>10.8</ele></trkpt>
    <trkpt lat="36.908859" lon="30.765525"><ele>10.6</ele></trkpt>
    <trkpt lat="36.908914" lon="30.765999"><ele>10.7</ele></trkpt>
    <trkpt lat="36.909046" lon="30.766421"><ele>11.1</ele></trkpt>
    <trkpt lat="36.909259" lon="30.766788"><ele>11.8</ele></trkpt>
    <trkpt lat="36.909550" lon="30.767102"><ele>12.7</ele></trkpt>
    <trkpt lat="36.909910" lon="30.767370"><ele>13.9</ele></trkpt>
    <trkpt lat="36.910324" lon="30.767601"><ele>15.4</ele></trkpt>
    <trkpt lat="36.910774" lon="30.767808"><ele>17.0</ele></trkpt>
    <trkpt lat="36.911238" lon="30.768005"><ele>18.8</ele></trkpt>
    <trkpt lat="36.911694" lon="30.768208"><ele>20.6</ele></trkpt>
    <trkpt lat="36.912119" lon="30.768432"><ele>22.6</ele></trkpt>
    <trkpt lat="36.912493" lon="30.768690"><ele>24.5</ele></trkpt>
    <trkpt lat="36.912801" lon="30.768993"><ele>26.4</ele></trkpt>
    <trkpt lat="36.913031" lon="30.769348"><ele>28.3</ele></trkpt>
    <trkpt lat="36.913179" lon="30.769759"><ele>29.9</ele></trkpt>
    <trkpt lat="36.913247" lon="30.770224"><ele>31.5</ele></trkpt>
    <trkpt lat="36.913242" lon="30.770739"><ele>32.8</ele></trkpt>
    <trkpt lat="36.913178" lon="30.771293"><ele>33.8</ele></trkpt>
    <trkpt lat="36.913074" lon="30.771875"><ele>34.6</ele></trkpt>
    <trkpt lat="36.912949" lon="30.772471"><ele>35.1</ele></trkpt>
    <trkpt lat="36.912828" lon="30.773064"><ele>35.2</ele></trkpt>
    <trkpt lat="36.912733" lon="30.773639"><ele>35.1</ele></trkpt>
    <trkpt lat="36.912684" lon="30.774183"><ele>34.7</ele></trkpt>
    <trkpt lat="36.912699" lon="30.774684"><ele>33.9</ele></trkpt>
    <trkpt lat="36.912790" lon="30.775134"><ele>32.9</ele></trkpt>
    <trkpt lat="36.912964" lon="30.775527"><ele>31.6</ele></trkpt>
    <trkpt lat="36.913219" lon="30.775866"><ele>30.1</ele></trkpt>
    <trkpt lat="36.913550" lon="30.776153"><ele>28.4</ele></trkpt>
    <trkpt lat="36.913944" lon="30.776398"><ele>26.6</ele></trkpt>
    <trkpt lat="36.914384" lon="30.776612"><ele>24.7</ele></trkpt>
    <trkpt lat="36.914848" lon="30.776809"><ele>22.7</ele></trkpt>
    <trkpt lat="36.915315" lon="30.777004"><ele>20.7</ele></trkpt>
    <trkpt lat="36.915761" lon="30.777213"><ele>18.7</ele></trkpt>
    <trkpt lat="36.916165" lon="30.777451"><ele>16.9</ele></trkpt>
    <trkpt lat="36.916509" lon="30.777730"><ele>15.1</ele></trkpt>
    <trkpt lat="36.916779" lon="30.778058"><ele>13.6</ele></trkpt>
    <trkpt lat="36.916968" lon="30.778442"><ele>12.3</ele></trkpt>
    <trkpt lat="36.917075" lon="30.778881"><ele>11.2</ele></trkpt>
    <trkpt lat="36.917104" lon="30.779372"><ele>10.4</ele></trkpt>
    <trkpt lat="36.917067" lon="30.779908"><ele>9.9</ele></trkpt>
    <trkpt lat="36.916981" lon="30.780478"><ele>9.7</ele></trkpt>
    <trkpt lat="36.916864" lon="30.781068"><ele>9.9</ele></trkpt>
    <trkpt lat="36.916739" lon="30.781663"><ele>10.3</ele></trkpt>
    <trkpt lat="36.916630" lon="30.782248"><ele>11.0</ele></trkpt>
    <trkpt lat="36.916559" lon="30.782808"><ele>12.0</ele></trkpt>
    <trkpt lat="36.916542" lon="30.783330"><ele>13.3</ele></trkpt>
    <trkpt lat="36.916596" lon="30.783804"><ele>14.7</ele></trkpt>
    <trkpt lat="36.916729" lon="30.784226"><ele>16.4</ele></trkpt>
    <trkpt lat="36.916944" lon="30.784592"><ele>18.2</ele></trkpt>
    <trkpt lat="36.917237" lon="30.784905"><ele>20.0</ele></trkpt>
    <trkpt lat="36.917598" lon="30.785172"><ele>22.0</ele></trkpt>
    <trkpt lat="36.918012" lon="30.785403"><ele>23.9</ele></trkpt>
    <trkpt lat="36.918461" lon="30.785610"><ele>25.8</ele></trkpt>
    <trkpt lat="36.918922" lon="30.785809"><ele>27.5</ele></trkpt>
    <trkpt lat="36.919374" lon="30.786015"><ele>29.2</ele></trkpt>
    <trkpt lat="36.919794" lon="30.786242"><ele>30.6</ele></trkpt>
    <trkpt lat="36.920163" lon="30.786503"><ele>31.9</ele></trkpt>
    <trkpt lat="36.920467" lon="30.786809"><ele>32.9</ele></trkpt>
    <trkpt lat="36.920695" lon="30.787166"><ele>33.6</ele></trkpt>
    <trkpt lat="36.920843" lon="30.787577"><ele>34.0</ele></trkpt>
    <trkpt lat="36.920913" lon="30.788041"><ele>34.2</ele></trkpt>
    <trkpt lat="36.920914" lon="30.788551"><ele>34.0</ele></trkpt>
    <trkpt lat="36.920859" lon="30.789100"><ele>33.6</ele></trkpt>
    <trkpt lat="36.920766" lon="30.789674"><ele>32.8</ele></trkpt>
    <trkpt lat="36.920655" lon="30.790260"><ele>31.8</ele></trkpt>
    <trkpt lat="36.920549" lon="30.790843"><ele>30.6</ele></trkpt>
    <trkpt lat="36.920468" lon="30.791408"><ele>29.2</ele></trkpt>
    <trkpt lat="36.920433" lon="30.791943"><ele>27.6</ele></trkpt>
    <trkpt lat="36.920459" lon="30.792437"><ele>25.8</ele></trkpt>
    <trkpt lat="36.920556" lon="30.792882"><ele>24.0</ele></trkpt>
    <trkpt lat="36.920730" lon="30.793276"><ele>22.1</ele></trkpt>
    <trkpt lat="36.920981" lon="30.793618"><ele>20.3</ele></trkpt>
    <trkpt lat="36.921301" lon="30.793912"><ele>18.5</ele></trkpt>
    <trkpt lat="36.921678" lon="30.794168"><ele>16.8</ele></trkpt>
    <trkpt lat="36.922096" lon="30.794397"><ele>15.2</ele></trkpt>
    <trkpt lat="36.922536" lon="30.794610"><ele>13.8</ele></trkpt>
    <trkpt lat="36.922977" lon="30.794823"><ele>12.6</ele></trkpt>
    <trkpt lat="36.923397" lon="30.795050"><ele>11.7</ele></trkpt>
    <trkpt lat="36.923778" lon="30.795304"><ele>11.0</ele></trkpt>
    <trkpt lat="36.924104" lon="30.795594"><ele>10.6</ele></trkpt>
    <trkpt lat="36.924363" lon="30.795930"><ele>10.4</ele></trkpt>
    <trkpt lat="36.924549" lon="30.796316"><ele>10.6</ele></trkpt>
    <trkpt lat="36.924661" lon="30.796751"><ele>11.0</ele></trkpt>
    <trkpt lat="36.924706" lon="30.797232"><ele>11.7</ele></trkpt>
    <trkpt lat="36.924692" lon="30.797752"><ele>12.6</ele></trkpt>
    <trkpt lat="36.924635" lon="30.798302"><ele>13.7</ele></trkpt>
    <trkpt lat="36.924554" lon="30.798868"><ele>15.0</ele></trkpt>
    <trkpt lat="36.924467" lon="30.799438"><ele>16.5</ele></trkpt>
    <trkpt lat="36.924395" lon="30.799998"><ele>18.1</ele></trkpt>
    <trkpt lat="36.924356" lon="30.800535"><ele>19.7</ele></trkpt>
    <trkpt lat="36.924366" lon="30.801039"><ele>21.4</ele></trkpt>
    <trkpt lat="36.924438" lon="30.801502"><ele>23.0</ele></trkpt>
    <trkpt lat="36.924577" lon="30.801919"><ele>24.7</ele></trkpt>
    <trkpt lat="36.924787" lon="30.802288"><ele>26.2</ele></trkpt>
    <trkpt lat="36.925062" lon="30.802613"><ele>27.6</ele></trkpt>
    <trkpt lat="36.925395" lon="30.802899"><ele>28.8</ele></trkpt>
    <trkpt lat="36.925772" lon="30.803156"><ele>29.8</ele></trkpt>
    <trkpt lat="36.926176" lon="30.803393"><ele>30.6</ele></trkpt>
    <trkpt lat="36.926589" lon="30.803625"><ele>31.2</ele></trkpt>
    <trkpt lat="36.926993" lon="30.803863"><ele>31.5</ele></trkpt>
    <trkpt lat="36.927370" lon="30.804119"><ele>31.6</ele></trkpt>
    <trkpt lat="36.927703" lon="30.804405"><ele>31.5</ele></trkpt>
    <trkpt lat="36.927982" lon="30.804728"><ele>31.0</ele></trkpt>
    <trkpt lat="36.928198" lon="30.805093"><ele>30.4</ele></trkpt>
    <trkpt lat="36.928348" lon="30.805502"><ele>29.5</ele></trkpt>
    <trkpt lat="36.928436" lon="30.805953"><ele>28.5</ele></trkpt>
    <trkpt lat="36.928469" lon="30.806442"><ele>27.3</ele></trkpt>
    <trkpt lat="36.928458" lon="30.806961"><ele>26.0</ele></trkpt>
    <trkpt lat="36.928418" lon="30.807500"><ele>24.6</ele></trkpt>
    <trkpt lat="36.928365" lon="30.808047"><ele>23.1</ele></trkpt>
    <trkpt lat="36.928317" lon="30.808590"><ele>21.6</ele></trkpt>
    <trkpt lat="36.928291" lon="30.809119"><ele>20.1</ele></trkpt>
    <trkpt lat="36.928302" lon="30.809623"><ele>18.7</ele></trkpt>
    <trkpt lat="36.928361" lon="30.810094"><ele>17.3</ele></trkpt>
    <trkpt lat="36.928477" lon="30.810527"><ele>16.1</ele></trkpt>
    <trkpt lat="36.928652" lon="30.810919"><ele>15.0</ele></trkpt>
    <trkpt lat="36.928886" lon="30.811272"><ele>14.1</ele></trkpt>
    <trkpt lat="36.929172" lon="30.811590"><ele>13.4</ele></trkpt>
    <trkpt lat="36.929500" lon="30.811879"><ele>12.9</ele></trkpt>
    <trkpt lat="36.929859" lon="30.812148"><ele>12.6</ele></trkpt>
    <trkpt lat="36.930232" lon="30.812406"><ele>12.5</ele></trkpt>
    <trkpt lat="36.930604" lon="30.812666"><ele>12.7</ele></trkpt>
    <trkpt lat="36.930959" lon="30.812937"><ele>13.0</ele></trkpt>
    <trkpt lat="36.931284" lon="30.813228"><ele>13.6</ele></trkpt>
    <trkpt lat="36.931567" lon="30.813548"><ele>14.3</ele></trkpt>
    <trkpt lat="36.931800" lon="30.813901"><ele>15.1</ele></trkpt>
    <trkpt lat="36.931980" lon="30.814291"><ele>16.1</ele></trkpt>
    <trkpt lat="36.932107" lon="30.814716"><ele>17.2</ele></trkpt>
    <trkpt lat="36.932185" lon="30.815174"><ele>18.4</ele></trkpt>
    <trkpt lat="36.932223" lon="30.815660"><ele>19.6</ele></trkpt>
    <trkpt lat="36.932232" lon="30.816165"><ele>20.8</ele></trkpt>
    <trkpt lat="36.932225" lon="30.816681"><ele>22.0</ele></trkpt>
    <trkpt lat="36.932216" lon="30.817198"><ele>23.2</ele></trkpt>
    <trkpt lat="36.932218" lon="30.817708"><ele>24.2</ele></trkpt>
    <trkpt lat="36.932246" lon="30.818200"><ele>25.2</ele></trkpt>
    <trkpt lat="36.932309" lon="30.818669"><ele>26.0</ele></trkpt>
    <trkpt lat="36.932415" lon="30.819108"><ele>26.7</ele></trkpt>
    <trkpt lat="36.932567" lon="30.819517"><ele>27.2</ele></trkpt>
    <trkpt lat="36.932766" lon="30.819893"><ele>27.6</ele></trkpt>
    <trkpt lat="36.933009" lon="30.820240"><ele>27.8</ele></trkpt>
    <trkpt lat="36.933289" lon="30.820562"><ele>27.8</ele></trkpt>
    <trkpt lat="36.933596" lon="30.820865"><ele>27.6</ele></trkpt>
    <trkpt lat="36.933920" lon="30.821157"><ele>27.3</ele></trkpt>
    <trkpt lat="36.934247" lon="30.821447"><ele>26.8</ele></trkpt>
    <trkpt lat="36.934567" lon="30.821742"><ele>26.2</ele></trkpt>
    <trkpt lat="36.934867" lon="30.822050"><ele>25.5</ele></trkpt>
    <trkpt lat="36.935138" lon="30.822377"><ele>24.7</ele></trkpt>
    <trkpt lat="36.935373" lon="30.822729"><ele>23.8</ele></trkpt>
    <trkpt lat="36.935569" lon="30.823108"><ele>22.9</ele></trkpt>
    <trkpt lat="36.935725" lon="30.823514"><ele>21.9</ele></trkpt>
    <trkpt lat="36.935842" lon="30.823946"><ele>21.0</ele></trkpt>
    <trkpt lat="36.935928" lon="30.824399"><ele>20.0</ele></trkpt>
    <trkpt lat="36.935988" lon="30.824869"><ele>19.1</ele></trkpt>
    <trkpt lat="36.936033" lon="30.825350"><ele>18.3</ele></trkpt>
    <trkpt lat="36.936073" lon="30.825834"><ele>17.6</ele></trkpt>
    <trkpt lat="36.936118" lon="30.826315"><ele>17.0</ele></trkpt>
    <trkpt lat="36.936178" lon="30.826786"><ele>16.5</ele></trkpt>
    <trkpt lat="36.936261" lon="30.827241"><ele>16.1</ele></trkpt>
    <trkpt lat="36.936372" lon="30.827677"><ele>15.8</ele></trkpt>
    <trkpt lat="36.936516" lon="30.828091"><ele>15.7</ele></trkpt>
    <trkpt lat="36.936693" lon="30.828482"><ele>15.7</ele></trkpt>
    <trkpt lat="36.936902" lon="30.828852"><ele>15.9</ele></trkpt>
    <trkpt lat="36.937137" lon="30.829204"><ele>16.1</ele></trkpt>
    <trkpt lat="36.937394" lon="30.829541"><ele>16.4</ele></trkpt>
    <trkpt lat="36.937664" lon="30.829870"><ele>16.9</ele></trkpt>
    <trkpt lat="36.937939" lon="30.830195"><ele>17.4</ele></trkpt>
    <trkpt lat="36.938211" lon="30.830522"><ele>17.9</ele></trkpt>
    <trkpt lat="36.938472" lon="30.830857"><ele>18.5</ele></trkpt>
    <trkpt lat="36.938715" lon="30.831203"><ele>19.1</ele></trkpt>
    <trkpt lat="36.938937" lon="30.831564"><ele>19.8</ele></trkpt>
    <trkpt lat="36.939133" lon="30.831943"><ele>20.4</ele></trkpt>
    <trkpt lat="36.939304" lon="30.832339"><ele>20.9</ele></trkpt>
    <trkpt lat="36.939450" lon="30.832751"><ele>21.5</ele></trkpt>
    <trkpt lat="36.939575" lon="30.833177"><ele>21.9</ele></trkpt>
    <trkpt lat="36.939684" lon="30.833615"><ele>22.4</ele></trkpt>
    <trkpt lat="36.939782" lon="30.834059"><ele>22.7</ele></trkpt>
    <trkpt lat="36.939877" lon="30.834507"><ele>22.9</ele></trkpt>
    <trkpt lat="36.939974" lon="30.834952"><ele>23.1</ele></trkpt>
    <trkpt lat="36.940078" lon="30.835393"><ele>23.2</ele></trkpt>
    <trkpt lat="36.940196" lon="30.835824"><ele>23.2</ele></trkpt>
    <trkpt lat="36.940330" lon="30.836245"><ele>23.1</ele></trkpt>
    <trkpt lat="36.940481" lon="30.836654"><ele>23.0</ele></trkpt>
    <trkpt lat="36.940651" lon="30.837050"><ele>22.8</ele></trkpt>
    <trkpt lat="36.940838" lon="30.837435"><ele>22.5</ele></trkpt>
    <trkpt lat="36.941039" lon="30.837810"><ele>22.2</ele></trkpt>
    <trkpt lat="36.941250" lon="30.838178"><ele>21.9</ele></trkpt>
    <trkpt lat="36.941468" lon="30.838542"><ele>21.6</ele></trkpt>
    <trkpt lat="36.941688" lon="30.838904"><ele>21.2</ele></trkpt>
    <trkpt lat="36.941905" lon="30.839268"><ele>20.9</ele></trkpt>
    <trkpt lat="36.942117" lon="30.839637"><ele>20.6</ele></trkpt>
    <trkpt lat="36.942319" lon="30.840011"><ele>20.3</ele></trkpt>
    <trkpt lat="36.942511" lon="30.840392"><ele>20.0</ele></trkpt>
    <trkpt lat="36.942691" lon="30.840781"><ele>19.8</ele></trkpt>
    <trkpt lat="36.942861" lon="30.841178"><ele>19.6</ele></trkpt>
    <trkpt lat="36.943022" lon="30.841580"><ele>19.5</ele></trkpt>
    <trkpt lat="36.943175" lon="30.841988"><ele>19.4</ele></trkpt>
    <trkpt lat="36.943324" lon="30.842398"><ele>19.3</ele></trkpt>
    <trkpt lat="36.943472" lon="30.842809"><ele>19.3</ele></trkpt>
    <trkpt lat="36.943621" lon="30.843219"><ele>19.4</ele></trkpt>
    <trkpt lat="36.943774" lon="30.843627"><ele>19.4</ele></trkpt>
    <trkpt lat="36.943932" lon="30.844031"><ele>19.5</ele></trkpt>
    <trkpt lat="36.944096" lon="30.844432"><ele>19.6</ele></trkpt>
    <trkpt lat="36.944266" lon="30.844828"><ele>19.7</ele></trkpt>
    <trkpt lat="36.944441" lon="30.845221"><ele>19.8</ele></trkpt>
    <trkpt lat="36.944620" lon="30.845611"><ele>19.9</ele></trkpt>
    <trkpt lat="36.944800" lon="30.846000"><ele>20.0</ele></trkpt>
    <trkpt lat="36.944584" lon="30.846360"><ele>19.9</ele></trkpt>
    <trkpt lat="36.944370" lon="30.846721"><ele>19.9</ele></trkpt>
    <trkpt lat="36.944159" lon="30.847086"><ele>19.9</ele></trkpt>
    <trkpt lat="36.943952" lon="30.847454"><ele>19.9</ele></trkpt>
    <trkpt lat="36.943750" lon="30.847826"><ele>19.9</ele></trkpt>
    <trkpt lat="36.943552" lon="30.848202"><ele>20.0</ele></trkpt>
    <trkpt lat="36.943357" lon="30.848580"><ele>20.1</ele></trkpt>
    <trkpt lat="36.943163" lon="30.848960"><ele>20.2</ele></trkpt>
    <trkpt lat="36.942969" lon="30.849340"><ele>20.3</ele></trkpt>
    <trkpt lat="36.942773" lon="30.849718"><ele>20.5</ele></trkpt>
    <trkpt lat="36.942573" lon="30.850092"><ele>20.7</ele></trkpt>
    <trkpt lat="36.942366" lon="30.850460"><ele>20.8</ele></trkpt>
    <trkpt lat="36.942152" lon="30.850822"><ele>20.9</ele></trkpt>
    <trkpt lat="36.941930" lon="30.851176"><ele>21.1</ele></trkpt>
    <trkpt lat="36.941701" lon="30.851524"><ele>21.2</ele></trkpt>
    <trkpt lat="36.941464" lon="30.851865"><ele>21.2</ele></trkpt>
    <trkpt lat="36.941222" lon="30.852202"><ele>21.3</ele></trkpt>
    <trkpt lat="36.940978" lon="30.852537"><ele>21.3</ele></trkpt>
    <trkpt lat="36.940735" lon="30.852872"><ele>21.2</ele></trkpt>
    <trkpt lat="36.940495" lon="30.853210"><ele>21.1</ele></trkpt>
    <trkpt lat="36.940261" lon="30.853554"><ele>20.9</ele></trkpt>
    <trkpt lat="36.940038" lon="30.853907"><ele>20.7</ele></trkpt>
    <trkpt lat="36.939826" lon="30.854271"><ele>20.5</ele></trkpt>
    <trkpt lat="36.939627" lon="30.854646"><ele>20.1</ele></trkpt>
    <trkpt lat="36.939442" lon="30.855033"><ele>19.8</ele></trkpt>
    <trkpt lat="36.939268" lon="30.855431"><ele>19.4</ele></trkpt>
    <trkpt lat="36.939104" lon="30.855838"><ele>19.0</ele></trkpt>
    <trkpt lat="36.938948" lon="30.856251"><ele>18.6</ele></trkpt>
    <trkpt lat="36.938794" lon="30.856667"><ele>18.2</ele></trkpt>
    <trkpt lat="36.938638" lon="30.857080"><ele>17.8</ele></trkpt>
    <trkpt lat="36.938476" lon="30.857489"><ele>17.5</ele></trkpt>
    <trkpt lat="36.938303" lon="30.857887"><ele>17.2</ele></trkpt>
    <trkpt lat="36.938115" lon="30.858272"><ele>16.9</ele></trkpt>
    <trkpt lat="36.937910" lon="30.858642"><ele>16.7</ele></trkpt>
    <trkpt lat="36.937687" lon="30.858995"><ele>16.5</ele></trkpt>
    <trkpt lat="36.937445" lon="30.859332"><ele>16.4</ele></trkpt>
    <trkpt lat="36.937186" lon="30.859653"><ele>16.4</ele></trkpt>
    <trkpt lat="36.936913" lon="30.859962"><ele>16.5</ele></trkpt>
    <trkpt lat="36.936631" lon="30.860263"><ele>16.7</ele></trkpt>
    <trkpt lat="36.936345" lon="30.860560"><ele>16.9</ele></trkpt>
    <trkpt lat="36.936062" lon="30.860859"><ele>17.3</ele></trkpt>
    <trkpt lat="36.935787" lon="30.861166"><ele>17.7</ele></trkpt>
    <trkpt lat="36.935526" lon="30.861486"><ele>18.2</ele></trkpt>
    <trkpt lat="36.935284" lon="30.861822"><ele>18.7</ele></trkpt>
    <trkpt lat="36.935064" lon="30.862179"><ele>19.3</ele></trkpt>
    <trkpt lat="36.934869" lon="30.862558"><ele>19.9</ele></trkpt>
    <trkpt lat="36.934699" lon="30.862958"><ele>20.6</ele></trkpt>
    <trkpt lat="36.934550" lon="30.863378"><ele>21.2</ele></trkpt>
    <trkpt lat="36.934419" lon="30.863814"><ele>21.8</ele></trkpt>
    <trkpt lat="36.934301" lon="30.864262"><ele>22.4</ele></trkpt>
    <trkpt lat="36.934188" lon="30.864714"><ele>22.9</ele></trkpt>
    <trkpt lat="36.934073" lon="30.865165"><ele>23.4</ele></trkpt>
    <trkpt lat="36.933949" lon="30.865607"><ele>23.8</ele></trkpt>
    <trkpt lat="36.933807" lon="30.866034"><ele>24.0</ele></trkpt>
    <trkpt lat="36.933643" lon="30.866440"><ele>24.2</ele></trkpt>
    <trkpt lat="36.933452" lon="30.866822"><ele>24.2</ele></trkpt>
    <trkpt lat="36.933230" lon="30.867177"><ele>24.2</ele></trkpt>
    <trkpt lat="36.932979" lon="30.867505"><ele>23.9</ele></trkpt>
    <trkpt lat="36.932701" lon="30.867809"><ele>23.6</ele></trkpt>
    <trkpt lat="36.932399" lon="30.868092"><ele>23.2</ele></trkpt>
    <trkpt lat="36.932081" lon="30.868361"><ele>22.6</ele></trkpt>
    <trkpt lat="36.931756" lon="30.868622"><ele>21.9</ele></trkpt>
    <trkpt lat="36.931431" lon="30.868884"><ele>21.2</ele></trkpt>
    <trkpt lat="36.931116" lon="30.869156"><ele>20.4</ele></trkpt>
    <trkpt lat="36.930820" lon="30.869444"><ele>19.5</ele></trkpt>
    <trkpt lat="36.930550" lon="30.869755"><ele>18.6</ele></trkpt>
    <trkpt lat="36.930312" lon="30.870096"><ele>17.7</ele></trkpt>
    <trkpt lat="36.930109" lon="30.870467"><ele>16.8</ele></trkpt>
    <trkpt lat="36.929942" lon="30.870870"><ele>15.9</ele></trkpt>
    <trkpt lat="36.929807" lon="30.871303"><ele>15.1</ele></trkpt>
    <trkpt lat="36.929700" lon="30.871761"><ele>14.4</ele></trkpt>
    <trkpt lat="36.929614" lon="30.872237"><ele>13.8</ele></trkpt>
    <trkpt lat="36.929539" lon="30.872723"><ele>13.3</ele></trkpt>
    <trkpt lat="36.929465" lon="30.873210"><ele>12.9</ele></trkpt>
    <trkpt lat="36.929381" lon="30.873689"><ele>12.7</ele></trkpt>
    <trkpt lat="36.929278" lon="30.874149"><ele>12.7</ele></trkpt>
    <trkpt lat="36.929145" lon="30.874584"><ele>12.8</ele></trkpt>
    <trkpt lat="36.928977" lon="30.874987"><ele>13.1</ele></trkpt>
    <trkpt lat="36.928769" lon="30.875354"><ele>13.5</ele></trkpt>
    <trkpt lat="36.928521" lon="30.875685"><ele>14.1</ele></trkpt>
    <trkpt lat="36.928234" lon="30.875981"><ele>14.8</ele></trkpt>
    <trkpt lat="36.927914" lon="30.876247"><ele>15.7</ele></trkpt>
    <trkpt lat="36.927568" lon="30.876491"><ele>16.6</ele></trkpt>
    <trkpt lat="36.927207" lon="30.876721"><ele>17.6</ele></trkpt>
    <trkpt lat="36.926843" lon="30.876948"><ele>18.7</ele></trkpt>
    <trkpt lat="36.926488" lon="30.877183"><ele>19.9</ele></trkpt>
    <trkpt lat="36.926152" lon="30.877436"><ele>21.0</ele></trkpt>
    <trkpt lat="36.925848" lon="30.877716"><ele>22.1</ele></trkpt>
    <trkpt lat="36.925582" lon="30.878031"><ele>23.1</ele></trkpt>
    <trkpt lat="36.925360" lon="30.878386"><ele>24.1</ele></trkpt>
    <trkpt lat="36.925184" lon="30.878782"><ele>24.9</ele></trkpt>
    <trkpt lat="36.925052" lon="30.879217"><ele>25.7</ele></trkpt>
    <trkpt lat="36.924958" lon="30.879686"><ele>26.2</ele></trkpt>
    <trkpt lat="36.924895" lon="30.880183"><ele>26.6</ele></trkpt>
    <trkpt lat="36.924852" lon="30.880698"><ele>26.8</ele></trkpt>
    <trkpt lat="36.924815" lon="30.881218"><ele>26.8</ele></trkpt>
    <trkpt lat="36.924771" lon="30.881732"><ele>26.7</ele></trkpt>
    <trkpt lat="36.924708" lon="30.882229"><ele>26.3</ele></trkpt>
    <trkpt lat="36.924612" lon="30.882697"><ele>25.7</ele></trkpt>
    <trkpt lat="36.924476" lon="30.883128"><ele>25.0</ele></trkpt>
    <trkpt lat="36.924292" lon="30.883517"><ele>24.0</ele></trkpt>
    <trkpt lat="36.924058" lon="30.883860"><ele>23.0</ele></trkpt>
    <trkpt lat="36.923774" lon="30.884159"><ele>21.8</ele></trkpt>
    <trkpt lat="36.923446" lon="30.884419"><ele>20.5</ele></trkpt>
    <trkpt lat="36.923082" lon="30.884646"><ele>19.2</ele></trkpt>
    <trkpt lat="36.922695" lon="30.884852"><ele>17.8</ele></trkpt>
    <trkpt lat="36.922296" lon="30.885049"><ele>16.5</ele></trkpt>
    <trkpt lat="36.921902" lon="30.885249"><ele>15.1</ele></trkpt>
    <trkpt lat="36.921527" lon="30.885466"><ele>13.9</ele></trkpt>
    <trkpt lat="36.921183" lon="30.885712"><ele>12.7</ele></trkpt>
    <trkpt lat="36.920883" lon="30.885996"><ele>11.7</ele></trkpt>
    <trkpt lat="36.920633" lon="30.886325"><ele>10.9</ele></trkpt>
    <trkpt lat="36.920437" lon="30.886703"><ele>10.2</ele></trkpt>
    <trkpt lat="36.920296" lon="30.887130"><ele>9.7</ele></trkpt>
    <trkpt lat="36.920205" lon="30.887602"><ele>9.5</ele></trkpt>
    <trkpt lat="36.920154" lon="30.888110"><ele>9.5</ele></trkpt>
    <trkpt lat="36.920133" lon="30.888644"><ele>9.7</ele></trkpt>
    <trkpt lat="36.920126" lon="30.889191"><ele>10.1</ele></trkpt>
    <trkpt lat="36.920118" lon="30.889738"><ele>10.8</ele></trkpt>
    <trkpt lat="36.920094" lon="30.890270"><ele>11.6</ele></trkpt>
    <trkpt lat="36.920039" lon="30.890773"><ele>12.7</ele></trkpt>
    <trkpt lat="36.919939" lon="30.891238"><ele>13.9</ele></trkpt>
    <trkpt lat="36.919787" lon="30.891654"><ele>15.2</ele></trkpt>
    <trkpt lat="36.919576" lon="30.892019"><ele>16.6</ele></trkpt>
    <trkpt lat="36.919307" lon="30.892331"><ele>18.2</ele></trkpt>
    <trkpt lat="36.918983" lon="30.892595"><ele>19.7</ele></trkpt>
    <trkpt lat="36.918613" lon="30.892816"><ele>21.2</ele></trkpt>
    <trkpt lat="36.918208" lon="30.893007"><ele>22.7</ele></trkpt>
    <trkpt lat="36.917784" lon="30.893180"><ele>24.1</ele></trkpt>
    <trkpt lat="36.917357" lon="30.893351"><ele>25.3</ele></trkpt>
    <trkpt lat="36.916944" lon="30.893534"><ele>26.5</ele></trkpt>
    <trkpt lat="36.916561" lon="30.893745"><ele>27.4</ele></trkpt>
    <trkpt lat="36.916222" lon="30.893994"><ele>28.1</ele></trkpt>
    <trkpt lat="36.915938" lon="30.894293"><ele>28.6</ele></trkpt>
    <trkpt lat="36.915715" lon="30.894646"><ele>28.8</ele></trkpt>
    <trkpt lat="36.915554" lon="30.895055"><ele>28.8</ele></trkpt>
    <trkpt lat="36.915452" lon="30.895518"><ele>28.5</ele></trkpt>
    <trkpt lat="36.915402" lon="30.896027"><ele>28.0</ele></trkpt>
    <trkpt lat="36.915392" lon="30.896571"><ele>27.2</ele></trkpt>
    <trkpt lat="36.915407" lon="30.897137"><ele>26.2</ele></trkpt>
    <trkpt lat="36.915428" lon="30.897710"><ele>25.1</ele></trkpt>
    <trkpt lat="36.915439" lon="30.898273"><ele>23.7</ele></trkpt>
    <trkpt lat="36.915422" lon="30.898811"><ele>22.2</ele></trkpt>
    <trkpt lat="36.915361" lon="30.899310"><ele>20.5</ele></trkpt>
    <trkpt lat="36.915246" lon="30.899760"><ele>18.9</ele></trkpt>
    <trkpt lat="36.915067" lon="30.900153"><ele>17.1</ele></trkpt>
    <trkpt lat="36.914822" lon="30.900487"><ele>15.4</ele></trkpt>
    <trkpt lat="36.914513" lon="30.900764"><ele>13.8</ele></trkpt>
    <trkpt lat="36.914148" lon="30.900990"><ele>12.2</ele></trkpt>
    <trkpt lat="36.913738" lon="30.901176"><ele>10.8</ele></trkpt>
    <trkpt lat="36.913298" lon="30.901335"><ele>9.6</ele></trkpt>
    <trkpt lat="36.912847" lon="30.901484"><ele>8.6</ele></trkpt>
    <trkpt lat="36.912402" lon="30.901639"><ele>7.8</ele></trkpt>
    <trkpt lat="36.911982" lon="30.901816"><ele>7.3</ele></trkpt>
    <trkpt lat="36.911605" lon="30.902031"><ele>7.0</ele></trkpt>
    <trkpt lat="36.911282" lon="30.902296"><ele>7.0</ele></trkpt>
    <trkpt lat="36.911024" lon="30.902618"><ele>7.3</ele></trkpt>
    <trkpt lat="36.910835" lon="30.903002"><ele>7.8</ele></trkpt>
    <trkpt lat="36.910714" lon="30.903446"><ele>8.7</ele></trkpt>
    <trkpt lat="36.910653" lon="30.903946"><ele>9.7</ele></trkpt>
    <trkpt lat="36.910643" lon="30.904490"><ele>11.0</ele></trkpt>
    <trkpt lat="36.910667" lon="30.905065"><ele>12.5</ele></trkpt>
    <trkpt lat="36.910708" lon="30.905655"><ele>14.1</ele></trkpt>
    <trkpt lat="36.910747" lon="30.906243"><ele>15.8</ele></trkpt>
    <trkpt lat="36.910763" lon="30.906811"><ele>17.6</ele></trkpt>
    <trkpt lat="36.910740" lon="30.907344"><ele>19.4</ele></trkpt>
    <trkpt lat="36.910663" lon="30.907828"><ele>21.2</ele></trkpt>
    <trkpt lat="36.910520" lon="30.908254"><ele>23.0</ele></trkpt>
    <trkpt lat="36.910307" lon="30.908616"><ele>24.6</ele></trkpt>
    <trkpt lat="36.910024" lon="30.908915"><ele>26.1</ele></trkpt>
    <trkpt lat="36.909674" lon="30.909156"><ele>27.3</ele></trkpt>
    <trkpt lat="36.909270" lon="30.909347"><ele>28.4</ele></trkpt>
    <trkpt lat="36.908827" lon="30.909503"><ele>29.2</ele></trkpt>
    <trkpt lat="36.908361" lon="30.909639"><ele>29.7</ele></trkpt>
    <trkpt lat="36.907893" lon="30.909773"><ele>30.0</ele></trkpt>
    <trkpt lat="36.907443" lon="30.909923"><ele>29.9</ele></trkpt>
    <trkpt lat="36.907030" lon="30.910107"><ele>29.6</ele></trkpt>
    <trkpt lat="36.906670" lon="30.910337"><ele>29.0</ele></trkpt>
    <trkpt lat="36.906374" lon="30.910626"><ele>28.1</ele></trkpt>
    <trkpt lat="36.906150" lon="30.910979"><ele>26.9</ele></trkpt>
    <trkpt lat="36.906000" lon="30.911398"><ele>25.5</ele></trkpt>
    <trkpt lat="36.905918" lon="30.911878"><ele>24.0</ele></trkpt>
    <trkpt lat="36.905896" lon="30.912411"><ele>22.2</ele></trkpt>
    <trkpt lat="36.905919" lon="30.912985"><ele>20.4</ele></trkpt>
    <trkpt lat="36.905969" lon="30.913583"><ele>18.5</ele></trkpt>
    <trkpt lat="36.906025" lon="30.914187"><ele>16.5</ele></trkpt>
    <trkpt lat="36.906068" lon="30.914779"><ele>14.6</ele></trkpt>
    <trkpt lat="36.906078" lon="30.915341"><ele>12.8</ele></trkpt>
    <trkpt lat="36.906037" lon="30.915858"><ele>11.1</ele></trkpt>
    <trkpt lat="36.905932" lon="30.916317"><ele>9.5</ele></trkpt>
    <trkpt lat="36.905756" lon="30.916712"><ele>8.2</ele></trkpt>
    <trkpt lat="36.905504" lon="30.917040"><ele>7.1</ele></trkpt>
    <trkpt lat="36.905180" lon="30.917303"><ele>6.2</ele></trkpt>
    <trkpt lat="36.904793" lon="30.917510"><ele>5.6</ele></trkpt>
    <trkpt lat="36.904357" lon="30.917673"><ele>5.4</ele></trkpt>
    <trkpt lat="36.903888" lon="30.917806"><ele>5.4</ele></trkpt>
    <trkpt lat="36.903408" lon="30.917929"><ele>5.8</ele></trkpt>
    <trkpt lat="36.902936" lon="30.918060"><ele>6.4</ele></trkpt>
    <trkpt lat="36.902494" lon="30.918217"><ele>7.3</ele></trkpt>
    <trkpt lat="36.902099" lon="30.918417"><ele>8.5</ele></trkpt>
    <trkpt lat="36.901767" lon="30.918672"><ele>9.9</ele></trkpt>
    <trkpt lat="36.901506" lon="30.918992"><ele>11.5</ele></trkpt>
    <trkpt lat="36.901321" lon="30.919379"><ele>13.3</ele></trkpt>
    <trkpt lat="36.901210" lon="30.919833"><ele>15.2</ele></trkpt>
    <trkpt lat="36.901165" lon="30.920347"><ele>17.1</ele></trkpt>
    <trkpt lat="36.901175" lon="30.920909"><ele>19.1</ele></trkpt>
    <trkpt lat="36.901222" lon="30.921504"><ele>21.0</ele></trkpt>
    <trkpt lat="36.901285" lon="30.922115"><ele>22.9</ele></trkpt>
    <trkpt lat="36.901345" lon="30.922721"><ele>24.6</ele></trkpt>
    <trkpt lat="36.901380" lon="30.923306"><ele>26.1</ele></trkpt>
    <trkpt lat="36.901370" lon="30.923851"><ele>27.5</ele></trkpt>
    <trkpt lat="36.901301" lon="30.924342"><ele>28.6</ele></trkpt>
    <trkpt lat="36.901162" lon="30.924771"><ele>29.4</ele></trkpt>
    <trkpt lat="36.900946" lon="30.925131"><ele>30.0</ele></trkpt>
    <trkpt lat="36.900655" lon="30.925423"><ele>30.2</ele></trkpt>
    <trkpt lat="36.900295" lon="30.925654"><ele>30.1</ele></trkpt>
    <trkpt lat="36.899877" lon="30.925833"><ele>29.8</ele></trkpt>
    <trkpt lat="36.899417" lon="30.925974"><ele>29.1</ele></trkpt>
    <trkpt lat="36.898935" lon="30.926096"><ele>28.1</ele></trkpt>
    <trkpt lat="36.898453" lon="30.926217"><ele>26.9</ele></trkpt>
    <trkpt lat="36.897990" lon="30.926356"><ele>25.4</ele></trkpt>
    <trkpt lat="36.897568" lon="30.926531"><ele>23.8</ele></trkpt>
    <trkpt lat="36.897201" lon="30.926756"><ele>21.9</ele></trkpt>
    <trkpt lat="36.896904" lon="30.927043"><ele>20.0</ele></trkpt>
    <trkpt lat="36.896682" lon="30.927397"><ele>18.0</ele></trkpt>
    <trkpt lat="36.896536" lon="30.927820"><ele>16.0</ele></trkpt>
    <trkpt lat="36.896461" lon="30.928307"><ele>14.1</ele></trkpt>
    <trkpt lat="36.896448" lon="30.928848"><ele>12.2</ele></trkpt>
    <trkpt lat="36.896480" lon="30.929430"><ele>10.5</ele></trkpt>
    <trkpt lat="36.896539" lon="30.930036"><ele>8.9</ele></trkpt>
    <trkpt lat="36.896604" lon="30.930648"><ele>7.5</ele></trkpt>
    <trkpt lat="36.896654" lon="30.931246"><ele>6.4</ele></trkpt>
    <trkpt lat="36.896668" lon="30.931812"><ele>5.6</ele></trkpt>
    <trkpt lat="36.896629" lon="30.932331"><ele>5.0</ele></trkpt>
    <trkpt lat="36.896525" lon="30.932790"><ele>4.8</ele></trkpt>
    <trkpt lat="36.896347" lon="30.933184"><ele>4.8</ele></trkpt>
    <trkpt lat="36.896092" lon="30.933509"><ele>5.2</ele></trkpt>
    <trkpt lat="36.895765" lon="30.933769"><ele>5.9</ele></trkpt>
    <trkpt lat="36.895374" lon="30.933973"><ele>6.8</ele></trkpt>
    <trkpt lat="36.894934" lon="30.934132"><ele>8.0</ele></trkpt>
    <trkpt lat="36.894463" lon="30.934263"><ele>9.5</ele></trkpt>
    <trkpt lat="36.893981" lon="30.934385"><ele>11.1</ele></trkpt>
    <trkpt lat="36.893509" lon="30.934515"><ele>12.8</ele></trkpt>
    <trkpt lat="36.893067" lon="30.934673"><ele>14.7</ele></trkpt>
    <trkpt lat="36.892674" lon="30.934875"><ele>16.7</ele></trkpt>
    <trkpt lat="36.892344" lon="30.935132"><ele>18.6</ele></trkpt>
    <trkpt lat="36.892086" lon="30.935454"><ele>20.5</ele></trkpt>
    <trkpt lat="36.891903" lon="30.935843"><ele>22.3</ele></trkpt>
    <trkpt lat="36.891793" lon="30.936298"><ele>24.0</ele></trkpt>
    <trkpt lat="36.891748" lon="30.936812"><ele>25.5</ele></trkpt>
    <trkpt lat="36.891756" lon="30.937372"><ele>26.8</ele></trkpt>
    <trkpt lat="36.891799" lon="30.937964"><ele>27.9</ele></trkpt>
    <trkpt lat="36.891858" lon="30.938570"><ele>28.7</ele></trkpt>
    <trkpt lat="36.891911" lon="30.939171"><ele>29.2</ele></trkpt>
    <trkpt lat="36.891939" lon="30.939749"><ele>29.4</ele></trkpt>
    <trkpt lat="36.891923" lon="30.940288"><ele>29.3</ele></trkpt>
    <trkpt lat="36.891848" lon="30.940774"><ele>28.9</ele></trkpt>
    <trkpt lat="36.891704" lon="30.941199"><ele>28.2</ele></trkpt>
    <trkpt lat="36.891487" lon="30.941557"><ele>27.3</ele></trkpt>
    <trkpt lat="36.891196" lon="30.941850"><ele>26.1</ele></trkpt>
    <trkpt lat="36.890840" lon="30.942084"><ele>24.6</ele></trkpt>
    <trkpt lat="36.890428" lon="30.942269"><ele>23.0</ele></trkpt>
    <trkpt lat="36.889978" lon="30.942419"><ele>21.3</ele></trkpt>
    <trkpt lat="36.889508" lon="30.942551"><ele>19.5</ele></trkpt>
    <trkpt lat="36.889038" lon="30.942684"><ele>17.6</ele></trkpt>
    <trkpt lat="36.888588" lon="30.942835"><ele>15.7</ele></trkpt>
    <trkpt lat="36.888178" lon="30.943020"><ele>13.8</ele></trkpt>
    <trkpt lat="36.887822" lon="30.943255"><ele>12.0</ele></trkpt>
    <trkpt lat="36.887532" lon="30.943548"><ele>10.4</ele></trkpt>
    <trkpt lat="36.887312" lon="30.943905"><ele>8.9</ele></trkpt>
    <trkpt lat="36.887165" lon="30.944327"><ele>7.6</ele></trkpt>
    <trkpt lat="36.887084" lon="30.944808"><ele>6.6</ele></trkpt>
    <trkpt lat="36.887060" lon="30.945339"><ele>5.8</ele></trkpt>
    <trkpt lat="36.887077" lon="30.945908"><ele>5.4</ele></trkpt>
    <trkpt lat="36.887119" lon="30.946498"><ele>5.1</ele></trkpt>
    <trkpt lat="36.887164" lon="30.947092"><ele>5.2</ele></trkpt>
    <trkpt lat="36.887194" lon="30.947672"><ele>5.6</ele></trkpt>
    <trkpt lat="36.887190" lon="30.948222"><ele>6.2</ele></trkpt>
    <trkpt lat="36.887137" lon="30.948727"><ele>7.1</ele></trkpt>
    <trkpt lat="36.887022" lon="30.949178"><ele>8.3</ele></trkpt>
    <trkpt lat="36.886839" lon="30.949567"><ele>9.6</ele></trkpt>
    <trkpt lat="36.886585" lon="30.949893"><ele>11.1</ele></trkpt>
    <trkpt lat="36.886266" lon="30.950161"><ele>12.8</ele></trkpt>
    <trkpt lat="36.885889" lon="30.950377"><ele>14.5</ele></trkpt>
    <trkpt lat="36.885469" lon="30.950554"><ele>16.3</ele></trkpt>
    <trkpt lat="36.885021" lon="30.950706"><ele>18.0</ele></trkpt>
    <trkpt lat="36.884565" lon="30.950851"><ele>19.8</ele></trkpt>
    <trkpt lat="36.884119" lon="30.951005"><ele>21.4</ele></trkpt>
    <trkpt lat="36.883702" lon="30.951185"><ele>22.9</ele></trkpt>
    <trkpt lat="36.883330" lon="30.951405"><ele>24.3</ele></trkpt>
    <trkpt lat="36.883015" lon="30.951675"><ele>25.4</ele></trkpt>
    <trkpt lat="36.882764" lon="30.952004"><ele>26.4</ele></trkpt>
    <trkpt lat="36.882580" lon="30.952393"><ele>27.1</ele></trkpt>
    <trkpt lat="36.882462" lon="30.952840"><ele>27.5</ele></trkpt>
    <trkpt lat="36.882401" lon="30.953339"><ele>27.6</ele></trkpt>
    <trkpt lat="36.882385" lon="30.953878"><ele>27.5</ele></trkpt>
    <trkpt lat="36.882399" lon="30.954443"><ele>27.1</ele></trkpt>
    <trkpt lat="36.882425" lon="30.955020"><ele>26.5</ele></trkpt>
    <trkpt lat="36.882446" lon="30.955592"><ele>25.6</ele></trkpt>
    <trkpt lat="36.882443" lon="30.956143"><ele>24.6</ele></trkpt>
    <trkpt lat="36.882400" lon="30.956658"><ele>23.3</ele></trkpt>
    <trkpt lat="36.882306" lon="30.957126"><ele>21.9</ele></trkpt>
    <trkpt lat="36.882151" lon="30.957541"><ele>20.3</ele></trkpt>
    <trkpt lat="36.881932" lon="30.957898"><ele>18.7</ele></trkpt>
    <trkpt lat="36.881650" lon="30.958199"><ele>17.0</ele></trkpt>
    <trkpt lat="36.881312" lon="30.958449"><ele>15.4</ele></trkpt>
    <trkpt lat="36.880927" lon="30.958658"><ele>13.8</ele></trkpt>
    <trkpt lat="36.880511" lon="30.958839"><ele>12.2</ele></trkpt>
    <trkpt lat="36.880078" lon="30.959005"><ele>10.8</ele></trkpt>
    <trkpt lat="36.879648" lon="30.959172"><ele>9.6</ele></trkpt>
    <trkpt lat="36.879236" lon="30.959357"><ele>8.5</ele></trkpt>
    <trkpt lat="36.878858" lon="30.959572"><ele>7.7</ele></trkpt>
    <trkpt lat="36.878527" lon="30.959829"><ele>7.0</ele></trkpt>
    <trkpt lat="36.878252" lon="30.960136"><ele>6.6</ele></trkpt>
    <trkpt lat="36.878037" lon="30.960497"><ele>6.5</ele></trkpt>
    <trkpt lat="36.877882" lon="30.960911"><ele>6.6</ele></trkpt>
    <trkpt lat="36.877782" lon="30.961375"><ele>6.9</ele></trkpt>
    <trkpt lat="36.877729" lon="30.961880"><ele>7.5</ele></trkpt>
    <trkpt lat="36.877708" lon="30.962415"><ele>8.3</ele></trkpt>
    <trkpt lat="36.877706" lon="30.962967"><ele>9.2</ele></trkpt>
    <trkpt lat="36.877707" lon="30.963520"><ele>10.4</ele></trkpt>
    <trkpt lat="36.877693" lon="30.964061"><ele>11.6</ele></trkpt>
    <trkpt lat="36.877650" lon="30.964576"><ele>13.0</ele></trkpt>
    <trkpt lat="36.877565" lon="30.965053"><ele>14.4</ele></trkpt>
    <trkpt lat="36.877430" lon="30.965486"><ele>15.9</ele></trkpt>
    <trkpt lat="36.877239" lon="30.965868"><ele>17.4</ele></trkpt>
    <trkpt lat="36.876992" lon="30.966200"><ele>18.8</ele></trkpt>
    <trkpt lat="36.876691" lon="30.966484"><ele>20.1</ele></trkpt>
    <trkpt lat="36.876346" lon="30.966728"><ele>21.3</ele></trkpt>
    <trkpt lat="36.875966" lon="30.966941"><ele>22.4</ele></trkpt>
    <trkpt lat="36.875566" lon="30.967136"><ele>23.3</ele></trkpt>
    <trkpt lat="36.875161" lon="30.967327"><ele>24.1</ele></trkpt>
    <trkpt lat="36.874765" lon="30.967526"><ele>24.6</ele></trkpt>
    <trkpt lat="36.874394" lon="30.967746"><ele>24.9</ele></trkpt>
    <trkpt lat="36.874058" lon="30.967999"><ele>25.0</ele></trkpt>
    <trkpt lat="36.873769" lon="30.968293"><ele>24.9</ele></trkpt>
    <trkpt lat="36.873530" lon="30.968632"><ele>24.5</ele></trkpt>
    <trkpt lat="36.873343" lon="30.969019"><ele>24.0</ele></trkpt>
    <trkpt lat="36.873207" lon="30.969450"><ele>23.3</ele></trkpt>
    <trkpt lat="36.873114" lon="30.969920"><ele>22.4</ele></trkpt>
    <trkpt lat="36.873055" lon="30.970420"><ele>21.4</ele></trkpt>
    <trkpt lat="36.873017" lon="30.970940"><ele>20.2</ele></trkpt>
    <trkpt lat="36.872988" lon="30.971467"><ele>19.0</ele></trkpt>
    <trkpt lat="36.872952" lon="30.971988"><ele>17.7</ele></trkpt>
    <trkpt lat="36.872898" lon="30.972492"><ele>16.5</ele></trkpt>
    <trkpt lat="36.872812" lon="30.972969"><ele>15.2</ele></trkpt>
    <trkpt lat="36.872686" lon="30.973409"><ele>14.0</ele></trkpt>
    <trkpt lat="36.872514" lon="30.973809"><ele>12.8</ele></trkpt>
    <trkpt lat="36.872295" lon="30.974166"><ele>11.7</ele></trkpt>
    <trkpt lat="36.872029" lon="30.974481"><ele>10.8</ele></trkpt>
    <trkpt lat="36.871722" lon="30.974759"><ele>10.0</ele></trkpt>
    <trkpt lat="36.871382" lon="30.975008"><ele>9.4</ele></trkpt>
    <trkpt lat="36.871020" lon="30.975237"><ele>8.9</ele></trkpt>
    <trkpt lat="36.870648" lon="30.975458"><ele>8.7</ele></trkpt>
    <trkpt lat="36.870279" lon="30.975680"><ele>8.6</ele></trkpt>
    <trkpt lat="36.869925" lon="30.975917"><ele>8.7</ele></trkpt>
    <trkpt lat="36.869597" lon="30.976176"><ele>9.0</ele></trkpt>
    <trkpt lat="36.869303" lon="30.976467"><ele>9.4</ele></trkpt>
    <trkpt lat="36.869050" lon="30.976793"><ele>10.0</ele></trkpt>
    <trkpt lat="36.868840" lon="30.977158"><ele>10.8</ele></trkpt>
    <trkpt lat="36.868672" lon="30.977561"><ele>11.6</ele></trkpt>
    <trkpt lat="36.868542" lon="30.977998"><ele>12.5</ele></trkpt>
    <trkpt lat="36.868443" lon="30.978463"><ele>13.5</ele></trkpt>
    <trkpt lat="36.868366" lon="30.978947"><ele>14.6</ele></trkpt>
    <trkpt lat="36.868300" lon="30.979441"><ele>15.6</ele></trkpt>
    <trkpt lat="36.868234" lon="30.979935"><ele>16.6</ele></trkpt>
    <trkpt lat="36.868156" lon="30.980419"><ele>17.6</ele></trkpt>
    <trkpt lat="36.868058" lon="30.980883"><ele>18.5</ele></trkpt>
    <trkpt lat="36.867930" lon="30.981322"><ele>19.3</ele></trkpt>
    <trkpt lat="36.867767" lon="30.981729"><ele>20.1</ele></trkpt>
    <trkpt lat="36.867566" lon="30.982103"><ele>20.7</ele></trkpt>
    <trkpt lat="36.867328" lon="30.982443"><ele>21.1</ele></trkpt>
    <trkpt lat="36.867056" lon="30.982753"><ele>21.4</ele></trkpt>
    <trkpt lat="36.866755" lon="30.983037"><ele>21.6</ele></trkpt>
    <trkpt lat="36.866434" lon="30.983302"><ele>21.6</ele></trkpt>
    <trkpt lat="36.866101" lon="30.983558"><ele>21.5</ele></trkpt>
    <trkpt lat="36.865766" lon="30.983811"><ele>21.2</ele></trkpt>
    <trkpt lat="36.865439" lon="30.984072"><ele>20.9</ele></trkpt>
    <trkpt lat="36.865130" lon="30.984348"><ele>20.3</ele></trkpt>
    <trkpt lat="36.864844" lon="30.984645"><ele>19.7</ele></trkpt>
    <trkpt lat="36.864588" lon="30.984969"><ele>19.0</ele></trkpt>
    <trkpt lat="36.864364" lon="30.985322"><ele>18.3</ele></trkpt>
    <trkpt lat="36.864172" lon="30.985703"><ele>17.5</ele></trkpt>
    <trkpt lat="36.864010" lon="30.986112"><ele>16.7</ele></trkpt>
    <trkpt lat="36.863874" lon="30.986543"><ele>15.9</ele></trkpt>
    <trkpt lat="36.863756" lon="30.986991"><ele>15.1</ele></trkpt>
    <trkpt lat="36.863650" lon="30.987449"><ele>14.3</ele></trkpt>
    <trkpt lat="36.863546" lon="30.987909"><ele>13.6</ele></trkpt>
    <trkpt lat="36.863437" lon="30.988365"><ele>13.0</ele></trkpt>
    <trkpt lat="36.863315" lon="30.988808"><ele>12.5</ele></trkpt>
    <trkpt lat="36.863173" lon="30.989235"><ele>12.0</ele></trkpt>
    <trkpt lat="36.863008" lon="30.989640"><ele>11.7</ele></trkpt>
    <trkpt lat="36.862816" lon="30.990021"><ele>11.4</ele></trkpt>
    <trkpt lat="36.862597" lon="30.990379"><ele>11.3</ele></trkpt>
    <trkpt lat="36.862353" lon="30.990713"><ele>11.3</ele></trkpt>
    <trkpt lat="36.862087" lon="30.991029"><ele>11.4</ele></trkpt>
    <trkpt lat="36.861805" lon="30.991330"><ele>11.6</ele></trkpt>
    <trkpt lat="36.861513" lon="30.991622"><ele>11.9</ele></trkpt>
    <trkpt lat="36.861218" lon="30.991911"><ele>12.3</ele></trkpt>
    <trkpt lat="36.860927" lon="30.992203"><ele>12.7</ele></trkpt>
    <trkpt lat="36.860645" lon="30.992504"><ele>13.2</ele></trkpt>
    <trkpt lat="36.860378" lon="30.992819"><ele>13.7</ele></trkpt>
    <trkpt lat="36.860131" lon="30.993150"><ele>14.2</ele></trkpt>
    <trkpt lat="36.859904" lon="30.993500"><ele>14.8</ele></trkpt>
    <trkpt lat="36.859698" lon="30.993869"><ele>15.3</ele></trkpt>
    <trkpt lat="36.859512" lon="30.994256"><ele>15.8</ele></trkpt>
    <trkpt lat="36.859344" lon="30.994659"><ele>16.3</ele></trkpt>
    <trkpt lat="36.859188" lon="30.995072"><ele>16.7</ele></trkpt>
    <trkpt lat="36.859041" lon="30.995494"><ele>17.1</ele></trkpt>
    <trkpt lat="36.858896" lon="30.995917"><ele>17.4</ele></trkpt>
    <trkpt lat="36.858749" lon="30.996339"><ele>17.6</ele></trkpt>
    <trkpt lat="36.858595" lon="30.996754"><ele>17.8</ele></trkpt>
    <trkpt lat="36.858429" lon="30.997159"><ele>17.8</ele></trkpt>
    <trkpt lat="36.858250" lon="30.997551"><ele>17.9</ele></trkpt>
    <trkpt lat="36.858055" lon="30.997930"><ele>17.8</ele></trkpt>
    <trkpt lat="36.857844" lon="30.998295"><ele>17.7</ele></trkpt>
    <trkpt lat="36.857619" lon="30.998647"><ele>17.5</ele></trkpt>
    <trkpt lat="36.857382" lon="30.998987"><ele>17.3</ele></trkpt>
    <trkpt lat="36.857136" lon="30.999320"><ele>17.1</ele></trkpt>
    <trkpt lat="36.856884" lon="30.999648"><ele>16.8</ele></trkpt>
    <trkpt lat="36.856630" lon="30.999974"><ele>16.5</ele></trkpt>
    <trkpt lat="36.856379" lon="31.000302"><ele>16.2</ele></trkpt>
    <trkpt lat="36.856133" lon="31.000635"><ele>15.8</ele></trkpt>
    <trkpt lat="36.855895" lon="31.000976"><ele>15.5</ele></trkpt>
    <trkpt lat="36.855666" lon="31.001324"><ele>15.3</ele></trkpt>
    <trkpt lat="36.855448" lon="31.001682"><ele>15.0</ele></trkpt>
    <trkpt lat="36.855240" lon="31.002049"><ele>14.8</ele></trkpt>
    <trkpt lat="36.855040" lon="31.002423"><ele>14.6</ele></trkpt>
    <trkpt lat="36.854848" lon="31.002804"><ele>14.5</ele></trkpt>
    <trkpt lat="36.854660" lon="31.003189"><ele>14.4</ele></trkpt>
    <trkpt lat="36.854474" lon="31.003576"><ele>14.3</ele></trkpt>
    <trkpt lat="36.854288" lon="31.003963"><ele>14.3</ele></trkpt>
    <trkpt lat="36.854100" lon="31.004347"><ele>14.3</ele></trkpt>
    <trkpt lat="36.853907" lon="31.004728"><ele>14.3</ele></trkpt>
    <trkpt lat="36.853709" lon="31.005104"><ele>14.4</ele></trkpt>
    <trkpt lat="36.853505" lon="31.005475"><ele>14.5</ele></trkpt>
    <trkpt lat="36.853296" lon="31.005841"><ele>14.5</ele></trkpt>
    <trkpt lat="36.853082" lon="31.006203"><ele>14.6</ele></trkpt>
    <trkpt lat="36.852866" lon="31.006562"><ele>14.7</ele></trkpt>
    <trkpt lat="36.852647" lon="31.006920"><ele>14.8</ele></trkpt>
    <trkpt lat="36.852429" lon="31.007278"><ele>14.9</ele></trkpt>
    <trkpt lat="36.852213" lon="31.007638"><ele>15.0</ele></trkpt>
    <trkpt lat="36.852000" lon="31.008000"><ele>15.0</ele></trkpt>
    <trkpt lat="36.852241" lon="31.008335"><ele>15.1</ele></trkpt>
    <trkpt lat="36.852475" lon="31.008676"><ele>15.2</ele></trkpt>
    <trkpt lat="36.852705" lon="31.009023"><ele>15.3</ele></trkpt>
    <trkpt lat="36.852931" lon="31.009374"><ele>15.5</ele></trkpt>
    <trkpt lat="36.853155" lon="31.009726"><ele>15.8</ele></trkpt>
    <trkpt lat="36.853381" lon="31.010078"><ele>16.1</ele></trkpt>
    <trkpt lat="36.853610" lon="31.010425"><ele>16.4</ele></trkpt>
    <trkpt lat="36.853846" lon="31.010764"><ele>16.7</ele></trkpt>
    <trkpt lat="36.854090" lon="31.011095"><ele>17.0</ele></trkpt>
    <trkpt lat="36.854343" lon="31.011415"><ele>17.3</ele></trkpt>
    <trkpt lat="36.854606" lon="31.011725"><ele>17.6</ele></trkpt>
    <trkpt lat="36.854878" lon="31.012024"><ele>17.9</ele></trkpt>
    <trkpt lat="36.855156" lon="31.012317"><ele>18.1</ele></trkpt>
    <trkpt lat="36.855437" lon="31.012606"><ele>18.3</ele></trkpt>
    <trkpt lat="36.855718" lon="31.012895"><ele>18.4</ele></trkpt>
    <trkpt lat="36.855994" lon="31.013189"><ele>18.4</ele></trkpt>
    <trkpt lat="36.856262" lon="31.013493"><ele>18.4</ele></trkpt>
    <trkpt lat="36.856518" lon="31.013810"><ele>18.3</ele></trkpt>
    <trkpt lat="36.856759" lon="31.014144"><ele>18.1</ele></trkpt>
    <trkpt lat="36.856984" lon="31.014497"><ele>17.9</ele></trkpt>
    <trkpt lat="36.857192" lon="31.014868"><ele>17.5</ele></trkpt>
    <trkpt lat="36.857384" lon="31.015256"><ele>17.2</ele></trkpt>
    <trkpt lat="36.857565" lon="31.015659"><ele>16.7</ele></trkpt>
    <trkpt lat="36.857737" lon="31.016070"><ele>16.3</ele></trkpt>
    <trkpt lat="36.857906" lon="31.016484"><ele>15.8</ele></trkpt>
    <trkpt lat="36.858079" lon="31.016895"><ele>15.3</ele></trkpt>
    <trkpt lat="36.858261" lon="31.017296"><ele>14.8</ele></trkpt>
    <trkpt lat="36.858458" lon="31.017679"><ele>14.4</ele></trkpt>
    <trkpt lat="36.858674" lon="31.018040"><ele>14.0</ele></trkpt>
    <trkpt lat="36.858914" lon="31.018375"><ele>13.7</ele></trkpt>
    <trkpt lat="36.859179" lon="31.018683"><ele>13.5</ele></trkpt>
    <trkpt lat="36.859468" lon="31.018963"><ele>13.4</ele></trkpt>
    <trkpt lat="36.859779" lon="31.019219"><ele>13.3</ele></trkpt>
    <trkpt lat="36.860107" lon="31.019455"><ele>13.5</ele></trkpt>
    <trkpt lat="36.860445" lon="31.019680"><ele>13.7</ele></trkpt>
    <trkpt lat="36.860787" lon="31.019901"><ele>14.1</ele></trkpt>
    <trkpt lat="36.861124" lon="31.020127"><ele>14.6</ele></trkpt>
    <trkpt lat="36.861447" lon="31.020368"><ele>15.2</ele></trkpt>
    <trkpt lat="36.861750" lon="31.020633"><ele>15.9</ele></trkpt>
    <trkpt lat="36.862027" lon="31.020927"><ele>16.8</ele></trkpt>
    <trkpt lat="36.862272" lon="31.021256"><ele>17.7</ele></trkpt>
    <trkpt lat="36.862484" lon="31.021623"><ele>18.7</ele></trkpt>
    <trkpt lat="36.862665" lon="31.022025"><ele>19.7</ele></trkpt>
    <trkpt lat="36.862817" lon="31.022459"><ele>20.8</ele></trkpt>
    <trkpt lat="36.862946" lon="31.022918"><ele>21.9</ele></trkpt>
    <trkpt lat="36.863061" lon="31.023394"><ele>22.9</ele></trkpt>
    <trkpt lat="36.863171" lon="31.023874"><ele>23.9</ele></trkpt>
    <trkpt lat="36.863287" lon="31.024349"><ele>24.8</ele></trkpt>
    <trkpt lat="36.863419" lon="31.024806"><ele>25.5</ele></trkpt>
    <trkpt lat="36.863576" lon="31.025234"><ele>26.2</ele></trkpt>
    <trkpt lat="36.863766" lon="31.025626"><ele>26.7</ele></trkpt>
    <trkpt lat="36.863993" lon="31.025975"><ele>27.1</ele></trkpt>
    <trkpt lat="36.864262" lon="31.026278"><ele>27.2</ele></trkpt>
    <trkpt lat="36.864570" lon="31.026537"><ele>27.2</ele></trkpt>
    <trkpt lat="36.864913" lon="31.026756"><ele>27.0</ele></trkpt>
    <trkpt lat="36.865284" lon="31.026944"><ele>26.6</ele></trkpt>
    <trkpt lat="36.865675" lon="31.027110"><ele>26.0</ele></trkpt>
    <trkpt lat="36.866072" lon="31.027268"><ele>25.3</ele></trkpt>
    <trkpt lat="36.866465" lon="31.027432"><ele>24.4</ele></trkpt>
    <trkpt lat="36.866840" lon="31.027615"><ele>23.4</ele></trkpt>
    <trkpt lat="36.867187" lon="31.027831"><ele>22.2</ele></trkpt>
    <trkpt lat="36.867495" lon="31.028088"><ele>21.1</ele></trkpt>
    <trkpt lat="36.867760" lon="31.028396"><ele>19.8</ele></trkpt>
    <trkpt lat="36.867977" lon="31.028757"><ele>18.6</ele></trkpt>
    <trkpt lat="36.868148" lon="31.029170"><ele>17.4</ele></trkpt>
    <trkpt lat="36.868276" lon="31.029631"><ele>16.2</ele></trkpt>
    <trkpt lat="36.868370" lon="31.030130"><ele>15.1</ele></trkpt>
    <trkpt lat="36.868440" lon="31.030656"><ele>14.2</ele></trkpt>
    <trkpt lat="36.868500" lon="31.031194"><ele>13.4</ele></trkpt>
    <trkpt lat="36.868563" lon="31.031728"><ele>12.8</ele></trkpt>
    <trkpt lat="36.868643" lon="31.032242"><ele>12.4</ele></trkpt>
    <trkpt lat="36.868755" lon="31.032721"><ele>12.3</ele></trkpt>
    <trkpt lat="36.868908" lon="31.033154"><ele>12.3</ele></trkpt>
    <trkpt lat="36.869110" lon="31.033532"><ele>12.6</ele></trkpt>
    <trkpt lat="36.869366" lon="31.033849"><ele>13.2</ele></trkpt>
    <trkpt lat="36.869675" lon="31.034107"><ele>13.9</ele></trkpt>
    <trkpt lat="36.870032" lon="31.034310"><ele>14.9</ele></trkpt>
    <trkpt lat="36.870431" lon="31.034467"><ele>16.1</ele></trkpt>
    <trkpt lat="36.870858" lon="31.034592"><ele>17.5</ele></trkpt>
    <trkpt lat="36.871299" lon="31.034701"><ele>19.0</ele></trkpt>
    <trkpt lat="36.871740" lon="31.034811"><ele>20.6</ele></trkpt>
    <trkpt lat="36.872164" lon="31.034939"><ele>22.3</ele></trkpt>
    <trkpt lat="36.872556" lon="31.035104"><ele>24.0</ele></trkpt>
    <trkpt lat="36.872904" lon="31.035317"><ele>25.7</ele></trkpt>
    <trkpt lat="36.873199" lon="31.035591"><ele>27.4</ele></trkpt>
    <trkpt lat="36.873436" lon="31.035929"><ele>29.0</ele></trkpt>
    <trkpt lat="36.873614" lon="31.036334"><ele>30.4</ele></trkpt>
    <trkpt lat="36.873737" lon="31.036801"><ele>31.7</ele></trkpt>
    <trkpt lat="36.873813" lon="31.037320"><ele>32.8</ele></trkpt>
    <trkpt lat="36.873856" lon="31.037877"><ele>33.7</ele></trkpt>
    <trkpt lat="36.873879" lon="31.038455"><ele>34.3</ele></trkpt>
    <trkpt lat="36.873900" lon="31.039036"><ele>34.7</ele></trkpt>
    <trkpt lat="36.873937" lon="31.039600"><ele>34.8</ele></trkpt>
    <trkpt lat="36.874004" lon="31.040129"><ele>34.6</ele></trkpt>
    <trkpt lat="36.874117" lon="31.040607"><ele>34.1</ele></trkpt>
    <trkpt lat="36.874285" lon="31.041023"><ele>33.4</ele></trkpt>
    <trkpt lat="36.874516" lon="31.041369"><ele>32.4</ele></trkpt>
    <trkpt lat="36.874810" lon="31.041643"><ele>31.2</ele></trkpt>
    <trkpt lat="36.875164" lon="31.041850"><ele>29.8</ele></trkpt>
    <trkpt lat="36.875570" lon="31.041999"><ele>28.3</ele></trkpt>
    <trkpt lat="36.876015" lon="31.042104"><ele>26.6</ele></trkpt>
    <trkpt lat="36.876484" lon="31.042182"><ele>24.9</ele></trkpt>
    <trkpt lat="36.876959" lon="31.042253"><ele>23.1</ele></trkpt>
    <trkpt lat="36.877421" lon="31.042338"><ele>21.4</ele></trkpt>
    <trkpt lat="36.877854" lon="31.042457"><ele>19.7</ele></trkpt>
    <trkpt lat="36.878241" lon="31.042626"><ele>18.1</ele></trkpt>
    <trkpt lat="36.878572" lon="31.042860"><ele>16.7</ele></trkpt>
    <trkpt lat="36.878838" lon="31.043166"><ele>15.5</ele></trkpt>
    <trkpt lat="36.879037" lon="31.043547"><ele>14.5</ele></trkpt>
    <trkpt lat="36.879172" lon="31.044000"><ele>13.8</ele></trkpt>
    <trkpt lat="36.879250" lon="31.044517"><ele>13.3</ele></trkpt>
    <trkpt lat="36.879284" lon="31.045083"><ele>13.2</ele></trkpt>
    <trkpt lat="36.879290" lon="31.045681"><ele>13.3</ele></trkpt>
    <trkpt lat="36.879286" lon="31.046291"><ele>13.8</ele></trkpt>
    <trkpt lat="36.879291" lon="31.046890"><ele>14.5</ele></trkpt>
    <trkpt lat="36.879324" lon="31.047459"><ele>15.5</ele></trkpt>
    <trkpt lat="36.879400" lon="31.047978"><ele>16.8</ele></trkpt>
    <trkpt lat="36.879533" lon="31.048433"><ele>18.3</ele></trkpt>
    <trkpt lat="36.879731" lon="31.048815"><ele>20.1</ele></trkpt>
    <trkpt lat="36.879999" lon="31.049119"><ele>21.9</ele></trkpt>
    <trkpt lat="36.880334" lon="31.049347"><ele>23.9</ele></trkpt>
    <trkpt lat="36.880729" lon="31.049508"><ele>25.9</ele></trkpt>
    <trkpt lat="36.881173" lon="31.049614"><ele>28.0</ele></trkpt>
    <trkpt lat="36.881649" lon="31.049684"><ele>30.0</ele></trkpt>
    <trkpt lat="36.882140" lon="31.049738"><ele>32.0</ele></trkpt>
    <trkpt lat="36.882625" lon="31.049797"><ele>33.8</ele></trkpt>
    <trkpt lat="36.883086" lon="31.049884"><ele>35.4</ele></trkpt>
    <trkpt lat="36.883505" lon="31.050018"><ele>36.9</ele></trkpt>
    <trkpt lat="36.883869" lon="31.050213"><ele>38.1</ele></trkpt>
    <trkpt lat="36.884168" lon="31.050483"><ele>39.0</ele></trkpt>
    <trkpt lat="36.884397" lon="31.050830"><ele>39.6</ele></trkpt>
    <trkpt lat="36.884557" lon="31.051256"><ele>39.9</ele></trkpt>
    <trkpt lat="36.884654" lon="31.051751"><ele>39.9</ele></trkpt>
    <trkpt lat="36.884699" lon="31.052305"><ele>39.6</ele></trkpt>
    <trkpt lat="36.884708" lon="31.052900"><ele>39.0</ele></trkpt>
    <trkpt lat="36.884698" lon="31.053516"><ele>38.1</ele></trkpt>
    <trkpt lat="36.884690" lon="31.054130"><ele>37.0</ele></trkpt>
    <trkpt lat="36.884702" lon="31.054722"><ele>35.6</ele></trkpt>
    <trkpt lat="36.884752" lon="31.055270"><ele>34.0</ele></trkpt>
    <trkpt lat="36.884855" lon="31.055759"><ele>32.3</ele></trkpt>
    <trkpt lat="36.885022" lon="31.056176"><ele>30.5</ele></trkpt>
    <trkpt lat="36.885258" lon="31.056516"><ele>28.6</ele></trkpt>
    <trkpt lat="36.885564" lon="31.056777"><ele>26.7</ele></trkpt>
    <trkpt lat="36.885934" lon="31.056966"><ele>24.9</ele></trkpt>
    <trkpt lat="36.886358" lon="31.057095"><ele>23.1</ele></trkpt>
    <trkpt lat="36.886821" lon="31.057179"><ele>21.5</ele></trkpt>
    <trkpt lat="36.887307" lon="31.057238"><ele>20.1</ele></trkpt>
    <trkpt lat="36.887796" lon="31.057294"><ele>18.9</ele></trkpt>
    <trkpt lat="36.888268" lon="31.057368"><ele>17.9</ele></trkpt>
    <trkpt lat="36.888706" lon="31.057480"><ele>17.2</ele></trkpt>
    <trkpt lat="36.889095" lon="31.057648"><ele>16.8</ele></trkpt>
    <trkpt lat="36.889422" lon="31.057885"><ele>16.7</ele></trkpt>
    <trkpt lat="36.889683" lon="31.058197"><ele>16.9</ele></trkpt>
    <trkpt lat="36.889875" lon="31.058586"><ele>17.5</ele></trkpt>
    <trkpt lat="36.890003" lon="31.059047"><ele>18.3</ele></trkpt>
    <trkpt lat="36.890075" lon="31.059571"><ele>19.4</ele></trkpt>
    <trkpt lat="36.890105" lon="31.060142"><ele>20.7</ele></trkpt>
    <trkpt lat="36.890111" lon="31.060741"><ele>22.2</ele></trkpt>
    <trkpt lat="36.890109" lon="31.061347"><ele>23.9</ele></trkpt>
    <trkpt lat="36.890119" lon="31.061941"><ele>25.8</ele></trkpt>
    <trkpt lat="36.890159" lon="31.062500"><ele>27.7</ele></trkpt>
    <trkpt lat="36.890245" lon="31.063009"><ele>29.7</ele></trkpt>
    <trkpt lat="36.890387" lon="31.063454"><ele>31.7</ele></trkpt>
    <trkpt lat="36.890593" lon="31.063828"><ele>33.6</ele></trkpt>
    <trkpt lat="36.890866" lon="31.064126"><ele>35.4</ele></trkpt>
    <trkpt lat="36.891201" lon="31.064354"><ele>37.1</ele></trkpt>
    <trkpt lat="36.891592" lon="31.064520"><ele>38.6</ele></trkpt>
    <trkpt lat="36.892026" lon="31.064637"><ele>39.9</ele></trkpt>
    <trkpt lat="36.892487" lon="31.064723"><ele>40.9</ele></trkpt>
    <trkpt lat="36.892959" lon="31.064798"><ele>41.7</ele></trkpt>
    <trkpt lat="36.893423" lon="31.064881"><ele>42.2</ele></trkpt>
    <trkpt lat="36.893862" lon="31.064993"><ele>42.4</ele></trkpt>
    <trkpt lat="36.894260" lon="31.065150"><ele>42.4</ele></trkpt>
    <trkpt lat="36.894607" lon="31.065365"><ele>42.1</ele></trkpt>
    <trkpt lat="36.894894" lon="31.065648"><ele>41.5</ele></trkpt>
    <trkpt lat="36.895118" lon="31.066001"><ele>40.6</ele></trkpt>
    <trkpt lat="36.895282" lon="31.066421"><ele>39.6</ele></trkpt>
    <trkpt lat="36.895392" lon="31.066903"><ele>38.3</ele></trkpt>
    <trkpt lat="36.895459" lon="31.067432"><ele>36.9</ele></trkpt>
    <trkpt lat="36.895497" lon="31.067995"><ele>35.4</ele></trkpt>
    <trkpt lat="36.895522" lon="31.068572"><ele>33.8</ele></trkpt>
    <trkpt lat="36.895551" lon="31.069144"><ele>32.2</ele></trkpt>
    <trkpt lat="36.895600" lon="31.069694"><ele>30.7</ele></trkpt>
    <trkpt lat="36.895684" lon="31.070204"><ele>29.1</ele></trkpt>
    <trkpt lat="36.895815" lon="31.070662"><ele>27.7</ele></trkpt>
    <trkpt lat="36.896000" lon="31.071059"><ele>26.4</ele></trkpt>
    <trkpt lat="36.896242" lon="31.071391"><ele>25.3</ele></trkpt>
    <trkpt lat="36.896542" lon="31.071660"><ele>24.3</ele></trkpt>
    <trkpt lat="36.896892" lon="31.071871"><ele>23.6</ele></trkpt>
    <trkpt lat="36.897284" lon="31.072035"><ele>23.2</ele></trkpt>
    <trkpt lat="36.897706" lon="31.072166"><ele>22.9</ele></trkpt>
    <trkpt lat="36.898142" lon="31.072280"><ele>22.9</ele></trkpt>
    <trkpt lat="36.898578" lon="31.072396"><ele>23.2</ele></trkpt>
    <trkpt lat="36.898998" lon="31.072529"><ele>23.7</ele></trkpt>
    <trkpt lat="36.899388" lon="31.072695"><ele>24.4</ele></trkpt>
    <trkpt lat="36.899738" lon="31.072906"><ele>25.3</ele></trkpt>
    <trkpt lat="36.900040" lon="31.073172"><ele>26.4</ele></trkpt>
    <trkpt lat="36.900290" lon="31.073496"><ele>27.7</ele></trkpt>
    <trkpt lat="36.900488" lon="31.073878"><ele>29.1</ele></trkpt>
    <trkpt lat="36.900639" lon="31.074313"><ele>30.5</ele></trkpt>
    <trkpt lat="36.900751" lon="31.074792"><ele>32.0</ele></trkpt>
    <trkpt lat="36.900835" lon="31.075303"><ele>33.5</ele></trkpt>
    <trkpt lat="36.900903" lon="31.075831"><ele>35.0</ele></trkpt>
    <trkpt lat="36.900969" lon="31.076362"><ele>36.4</ele></trkpt>
    <trkpt lat="36.901047" lon="31.076879"><ele>37.7</ele></trkpt>
    <trkpt lat="36.901149" lon="31.077370"><ele>38.9</ele></trkpt>
    <trkpt lat="36.901285" lon="31.077822"><ele>40.0</ele></trkpt>
    <trkpt lat="36.901462" lon="31.078227"><ele>40.9</ele></trkpt>
    <trkpt lat="36.901685" lon="31.078582"><ele>41.6</ele></trkpt>
    <trkpt lat="36.901953" lon="31.078885"><ele>42.1</ele></trkpt>
    <trkpt lat="36.902263" lon="31.079142"><ele>42.4</ele></trkpt>
    <trkpt lat="36.902609" lon="31.079358"><ele>42.5</ele></trkpt>
    <trkpt lat="36.902981" lon="31.079545"><ele>42.4</ele></trkpt>
    <trkpt lat="36.903368" lon="31.079715"><ele>42.2</ele></trkpt>
    <trkpt lat="36.903758" lon="31.079881"><ele>41.7</ele></trkpt>
    <trkpt lat="36.904141" lon="31.080056"><ele>41.1</ele></trkpt>
    <trkpt lat="36.904504" lon="31.080253"><ele>40.4</ele></trkpt>
    <trkpt lat="36.904839" lon="31.080481"><ele>39.6</ele></trkpt>
    <trkpt lat="36.905140" lon="31.080747"><ele>38.7</ele></trkpt>
    <trkpt lat="36.905403" lon="31.081057"><ele>37.8</ele></trkpt>
    <trkpt lat="36.905628" lon="31.081409"><ele>36.8</ele></trkpt>
    <trkpt lat="36.905816" lon="31.081802"><ele>35.8</ele></trkpt>
    <trkpt lat="36.905975" lon="31.082229"><ele>34.9</ele></trkpt>
    <trkpt lat="36.906111" lon="31.082681"><ele>34.0</ele></trkpt>
    <trkpt lat="36.906232" lon="31.083149"><ele>33.2</ele></trkpt>
    <trkpt lat="36.906350" lon="31.083622"><ele>32.6</ele></trkpt>
    <trkpt lat="36.906473" lon="31.084088"><ele>32.0</ele></trkpt>
    <trkpt lat="36.906611" lon="31.084538"><ele>31.6</ele></trkpt>
    <trkpt lat="36.906771" lon="31.084963"><ele>31.3</ele></trkpt>
    <trkpt lat="36.906959" lon="31.085358"><ele>31.1</ele></trkpt>
    <trkpt lat="36.907176" lon="31.085718"><ele>31.1</ele></trkpt>
    <trkpt lat="36.907424" lon="31.086044"><ele>31.3</ele></trkpt>
    <trkpt lat="36.907701" lon="31.086338"><ele>31.5</ele></trkpt>
    <trkpt lat="36.908002" lon="31.086604"><ele>31.9</ele></trkpt>
    <trkpt lat="36.908322" lon="31.086850"><ele>32.4</ele></trkpt>
    <trkpt lat="36.908652" lon="31.087084"><ele>33.0</ele></trkpt>
    <trkpt lat="36.908986" lon="31.087313"><ele>33.7</ele></trkpt>
    <trkpt lat="36.909316" lon="31.087547"><ele>34.4</ele></trkpt>
    <trkpt lat="36.909635" lon="31.087793"><ele>35.1</ele></trkpt>
    <trkpt lat="36.909938" lon="31.088058"><ele>35.9</ele></trkpt>
    <trkpt lat="36.910220" lon="31.088346"><ele>36.6</ele></trkpt>
    <trkpt lat="36.910480" lon="31.088659"><ele>37.4</ele></trkpt>
    <trkpt lat="36.910717" lon="31.088997"><ele>38.1</ele></trkpt>
    <trkpt lat="36.910933" lon="31.089359"><ele>38.7</ele></trkpt>
    <trkpt lat="36.911133" lon="31.089740"><ele>39.3</ele></trkpt>
    <trkpt lat="36.911319" lon="31.090135"><ele>39.8</ele></trkpt>
    <trkpt lat="36.911498" lon="31.090538"><ele>40.2</ele></trkpt>
    <trkpt lat="36.911676" lon="31.090944"><ele>40.5</ele></trkpt>
    <trkpt lat="36.911857" lon="31.091345"><ele>40.7</ele></trkpt>
    <trkpt lat="36.912046" lon="31.091738"><ele>40.9</ele></trkpt>
    <trkpt lat="36.912247" lon="31.092117"><ele>40.9</ele></trkpt>
    <trkpt lat="36.912461" lon="31.092481"><ele>40.9</ele></trkpt>
    <trkpt lat="36.912691" lon="31.092828"><ele>40.8</ele></trkpt>
    <trkpt lat="36.912934" lon="31.093159"><ele>40.7</ele></trkpt>
    <trkpt lat="36.913190" lon="31.093476"><ele>40.6</ele></trkpt>
    <trkpt lat="36.913456" lon="31.093783"><ele>40.4</ele></trkpt>
    <trkpt lat="36.913728" lon="31.094082"><ele>40.2</ele></trkpt>
    <trkpt lat="36.914002" lon="31.094379"><ele>40.0</ele></trkpt>
    <trkpt lat="36.914275" lon="31.094677"><ele>39.8</ele></trkpt>
    <trkpt lat="36.914544" lon="31.094979"><ele>39.6</ele></trkpt>
    <trkpt lat="36.914806" lon="31.095289"><ele>39.5</ele></trkpt>
    <trkpt lat="36.915061" lon="31.095608"><ele>39.4</ele></trkpt>
    <trkpt lat="36.915308" lon="31.095936"><ele>39.3</ele></trkpt>
    <trkpt lat="36.915547" lon="31.096272"><ele>39.3</ele></trkpt>
    <trkpt lat="36.915780" lon="31.096614"><ele>39.4</ele></trkpt>
    <trkpt lat="36.916010" lon="31.096961"><ele>39.5</ele></trkpt>
    <trkpt lat="36.916238" lon="31.097310"><ele>39.6</ele></trkpt>
    <trkpt lat="36.916467" lon="31.097657"><ele>39.8</ele></trkpt>
    <trkpt lat="36.916700" lon="31.098000"><ele>40.0</ele></trkpt>
    <trkpt lat="36.916415" lon="31.098275"><ele>39.8</ele></trkpt>
    <trkpt lat="36.916126" lon="31.098543"><ele>39.5</ele></trkpt>
    <trkpt lat="36.915832" lon="31.098803"><ele>39.3</ele></trkpt>
    <trkpt lat="36.915535" lon="31.099059"><ele>39.1</ele></trkpt>
    <trkpt lat="36.915236" lon="31.099310"><ele>38.9</ele></trkpt>
    <trkpt lat="36.914936" lon="31.099560"><ele>38.7</ele></trkpt>
    <trkpt lat="36.914638" lon="31.099813"><ele>38.5</ele></trkpt>
    <trkpt lat="36.914343" lon="31.100072"><ele>38.4</ele></trkpt>
    <trkpt lat="36.914053" lon="31.100339"><ele>38.4</ele></trkpt>
    <trkpt lat="36.913770" lon="31.100617"><ele>38.4</ele></trkpt>
    <trkpt lat="36.913494" lon="31.100907"><ele>38.4</ele></trkpt>
    <trkpt lat="36.913225" lon="31.101209"><ele>38.5</ele></trkpt>
    <trkpt lat="36.912963" lon="31.101522"><ele>38.7</ele></trkpt>
    <trkpt lat="36.912705" lon="31.101841"><ele>38.8</ele></trkpt>
    <trkpt lat="36.912449" lon="31.102165"><ele>39.1</ele></trkpt>
    <trkpt lat="36.912193" lon="31.102487"><ele>39.3</ele></trkpt>
    <trkpt lat="36.911933" lon="31.102803"><ele>39.6</ele></trkpt>
    <trkpt lat="36.911666" lon="31.103108"><ele>39.8</ele></trkpt>
    <trkpt lat="36.911389" lon="31.103397"><ele>40.1</ele></trkpt>
    <trkpt lat="36.911102" lon="31.103667"><ele>40.3</ele></trkpt>
    <trkpt lat="36.910801" lon="31.103917"><ele>40.5</ele></trkpt>
    <trkpt lat="36.910488" lon="31.104146"><ele>40.6</ele></trkpt>
    <trkpt lat="36.910164" lon="31.104356"><ele>40.7</ele></trkpt>
    <trkpt lat="36.909831" lon="31.104552"><ele>40.7</ele></trkpt>
    <trkpt lat="36.909493" lon="31.104738"><ele>40.6</ele></trkpt>
    <trkpt lat="36.909152" lon="31.104921"><ele>40.5</ele></trkpt>
    <trkpt lat="36.908814" lon="31.105109"><ele>40.2</ele></trkpt>
    <trkpt lat="36.908484" lon="31.105309"><ele>39.9</ele></trkpt>
    <trkpt lat="36.908166" lon="31.105529"><ele>39.4</ele></trkpt>
    <trkpt lat="36.907862" lon="31.105773"><ele>38.9</ele></trkpt>
    <trkpt lat="36.907576" lon="31.106046"><ele>38.3</ele></trkpt>
    <trkpt lat="36.907308" lon="31.106350"><ele>37.6</ele></trkpt>
    <trkpt lat="36.907059" lon="31.106683"><ele>36.8</ele></trkpt>
    <trkpt lat="36.906825" lon="31.107043"><ele>36.1</ele></trkpt>
    <trkpt lat="36.906604" lon="31.107423"><ele>35.2</ele></trkpt>
    <trkpt lat="36.906390" lon="31.107816"><ele>34.4</ele></trkpt>
    <trkpt lat="36.906178" lon="31.108212"><ele>33.6</ele></trkpt>
    <trkpt lat="36.905962" lon="31.108602"><ele>32.9</ele></trkpt>
    <trkpt lat="36.905736" lon="31.108974"><ele>32.2</ele></trkpt>
    <trkpt lat="36.905494" lon="31.109320"><ele>31.5</ele></trkpt>
    <trkpt lat="36.905232" lon="31.109633"><ele>31.0</ele></trkpt>
    <trkpt lat="36.904947" lon="31.109908"><ele>30.6</ele></trkpt>
    <trkpt lat="36.904637" lon="31.110142"><ele>30.3</ele></trkpt>
    <trkpt lat="36.904304" lon="31.110337"><ele>30.1</ele></trkpt>
    <trkpt lat="36.903950" lon="31.110497"><ele>30.1</ele></trkpt>
    <trkpt lat="36.903579" lon="31.110631"><ele>30.2</ele></trkpt>
    <trkpt lat="36.903198" lon="31.110747"><ele>30.4</ele></trkpt>
    <trkpt lat="36.902814" lon="31.110859"><ele>30.8</ele></trkpt>
    <trkpt lat="36.902435" lon="31.110978"><ele>31.4</ele></trkpt>
    <trkpt lat="36.902068" lon="31.111117"><ele>32.0</ele></trkpt>
    <trkpt lat="36.901720" lon="31.111289"><ele>32.8</ele></trkpt>
    <trkpt lat="36.901398" lon="31.111501"><ele>33.7</ele></trkpt>
    <trkpt lat="36.901103" lon="31.111760"><ele>34.6</ele></trkpt>
    <trkpt lat="36.900839" lon="31.112069"><ele>35.5</ele></trkpt>
    <trkpt lat="36.900604" lon="31.112427"><ele>36.5</ele></trkpt>
    <trkpt lat="36.900395" lon="31.112827"><ele>37.4</ele></trkpt>
    <trkpt lat="36.900206" lon="31.113262"><ele>38.4</ele></trkpt>
    <trkpt lat="36.900031" lon="31.113719"><ele>39.2</ele></trkpt>
    <trkpt lat="36.899861" lon="31.114184"><ele>39.9</ele></trkpt>
    <trkpt lat="36.899687" lon="31.114642"><ele>40.6</ele></trkpt>
    <trkpt lat="36.899499" lon="31.115077"><ele>41.0</ele></trkpt>
    <trkpt lat="36.899289" lon="31.115477"><ele>41.3</ele></trkpt>
    <trkpt lat="36.899051" lon="31.115829"><ele>41.5</ele></trkpt>
    <trkpt lat="36.898779" lon="31.116126"><ele>41.4</ele></trkpt>
    <trkpt lat="36.898472" lon="31.116365"><ele>41.1</ele></trkpt>
    <trkpt lat="36.898131" lon="31.116546"><ele>40.7</ele></trkpt>
    <trkpt lat="36.897758" lon="31.116676"><ele>40.0</ele></trkpt>
    <trkpt lat="36.897360" lon="31.116763"><ele>39.2</ele></trkpt>
    <trkpt lat="36.896944" lon="31.116823"><ele>38.2</ele></trkpt>
    <trkpt lat="36.896522" lon="31.116871"><ele>37.0</ele></trkpt>
    <trkpt lat="36.896103" lon="31.116924"><ele>35.8</ele></trkpt>
    <trkpt lat="36.895697" lon="31.117000"><ele>34.4</ele></trkpt>
    <trkpt lat="36.895315" lon="31.117115"><ele>32.9</ele></trkpt>
    <trkpt lat="36.894965" lon="31.117282"><ele>31.5</ele></trkpt>
    <trkpt lat="36.894652" lon="31.117510"><ele>30.0</ele></trkpt>
    <trkpt lat="36.894379" lon="31.117805"><ele>28.5</ele></trkpt>
    <trkpt lat="36.894146" lon="31.118166"><ele>27.2</ele></trkpt>
    <trkpt lat="36.893949" lon="31.118587"><ele>25.9</ele></trkpt>
    <trkpt lat="36.893782" lon="31.119057"><ele>24.8</ele></trkpt>
    <trkpt lat="36.893637" lon="31.119563"><ele>23.8</ele></trkpt>
    <trkpt lat="36.893501" lon="31.120085"><ele>23.0</ele></trkpt>
    <trkpt lat="36.893364" lon="31.120605"><ele>22.5</ele></trkpt>
    <trkpt lat="36.893214" lon="31.121102"><ele>22.1</ele></trkpt>
    <trkpt lat="36.893039" lon="31.121559"><ele>22.0</ele></trkpt>
    <trkpt lat="36.892831" lon="31.121961"><ele>22.2</ele></trkpt>
    <trkpt lat="36.892582" lon="31.122295"><ele>22.6</ele></trkpt>
    <trkpt lat="36.892289" lon="31.122557"><ele>23.2</ele></trkpt>
    <trkpt lat="36.891951" lon="31.122745"><ele>24.0</ele></trkpt>
    <trkpt lat="36.891572" lon="31.122865"><ele>25.0</ele></trkpt>
    <trkpt lat="36.891159" lon="31.122928"><ele>26.2</ele></trkpt>
    <trkpt lat="36.890720" lon="31.122949"><ele>27.6</ele></trkpt>
    <trkpt lat="36.890268" lon="31.122947"><ele>29.0</ele></trkpt>
    <trkpt lat="36.889815" lon="31.122944"><ele>30.5</ele></trkpt>
    <trkpt lat="36.889374" lon="31.122961"><ele>32.1</ele></trkpt>
    <trkpt lat="36.888957" lon="31.123019"><ele>33.6</ele></trkpt>
    <trkpt lat="36.888576" lon="31.123134"><ele>35.1</ele></trkpt>
    <trkpt lat="36.888237" lon="31.123320"><ele>36.5</ele></trkpt>
    <trkpt lat="36.887946" lon="31.123585"><ele>37.7</ele></trkpt>
    <trkpt lat="36.887703" lon="31.123930"><ele>38.8</ele></trkpt>
    <trkpt lat="36.887506" lon="31.124350"><ele>39.7</ele></trkpt>
    <trkpt lat="36.887348" lon="31.124835"><ele>40.3</ele></trkpt>
    <trkpt lat="36.887219" lon="31.125368"><ele>40.7</ele></trkpt>
    <trkpt lat="36.887108" lon="31.125930"><ele>40.9</ele></trkpt>
    <trkpt lat="36.887000" lon="31.126498"><ele>40.7</ele></trkpt>
    <trkpt lat="36.886882" lon="31.127050"><ele>40.3</ele></trkpt>
    <trkpt lat="36.886741" lon="31.127562"><ele>39.6</ele></trkpt>
    <trkpt lat="36.886564" lon="31.128015"><ele>38.7</ele></trkpt>
    <trkpt lat="36.886343" lon="31.128395"><ele>37.5</ele></trkpt>
    <trkpt lat="36.886071" lon="31.128693"><ele>36.1</ele></trkpt>
    <trkpt lat="36.885748" lon="31.128905"><ele>34.5</ele></trkpt>
    <trkpt lat="36.885376" lon="31.129036"><ele>32.8</ele></trkpt>
    <trkpt lat="36.884961" lon="31.129095"><ele>30.9</ele></trkpt>
    <trkpt lat="36.884512" lon="31.129099"><ele>29.0</ele></trkpt>
    <trkpt lat="36.884042" lon="31.129068"><ele>27.1</ele></trkpt>
    <trkpt lat="36.883565" lon="31.129026"><ele>25.1</ele></trkpt>
    <trkpt lat="36.883095" lon="31.128996"><ele>23.3</ele></trkpt>
    <trkpt lat="36.882648" lon="31.129004"><ele>21.6</ele></trkpt>
    <trkpt lat="36.882236" lon="31.129068"><ele>20.0</ele></trkpt>
    <trkpt lat="36.881869" lon="31.129207"><ele>18.6</ele></trkpt>
    <trkpt lat="36.881553" lon="31.129432"><ele>17.5</ele></trkpt>
    <trkpt lat="36.881291" lon="31.129745"><ele>16.6</ele></trkpt>
    <trkpt lat="36.881082" lon="31.130145"><ele>16.0</ele></trkpt>
    <trkpt lat="36.880920" lon="31.130623"><ele>15.7</ele></trkpt>
    <trkpt lat="36.880795" lon="31.131162"><ele>15.6</ele></trkpt>
    <trkpt lat="36.880695" lon="31.131743"><ele>15.9</ele></trkpt>
    <trkpt lat="36.880605" lon="31.132340"><ele>16.5</ele></trkpt>
    <trkpt lat="36.880510" lon="31.132930"><ele>17.3</ele></trkpt>
    <trkpt lat="36.880395" lon="31.133486"><ele>18.4</ele></trkpt>
    <trkpt lat="36.880247" lon="31.133987"><ele>19.8</ele></trkpt>
    <trkpt lat="36.880054" lon="31.134414"><ele>21.3</ele></trkpt>
    <trkpt lat="36.879809" lon="31.134755"><ele>23.0</ele></trkpt>
    <trkpt lat="36.879508" lon="31.135004"><ele>24.7</ele></trkpt>
    <trkpt lat="36.879153" lon="31.135162"><ele>26.6</ele></trkpt>
    <trkpt lat="36.878747" lon="31.135238"><ele>28.4</ele></trkpt>
    <trkpt lat="36.878301" lon="31.135247"><ele>30.3</ele></trkpt>
    <trkpt lat="36.877827" lon="31.135209"><ele>32.0</ele></trkpt>
    <trkpt lat="36.877339" lon="31.135148"><ele>33.6</ele></trkpt>
    <trkpt lat="36.876852" lon="31.135090"><ele>35.0</ele></trkpt>
    <trkpt lat="36.876383" lon="31.135061"><ele>36.2</ele></trkpt>
    <trkpt lat="36.875945" lon="31.135084"><ele>37.2</ele></trkpt>
    <trkpt lat="36.875551" lon="31.135178"><ele>37.9</ele></trkpt>
    <trkpt lat="36.875209" lon="31.135358"><ele>38.3</ele></trkpt>
    <trkpt lat="36.874923" lon="31.135632"><ele>38.4</ele></trkpt>
    <trkpt lat="36.874693" lon="31.135998"><ele>38.2</ele></trkpt>
    <trkpt lat="36.874515" lon="31.136450"><ele>37.7</ele></trkpt>
    <trkpt lat="36.874381" lon="31.136974"><ele>36.8</ele></trkpt>
    <trkpt lat="36.874278" lon="31.137550"><ele>35.7</ele></trkpt>
    <trkpt lat="36.874193" lon="31.138155"><ele>34.4</ele></trkpt>
    <trkpt lat="36.874109" lon="31.138762"><ele>32.8</ele></trkpt>
    <trkpt lat="36.874011" lon="31.139346"><ele>31.0</ele></trkpt>
    <trkpt lat="36.873884" lon="31.139881"><ele>29.1</ele></trkpt>
    <trkpt lat="36.873715" lon="31.140349"><ele>27.1</ele></trkpt>
    <trkpt lat="36.873496" lon="31.140732"><ele>25.0</ele></trkpt>
    <trkpt lat="36.873221" lon="31.141024"><ele>22.9</ele></trkpt>
    <trkpt lat="36.872889" lon="31.141221"><ele>20.9</ele></trkpt>
    <trkpt lat="36.872503" lon="31.141330"><ele>18.9</ele></trkpt>
    <trkpt lat="36.872072" lon="31.141364"><ele>17.1</ele></trkpt>
    <trkpt lat="36.871607" lon="31.141341"><ele>15.5</ele></trkpt>
    <trkpt lat="36.871121" lon="31.141284"><ele>14.1</ele></trkpt>
    <trkpt lat="36.870631" lon="31.141220"><ele>12.9</ele></trkpt>
    <trkpt lat="36.870151" lon="31.141173"><ele>12.1</ele></trkpt>
    <trkpt lat="36.869697" lon="31.141169"><ele>11.5</ele></trkpt>
    <trkpt lat="36.869282" lon="31.141229"><ele>11.2</ele></trkpt>
    <trkpt lat="36.868916" lon="31.141370"><ele>11.3</ele></trkpt>
    <trkpt lat="36.868604" lon="31.141601"><ele>11.6</ele></trkpt>
    <trkpt lat="36.868349" lon="31.141925"><ele>12.3</ele></trkpt>
    <trkpt lat="36.868147" lon="31.142338"><ele>13.2</ele></trkpt>
    <trkpt lat="36.867993" lon="31.142829"><ele>14.4</ele></trkpt>
    <trkpt lat="36.867875" lon="31.143380"><ele>15.8</ele></trkpt>
    <trkpt lat="36.867780" lon="31.143969"><ele>17.3</ele></trkpt>
    <trkpt lat="36.867694" lon="31.144571"><ele>19.0</ele></trkpt>
    <trkpt lat="36.867599" lon="31.145162"><ele>20.8</ele></trkpt>
    <trkpt lat="36.867483" lon="31.145715"><ele>22.7</ele></trkpt>
    <trkpt lat="36.867331" lon="31.146209"><ele>24.5</ele></trkpt>
    <trkpt lat="36.867132" lon="31.146627"><ele>26.3</ele></trkpt>
    <trkpt lat="36.866882" lon="31.146959"><ele>28.0</ele></trkpt>
    <trkpt lat="36.866576" lon="31.147199"><ele>29.5</ele></trkpt>
    <trkpt lat="36.866217" lon="31.147352"><ele>30.8</ele></trkpt>
    <trkpt lat="36.865810" lon="31.147426"><ele>32.0</ele></trkpt>
    <trkpt lat="36.865365" lon="31.147437"><ele>32.8</ele></trkpt>
    <trkpt lat="36.864895" lon="31.147407"><ele>33.4</ele></trkpt>
    <trkpt lat="36.864414" lon="31.147358"><ele>33.8</ele></trkpt>
    <trkpt lat="36.863938" lon="31.147316"><ele>33.8</ele></trkpt>
    <trkpt lat="36.863480" lon="31.147305"><ele>33.5</ele></trkpt>
    <trkpt lat="36.863054" lon="31.147347"><ele>33.0</ele></trkpt>
    <trkpt lat="36.862670" lon="31.147459"><ele>32.1</ele></trkpt>
    <trkpt lat="36.862336" lon="31.147654"><ele>31.0</ele></trkpt>
    <trkpt lat="36.862055" lon="31.147936"><ele>29.7</ele></trkpt>
    <trkpt lat="36.861826" lon="31.148303"><ele>28.2</ele></trkpt>
    <trkpt lat="36.861645" lon="31.148749"><ele>26.5</ele></trkpt>
    <trkpt lat="36.861501" lon="31.149258"><ele>24.7</ele></trkpt>
    <trkpt lat="36.861385" lon="31.149811"><ele>22.8</ele></trkpt>
    <trkpt lat="36.861282" lon="31.150387"><ele>20.9</ele></trkpt>
    <trkpt lat="36.861178" lon="31.150961"><ele>19.0</ele></trkpt>
    <trkpt lat="36.861059" lon="31.151510"><ele>17.2</ele></trkpt>
    <trkpt lat="36.860912" lon="31.152012"><ele>15.5</ele></trkpt>
    <trkpt lat="36.860726" lon="31.152451"><ele>13.9</ele></trkpt>
    <trkpt lat="36.860494" lon="31.152814"><ele>12.5</ele></trkpt>
    <trkpt lat="36.860212" lon="31.153094"><ele>11.3</ele></trkpt>
    <trkpt lat="36.859881" lon="31.153292"><ele>10.3</ele></trkpt>
    <trkpt lat="36.859503" lon="31.153415"><ele>9.6</ele></trkpt>
    <trkpt lat="36.859088" lon="31.153474"><ele>9.2</ele></trkpt>
    <trkpt lat="36.858645" lon="31.153488"><ele>9.0</ele></trkpt>
    <trkpt lat="36.858186" lon="31.153476"><ele>9.1</ele></trkpt>
    <trkpt lat="36.857726" lon="31.153462"><ele>9.4</ele></trkpt>
    <trkpt lat="36.857277" lon="31.153466"><ele>10.0</ele></trkpt>
    <trkpt lat="36.856853" lon="31.153511"><ele>10.8</ele></trkpt>
    <trkpt lat="36.856462" lon="31.153612"><ele>11.9</ele></trkpt>
    <trkpt lat="36.856114" lon="31.153782"><ele>13.1</ele></trkpt>
    <trkpt lat="36.855811" lon="31.154028"><ele>14.4</ele></trkpt>
    <trkpt lat="36.855556" lon="31.154352"><ele>15.8</ele></trkpt>
    <trkpt lat="36.855343" lon="31.154747"><ele>17.3</ele></trkpt>
    <trkpt lat="36.855168" lon="31.155203"><ele>18.8</ele></trkpt>
    <trkpt lat="36.855021" lon="31.155705"><ele>20.3</ele></trkpt>
    <trkpt lat="36.854890" lon="31.156235"><ele>21.7</ele></trkpt>
    <trkpt lat="36.854763" lon="31.156771"><ele>23.0</ele></trkpt>
    <trkpt lat="36.854628" lon="31.157293"><ele>24.2</ele></trkpt>
    <trkpt lat="36.854473" lon="31.157783"><ele>25.2</ele></trkpt>
    <trkpt lat="36.854288" lon="31.158223"><ele>26.0</ele></trkpt>
    <trkpt lat="36.854066" lon="31.158602"><ele>26.6</ele></trkpt>
    <trkpt lat="36.853802" lon="31.158911"><ele>27.0</ele></trkpt>
    <trkpt lat="36.853495" lon="31.159151"><ele>27.2</ele></trkpt>
    <trkpt lat="36.853148" lon="31.159323"><ele>27.1</ele></trkpt>
    <trkpt lat="36.852766" lon="31.159438"><ele>26.8</ele></trkpt>
    <trkpt lat="36.852357" lon="31.159508"><ele>26.3</ele></trkpt>
    <trkpt lat="36.851931" lon="31.159550"><ele>25.6</ele></trkpt>
    <trkpt lat="36.851499" lon="31.159583"><ele>24.7</ele></trkpt>
    <trkpt lat="36.851073" lon="31.159625"><ele>23.6</ele></trkpt>
    <trkpt lat="36.850663" lon="31.159693"><ele>22.4</ele></trkpt>
    <trkpt lat="36.850278" lon="31.159803"><ele>21.1</ele></trkpt>
    <trkpt lat="36.849926" lon="31.159967"><ele>19.7</ele></trkpt>
    <trkpt lat="36.849610" lon="31.160191"><ele>18.3</ele></trkpt>
    <trkpt lat="36.849333" lon="31.160478"><ele>16.9</ele></trkpt>
    <trkpt lat="36.849091" lon="31.160826"><ele>15.5</ele></trkpt>
    <trkpt lat="36.848882" lon="31.161226"><ele>14.2</ele></trkpt>
    <trkpt lat="36.848699" lon="31.161668"><ele>12.9</ele></trkpt>
    <trkpt lat="36.848531" lon="31.162138"><ele>11.8</ele></trkpt>
    <trkpt lat="36.848371" lon="31.162619"><ele>10.8</ele></trkpt>
    <trkpt lat="36.848208" lon="31.163094"><ele>10.0</ele></trkpt>
    <trkpt lat="36.848032" lon="31.163549"><ele>9.4</ele></trkpt>
    <trkpt lat="36.847835" lon="31.163969"><ele>8.9</ele></trkpt>
    <trkpt lat="36.847610" lon="31.164344"><ele>8.7</ele></trkpt>
    <trkpt lat="36.847355" lon="31.164668"><ele>8.6</ele></trkpt>
    <trkpt lat="36.847066" lon="31.164936"><ele>8.7</ele></trkpt>
    <trkpt lat="36.846745" lon="31.165153"><ele>8.9</ele></trkpt>
    <trkpt lat="36.846396" lon="31.165322"><ele>9.3</ele></trkpt>
    <trkpt lat="36.846025" lon="31.165454"><ele>9.9</ele></trkpt>
    <trkpt lat="36.845638" lon="31.165560"><ele>10.6</ele></trkpt>
    <trkpt lat="36.845243" lon="31.165655"><ele>11.4</ele></trkpt>
    <trkpt lat="36.844851" lon="31.165752"><ele>12.2</ele></trkpt>
    <trkpt lat="36.844468" lon="31.165865"><ele>13.1</ele></trkpt>
    <trkpt lat="36.844101" lon="31.166006"><ele>14.0</ele></trkpt>
    <trkpt lat="36.843757" lon="31.166183"><ele>14.9</ele></trkpt>
    <trkpt lat="36.843439" lon="31.166403"><ele>15.7</ele></trkpt>
    <trkpt lat="36.843148" lon="31.166669"><ele>16.5</ele></trkpt>
    <trkpt lat="36.842884" lon="31.166979"><ele>17.2</ele></trkpt>
    <trkpt lat="36.842644" lon="31.167328"><ele>17.8</ele></trkpt>
    <trkpt lat="36.842423" lon="31.167708"><ele>18.3</ele></trkpt>
    <trkpt lat="36.842215" lon="31.168111"><ele>18.7</ele></trkpt>
    <trkpt lat="36.842014" lon="31.168525"><ele>18.9</ele></trkpt>
    <trkpt lat="36.841813" lon="31.168938"><ele>19.1</ele></trkpt>
    <trkpt lat="36.841604" lon="31.169339"><ele>19.0</ele></trkpt>
    <trkpt lat="36.841383" lon="31.169719"><ele>18.9</ele></trkpt>
    <trkpt lat="36.841144" lon="31.170070"><ele>18.6</ele></trkpt>
    <trkpt lat="36.840885" lon="31.170387"><ele>18.2</ele></trkpt>
    <trkpt lat="36.840604" lon="31.170669"><ele>17.7</ele></trkpt>
    <trkpt lat="36.840302" lon="31.170916"><ele>17.1</ele></trkpt>
    <trkpt lat="36.839981" lon="31.171132"><ele>16.5</ele></trkpt>
    <trkpt lat="36.839645" lon="31.171323"><ele>15.8</ele></trkpt>
    <trkpt lat="36.839299" lon="31.171496"><ele>15.1</ele></trkpt>
    <trkpt lat="36.838947" lon="31.171662"><ele>14.3</ele></trkpt>
    <trkpt lat="36.838596" lon="31.171827"><ele>13.6</ele></trkpt>
    <trkpt lat="36.838250" lon="31.172001"><ele>12.9</ele></trkpt>
    <trkpt lat="36.837914" lon="31.172192"><ele>12.2</ele></trkpt>
    <trkpt lat="36.837590" lon="31.172403"><ele>11.6</ele></trkpt>
    <trkpt lat="36.837282" lon="31.172639"><ele>11.0</ele></trkpt>
    <trkpt lat="36.836989" lon="31.172902"><ele>10.6</ele></trkpt>
    <trkpt lat="36.836711" lon="31.173189"><ele>10.2</ele></trkpt>
    <trkpt lat="36.836447" lon="31.173497"><ele>9.9</ele></trkpt>
    <trkpt lat="36.836193" lon="31.173823"><ele>9.6</ele></trkpt>
    <trkpt lat="36.835945" lon="31.174160"><ele>9.5</ele></trkpt>
    <trkpt lat="36.835701" lon="31.174502"><ele>9.4</ele></trkpt>
    <trkpt lat="36.835456" lon="31.174842"><ele>9.4</ele></trkpt>
    <trkpt lat="36.835206" lon="31.175176"><ele>9.5</ele></trkpt>
    <trkpt lat="36.834950" lon="31.175498"><ele>9.6</ele></trkpt>
    <trkpt lat="36.834684" lon="31.175806"><ele>9.7</ele></trkpt>
    <trkpt lat="36.834409" lon="31.176097"><ele>9.9</ele></trkpt>
    <trkpt lat="36.834124" lon="31.176372"><ele>10.1</ele></trkpt>
    <trkpt lat="36.833831" lon="31.176633"><ele>10.3</ele></trkpt>
    <trkpt lat="36.833530" lon="31.176881"><ele>10.5</ele></trkpt>
    <trkpt lat="36.833224" lon="31.177122"><ele>10.7</ele></trkpt>
    <trkpt lat="36.832915" lon="31.177358"><ele>10.8</ele></trkpt>
    <trkpt lat="36.832607" lon="31.177594"><ele>10.9</ele></trkpt>
    <trkpt lat="36.832300" lon="31.177834"><ele>11.0</ele></trkpt>
    <trkpt lat="36.831998" lon="31.178080"><ele>11.0</ele></trkpt>
    <trkpt lat="36.831701" lon="31.178335"><ele>11.0</ele></trkpt>
    <trkpt lat="36.831409" lon="31.178598"><ele>10.9</ele></trkpt>
    <trkpt lat="36.831122" lon="31.178870"><ele>10.8</ele></trkpt>
    <trkpt lat="36.830839" lon="31.179149"><ele>10.6</ele></trkpt>
    <trkpt lat="36.830559" lon="31.179432"><ele>10.4</ele></trkpt>
    <trkpt lat="36.830280" lon="31.179717"><ele>10.2</ele></trkpt>
    <trkpt lat="36.830000" lon="31.180000"><ele>10.0</ele></trkpt>
    <trkpt lat="36.829923" lon="31.180439"><ele>10.1</ele></trkpt>
    <trkpt lat="36.829849" lon="31.180878"><ele>10.2</ele></trkpt>
    <trkpt lat="36.829778" lon="31.181318"><ele>10.3</ele></trkpt>
    <trkpt lat="36.829711" lon="31.181759"><ele>10.4</ele></trkpt>
    <trkpt lat="36.829647" lon="31.182201"><ele>10.4</ele></trkpt>
    <trkpt lat="36.829586" lon="31.182644"><ele>10.5</ele></trkpt>
    <trkpt lat="36.829525" lon="31.183086"><ele>10.5</ele></trkpt>
    <trkpt lat="36.829463" lon="31.183529"><ele>10.5</ele></trkpt>
    <trkpt lat="36.829398" lon="31.183971"><ele>10.5</ele></trkpt>
    <trkpt lat="36.829329" lon="31.184411"><ele>10.4</ele></trkpt>
    <trkpt lat="36.829255" lon="31.184851"><ele>10.4</ele></trkpt>
    <trkpt lat="36.829174" lon="31.185288"><ele>10.3</ele></trkpt>
    <trkpt lat="36.829087" lon="31.185724"><ele>10.2</ele></trkpt>
    <trkpt lat="36.828994" lon="31.186158"><ele>10.0</ele></trkpt>
    <trkpt lat="36.828896" lon="31.186592"><ele>9.9</ele></trkpt>
    <trkpt lat="36.828795" lon="31.187024"><ele>9.8</ele></trkpt>
    <trkpt lat="36.828694" lon="31.187456"><ele>9.7</ele></trkpt>
    <trkpt lat="36.828595" lon="31.187889"><ele>9.5</ele></trkpt>
    <trkpt lat="36.828500" lon="31.188323"><ele>9.4</ele></trkpt>
    <trkpt lat="36.828413" lon="31.188759"><ele>9.4</ele></trkpt>
    <trkpt lat="36.828336" lon="31.189197"><ele>9.3</ele></trkpt>
    <trkpt lat="36.828268" lon="31.189638"><ele>9.3</ele></trkpt>
    <trkpt lat="36.828212" lon="31.190082"><ele>9.3</ele></trkpt>
    <trkpt lat="36.828166" lon="31.190529"><ele>9.4</ele></trkpt>
    <trkpt lat="36.828130" lon="31.190978"><ele>9.5</ele></trkpt>
    <trkpt lat="36.828099" lon="31.191429"><ele>9.7</ele></trkpt>
    <trkpt lat="36.828073" lon="31.191880"><ele>9.9</ele></trkpt>
    <trkpt lat="36.828045" lon="31.192332"><ele>10.1</ele></trkpt>
    <trkpt lat="36.828014" lon="31.192782"><ele>10.4</ele></trkpt>
    <trkpt lat="36.827974" lon="31.193231"><ele>10.7</ele></trkpt>
    <trkpt lat="36.827923" lon="31.193676"><ele>11.0</ele></trkpt>
    <trkpt lat="36.827858" lon="31.194118"><ele>11.4</ele></trkpt>
    <trkpt lat="36.827777" lon="31.194555"><ele>11.8</ele></trkpt>
    <trkpt lat="36.827680" lon="31.194988"><ele>12.2</ele></trkpt>
    <trkpt lat="36.827568" lon="31.195418"><ele>12.5</ele></trkpt>
    <trkpt lat="36.827444" lon="31.195844"><ele>12.9</ele></trkpt>
    <trkpt lat="36.827310" lon="31.196268"><ele>13.2</ele></trkpt>
    <trkpt lat="36.827172" lon="31.196691"><ele>13.5</ele></trkpt>
    <trkpt lat="36.827035" lon="31.197114"><ele>13.7</ele></trkpt>
    <trkpt lat="36.826903" lon="31.197538"><ele>13.9</ele></trkpt>
    <trkpt lat="36.826782" lon="31.197965"><ele>14.1</ele></trkpt>
    <trkpt lat="36.826676" lon="31.198396"><ele>14.1</ele></trkpt>
    <trkpt lat="36.826589" lon="31.198832"><ele>14.1</ele></trkpt>
    <trkpt lat="36.826523" lon="31.199274"><ele>14.1</ele></trkpt>
    <trkpt lat="36.826478" lon="31.199720"><ele>13.9</ele></trkpt>
    <trkpt lat="36.826453" lon="31.200172"><ele>13.7</ele></trkpt>
    <trkpt lat="36.826444" lon="31.200629"><ele>13.4</ele></trkpt>
    <trkpt lat="36.826448" lon="31.201088"><ele>13.0</ele></trkpt>
    <trkpt lat="36.826458" lon="31.201549"><ele>12.6</ele></trkpt>
    <trkpt lat="36.826469" lon="31.202011"><ele>12.2</ele></trkpt>
    <trkpt lat="36.826472" lon="31.202470"><ele>11.7</ele></trkpt>
    <trkpt lat="36.826463" lon="31.202926"><ele>11.2</ele></trkpt>
    <trkpt lat="36.826435" lon="31.203378"><ele>10.7</ele></trkpt>
    <trkpt lat="36.826384" lon="31.203823"><ele>10.2</ele></trkpt>
    <trkpt lat="36.826308" lon="31.204262"><ele>9.7</ele></trkpt>
    <trkpt lat="36.826205" lon="31.204693"><ele>9.3</ele></trkpt>
    <trkpt lat="36.826077" lon="31.205119"><ele>8.9</ele></trkpt>
    <trkpt lat="36.825928" lon="31.205539"><ele>8.6</ele></trkpt>
    <trkpt lat="36.825763" lon="31.205955"><ele>8.3</ele></trkpt>
    <trkpt lat="36.825589" lon="31.206368"><ele>8.1</ele></trkpt>
    <trkpt lat="36.825414" lon="31.206781"><ele>8.1</ele></trkpt>
    <trkpt lat="36.825245" lon="31.207196"><ele>8.1</ele></trkpt>
    <trkpt lat="36.825090" lon="31.207614"><ele>8.2</ele></trkpt>
    <trkpt lat="36.824957" lon="31.208038"><ele>8.4</ele></trkpt>
    <trkpt lat="36.824851" lon="31.208469"><ele>8.7</ele></trkpt>
    <trkpt lat="36.824775" lon="31.208908"><ele>9.2</ele></trkpt>
    <trkpt lat="36.824731" lon="31.209355"><ele>9.7</ele></trkpt>
    <trkpt lat="36.824716" lon="31.209810"><ele>10.2</ele></trkpt>
    <trkpt lat="36.824728" lon="31.210271"><ele>10.9</ele></trkpt>
    <trkpt lat="36.824760" lon="31.210738"><ele>11.6</ele></trkpt>
    <trkpt lat="36.824804" lon="31.211208"><ele>12.3</ele></trkpt>
    <trkpt lat="36.824852" lon="31.211679"><ele>13.1</ele></trkpt>
    <trkpt lat="36.824894" lon="31.212149"><ele>13.9</ele></trkpt>
    <trkpt lat="36.824921" lon="31.212614"><ele>14.6</ele></trkpt>
    <trkpt lat="36.824924" lon="31.213074"><ele>15.3</ele></trkpt>
    <trkpt lat="36.824897" lon="31.213525"><ele>16.0</ele></trkpt>
    <trkpt lat="36.824836" lon="31.213968"><ele>16.6</ele></trkpt>
    <trkpt lat="36.824738" lon="31.214401"><ele>17.1</ele></trkpt>
    <trkpt lat="36.824605" lon="31.214825"><ele>17.5</ele></trkpt>
    <trkpt lat="36.824440" lon="31.215241"><ele>17.8</ele></trkpt>
    <trkpt lat="36.824251" lon="31.215650"><ele>17.9</ele></trkpt>
    <trkpt lat="36.824045" lon="31.216055"><ele>18.0</ele></trkpt>
    <trkpt lat="36.823832" lon="31.216458"><ele>17.9</ele></trkpt>
    <trkpt lat="36.823625" lon="31.216863"><ele>17.6</ele></trkpt>
    <trkpt lat="36.823432" lon="31.217272"><ele>17.3</ele></trkpt>
    <trkpt lat="36.823265" lon="31.217687"><ele>16.8</ele></trkpt>
    <trkpt lat="36.823131" lon="31.218110"><ele>16.2</ele></trkpt>
    <trkpt lat="36.823035" lon="31.218544"><ele>15.5</ele></trkpt>
    <trkpt lat="36.822980" lon="31.218988"><ele>14.8</ele></trkpt>
    <trkpt lat="36.822965" lon="31.219443"><ele>14.0</ele></trkpt>
    <trkpt lat="36.822988" lon="31.219908"><ele>13.1</ele></trkpt>
    <trkpt lat="36.823040" lon="31.220380"><ele>12.2</ele></trkpt>
    <trkpt lat="36.823114" lon="31.220857"><ele>11.3</ele></trkpt>
    <trkpt lat="36.823197" lon="31.221337"><ele>10.5</ele></trkpt>
    <trkpt lat="36.823277" lon="31.221817"><ele>9.7</ele></trkpt>
    <trkpt lat="36.823343" lon="31.222292"><ele>8.9</ele></trkpt>
    <trkpt lat="36.823383" lon="31.222761"><ele>8.3</ele></trkpt>
    <trkpt lat="36.823388" lon="31.223221"><ele>7.8</ele></trkpt>
    <trkpt lat="36.823352" lon="31.223670"><ele>7.3</ele></trkpt>
    <trkpt lat="36.823269" lon="31.224108"><ele>7.1</ele></trkpt>
    <trkpt lat="36.823141" lon="31.224533"><ele>7.0</ele></trkpt>
    <trkpt lat="36.822971" lon="31.224947"><ele>7.0</ele></trkpt>
    <trkpt lat="36.822766" lon="31.225352"><ele>7.2</ele></trkpt>
    <trkpt lat="36.822535" lon="31.225751"><ele>7.6</ele></trkpt>
    <trkpt lat="36.822290" lon="31.226146"><ele>8.1</ele></trkpt>
    <trkpt lat="36.822045" lon="31.226541"><ele>8.8</ele></trkpt>
    <trkpt lat="36.821813" lon="31.226939"><ele>9.6</ele></trkpt>
    <trkpt lat="36.821606" lon="31.227344"><ele>10.5</ele></trkpt>
    <trkpt lat="36.821436" lon="31.227759"><ele>11.5</ele></trkpt>
    <trkpt lat="36.821311" lon="31.228185"><ele>12.5</ele></trkpt>
    <trkpt lat="36.821236" lon="31.228624"><ele>13.6</ele></trkpt>
    <trkpt lat="36.821211" lon="31.229076"><ele>14.8</ele></trkpt>
    <trkpt lat="36.821234" lon="31.229540"><ele>15.9</ele></trkpt>
    <trkpt lat="36.821297" lon="31.230015"><ele>17.0</ele></trkpt>
    <trkpt lat="36.821391" lon="31.230498"><ele>18.0</ele></trkpt>
    <trkpt lat="36.821504" lon="31.230986"><ele>18.9</ele></trkpt>
    <trkpt lat="36.821620" lon="31.231475"><ele>19.8</ele></trkpt>
    <trkpt lat="36.821725" lon="31.231961"><ele>20.4</ele></trkpt>
    <trkpt lat="36.821806" lon="31.232440"><ele>21.0</ele></trkpt>
    <trkpt lat="36.821849" lon="31.232910"><ele>21.4</ele></trkpt>
    <trkpt lat="36.821845" lon="31.233367"><ele>21.5</ele></trkpt>
    <trkpt lat="36.821788" lon="31.233811"><ele>21.6</ele></trkpt>
    <trkpt lat="36.821676" lon="31.234241"><ele>21.4</ele></trkpt>
    <trkpt lat="36.821512" lon="31.234656"><ele>21.0</ele></trkpt>
    <trkpt lat="36.821300" lon="31.235060"><ele>20.5</ele></trkpt>
    <trkpt lat="36.821053" lon="31.235454"><ele>19.8</ele></trkpt>
    <trkpt lat="36.820782" lon="31.235843"><ele>18.9</ele></trkpt>
    <trkpt lat="36.820504" lon="31.236229"><ele>17.9</ele></trkpt>
    <trkpt lat="36.820233" lon="31.236617"><ele>16.9</ele></trkpt>
    <trkpt lat="36.819986" lon="31.237012"><ele>15.7</ele></trkpt>
    <trkpt lat="36.819776" lon="31.237416"><ele>14.5</ele></trkpt>
    <trkpt lat="36.819615" lon="31.237832"><ele>13.3</ele></trkpt>
    <trkpt lat="36.819509" lon="31.238264"><ele>12.0</ele></trkpt>
    <trkpt lat="36.819463" lon="31.238710"><ele>10.9</ele></trkpt>
    <trkpt lat="36.819475" lon="31.239172"><ele>9.8</ele></trkpt>
    <trkpt lat="36.819539" lon="31.239647"><ele>8.8</ele></trkpt>
    <trkpt lat="36.819644" lon="31.240133"><ele>7.9</ele></trkpt>
    <trkpt lat="36.819779" lon="31.240626"><ele>7.2</ele></trkpt>
    <trkpt lat="36.819925" lon="31.241123"><ele>6.7</ele></trkpt>
    <trkpt lat="36.820068" lon="31.241618"><ele>6.3</ele></trkpt>
    <trkpt lat="36.820189" lon="31.242108"><ele>6.2</ele></trkpt>
    <trkpt lat="36.820274" lon="31.242589"><ele>6.2</ele></trkpt>
    <trkpt lat="36.820309" lon="31.243057"><ele>6.5</ele></trkpt>
    <trkpt lat="36.820286" lon="31.243509"><ele>7.0</ele></trkpt>
    <trkpt lat="36.820200" lon="31.243945"><ele>7.7</ele></trkpt>
    <trkpt lat="36.820051" lon="31.244365"><ele>8.6</ele></trkpt>
    <trkpt lat="36.819845" lon="31.244770"><ele>9.6</ele></trkpt>
    <trkpt lat="36.819591" lon="31.245163"><ele>10.8</ele></trkpt>
    <trkpt lat="36.819304" lon="31.245547"><ele>12.1</ele></trkpt>
    <trkpt lat="36.818998" lon="31.245926"><ele>13.5</ele></trkpt>
    <trkpt lat="36.818692" lon="31.246305"><ele>14.9</ele></trkpt>
    <trkpt lat="36.818405" lon="31.246689"><ele>16.3</ele></trkpt>
    <trkpt lat="36.818153" lon="31.247083"><ele>17.8</ele></trkpt>
    <trkpt lat="36.817951" lon="31.247488"><ele>19.2</ele></trkpt>
    <trkpt lat="36.817808" lon="31.247910"><ele>20.5</ele></trkpt>
    <trkpt lat="36.817732" lon="31.248349"><ele>21.6</ele></trkpt>
    <trkpt lat="36.817722" lon="31.248805"><ele>22.7</ele></trkpt>
    <trkpt lat="36.817776" lon="31.249277"><ele>23.5</ele></trkpt>
    <trkpt lat="36.817882" lon="31.249763"><ele>24.2</ele></trkpt>
    <trkpt lat="36.818029" lon="31.250260"><ele>24.6</ele></trkpt>
    <trkpt lat="36.818198" lon="31.250763"><ele>24.8</ele></trkpt>
    <trkpt lat="36.818373" lon="31.251266"><ele>24.8</ele></trkpt>
    <trkpt lat="36.818532" lon="31.251766"><ele>24.6</ele></trkpt>
    <trkpt lat="36.818659" lon="31.252258"><ele>24.1</ele></trkpt>
    <trkpt lat="36.818737" lon="31.252737"><ele>23.4</ele></trkpt>
    <trkpt lat="36.818754" lon="31.253199"><ele>22.5</ele></trkpt>
    <trkpt lat="36.818702" lon="31.253645"><ele>21.4</ele></trkpt>
    <trkpt lat="36.818579" lon="31.254071"><ele>20.2</ele></trkpt>
    <trkpt lat="36.818389" lon="31.254481"><ele>18.9</ele></trkpt>
    <trkpt lat="36.818140" lon="31.254874"><ele>17.4</ele></trkpt>
    <trkpt lat="36.817845" lon="31.255256"><ele>15.9</ele></trkpt>
    <trkpt lat="36.817521" lon="31.255631"><ele>14.4</ele></trkpt>
    <trkpt lat="36.817187" lon="31.256003"><ele>12.9</ele></trkpt>
    <trkpt lat="36.816864" lon="31.256377"><ele>11.4</ele></trkpt>
    <trkpt lat="36.816571" lon="31.256760"><ele>10.1</ele></trkpt>
    <trkpt lat="36.816325" lon="31.257155"><ele>8.9</ele></trkpt>
    <trkpt lat="36.816140" lon="31.257565"><ele>7.8</ele></trkpt>
    <trkpt lat="36.816026" lon="31.257994"><ele>7.0</ele></trkpt>
    <trkpt lat="36.815986" lon="31.258442"><ele>6.3</ele></trkpt>
    <trkpt lat="36.816018" lon="31.258909"><ele>5.9</ele></trkpt>
    <trkpt lat="36.816115" lon="31.259393"><ele>5.8</ele></trkpt>
    <trkpt lat="36.816263" lon="31.259890"><ele>5.8</ele></trkpt>
    <trkpt lat="36.816446" lon="31.260396"><ele>6.2</ele></trkpt>
    <trkpt lat="36.816645" lon="31.260906"><ele>6.8</ele></trkpt>
    <trkpt lat="36.816838" lon="31.261415"><ele>7.6</ele></trkpt>
    <trkpt lat="36.817004" lon="31.261916"><ele>8.6</ele></trkpt>
    <trkpt lat="36.817125" lon="31.262406"><ele>9.9</ele></trkpt>
    <trkpt lat="36.817186" lon="31.262880"><ele>11.3</ele></trkpt>
    <trkpt lat="36.817175" lon="31.263336"><ele>12.8</ele></trkpt>
    <trkpt lat="36.817087" lon="31.263772"><ele>14.4</ele></trkpt>
    <trkpt lat="36.816923" lon="31.264188"><ele>16.1</ele></trkpt>
    <trkpt lat="36.816689" lon="31.264586"><ele>17.8</ele></trkpt>
    <trkpt lat="36.816398" lon="31.264969"><ele>19.5</ele></trkpt>
    <trkpt lat="36.816065" lon="31.265341"><ele>21.1</ele></trkpt>
    <trkpt lat="36.815712" lon="31.265708"><ele>22.7</ele></trkpt>
    <trkpt lat="36.815359" lon="31.266075"><ele>24.0</ele></trkpt>
    <trkpt lat="36.815028" lon="31.266447"><ele>25.2</ele></trkpt>
    <trkpt lat="36.814739" lon="31.266831"><ele>26.2</ele></trkpt>
    <trkpt lat="36.814510" lon="31.267230"><ele>27.0</ele></trkpt>
    <trkpt lat="36.814353" lon="31.267648"><ele>27.5</ele></trkpt>
    <trkpt lat="36.814275" lon="31.268086"><ele>27.7</ele></trkpt>
    <trkpt lat="36.814277" lon="31.268545"><ele>27.7</ele></trkpt>
    <trkpt lat="36.814352" lon="31.269023"><ele>27.4</ele></trkpt>
    <trkpt lat="36.814492" lon="31.269518"><ele>26.8</ele></trkpt>
    <trkpt lat="36.814678" lon="31.270025"><ele>26.0</ele></trkpt>
    <trkpt lat="36.814891" lon="31.270539"><ele>25.0</ele></trkpt>
    <trkpt lat="36.815110" lon="31.271054"><ele>23.7</ele></trkpt>
    <trkpt lat="36.815311" lon="31.271565"><ele>22.3</ele></trkpt>
    <trkpt lat="36.815473" lon="31.272065"><ele>20.7</ele></trkpt>
    <trkpt lat="36.815578" lon="31.272551"><ele>19.1</ele></trkpt>
    <trkpt lat="36.815612" lon="31.273018"><ele>17.3</ele></trkpt>
    <trkpt lat="36.815565" lon="31.273465"><ele>15.6</ele></trkpt>
    <trkpt lat="36.815436" lon="31.273890"><ele>13.9</ele></trkpt>
    <trkpt lat="36.815227" lon="31.274294"><ele>12.2</ele></trkpt>
    <trkpt lat="36.814951" lon="31.274681"><ele>10.7</ele></trkpt>
    <trkpt lat="36.814621" lon="31.275054"><ele>9.3</ele></trkpt>
    <trkpt lat="36.814258" lon="31.275418"><ele>8.1</ele></trkpt>
    <trkpt lat="36.813883" lon="31.275780"><ele>7.2</ele></trkpt>
    <trkpt lat="36.813521" lon="31.276144"><ele>6.4</ele></trkpt>
    <trkpt lat="36.813194" lon="31.276518"><ele>6.0</ele></trkpt>
    <trkpt lat="36.812921" lon="31.276905"><ele>5.8</ele></trkpt>
    <trkpt lat="36.812718" lon="31.277311"><ele>5.9</ele></trkpt>
    <trkpt lat="36.812597" lon="31.277738"><ele>6.3</ele></trkpt>
    <trkpt lat="36.812560" lon="31.278187"><ele>6.9</ele></trkpt>
    <trkpt lat="36.812605" lon="31.278658"><ele>7.9</ele></trkpt>
    <trkpt lat="36.812725" lon="31.279147"><ele>9.0</ele></trkpt>
    <trkpt lat="36.812903" lon="31.279652"><ele>10.4</ele></trkpt>
    <trkpt lat="36.813121" lon="31.280167"><ele>12.0</ele></trkpt>
    <trkpt lat="36.813356" lon="31.280687"><ele>13.7</ele></trkpt>
    <trkpt lat="36.813585" lon="31.281205"><ele>15.5</ele></trkpt>
    <trkpt lat="36.813783" lon="31.281715"><ele>17.4</ele></trkpt>
    <trkpt lat="36.813931" lon="31.282212"><ele>19.3</ele></trkpt>
    <trkpt lat="36.814009" lon="31.282691"><ele>21.1</ele></trkpt>
    <trkpt lat="36.814008" lon="31.283149"><ele>22.9</ele></trkpt>
    <trkpt lat="36.813920" lon="31.283584"><ele>24.6</ele></trkpt>
    <trkpt lat="36.813746" lon="31.283998"><ele>26.1</ele></trkpt>
    <trkpt lat="36.813494" lon="31.284391"><ele>27.4</ele></trkpt>
    <trkpt lat="36.813178" lon="31.284767"><ele>28.5</ele></trkpt>
    <trkpt lat="36.812816" lon="31.285132"><ele>29.3</ele></trkpt>
    <trkpt lat="36.812430" lon="31.285490"><ele>29.9</ele></trkpt>
    <trkpt lat="36.812045" lon="31.285849"><ele>30.1</ele></trkpt>
    <trkpt lat="36.811684" lon="31.286214"><ele>30.1</ele></trkpt>
    <trkpt lat="36.811371" lon="31.286591"><ele>29.7</ele></trkpt>
    <trkpt lat="36.811123" lon="31.286985"><ele>29.1</ele></trkpt>
    <trkpt lat="36.810956" lon="31.287401"><ele>28.2</ele></trkpt>
    <trkpt lat="36.810875" lon="31.287838"><ele>27.1</ele></trkpt>
    <trkpt lat="36.810883" lon="31.288299"><ele>25.7</ele></trkpt>
    <trkpt lat="36.810972" lon="31.288780"><ele>24.1</ele></trkpt>
    <trkpt lat="36.811132" lon="31.289280"><ele>22.4</ele></trkpt>
    <trkpt lat="36.811343" lon="31.289794"><ele>20.6</ele></trkpt>
    <trkpt lat="36.811584" lon="31.290315"><ele>18.8</ele></trkpt>
    <trkpt lat="36.811831" lon="31.290838"><ele>16.9</ele></trkpt>
    <trkpt lat="36.812059" lon="31.291355"><ele>15.0</ele></trkpt>
    <trkpt lat="36.812244" lon="31.291862"><ele>13.2</ele></trkpt>
    <trkpt lat="36.812367" lon="31.292352"><ele>11.6</ele></trkpt>
    <trkpt lat="36.812411" lon="31.292822"><ele>10.1</ele></trkpt>
    <trkpt lat="36.812369" lon="31.293270"><ele>8.8</ele></trkpt>
    <trkpt lat="36.812236" lon="31.293694"><ele>7.8</ele></trkpt>
    <trkpt lat="36.812018" lon="31.294096"><ele>7.0</ele></trkpt>
    <trkpt lat="36.811726" lon="31.294478"><ele>6.5</ele></trkpt>
    <trkpt lat="36.811376" lon="31.294846"><ele>6.3</ele></trkpt>
    <trkpt lat="36.810989" lon="31.295204"><ele>6.4</ele></trkpt>
    <trkpt lat="36.810591" lon="31.295560"><ele>6.8</ele></trkpt>
    <trkpt lat="36.810205" lon="31.295918"><ele>7.6</ele></trkpt>
    <trkpt lat="36.809858" lon="31.296286"><ele>8.5</ele></trkpt>
    <trkpt lat="36.809568" lon="31.296670"><ele>9.8</ele></trkpt>
    <trkpt lat="36.809355" lon="31.297073"><ele>11.3</ele></trkpt>
    <trkpt lat="36.809228" lon="31.297499"><ele>12.9</ele></trkpt>
    <trkpt lat="36.809192" lon="31.297948"><ele>14.7</ele></trkpt>
    <trkpt lat="36.809244" lon="31.298420"><ele>16.7</ele></trkpt>
    <trkpt lat="36.809375" lon="31.298912"><ele>18.6</ele></trkpt>
    <trkpt lat="36.809569" lon="31.299421"><ele>20.6</ele></trkpt>
    <trkpt lat="36.809805" lon="31.299941"><ele>22.6</ele></trkpt>
    <trkpt lat="36.810060" lon="31.300466"><ele>24.5</ele></trkpt>
    <trkpt lat="36.810308" lon="31.300989"><ele>26.2</ele></trkpt>
    <trkpt lat="36.810524" lon="31.301503"><ele>27.8</ele></trkpt>
    <trkpt lat="36.810685" lon="31.302004"><ele>29.2</ele></trkpt>
    <trkpt lat="36.810775" lon="31.302485"><ele>30.3</ele></trkpt>
    <trkpt lat="36.810779" lon="31.302945"><ele>31.2</ele></trkpt>
    <trkpt lat="36.810692" lon="31.303381"><ele>31.7</ele></trkpt>
    <trkpt lat="36.810514" lon="31.303793"><ele>32.0</ele></trkpt>
    <trkpt lat="36.810255" lon="31.304185"><ele>31.9</ele></trkpt>
    <trkpt lat="36.809927" lon="31.304558"><ele>31.6</ele></trkpt>
    <trkpt lat="36.809551" lon="31.304919"><ele>30.9</ele></trkpt>
    <trkpt lat="36.809150" lon="31.305274"><ele>30.0</ele></trkpt>
    <trkpt lat="36.808750" lon="31.305628"><ele>28.8</ele></trkpt>
    <trkpt lat="36.808376" lon="31.305990"><ele>27.4</ele></trkpt>
    <trkpt lat="36.808051" lon="31.306364"><ele>25.7</ele></trkpt>
    <trkpt lat="36.807794" lon="31.306756"><ele>24.0</ele></trkpt>
    <trkpt lat="36.807621" lon="31.307169"><ele>22.1</ele></trkpt>
    <trkpt lat="36.807538" lon="31.307607"><ele>20.2</ele></trkpt>
    <trkpt lat="36.807547" lon="31.308067"><ele>18.2</ele></trkpt>
    <trkpt lat="36.807641" lon="31.308550"><ele>16.3</ele></trkpt>
    <trkpt lat="36.807808" lon="31.309052"><ele>14.5</ele></trkpt>
    <trkpt lat="36.808028" lon="31.309568"><ele>12.8</ele></trkpt>
    <trkpt lat="36.808280" lon="31.310092"><ele>11.3</ele></trkpt>
    <trkpt lat="36.808537" lon="31.310617"><ele>9.9</ele></trkpt>
    <trkpt lat="36.808775" lon="31.311137"><ele>8.9</ele></trkpt>
    <trkpt lat="36.808969" lon="31.311646"><ele>8.1</ele></trkpt>
    <trkpt lat="36.809099" lon="31.312138"><ele>7.6</ele></trkpt>
    <trkpt lat="36.809148" lon="31.312610"><ele>7.4</ele></trkpt>
    <trkpt lat="36.809108" lon="31.313058"><ele>7.5</ele></trkpt>
    <trkpt lat="36.808976" lon="31.313482"><ele>7.9</ele></trkpt>
    <trkpt lat="36.808756" lon="31.313884"><ele>8.7</ele></trkpt>
    <trkpt lat="36.808460" lon="31.314265"><ele>9.7</ele></trkpt>
    <trkpt lat="36.808105" lon="31.314632"><ele>10.9</ele></trkpt>
    <trkpt lat="36.807713" lon="31.314989"><ele>12.4</ele></trkpt>
    <trkpt lat="36.807309" lon="31.315342"><ele>14.1</ele></trkpt>
    <trkpt lat="36.806918" lon="31.315699"><ele>16.0</ele></trkpt>
    <trkpt lat="36.806564" lon="31.316066"><ele>17.9</ele></trkpt>
    <trkpt lat="36.806271" lon="31.316449"><ele>19.9</ele></trkpt>
    <trkpt lat="36.806054" lon="31.316851"><ele>21.9</ele></trkpt>
    <trkpt lat="36.805924" lon="31.317276"><ele>23.9</ele></trkpt>
    <trkpt lat="36.805887" lon="31.317725"><ele>25.8</ele></trkpt>
    <trkpt lat="36.805939" lon="31.318197"><ele>27.5</ele></trkpt>
    <trkpt lat="36.806070" lon="31.318689"><ele>29.1</ele></trkpt>
    <trkpt lat="36.806265" lon="31.319198"><ele>30.5</ele></trkpt>
    <trkpt lat="36.806502" lon="31.319718"><ele>31.6</ele></trkpt>
    <trkpt lat="36.806758" lon="31.320243"><ele>32.5</ele></trkpt>
    <trkpt lat="36.807007" lon="31.320767"><ele>33.0</ele></trkpt>
    <trkpt lat="36.807225" lon="31.321282"><ele>33.3</ele></trkpt>
    <trkpt lat="36.807388" lon="31.321782"><ele>33.2</ele></trkpt>
    <trkpt lat="36.807479" lon="31.322264"><ele>32.9</ele></trkpt>
    <trkpt lat="36.807484" lon="31.322724"><ele>32.2</ele></trkpt>
    <trkpt lat="36.807399" lon="31.323161"><ele>31.3</ele></trkpt>
    <trkpt lat="36.807223" lon="31.323574"><ele>30.1</ele></trkpt>
    <trkpt lat="36.806966" lon="31.323966"><ele>28.7</ele></trkpt>
    <trkpt lat="36.806641" lon="31.324340"><ele>27.1</ele></trkpt>
    <trkpt lat="36.806269" lon="31.324702"><ele>25.3</ele></trkpt>
    <trkpt lat="36.805871" lon="31.325057"><ele>23.5</ele></trkpt>
    <trkpt lat="36.805474" lon="31.325413"><ele>21.6</ele></trkpt>
    <trkpt lat="36.805103" lon="31.325775"><ele>19.6</ele></trkpt>
    <trkpt lat="36.804780" lon="31.326149"><ele>17.7</ele></trkpt>
    <trkpt lat="36.804524" lon="31.326542"><ele>15.9</ele></trkpt>
    <trkpt lat="36.804351" lon="31.326955"><ele>14.3</ele></trkpt>
    <trkpt lat="36.804267" lon="31.327392"><ele>12.8</ele></trkpt>
    <trkpt lat="36.804273" lon="31.327852"><ele>11.5</ele></trkpt>
    <trkpt lat="36.804363" lon="31.328334"><ele>10.5</ele></trkpt>
    <trkpt lat="36.804523" lon="31.328834"><ele>9.7</ele></trkpt>
    <trkpt lat="36.804737" lon="31.329348"><ele>9.2</ele></trkpt>
    <trkpt lat="36.804980" lon="31.329870"><ele>9.0</ele></trkpt>
    <trkpt lat="36.805230" lon="31.330393"><ele>9.2</ele></trkpt>
    <trkpt lat="36.805460" lon="31.330912"><ele>9.6</ele></trkpt>
    <trkpt lat="36.805648" lon="31.331419"><ele>10.3</ele></trkpt>
    <trkpt lat="36.805774" lon="31.331910"><ele>11.3</ele></trkpt>
    <trkpt lat="36.805821" lon="31.332381"><ele>12.5</ele></trkpt>
    <trkpt lat="36.805781" lon="31.332829"><ele>14.0</ele></trkpt>
    <trkpt lat="36.805652" lon="31.333254"><ele>15.6</ele></trkpt>
    <trkpt lat="36.805439" lon="31.333657"><ele>17.4</ele></trkpt>
    <trkpt lat="36.805151" lon="31.334041"><ele>19.3</ele></trkpt>
    <trkpt lat="36.804807" lon="31.334410"><ele>21.2</ele></trkpt>
    <trkpt lat="36.804427" lon="31.334770"><ele>23.1</ele></trkpt>
    <trkpt lat="36.804035" lon="31.335127"><ele>25.1</ele></trkpt>
    <trkpt lat="36.803656" lon="31.335487"><ele>26.9</ele></trkpt>
    <trkpt lat="36.803313" lon="31.335857"><ele>28.6</ele></trkpt>
    <trkpt lat="36.803028" lon="31.336241"><ele>30.1</ele></trkpt>
    <trkpt lat="36.802815" lon="31.336645"><ele>31.4</ele></trkpt>
    <trkpt lat="36.802687" lon="31.337070"><ele>32.5</ele></trkpt>
    <trkpt lat="36.802647" lon="31.337518"><ele>33.3</ele></trkpt>
    <trkpt lat="36.802691" lon="31.337988"><ele>33.8</ele></trkpt>
    <trkpt lat="36.802812" lon="31.338478"><ele>34.1</ele></trkpt>
    <trkpt lat="36.802993" lon="31.338983"><ele>34.0</ele></trkpt>
    <trkpt lat="36.803214" lon="31.339499"><ele>33.7</ele></trkpt>
    <trkpt lat="36.803453" lon="31.340020"><ele>33.0</ele></trkpt>
    <trkpt lat="36.803686" lon="31.340539"><ele>32.1</ele></trkpt>
    <trkpt lat="36.803888" lon="31.341050"><ele>31.0</ele></trkpt>
    <trkpt lat="36.804039" lon="31.341548"><ele>29.7</ele></trkpt>
    <trkpt lat="36.804122" lon="31.342028"><ele>28.1</ele></trkpt>
    <trkpt lat="36.804125" lon="31.342487"><ele>26.5</ele></trkpt>
    <trkpt lat="36.804041" lon="31.342924"><ele>24.7</ele></trkpt>
    <trkpt lat="36.803873" lon="31.343339"><ele>22.9</ele></trkpt>
    <trkpt lat="36.803628" lon="31.343734"><ele>21.1</ele></trkpt>
    <trkpt lat="36.803320" lon="31.344112"><ele>19.3</ele></trkpt>
    <trkpt lat="36.802967" lon="31.344479"><ele>17.6</ele></trkpt>
    <trkpt lat="36.802590" lon="31.344840"><ele>16.1</ele></trkpt>
    <trkpt lat="36.802215" lon="31.345201"><ele>14.7</ele></trkpt>
    <trkpt lat="36.801863" lon="31.345568"><ele>13.5</ele></trkpt>
    <trkpt lat="36.801556" lon="31.345947"><ele>12.5</ele></trkpt>
    <trkpt lat="36.801313" lon="31.346343"><ele>11.8</ele></trkpt>
    <trkpt lat="36.801145" lon="31.346758"><ele>11.4</ele></trkpt>
    <trkpt lat="36.801061" lon="31.347194"><ele>11.2</ele></trkpt>
    <trkpt lat="36.801059" lon="31.347653"><ele>11.3</ele></trkpt>
    <trkpt lat="36.801136" lon="31.348131"><ele>11.7</ele></trkpt>
    <trkpt lat="36.801278" lon="31.348626"><ele>12.4</ele></trkpt>
    <trkpt lat="36.801469" lon="31.349134"><ele>13.3</ele></trkpt>
    <trkpt lat="36.801687" lon="31.349650"><ele>14.5</ele></trkpt>
    <trkpt lat="36.801911" lon="31.350166"><ele>15.8</ele></trkpt>
    <trkpt lat="36.802117" lon="31.350678"><ele>17.4</ele></trkpt>
    <trkpt lat="36.802284" lon="31.351180"><ele>19.0</ele></trkpt>
    <trkpt lat="36.802394" lon="31.351667"><ele>20.7</ele></trkpt>
    <trkpt lat="36.802432" lon="31.352136"><ele>22.5</ele></trkpt>
    <trkpt lat="36.802390" lon="31.352583"><ele>24.3</ele></trkpt>
    <trkpt lat="36.802268" lon="31.353010"><ele>26.1</ele></trkpt>
    <trkpt lat="36.802067" lon="31.353417"><ele>27.7</ele></trkpt>
    <trkpt lat="36.801800" lon="31.353806"><ele>29.3</ele></trkpt>
    <trkpt lat="36.801481" lon="31.354182"><ele>30.7</ele></trkpt>
    <trkpt lat="36.801130" lon="31.354549"><ele>31.9</ele></trkpt>
    <trkpt lat="36.800768" lon="31.354914"><ele>32.9</ele></trkpt>
    <trkpt lat="36.800418" lon="31.355281"><ele>33.6</ele></trkpt>
    <trkpt lat="36.800101" lon="31.355658"><ele>34.1</ele></trkpt>
    <trkpt lat="36.799835" lon="31.356047"><ele>34.3</ele></trkpt>
    <trkpt lat="36.799636" lon="31.356454"><ele>34.2</ele></trkpt>
    <trkpt lat="36.799513" lon="31.356881"><ele>33.9</ele></trkpt>
    <trkpt lat="36.799468" lon="31.357328"><ele>33.3</ele></trkpt>
    <trkpt lat="36.799499" lon="31.357794"><ele>32.5</ele></trkpt>
    <trkpt lat="36.799599" lon="31.358279"><ele>31.5</ele></trkpt>
    <trkpt lat="36.799752" lon="31.358777"><ele>30.3</ele></trkpt>
    <trkpt lat="36.799941" lon="31.359285"><ele>28.9</ele></trkpt>
    <trkpt lat="36.800146" lon="31.359796"><ele>27.4</ele></trkpt>
    <trkpt lat="36.800345" lon="31.360306"><ele>25.9</ele></trkpt>
    <trkpt lat="36.800517" lon="31.360810"><ele>24.2</ele></trkpt>
    <trkpt lat="36.800644" lon="31.361301"><ele>22.6</ele></trkpt>
    <trkpt lat="36.800709" lon="31.361776"><ele>21.0</ele></trkpt>
    <trkpt lat="36.800704" lon="31.362234"><ele>19.5</ele></trkpt>
    <trkpt lat="36.800622" lon="31.362671"><ele>18.2</ele></trkpt>
    <trkpt lat="36.800466" lon="31.363089"><ele>16.9</ele></trkpt>
    <trkpt lat="36.800243" lon="31.363490"><ele>15.9</ele></trkpt>
    <trkpt lat="36.799964" lon="31.363876"><ele>15.0</ele></trkpt>
    <trkpt lat="36.799645" lon="31.364252"><ele>14.4</ele></trkpt>
    <trkpt lat="36.799307" lon="31.364622"><ele>14.0</ele></trkpt>
    <trkpt lat="36.798969" lon="31.364993"><ele>13.9</ele></trkpt>
    <trkpt lat="36.798652" lon="31.365370"><ele>14.0</ele></trkpt>
    <trkpt lat="36.798375" lon="31.365756"><ele>14.4</ele></trkpt>
    <trkpt lat="36.798154" lon="31.366157"><ele>15.0</ele></trkpt>
    <trkpt lat="36.797998" lon="31.366575"><ele>15.8</ele></trkpt>
    <trkpt lat="36.797914" lon="31.367012"><ele>16.8</ele></trkpt>
    <trkpt lat="36.797903" lon="31.367468"><ele>18.0</ele></trkpt>
    <trkpt lat="36.797959" lon="31.367941"><ele>19.4</ele></trkpt>
    <trkpt lat="36.798070" lon="31.368428"><ele>20.8</ele></trkpt>
    <trkpt lat="36.798224" lon="31.368927"><ele>22.3</ele></trkpt>
    <trkpt lat="36.798401" lon="31.369431"><ele>23.9</ele></trkpt>
    <trkpt lat="36.798583" lon="31.369937"><ele>25.5</ele></trkpt>
    <trkpt lat="36.798749" lon="31.370439"><ele>27.0</ele></trkpt>
    <trkpt lat="36.798882" lon="31.370932"><ele>28.4</ele></trkpt>
    <trkpt lat="36.798965" lon="31.371412"><ele>29.8</ele></trkpt>
    <trkpt lat="36.798987" lon="31.371876"><ele>31.0</ele></trkpt>
    <trkpt lat="36.798941" lon="31.372323"><ele>32.0</ele></trkpt>
    <trkpt lat="36.798826" lon="31.372751"><ele>32.8</ele></trkpt>
    <trkpt lat="36.798646" lon="31.373163"><ele>33.5</ele></trkpt>
    <trkpt lat="36.798409" lon="31.373560"><ele>33.9</ele></trkpt>
    <trkpt lat="36.798129" lon="31.373946"><ele>34.0</ele></trkpt>
    <trkpt lat="36.797821" lon="31.374325"><ele>34.0</ele></trkpt>
    <trkpt lat="36.797506" lon="31.374701"><ele>33.7</ele></trkpt>
    <trkpt lat="36.797200" lon="31.375081"><ele>33.2</ele></trkpt>
    <trkpt lat="36.796922" lon="31.375467"><ele>32.5</ele></trkpt>
    <trkpt lat="36.796688" lon="31.375865"><ele>31.7</ele></trkpt>
    <trkpt lat="36.796510" lon="31.376277"><ele>30.6</ele></trkpt>
    <trkpt lat="36.796394" lon="31.376706"><ele>29.5</ele></trkpt>
    <trkpt lat="36.796345" lon="31.377151"><ele>28.2</ele></trkpt>
    <trkpt lat="36.796358" lon="31.377613"><ele>26.9</ele></trkpt>
    <trkpt lat="36.796428" lon="31.378090"><ele>25.5</ele></trkpt>
    <trkpt lat="36.796541" lon="31.378578"><ele>24.2</ele></trkpt>
    <trkpt lat="36.796684" lon="31.379074"><ele>22.9</ele></trkpt>
    <trkpt lat="36.796840" lon="31.379573"><ele>21.6</ele></trkpt>
    <trkpt lat="36.796990" lon="31.380070"><ele>20.5</ele></trkpt>
    <trkpt lat="36.797117" lon="31.380562"><ele>19.5</ele></trkpt>
    <trkpt lat="36.797207" lon="31.381043"><ele>18.6</ele></trkpt>
    <trkpt lat="36.797247" lon="31.381512"><ele>17.9</ele></trkpt>
    <trkpt lat="36.797229" lon="31.381966"><ele>17.4</ele></trkpt>
    <trkpt lat="36.797149" lon="31.382404"><ele>17.1</ele></trkpt>
    <trkpt lat="36.797009" lon="31.382826"><ele>17.0</ele></trkpt>
    <trkpt lat="36.796814" lon="31.383234"><ele>17.1</ele></trkpt>
    <trkpt lat="36.796575" lon="31.383631"><ele>17.5</ele></trkpt>
    <trkpt lat="36.796305" lon="31.384019"><ele>18.0</ele></trkpt>
    <trkpt lat="36.796019" lon="31.384403"><ele>18.7</ele></trkpt>
    <trkpt lat="36.795734" lon="31.384788"><ele>19.5</ele></trkpt>
    <trkpt lat="36.795466" lon="31.385177"><ele>20.5</ele></trkpt>
    <trkpt lat="36.795231" lon="31.385575"><ele>21.6</ele></trkpt>
    <trkpt lat="36.795040" lon="31.385984"><ele>22.8</ele></trkpt>
    <trkpt lat="36.794902" lon="31.386406"><ele>24.0</ele></trkpt>
    <trkpt lat="36.794820" lon="31.386844"><ele>25.3</ele></trkpt>
    <trkpt lat="36.794796" lon="31.387296"><ele>26.6</ele></trkpt>
    <trkpt lat="36.794824" lon="31.387762"><ele>27.8</ele></trkpt>
    <trkpt lat="36.794897" lon="31.388239"><ele>28.9</ele></trkpt>
    <trkpt lat="36.795001" lon="31.388725"><ele>30.0</ele></trkpt>
    <trkpt lat="36.795124" lon="31.389215"><ele>31.0</ele></trkpt>
    <trkpt lat="36.795249" lon="31.389706"><ele>31.8</ele></trkpt>
    <trkpt lat="36.795361" lon="31.390194"><ele>32.4</ele></trkpt>
    <trkpt lat="36.795447" lon="31.390675"><ele>32.9</ele></trkpt>
    <trkpt lat="36.795494" lon="31.391145"><ele>33.3</ele></trkpt>
    <trkpt lat="36.795494" lon="31.391604"><ele>33.4</ele></trkpt>
    <trkpt lat="36.795442" lon="31.392049"><ele>33.3</ele></trkpt>
    <trkpt lat="36.795336" lon="31.392480"><ele>33.1</ele></trkpt>
    <trkpt lat="36.795181" lon="31.392898"><ele>32.7</ele></trkpt>
    <trkpt lat="36.794982" lon="31.393305"><ele>32.2</ele></trkpt>
    <trkpt lat="36.794752" lon="31.393704"><ele>31.5</ele></trkpt>
    <trkpt lat="36.794501" lon="31.394098"><ele>30.7</ele></trkpt>
    <trkpt lat="36.794245" lon="31.394490"><ele>29.8</ele></trkpt>
    <trkpt lat="36.793997" lon="31.394884"><ele>28.8</ele></trkpt>
    <trkpt lat="36.793771" lon="31.395284"><ele>27.8</ele></trkpt>
    <trkpt lat="36.793578" lon="31.395692"><ele>26.8</ele></trkpt>
    <trkpt lat="36.793427" lon="31.396112"><ele>25.8</ele></trkpt>
    <trkpt lat="36.793323" lon="31.396543"><ele>24.8</ele></trkpt>
    <trkpt lat="36.793268" lon="31.396987"><ele>23.8</ele></trkpt>
    <trkpt lat="36.793260" lon="31.397444"><ele>23.0</ele></trkpt>
    <trkpt lat="36.793292" lon="31.397911"><ele>22.2</ele></trkpt>
    <trkpt lat="36.793356" lon="31.398386"><ele>21.6</ele></trkpt>
    <trkpt lat="36.793441" lon="31.398866"><ele>21.1</ele></trkpt>
    <trkpt lat="36.793535" lon="31.399349"><ele>20.8</ele></trkpt>
    <trkpt lat="36.793623" lon="31.399831"><ele>20.6</ele></trkpt>
    <trkpt lat="36.793695" lon="31.400308"><ele>20.5</ele></trkpt>
    <trkpt lat="36.793738" lon="31.400778"><ele>20.6</ele></trkpt>
    <trkpt lat="36.793746" lon="31.401238"><ele>20.9</ele></trkpt>
    <trkpt lat="36.793711" lon="31.401688"><ele>21.3</ele></trkpt>
    <trkpt lat="36.793632" lon="31.402126"><ele>21.8</ele></trkpt>
    <trkpt lat="36.793510" lon="31.402553"><ele>22.5</ele></trkpt>
    <trkpt lat="36.793350" lon="31.402970"><ele>23.2</ele></trkpt>
    <trkpt lat="36.793160" lon="31.403379"><ele>24.0</ele></trkpt>
    <trkpt lat="36.792948" lon="31.403782"><ele>24.9</ele></trkpt>
    <trkpt lat="36.792726" lon="31.404183"><ele>25.8</ele></trkpt>
    <trkpt lat="36.792506" lon="31.404585"><ele>26.7</ele></trkpt>
    <trkpt lat="36.792299" lon="31.404990"><ele>27.6</ele></trkpt>
    <trkpt lat="36.792115" lon="31.405400"><ele>28.5</ele></trkpt>
    <trkpt lat="36.791962" lon="31.405819"><ele>29.4</ele></trkpt>
    <trkpt lat="36.791845" lon="31.406247"><ele>30.1</ele></trkpt>
    <trkpt lat="36.791768" lon="31.406686"><ele>30.8</ele></trkpt>
    <trkpt lat="36.791729" lon="31.407134"><ele>31.3</ele></trkpt>
    <trkpt lat="36.791725" lon="31.407592"><ele>31.8</ele></trkpt>
    <trkpt lat="36.791751" lon="31.408057"><ele>32.1</ele></trkpt>
    <trkpt lat="36.791797" lon="31.408528"><ele>32.3</ele></trkpt>
    <trkpt lat="36.791853" lon="31.409001"><ele>32.4</ele></trkpt>
    <trkpt lat="36.791911" lon="31.409474"><ele>32.4</ele></trkpt>
    <trkpt lat="36.791960" lon="31.409945"><ele>32.2</ele></trkpt>
    <trkpt lat="36.791989" lon="31.410412"><ele>31.9</ele></trkpt>
    <trkpt lat="36.791993" lon="31.410871"><ele>31.6</ele></trkpt>
    <trkpt lat="36.791966" lon="31.411323"><ele>31.1</ele></trkpt>
    <trkpt lat="36.791904" lon="31.411765"><ele>30.6</ele></trkpt>
    <trkpt lat="36.791809" lon="31.412199"><ele>30.0</ele></trkpt>
    <trkpt lat="36.791682" lon="31.412625"><ele>29.3</ele></trkpt>
    <trkpt lat="36.791529" lon="31.413043"><ele>28.7</ele></trkpt>
    <trkpt lat="36.791356" lon="31.413457"><ele>28.0</ele></trkpt>
    <trkpt lat="36.791171" lon="31.413868"><ele>27.3</ele></trkpt>
    <trkpt lat="36.790985" lon="31.414278"><ele>26.7</ele></trkpt>
    <trkpt lat="36.790805" lon="31.414690"><ele>26.1</ele></trkpt>
    <trkpt lat="36.790639" lon="31.415105"><ele>25.6</ele></trkpt>
    <trkpt lat="36.790495" lon="31.415526"><ele>25.2</ele></trkpt>
    <trkpt lat="36.790376" lon="31.415954"><ele>24.8</ele></trkpt>
    <trkpt lat="36.790287" lon="31.416389"><ele>24.5</ele></trkpt>
    <trkpt lat="36.790226" lon="31.416832"><ele>24.3</ele></trkpt>
    <trkpt lat="36.790193" lon="31.417282"><ele>24.3</ele></trkpt>
    <trkpt lat="36.790183" lon="31.417738"><ele>24.3</ele></trkpt>
    <trkpt lat="36.790191" lon="31.418199"><ele>24.4</ele></trkpt>
    <trkpt lat="36.790210" lon="31.418662"><ele>24.6</ele></trkpt>
    <trkpt lat="36.790232" lon="31.419127"><ele>24.9</ele></trkpt>
    <trkpt lat="36.790250" lon="31.419590"><ele>25.2</ele></trkpt>
    <trkpt lat="36.790257" lon="31.420050"><ele>25.6</ele></trkpt>
    <trkpt lat="36.790247" lon="31.420506"><ele>26.1</ele></trkpt>
    <trkpt lat="36.790216" lon="31.420957"><ele>26.6</ele></trkpt>
    <trkpt lat="36.790162" lon="31.421401"><ele>27.1</ele></trkpt>
    <trkpt lat="36.790083" lon="31.421839"><ele>27.7</ele></trkpt>
    <trkpt lat="36.789982" lon="31.422271"><ele>28.2</ele></trkpt>
    <trkpt lat="36.789861" lon="31.422698"><ele>28.7</ele></trkpt>
    <trkpt lat="36.789724" lon="31.423122"><ele>29.2</ele></trkpt>
    <trkpt lat="36.789578" lon="31.423542"><ele>29.7</ele></trkpt>
    <trkpt lat="36.789429" lon="31.423962"><ele>30.1</ele></trkpt>
    <trkpt lat="36.789281" lon="31.424382"><ele>30.4</ele></trkpt>
    <trkpt lat="36.789142" lon="31.424805"><ele>30.7</ele></trkpt>
    <trkpt lat="36.789016" lon="31.425231"><ele>31.0</ele></trkpt>
    <trkpt lat="36.788906" lon="31.425661"><ele>31.1</ele></trkpt>
    <trkpt lat="36.788815" lon="31.426096"><ele>31.2</ele></trkpt>
    <trkpt lat="36.788743" lon="31.426535"><ele>31.2</ele></trkpt>
    <trkpt lat="36.788689" lon="31.426980"><ele>31.2</ele></trkpt>
    <trkpt lat="36.788650" lon="31.427428"><ele>31.1</ele></trkpt>
    <trkpt lat="36.788624" lon="31.427880"><ele>31.0</ele></trkpt>
    <trkpt lat="36.788605" lon="31.428334"><ele>30.8</ele></trkpt>
    <trkpt lat="36.788590" lon="31.428788"><ele>30.5</ele></trkpt>
    <trkpt lat="36.788573" lon="31.429242"><ele>30.3</ele></trkpt>
    <trkpt lat="36.788550" lon="31.429695"><ele>30.0</ele></trkpt>
    <trkpt lat="36.788517" lon="31.430145"><ele>29.7</ele></trkpt>
    <trkpt lat="36.788473" lon="31.430592"><ele>29.5</ele></trkpt>
    <trkpt lat="36.788415" lon="31.431036"><ele>29.2</ele></trkpt>
    <trkpt lat="36.788343" lon="31.431475"><ele>28.9</ele></trkpt>
    <trkpt lat="36.788257" lon="31.431912"><ele>28.7</ele></trkpt>
    <trkpt lat="36.788161" lon="31.432345"><ele>28.5</ele></trkpt>
    <trkpt lat="36.788056" lon="31.432777"><ele>28.3</ele></trkpt>
    <trkpt lat="36.787946" lon="31.433207"><ele>28.2</ele></trkpt>
    <trkpt lat="36.787834" lon="31.433636"><ele>28.1</ele></trkpt>
    <trkpt lat="36.787723" lon="31.434066"><ele>28.1</ele></trkpt>
    <trkpt lat="36.787617" lon="31.434497"><ele>28.1</ele></trkpt>
    <trkpt lat="36.787517" lon="31.434930"><ele>28.1</ele></trkpt>
    <trkpt lat="36.787426" lon="31.435364"><ele>28.2</ele></trkpt>
    <trkpt lat="36.787344" lon="31.435802"><ele>28.3</ele></trkpt>
    <trkpt lat="36.787270" lon="31.436241"><ele>28.4</ele></trkpt>
    <trkpt lat="36.787205" lon="31.436683"><ele>28.6</ele></trkpt>
    <trkpt lat="36.787146" lon="31.437126"><ele>28.7</ele></trkpt>
    <trkpt lat="36.787092" lon="31.437570"><ele>28.9</ele></trkpt>
    <trkpt lat="36.787039" lon="31.438015"><ele>29.1</ele></trkpt>
    <trkpt lat="36.786987" lon="31.438460"><ele>29.3</ele></trkpt>
    <trkpt lat="36.786933" lon="31.438905"><ele>29.4</ele></trkpt>
    <trkpt lat="36.786875" lon="31.439348"><ele>29.6</ele></trkpt>
    <trkpt lat="36.786812" lon="31.439791"><ele>29.7</ele></trkpt>
    <trkpt lat="36.786745" lon="31.440232"><ele>29.8</ele></trkpt>
    <trkpt lat="36.786673" lon="31.440671"><ele>29.9</ele></trkpt>
    <trkpt lat="36.786597" lon="31.441110"><ele>30.0</ele></trkpt>
    <trkpt lat="36.786517" lon="31.441548"><ele>30.0</ele></trkpt>
    <trkpt lat="36.786437" lon="31.441986"><ele>30.0</ele></trkpt>
    <trkpt lat="36.786356" lon="31.442423"><ele>30.0</ele></trkpt>
    <trkpt lat="36.786277" lon="31.442861"><ele>30.0</ele></trkpt>
    <trkpt lat="36.786200" lon="31.443300"><ele>30.0</ele></trkpt>
    <trkpt lat="36.786493" lon="31.443559"><ele>30.6</ele></trkpt>
    <trkpt lat="36.786781" lon="31.443828"><ele>31.2</ele></trkpt>
    <trkpt lat="36.787063" lon="31.444106"><ele>31.8</ele></trkpt>
    <trkpt lat="36.787342" lon="31.444391"><ele>32.4</ele></trkpt>
    <trkpt lat="36.787619" lon="31.444679"><ele>32.9</ele></trkpt>
    <trkpt lat="36.787897" lon="31.444965"><ele>33.4</ele></trkpt>
    <trkpt lat="36.788178" lon="31.445245"><ele>33.9</ele></trkpt>
    <trkpt lat="36.788465" lon="31.445515"><ele>34.2</ele></trkpt>
    <trkpt lat="36.788759" lon="31.445772"><ele>34.6</ele></trkpt>
    <trkpt lat="36.789063" lon="31.446013"><ele>34.8</ele></trkpt>
    <trkpt lat="36.789376" lon="31.446237"><ele>35.0</ele></trkpt>
    <trkpt lat="36.789697" lon="31.446447"><ele>35.1</ele></trkpt>
    <trkpt lat="36.790025" lon="31.446645"><ele>35.2</ele></trkpt>
    <trkpt lat="36.790357" lon="31.446837"><ele>35.2</ele></trkpt>
    <trkpt lat="36.790689" lon="31.447027"><ele>35.1</ele></trkpt>
    <trkpt lat="36.791018" lon="31.447224"><ele>35.1</ele></trkpt>
    <trkpt lat="36.791339" lon="31.447434"><ele>35.0</ele></trkpt>
    <trkpt lat="36.791649" lon="31.447664"><ele>34.9</ele></trkpt>
    <trkpt lat="36.791945" lon="31.447918"><ele>34.9</ele></trkpt>
    <trkpt lat="36.792226" lon="31.448200"><ele>34.9</ele></trkpt>
    <trkpt lat="36.792490" lon="31.448509"><ele>35.0</ele></trkpt>
    <trkpt lat="36.792739" lon="31.448845"><ele>35.1</ele></trkpt>
    <trkpt lat="36.792976" lon="31.449204"><ele>35.4</ele></trkpt>
    <trkpt lat="36.793204" lon="31.449577"><ele>35.7</ele></trkpt>
    <trkpt lat="36.793428" lon="31.449957"><ele>36.2</ele></trkpt>
    <trkpt lat="36.793655" lon="31.450333"><ele>36.8</ele></trkpt>
    <trkpt lat="36.793889" lon="31.450696"><ele>37.5</ele></trkpt>
    <trkpt lat="36.794136" lon="31.451036"><ele>38.4</ele></trkpt>
    <trkpt lat="36.794402" lon="31.451343"><ele>39.3</ele></trkpt>
    <trkpt lat="36.794689" lon="31.451613"><ele>40.4</ele></trkpt>
    <trkpt lat="36.795000" lon="31.451841"><ele>41.6</ele></trkpt>
    <trkpt lat="36.795334" lon="31.452029"><ele>42.8</ele></trkpt>
    <trkpt lat="36.795689" lon="31.452179"><ele>44.1</ele></trkpt>
    <trkpt lat="36.796062" lon="31.452299"><ele>45.5</ele></trkpt>
    <trkpt lat="36.796446" lon="31.452398"><ele>46.8</ele></trkpt>
    <trkpt lat="36.796835" lon="31.452489"><ele>48.2</ele></trkpt>
    <trkpt lat="36.797221" lon="31.452586"><ele>49.5</ele></trkpt>
    <trkpt lat="36.797596" lon="31.452701"><ele>50.7</ele></trkpt>
    <trkpt lat="36.797953" lon="31.452848"><ele>51.9</ele></trkpt>
    <trkpt lat="36.798286" lon="31.453038"><ele>52.9</ele></trkpt>
    <trkpt lat="36.798590" lon="31.453278"><ele>53.8</ele></trkpt>
    <trkpt lat="36.798863" lon="31.453572"><ele>54.5</ele></trkpt>
    <trkpt lat="36.799106" lon="31.453919"><ele>55.1</ele></trkpt>
    <trkpt lat="36.799321" lon="31.454315"><ele>55.5</ele></trkpt>
    <trkpt lat="36.799514" lon="31.454751"><ele>55.6</ele></trkpt>
    <trkpt lat="36.799691" lon="31.455214"><ele>55.6</ele></trkpt>
    <trkpt lat="36.799862" lon="31.455688"><ele>55.4</ele></trkpt>
    <trkpt lat="36.800035" lon="31.456158"><ele>55.1</ele></trkpt>
    <trkpt lat="36.800221" lon="31.456604"><ele>54.5</ele></trkpt>
    <trkpt lat="36.800429" lon="31.457013"><ele>53.8</ele></trkpt>
    <trkpt lat="36.800666" lon="31.457371"><ele>53.0</ele></trkpt>
    <trkpt lat="36.800938" lon="31.457668"><ele>52.1</ele></trkpt>
    <trkpt lat="36.801247" lon="31.457899"><ele>51.2</ele></trkpt>
    <trkpt lat="36.801593" lon="31.458066"><ele>50.2</ele></trkpt>
    <trkpt lat="36.801973" lon="31.458172"><ele>49.3</ele></trkpt>
    <trkpt lat="36.802382" lon="31.458229"><ele>48.3</ele></trkpt>
    <trkpt lat="36.802809" lon="31.458252"><ele>47.5</ele></trkpt>
    <trkpt lat="36.803247" lon="31.458258"><ele>46.8</ele></trkpt>
    <trkpt lat="36.803682" lon="31.458268"><ele>46.2</ele></trkpt>
    <trkpt lat="36.804104" lon="31.458301"><ele>45.9</ele></trkpt>
    <trkpt lat="36.804502" lon="31.458376"><ele>45.7</ele></trkpt>
    <trkpt lat="36.804868" lon="31.458508"><ele>45.8</ele></trkpt>
    <trkpt lat="36.805194" lon="31.458710"><ele>46.1</ele></trkpt>
    <trkpt lat="36.805477" lon="31.458987"><ele>46.6</ele></trkpt>
    <trkpt lat="36.805717" lon="31.459340"><ele>47.4</ele></trkpt>
    <trkpt lat="36.805917" lon="31.459762"><ele>48.4</ele></trkpt>
    <trkpt lat="36.806083" lon="31.460244"><ele>49.7</ele></trkpt>
    <trkpt lat="36.806226" lon="31.460767"><ele>51.2</ele></trkpt>
    <trkpt lat="36.806356" lon="31.461313"><ele>52.9</ele></trkpt>
    <trkpt lat="36.806485" lon="31.461859"><ele>54.8</ele></trkpt>
    <trkpt lat="36.806628" lon="31.462383"><ele>56.7</ele></trkpt>
    <trkpt lat="36.806795" lon="31.462863"><ele>58.8</ele></trkpt>
    <trkpt lat="36.806998" lon="31.463281"><ele>61.0</ele></trkpt>
    <trkpt lat="36.807243" lon="31.463625"><ele>63.1</ele></trkpt>
    <trkpt lat="36.807535" lon="31.463885"><ele>65.2</ele></trkpt>
    <trkpt lat="36.807876" lon="31.464061"><ele>67.2</ele></trkpt>
    <trkpt lat="36.808261" lon="31.464158"><ele>69.1</ele></trkpt>
    <trkpt lat="36.808685" lon="31.464188"><ele>70.8</ele></trkpt>
    <trkpt lat="36.809137" lon="31.464168"><ele>72.4</ele></trkpt>
    <trkpt lat="36.809606" lon="31.464119"><ele>73.7</ele></trkpt>
    <trkpt lat="36.810078" lon="31.464065"><ele>74.7</ele></trkpt>
    <trkpt lat="36.810538" lon="31.464031"><ele>75.5</ele></trkpt>
    <trkpt lat="36.810974" lon="31.464040"><ele>76.0</ele></trkpt>
    <trkpt lat="36.811374" lon="31.464112"><ele>76.2</ele></trkpt>
    <trkpt lat="36.811729" lon="31.464262"><ele>76.1</ele></trkpt>
    <trkpt lat="36.812033" lon="31.464501"><ele>75.8</ele></trkpt>
    <trkpt lat="36.812287" lon="31.464831"><ele>75.1</ele></trkpt>
    <trkpt lat="36.812491" lon="31.465246"><ele>74.3</ele></trkpt>
    <trkpt lat="36.812652" lon="31.465736"><ele>73.2</ele></trkpt>
    <trkpt lat="36.812781" lon="31.466284"><ele>71.9</ele></trkpt>
    <trkpt lat="36.812890" lon="31.466867"><ele>70.5</ele></trkpt>
    <trkpt lat="36.812993" lon="31.467460"><ele>69.1</ele></trkpt>
    <trkpt lat="36.813104" lon="31.468038"><ele>67.5</ele></trkpt>
    <trkpt lat="36.813239" lon="31.468575"><ele>66.0</ele></trkpt>
    <trkpt lat="36.813410" lon="31.469050"><ele>64.6</ele></trkpt>
    <trkpt lat="36.813626" lon="31.469445"><ele>63.2</ele></trkpt>
    <trkpt lat="36.813893" lon="31.469749"><ele>62.0</ele></trkpt>
    <trkpt lat="36.814214" lon="31.469959"><ele>61.0</ele></trkpt>
    <trkpt lat="36.814587" lon="31.470078"><ele>60.3</ele></trkpt>
    <trkpt lat="36.815006" lon="31.470116"><ele>59.7</ele></trkpt>
    <trkpt lat="36.815461" lon="31.470091"><ele>59.5</ele></trkpt>
    <trkpt lat="36.815940" lon="31.470025"><ele>59.6</ele></trkpt>
    <trkpt lat="36.816428" lon="31.469942"><ele>59.9</ele></trkpt>
    <trkpt lat="36.816910" lon="31.469870"><ele>60.6</ele></trkpt>
    <trkpt lat="36.817371" lon="31.469834"><ele>61.6</ele></trkpt>
    <trkpt lat="36.817798" lon="31.469858"><ele>62.9</ele></trkpt>
    <trkpt lat="36.818181" lon="31.469960"><ele>64.4</ele></trkpt>
    <trkpt lat="36.818512" lon="31.470153"><ele>66.2</ele></trkpt>
    <trkpt lat="36.818788" lon="31.470441"><ele>68.2</ele></trkpt>
    <trkpt lat="36.819012" lon="31.470823"><ele>70.4</ele></trkpt>
    <trkpt lat="36.819187" lon="31.471289"><ele>72.7</ele></trkpt>
    <trkpt lat="36.819324" lon="31.471823"><ele>75.1</ele></trkpt>
    <trkpt lat="36.819434" lon="31.472404"><ele>77.5</ele></trkpt>
    <trkpt lat="36.819532" lon="31.473006"><ele>79.8</ele></trkpt>
    <trkpt lat="36.819632" lon="31.473603"><ele>82.1</ele></trkpt>
    <trkpt lat="36.819751" lon="31.474169"><ele>84.3</ele></trkpt>
    <trkpt lat="36.819900" lon="31.474681"><ele>86.3</ele></trkpt>
    <trkpt lat="36.820092" lon="31.475118"><ele>88.1</ele></trkpt>
    <trkpt lat="36.820334" lon="31.475467"><ele>89.7</ele></trkpt>
    <trkpt lat="36.820630" lon="31.475722"><ele>91.0</ele></trkpt>
    <trkpt lat="36.820979" lon="31.475883"><ele>92.0</ele></trkpt>
    <trkpt lat="36.821376" lon="31.475959"><ele>92.8</ele></trkpt>
    <trkpt lat="36.821814" lon="31.475964"><ele>93.2</ele></trkpt>
    <trkpt lat="36.822281" lon="31.475919"><ele>93.3</ele></trkpt>
    <trkpt lat="36.822762" lon="31.475847"><ele>93.1</ele></trkpt>
    <trkpt lat="36.823244" lon="31.475775"><ele>92.6</ele></trkpt>
    <trkpt lat="36.823712" lon="31.475728"><ele>91.9</ele></trkpt>
    <trkpt lat="36.824151" lon="31.475730"><ele>90.9</ele></trkpt>
    <trkpt lat="36.824552" lon="31.475801"><ele>89.8</ele></trkpt>
    <trkpt lat="36.824905" lon="31.475954"><ele>88.5</ele></trkpt>
    <trkpt lat="36.825207" lon="31.476198"><ele>87.1</ele></trkpt>
    <trkpt lat="36.825458" lon="31.476532"><ele>85.7</ele></trkpt>
    <trkpt lat="36.825660" lon="31.476950"><ele>84.2</ele></trkpt>
    <trkpt lat="36.825822" lon="31.477439"><ele>82.8</ele></trkpt>
    <trkpt lat="36.825955" lon="31.477981"><ele>81.4</ele></trkpt>
    <trkpt lat="36.826070" lon="31.478553"><ele>80.2</ele></trkpt>
    <trkpt lat="36.826182" lon="31.479130"><ele>79.2</ele></trkpt>
    <trkpt lat="36.826305" lon="31.479689"><ele>78.3</ele></trkpt>
    <trkpt lat="36.826451" lon="31.480205"><ele>77.7</ele></trkpt>
    <trkpt lat="36.826633" lon="31.480660"><ele>77.3</ele></trkpt>
    <trkpt lat="36.826858" lon="31.481039"><ele>77.2</ele></trkpt>
    <trkpt lat="36.827130" lon="31.481335"><ele>77.4</ele></trkpt>
    <trkpt lat="36.827451" lon="31.481545"><ele>77.9</ele></trkpt>
    <trkpt lat="36.827818" lon="31.481675"><ele>78.6</ele></trkpt>
    <trkpt lat="36.828224" lon="31.481736"><ele>79.6</ele></trkpt>
    <trkpt lat="36.828660" lon="31.481745"><ele>80.9</ele></trkpt>
    <trkpt lat="36.829114" lon="31.481722"><ele>82.3</ele></trkpt>
    <trkpt lat="36.829573" lon="31.481689"><ele>84.0</ele></trkpt>
    <trkpt lat="36.830025" lon="31.481670"><ele>85.8</ele></trkpt>
    <trkpt lat="36.830457" lon="31.481685"><ele>87.7</ele></trkpt>
    <trkpt lat="36.830859" lon="31.481753"><ele>89.7</ele></trkpt>
    <trkpt lat="36.831223" lon="31.481888"><ele>91.7</ele></trkpt>
    <trkpt lat="36.831544" lon="31.482098"><ele>93.7</ele></trkpt>
    <trkpt lat="36.831821" lon="31.482386"><ele>95.7</ele></trkpt>
    <trkpt lat="36.832056" lon="31.482748"><ele>97.6</ele></trkpt>
    <trkpt lat="36.832254" lon="31.483174"><ele>99.4</ele></trkpt>
    <trkpt lat="36.832424" lon="31.483650"><ele>101.0</ele></trkpt>
    <trkpt lat="36.832575" lon="31.484158"><ele>102.4</ele></trkpt>
    <trkpt lat="36.832720" lon="31.484678"><ele>103.6</ele></trkpt>
    <trkpt lat="36.832869" lon="31.485190"><ele>104.6</ele></trkpt>
    <trkpt lat="36.833034" lon="31.485674"><ele>105.4</ele></trkpt>
    <trkpt lat="36.833224" lon="31.486114"><ele>106.0</ele></trkpt>
    <trkpt lat="36.833447" lon="31.486497"><ele>106.3</ele></trkpt>
    <trkpt lat="36.833707" lon="31.486815"><ele>106.4</ele></trkpt>
    <trkpt lat="36.834005" lon="31.487066"><ele>106.3</ele></trkpt>
    <trkpt lat="36.834340" lon="31.487251"><ele>106.0</ele></trkpt>
    <trkpt lat="36.834708" lon="31.487379"><ele>105.5</ele></trkpt>
    <trkpt lat="36.835101" lon="31.487462"><ele>105.0</ele></trkpt>
    <trkpt lat="36.835512" lon="31.487515"><ele>104.3</ele></trkpt>
    <trkpt lat="36.835930" lon="31.487555"><ele>103.5</ele></trkpt>
    <trkpt lat="36.836345" lon="31.487599"><ele>102.7</ele></trkpt>
    <trkpt lat="36.836749" lon="31.487665"><ele>101.8</ele></trkpt>
    <trkpt lat="36.837132" lon="31.487766"><ele>101.0</ele></trkpt>
    <trkpt lat="36.837489" lon="31.487913"><ele>100.3</ele></trkpt>
    <trkpt lat="36.837815" lon="31.488115"><ele>99.6</ele></trkpt>
    <trkpt lat="36.838109" lon="31.488372"><ele>99.1</ele></trkpt>
    <trkpt lat="36.838373" lon="31.488683"><ele>98.7</ele></trkpt>
    <trkpt lat="36.838609" lon="31.489042"><ele>98.4</ele></trkpt>
    <trkpt lat="36.838823" lon="31.489440"><ele>98.3</ele></trkpt>
    <trkpt lat="36.839023" lon="31.489863"><ele>98.3</ele></trkpt>
    <trkpt lat="36.839216" lon="31.490298"><ele>98.5</ele></trkpt>
    <trkpt lat="36.839410" lon="31.490731"><ele>98.9</ele></trkpt>
    <trkpt lat="36.839614" lon="31.491148"><ele>99.4</ele></trkpt>
    <trkpt lat="36.839833" lon="31.491538"><ele>100.1</ele></trkpt>
    <trkpt lat="36.840072" lon="31.491892"><ele>101.0</ele></trkpt>
    <trkpt lat="36.840335" lon="31.492204"><ele>101.9</ele></trkpt>
    <trkpt lat="36.840623" lon="31.492473"><ele>102.9</ele></trkpt>
    <trkpt lat="36.840934" lon="31.492700"><ele>104.0</ele></trkpt>
    <trkpt lat="36.841266" lon="31.492890"><ele>105.2</ele></trkpt>
    <trkpt lat="36.841615" lon="31.493052"><ele>106.4</ele></trkpt>
    <trkpt lat="36.841975" lon="31.493194"><ele>107.6</ele></trkpt>
    <trkpt lat="36.842340" lon="31.493328"><ele>108.7</ele></trkpt>
    <trkpt lat="36.842703" lon="31.493463"><ele>109.9</ele></trkpt>
    <trkpt lat="36.843060" lon="31.493610"><ele>111.0</ele></trkpt>
    <trkpt lat="36.843405" lon="31.493778"><ele>111.9</ele></trkpt>
    <trkpt lat="36.843736" lon="31.493972"><ele>112.9</ele></trkpt>
    <trkpt lat="36.844050" lon="31.494194"><ele>113.7</ele></trkpt>
    <trkpt lat="36.844346" lon="31.494447"><ele>114.4</ele></trkpt>
    <trkpt lat="36.844627" lon="31.494729"><ele>115.0</ele></trkpt>
    <trkpt lat="36.844894" lon="31.495033"><ele>115.5</ele></trkpt>
    <trkpt lat="36.845151" lon="31.495356"><ele>115.9</ele></trkpt>
    <trkpt lat="36.845402" lon="31.495690"><ele>116.3</ele></trkpt>
    <trkpt lat="36.845651" lon="31.496027"><ele>116.5</ele></trkpt>
    <trkpt lat="36.845902" lon="31.496360"><ele>116.7</ele></trkpt>
    <trkpt lat="36.846159" lon="31.496683"><ele>116.8</ele></trkpt>
    <trkpt lat="36.846423" lon="31.496993"><ele>116.9</ele></trkpt>
    <trkpt lat="36.846698" lon="31.497285"><ele>117.0</ele></trkpt>
    <trkpt lat="36.846982" lon="31.497559"><ele>117.1</ele></trkpt>
    <trkpt lat="36.847276" lon="31.497817"><ele>117.2</ele></trkpt>
    <trkpt lat="36.847578" lon="31.498061"><ele>117.3</ele></trkpt>
    <trkpt lat="36.847886" lon="31.498295"><ele>117.5</ele></trkpt>
    <trkpt lat="36.848196" lon="31.498524"><ele>117.7</ele></trkpt>
    <trkpt lat="36.848507" lon="31.498752"><ele>117.9</ele></trkpt>
    <trkpt lat="36.848815" lon="31.498984"><ele>118.2</ele></trkpt>
    <trkpt lat="36.849120" lon="31.499224"><ele>118.6</ele></trkpt>
    <trkpt lat="36.849419" lon="31.499472"><ele>119.0</ele></trkpt>
    <trkpt lat="36.849712" lon="31.499732"><ele>119.5</ele></trkpt>
    <trkpt lat="36.850000" lon="31.500000"><ele>120.0</ele></trkpt>
    <trkpt lat="36.850305" lon="31.500240"><ele>120.8</ele></trkpt>
    <trkpt lat="36.850611" lon="31.500476"><ele>121.6</ele></trkpt>
    <trkpt lat="36.850917" lon="31.500713"><ele>122.3</ele></trkpt>
    <trkpt lat="36.851221" lon="31.500953"><ele>123.1</ele></trkpt>
    <trkpt lat="36.851521" lon="31.501202"><ele>123.8</ele></trkpt>
    <trkpt lat="36.851815" lon="31.501461"><ele>124.6</ele></trkpt>
    <trkpt lat="36.852102" lon="31.501732"><ele>125.4</ele></trkpt>
    <trkpt lat="36.852383" lon="31.502015"><ele>126.3</ele></trkpt>
    <trkpt lat="36.852658" lon="31.502309"><ele>127.2</ele></trkpt>
    <trkpt lat="36.852929" lon="31.502610"><ele>128.2</ele></trkpt>
    <trkpt lat="36.853198" lon="31.502914"><ele>129.2</ele></trkpt>
    <trkpt lat="36.853469" lon="31.503216"><ele>130.3</ele></trkpt>
    <trkpt lat="36.853743" lon="31.503510"><ele>131.5</ele></trkpt>
    <trkpt lat="36.854025" lon="31.503792"><ele>132.8</ele></trkpt>
    <trkpt lat="36.854317" lon="31.504055"><ele>134.1</ele></trkpt>
    <trkpt lat="36.854619" lon="31.504298"><ele>135.4</ele></trkpt>
    <trkpt lat="36.854935" lon="31.504518"><ele>136.8</ele></trkpt>
    <trkpt lat="36.855262" lon="31.504717"><ele>138.2</ele></trkpt>
    <trkpt lat="36.855599" lon="31.504897"><ele>139.7</ele></trkpt>
    <trkpt lat="36.855944" lon="31.505063"><ele>141.1</ele></trkpt>
    <trkpt lat="36.856293" lon="31.505222"><ele>142.5</ele></trkpt>
    <trkpt lat="36.856642" lon="31.505381"><ele>143.8</ele></trkpt>
    <trkpt lat="36.856985" lon="31.505550"><ele>145.1</ele></trkpt>
    <trkpt lat="36.857319" lon="31.505737"><ele>146.3</ele></trkpt>
    <trkpt lat="36.857639" lon="31.505948"><ele>147.4</ele></trkpt>
    <trkpt lat="36.857942" lon="31.506191"><ele>148.5</ele></trkpt>
    <trkpt lat="36.858227" lon="31.506467"><ele>149.4</ele></trkpt>
    <trkpt lat="36.858492" lon="31.506778"><ele>150.1</ele></trkpt>
    <trkpt lat="36.858740" lon="31.507121"><ele>150.8</ele></trkpt>
    <trkpt lat="36.858973" lon="31.507491"><ele>151.3</ele></trkpt>
    <trkpt lat="36.859196" lon="31.507880"><ele>151.7</ele></trkpt>
    <trkpt lat="36.859414" lon="31.508277"><ele>152.0</ele></trkpt>
    <trkpt lat="36.859634" lon="31.508671"><ele>152.2</ele></trkpt>
    <trkpt lat="36.859862" lon="31.509050"><ele>152.4</ele></trkpt>
    <trkpt lat="36.860104" lon="31.509404"><ele>152.4</ele></trkpt>
    <trkpt lat="36.860366" lon="31.509722"><ele>152.4</ele></trkpt>
    <trkpt lat="36.860651" lon="31.509997"><ele>152.4</ele></trkpt>
    <trkpt lat="36.860961" lon="31.510226"><ele>152.4</ele></trkpt>
    <trkpt lat="36.861298" lon="31.510407"><ele>152.5</ele></trkpt>
    <trkpt lat="36.861658" lon="31.510546"><ele>152.6</ele></trkpt>
    <trkpt lat="36.862037" lon="31.510649"><ele>152.8</ele></trkpt>
    <trkpt lat="36.862431" lon="31.510727"><ele>153.1</ele></trkpt>
    <trkpt lat="36.862830" lon="31.510794"><ele>153.5</ele></trkpt>
    <trkpt lat="36.863228" lon="31.510863"><ele>154.1</ele></trkpt>
    <trkpt lat="36.863616" lon="31.510951"><ele>154.8</ele></trkpt>
    <trkpt lat="36.863986" lon="31.511072"><ele>155.7</ele></trkpt>
    <trkpt lat="36.864331" lon="31.511237"><ele>156.8</ele></trkpt>
    <trkpt lat="36.864648" lon="31.511455"><ele>158.1</ele></trkpt>
    <trkpt lat="36.864932" lon="31.511732"><ele>159.6</ele></trkpt>
    <trkpt lat="36.865184" lon="31.512067"><ele>161.3</ele></trkpt>
    <trkpt lat="36.865407" lon="31.512457"><ele>163.1</ele></trkpt>
    <trkpt lat="36.865604" lon="31.512891"><ele>165.1</ele></trkpt>
    <trkpt lat="36.865785" lon="31.513357"><ele>167.2</ele></trkpt>
    <trkpt lat="36.865956" lon="31.513840"><ele>169.3</ele></trkpt>
    <trkpt lat="36.866128" lon="31.514320"><ele>171.6</ele></trkpt>
    <trkpt lat="36.866312" lon="31.514781"><ele>173.9</ele></trkpt>
    <trkpt lat="36.866515" lon="31.515205"><ele>176.1</ele></trkpt>
    <trkpt lat="36.866747" lon="31.515577"><ele>178.4</ele></trkpt>
    <trkpt lat="36.867014" lon="31.515887"><ele>180.5</ele></trkpt>
    <trkpt lat="36.867317" lon="31.516128"><ele>182.6</ele></trkpt>
    <trkpt lat="36.867659" lon="31.516300"><ele>184.5</ele></trkpt>
    <trkpt lat="36.868036" lon="31.516407"><ele>186.2</ele></trkpt>
    <trkpt lat="36.868444" lon="31.516460"><ele>187.8</ele></trkpt>
    <trkpt lat="36.868873" lon="31.516473"><ele>189.1</ele></trkpt>
    <trkpt lat="36.869313" lon="31.516464"><ele>190.2</ele></trkpt>
    <trkpt lat="36.869755" lon="31.516454"><ele>191.1</ele></trkpt>
    <trkpt lat="36.870185" lon="31.516464"><ele>191.7</ele></trkpt>
    <trkpt lat="36.870594" lon="31.516514"><ele>192.1</ele></trkpt>
    <trkpt lat="36.870972" lon="31.516620"><ele>192.2</ele></trkpt>
    <trkpt lat="36.871312" lon="31.516795"><ele>192.2</ele></trkpt>
    <trkpt lat="36.871609" lon="31.517048"><ele>191.9</ele></trkpt>
    <trkpt lat="36.871864" lon="31.517379"><ele>191.5</ele></trkpt>
    <trkpt lat="36.872077" lon="31.517785"><ele>190.9</ele></trkpt>
    <trkpt lat="36.872256" lon="31.518254"><ele>190.3</ele></trkpt>
    <trkpt lat="36.872409" lon="31.518771"><ele>189.5</ele></trkpt>
    <trkpt lat="36.872546" lon="31.519315"><ele>188.8</ele></trkpt>
    <trkpt lat="36.872680" lon="31.519865"><ele>188.1</ele></trkpt>
    <trkpt lat="36.872825" lon="31.520398"><ele>187.4</ele></trkpt>
    <trkpt lat="36.872991" lon="31.520890"><ele>186.9</ele></trkpt>
    <trkpt lat="36.873189" lon="31.521323"><ele>186.5</ele></trkpt>
    <trkpt lat="36.873429" lon="31.521681"><ele>186.3</ele></trkpt>
    <trkpt lat="36.873714" lon="31.521956"><ele>186.3</ele></trkpt>
    <trkpt lat="36.874047" lon="31.522144"><ele>186.5</ele></trkpt>
    <trkpt lat="36.874425" lon="31.522250"><ele>187.0</ele></trkpt>
    <trkpt lat="36.874842" lon="31.522284"><ele>187.8</ele></trkpt>
    <trkpt lat="36.875290" lon="31.522263"><ele>188.9</ele></trkpt>
    <trkpt lat="36.875757" lon="31.522207"><ele>190.2</ele></trkpt>
    <trkpt lat="36.876229" lon="31.522141"><ele>191.8</ele></trkpt>
    <trkpt lat="36.876694" lon="31.522089"><ele>193.7</ele></trkpt>
    <trkpt lat="36.877137" lon="31.522075"><ele>195.9</ele></trkpt>
    <trkpt lat="36.877547" lon="31.522122"><ele>198.2</ele></trkpt>
    <trkpt lat="36.877915" lon="31.522246"><ele>200.7</ele></trkpt>
    <trkpt lat="36.878235" lon="31.522458"><ele>203.4</ele></trkpt>
    <trkpt lat="36.878505" lon="31.522762"><ele>206.2</ele></trkpt>
    <trkpt lat="36.878725" lon="31.523155"><ele>209.0</ele></trkpt>
    <trkpt lat="36.878902" lon="31.523627"><ele>211.8</ele></trkpt>
    <trkpt lat="36.879045" lon="31.524162"><ele>214.6</ele></trkpt>
    <trkpt lat="36.879165" lon="31.524737"><ele>217.3</ele></trkpt>
    <trkpt lat="36.879277" lon="31.525329"><ele>219.8</ele></trkpt>
    <trkpt lat="36.879394" lon="31.525911"><ele>222.2</ele></trkpt>
    <trkpt lat="36.879531" lon="31.526457"><ele>224.4</ele></trkpt>
    <trkpt lat="36.879699" lon="31.526944"><ele>226.3</ele></trkpt>
    <trkpt lat="36.879911" lon="31.527353"><ele>227.9</ele></trkpt>
    <trkpt lat="36.880172" lon="31.527673"><ele>229.3</ele></trkpt>
    <trkpt lat="36.880485" lon="31.527897"><ele>230.3</ele></trkpt>
    <trkpt lat="36.880849" lon="31.528028"><ele>231.1</ele></trkpt>
    <trkpt lat="36.881260" lon="31.528074"><ele>231.5</ele></trkpt>
    <trkpt lat="36.881708" lon="31.528051"><ele>231.7</ele></trkpt>
    <trkpt lat="36.882183" lon="31.527982"><ele>231.5</ele></trkpt>
    <trkpt lat="36.882669" lon="31.527890"><ele>231.1</ele></trkpt>
    <trkpt lat="36.883152" lon="31.527803"><ele>230.5</ele></trkpt>
    <trkpt lat="36.883619" lon="31.527748"><ele>229.7</ele></trkpt>
    <trkpt lat="36.884054" lon="31.527749"><ele>228.8</ele></trkpt>
    <trkpt lat="36.884449" lon="31.527825"><ele>227.8</ele></trkpt>
    <trkpt lat="36.884794" lon="31.527991"><ele>226.8</ele></trkpt>
    <trkpt lat="36.885086" lon="31.528254"><ele>225.7</ele></trkpt>
    <trkpt lat="36.885325" lon="31.528612"><ele>224.7</ele></trkpt>
    <trkpt lat="36.885516" lon="31.529059"><ele>223.9</ele></trkpt>
    <trkpt lat="36.885667" lon="31.529579"><ele>223.1</ele></trkpt>
    <trkpt lat="36.885789" lon="31.530151"><ele>222.6</ele></trkpt>
    <trkpt lat="36.885897" lon="31.530751"><ele>222.3</ele></trkpt>
    <trkpt lat="36.886003" lon="31.531351"><ele>222.3</ele></trkpt>
    <trkpt lat="36.886125" lon="31.531924"><ele>222.5</ele></trkpt>
    <trkpt lat="36.886274" lon="31.532447"><ele>223.1</ele></trkpt>
    <trkpt lat="36.886463" lon="31.532898"><ele>223.9</ele></trkpt>
    <trkpt lat="36.886700" lon="31.533261"><ele>225.1</ele></trkpt>
    <trkpt lat="36.886989" lon="31.533529"><ele>226.6</ele></trkpt>
    <trkpt lat="36.887331" lon="31.533701"><ele>228.3</ele></trkpt>
    <trkpt lat="36.887722" lon="31.533783"><ele>230.4</ele></trkpt>
    <trkpt lat="36.888154" lon="31.533790"><ele>232.6</ele></trkpt>
    <trkpt lat="36.888617" lon="31.533740"><ele>235.1</ele></trkpt>
    <trkpt lat="36.889098" lon="31.533658"><ele>237.8</ele></trkpt>
    <trkpt lat="36.889582" lon="31.533571"><ele>240.5</ele></trkpt>
    <trkpt lat="36.890055" lon="31.533503"><ele>243.4</ele></trkpt>
    <trkpt lat="36.890503" lon="31.533482"><ele>246.3</ele></trkpt>
    <trkpt lat="36.890914" lon="31.533527"><ele>249.1</ele></trkpt>
    <trkpt lat="36.891280" lon="31.533654"><ele>251.9</ele></trkpt>
    <trkpt lat="36.891596" lon="31.533874"><ele>254.5</ele></trkpt>
    <trkpt lat="36.891860" lon="31.534187"><ele>257.1</ele></trkpt>
    <trkpt lat="36.892076" lon="31.534589"><ele>259.4</ele></trkpt>
    <trkpt lat="36.892250" lon="31.535067"><ele>261.4</ele></trkpt>
    <trkpt lat="36.892391" lon="31.535604"><ele>263.3</ele></trkpt>
    <trkpt lat="36.892513" lon="31.536177"><ele>264.8</ele></trkpt>
    <trkpt lat="36.892629" lon="31.536761"><ele>266.1</ele></trkpt>
    <trkpt lat="36.892753" lon="31.537330"><ele>267.0</ele></trkpt>
    <trkpt lat="36.892899" lon="31.537860"><ele>267.7</ele></trkpt>
    <trkpt lat="36.893077" lon="31.538329"><ele>268.1</ele></trkpt>
    <trkpt lat="36.893298" lon="31.538723"><ele>268.2</ele></trkpt>
    <trkpt lat="36.893565" lon="31.539030"><ele>268.1</ele></trkpt>
    <trkpt lat="36.893881" lon="31.539248"><ele>267.7</ele></trkpt>
    <trkpt lat="36.894245" lon="31.539381"><ele>267.2</ele></trkpt>
    <trkpt lat="36.894649" lon="31.539439"><ele>266.5</ele></trkpt>
    <trkpt lat="36.895086" lon="31.539437"><ele>265.8</ele></trkpt>
    <trkpt lat="36.895543" lon="31.539398"><ele>265.0</ele></trkpt>
    <trkpt lat="36.896009" lon="31.539344"><ele>264.1</ele></trkpt>
    <trkpt lat="36.896470" lon="31.539299"><ele>263.3</ele></trkpt>
    <trkpt lat="36.896913" lon="31.539286"><ele>262.6</ele></trkpt>
    <trkpt lat="36.897327" lon="31.539326"><ele>262.0</ele></trkpt>
    <trkpt lat="36.897704" lon="31.539434"><ele>261.6</ele></trkpt>
    <trkpt lat="36.898037" lon="31.539621"><ele>261.3</ele></trkpt>
    <trkpt lat="36.898325" lon="31.539890"><ele>261.3</ele></trkpt>
    <trkpt lat="36.898570" lon="31.540240"><ele>261.5</ele></trkpt>
    <trkpt lat="36.898775" lon="31.540661"><ele>261.9</ele></trkpt>
    <trkpt lat="36.898949" lon="31.541139"><ele>262.6</ele></trkpt>
    <trkpt lat="36.899102" lon="31.541655"><ele>263.6</ele></trkpt>
    <trkpt lat="36.899245" lon="31.542189"><ele>264.8</ele></trkpt>
    <trkpt lat="36.899390" lon="31.542719"><ele>266.2</ele></trkpt>
    <trkpt lat="36.899550" lon="31.543223"><ele>267.9</ele></trkpt>
    <trkpt lat="36.899734" lon="31.543683"><ele>269.8</ele></trkpt>
    <trkpt lat="36.899951" lon="31.544083"><ele>271.8</ele></trkpt>
    <trkpt lat="36.900206" lon="31.544414"><ele>274.0</ele></trkpt>
    <trkpt lat="36.900501" lon="31.544670"><ele>276.3</ele></trkpt>
    <trkpt lat="36.900836" lon="31.544854"><ele>278.6</ele></trkpt>
    <trkpt lat="36.901207" lon="31.544973"><ele>281.0</ele></trkpt>
    <trkpt lat="36.901607" lon="31.545038"><ele>283.4</ele></trkpt>
    <trkpt lat="36.902028" lon="31.545066"><ele>285.8</ele></trkpt>
    <trkpt lat="36.902459" lon="31.545075"><ele>288.0</ele></trkpt>
    <trkpt lat="36.902889" lon="31.545085"><ele>290.2</ele></trkpt>
    <trkpt lat="36.903309" lon="31.545114"><ele>292.2</ele></trkpt>
    <trkpt lat="36.903709" lon="31.545180"><ele>294.1</ele></trkpt>
    <trkpt lat="36.904081" lon="31.545296"><ele>295.7</ele></trkpt>
    <trkpt lat="36.904421" lon="31.545472"><ele>297.2</ele></trkpt>
    <trkpt lat="36.904726" lon="31.545711"><ele>298.5</ele></trkpt>
    <trkpt lat="36.904996" lon="31.546014"><ele>299.5</ele></trkpt>
    <trkpt lat="36.905235" lon="31.546373"><ele>300.4</ele></trkpt>
    <trkpt lat="36.905448" lon="31.546780"><ele>301.1</ele></trkpt>
    <trkpt lat="36.905642" lon="31.547221"><ele>301.6</ele></trkpt>
    <trkpt lat="36.905826" lon="31.547680"><ele>301.9</ele></trkpt>
    <trkpt lat="36.906010" lon="31.548141"><ele>302.1</ele></trkpt>
    <trkpt lat="36.906201" lon="31.548588"><ele>302.1</ele></trkpt>
    <trkpt lat="36.906408" lon="31.549006"><ele>302.1</ele></trkpt>
    <trkpt lat="36.906637" lon="31.549383"><ele>302.0</ele></trkpt>
    <trkpt lat="36.906893" lon="31.549711"><ele>301.8</ele></trkpt>
    <trkpt lat="36.907178" lon="31.549987"><ele>301.7</ele></trkpt>
    <trkpt lat="36.907491" lon="31.550211"><ele>301.6</ele></trkpt>
    <trkpt lat="36.907830" lon="31.550388"><ele>301.5</ele></trkpt>
    <trkpt lat="36.908191" lon="31.550525"><ele>301.5</ele></trkpt>
    <trkpt lat="36.908567" lon="31.550634"><ele>301.6</ele></trkpt>
    <trkpt lat="36.908952" lon="31.550727"><ele>301.8</ele></trkpt>
    <trkpt lat="36.909339" lon="31.550817"><ele>302.2</ele></trkpt>
    <trkpt lat="36.909719" lon="31.550918"><ele>302.7</ele></trkpt>
    <trkpt lat="36.910088" lon="31.551041"><ele>303.3</ele></trkpt>
    <trkpt lat="36.910439" lon="31.551195"><ele>304.1</ele></trkpt>
    <trkpt lat="36.910770" lon="31.551387"><ele>305.0</ele></trkpt>
    <trkpt lat="36.911079" lon="31.551619"><ele>306.0</ele></trkpt>
    <trkpt lat="36.911366" lon="31.551890"><ele>307.2</ele></trkpt>
    <trkpt lat="36.911633" lon="31.552198"><ele>308.5</ele></trkpt>
    <trkpt lat="36.911884" lon="31.552536"><ele>309.9</ele></trkpt>
    <trkpt lat="36.912124" lon="31.552895"><ele>311.3</ele></trkpt>
    <trkpt lat="36.912357" lon="31.553265"><ele>312.8</ele></trkpt>
    <trkpt lat="36.912589" lon="31.553636"><ele>314.4</ele></trkpt>
    <trkpt lat="36.912826" lon="31.554000"><ele>315.9</ele></trkpt>
    <trkpt lat="36.913071" lon="31.554347"><ele>317.5</ele></trkpt>
    <trkpt lat="36.913329" lon="31.554672"><ele>319.0</ele></trkpt>
    <trkpt lat="36.913602" lon="31.554970"><ele>320.5</ele></trkpt>
    <trkpt lat="36.913890" lon="31.555240"><ele>322.0</ele></trkpt>
    <trkpt lat="36.914193" lon="31.555483"><ele>323.4</ele></trkpt>
    <trkpt lat="36.914508" lon="31.555702"><ele>324.7</ele></trkpt>
    <trkpt lat="36.914834" lon="31.555903"><ele>325.9</ele></trkpt>
    <trkpt lat="36.915166" lon="31.556092"><ele>327.0</ele></trkpt>
    <trkpt lat="36.915502" lon="31.556276"><ele>328.1</ele></trkpt>
    <trkpt lat="36.915836" lon="31.556462"><ele>329.1</ele></trkpt>
    <trkpt lat="36.916166" lon="31.556654"><ele>330.0</ele></trkpt>
    <trkpt lat="36.916490" lon="31.556859"><ele>330.8</ele></trkpt>
    <trkpt lat="36.916806" lon="31.557079"><ele>331.6</ele></trkpt>
    <trkpt lat="36.917112" lon="31.557315"><ele>332.3</ele></trkpt>
    <trkpt lat="36.917410" lon="31.557567"><ele>333.0</ele></trkpt>
    <trkpt lat="36.917700" lon="31.557833"><ele>333.7</ele></trkpt>
    <trkpt lat="36.917985" lon="31.558108"><ele>334.4</ele></trkpt>
    <trkpt lat="36.918266" lon="31.558390"><ele>335.1</ele></trkpt>
    <trkpt lat="36.918547" lon="31.558674"><ele>335.8</ele></trkpt>
    <trkpt lat="36.918829" lon="31.558955"><ele>336.6</ele></trkpt>
    <trkpt lat="36.919115" lon="31.559229"><ele>337.3</ele></trkpt>
    <trkpt lat="36.919405" lon="31.559495"><ele>338.2</ele></trkpt>
    <trkpt lat="36.919700" lon="31.559752"><ele>339.1</ele></trkpt>
    <trkpt lat="36.920000" lon="31.560000"><ele>340.0</ele></trkpt>
    <trkpt lat="36.920183" lon="31.560389"><ele>341.4</ele></trkpt>
    <trkpt lat="36.920363" lon="31.560780"><ele>342.7</ele></trkpt>
    <trkpt lat="36.920542" lon="31.561171"><ele>344.0</ele></trkpt>
    <trkpt lat="36.920724" lon="31.561560"><ele>345.2</ele></trkpt>
    <trkpt lat="36.920910" lon="31.561946"><ele>346.5</ele></trkpt>
    <trkpt lat="36.921103" lon="31.562327"><ele>347.7</ele></trkpt>
    <trkpt lat="36.921303" lon="31.562703"><ele>349.0</ele></trkpt>
    <trkpt lat="36.921510" lon="31.563072"><ele>350.2</ele></trkpt>
    <trkpt lat="36.921725" lon="31.563436"><ele>351.5</ele></trkpt>
    <trkpt lat="36.921944" lon="31.563795"><ele>352.8</ele></trkpt>
    <trkpt lat="36.922167" lon="31.564153"><ele>354.1</ele></trkpt>
    <trkpt lat="36.922389" lon="31.564511"><ele>355.5</ele></trkpt>
    <trkpt lat="36.922607" lon="31.564872"><ele>356.9</ele></trkpt>
    <trkpt lat="36.922818" lon="31.565238"><ele>358.4</ele></trkpt>
    <trkpt lat="36.923019" lon="31.565613"><ele>360.0</ele></trkpt>
    <trkpt lat="36.923206" lon="31.565998"><ele>361.6</ele></trkpt>
    <trkpt lat="36.923380" lon="31.566394"><ele>363.2</ele></trkpt>
    <trkpt lat="36.923539" lon="31.566801"><ele>364.9</ele></trkpt>
    <trkpt lat="36.923687" lon="31.567217"><ele>366.7</ele></trkpt>
    <trkpt lat="36.923824" lon="31.567641"><ele>368.5</ele></trkpt>
    <trkpt lat="36.923956" lon="31.568070"><ele>370.3</ele></trkpt>
    <trkpt lat="36.924086" lon="31.568499"><ele>372.2</ele></trkpt>
    <trkpt lat="36.924222" lon="31.568925"><ele>374.0</ele></trkpt>
    <trkpt lat="36.924366" lon="31.569344"><ele>375.8</ele></trkpt>
    <trkpt lat="36.924526" lon="31.569751"><ele>377.6</ele></trkpt>
    <trkpt lat="36.924704" lon="31.570143"><ele>379.4</ele></trkpt>
    <trkpt lat="36.924903" lon="31.570519"><ele>381.1</ele></trkpt>
    <trkpt lat="36.925124" lon="31.570878"><ele>382.7</ele></trkpt>
    <trkpt lat="36.925366" lon="31.571220"><ele>384.3</ele></trkpt>
    <trkpt lat="36.925626" lon="31.571548"><ele>385.7</ele></trkpt>
    <trkpt lat="36.925900" lon="31.571866"><ele>387.1</ele></trkpt>
    <trkpt lat="36.926180" lon="31.572178"><ele>388.3</ele></trkpt>
    <trkpt lat="36.926461" lon="31.572490"><ele>389.5</ele></trkpt>
    <trkpt lat="36.926735" lon="31.572807"><ele>390.5</ele></trkpt>
    <trkpt lat="36.926994" lon="31.573136"><ele>391.5</ele></trkpt>
    <trkpt lat="36.927232" lon="31.573482"><ele>392.3</ele></trkpt>
    <trkpt lat="36.927443" lon="31.573848"><ele>393.1</ele></trkpt>
    <trkpt lat="36.927626" lon="31.574237"><ele>393.8</ele></trkpt>
    <trkpt lat="36.927778" lon="31.574649"><ele>394.5</ele></trkpt>
    <trkpt lat="36.927902" lon="31.575084"><ele>395.1</ele></trkpt>
    <trkpt lat="36.928002" lon="31.575537"><ele>395.7</ele></trkpt>
    <trkpt lat="36.928085" lon="31.576005"><ele>396.3</ele></trkpt>
    <trkpt lat="36.928157" lon="31.576480"><ele>397.0</ele></trkpt>
    <trkpt lat="36.928229" lon="31.576955"><ele>397.7</ele></trkpt>
    <trkpt lat="36.928310" lon="31.577423"><ele>398.5</ele></trkpt>
    <trkpt lat="36.928410" lon="31.577877"><ele>399.3</ele></trkpt>
    <trkpt lat="36.928536" lon="31.578310"><ele>400.3</ele></trkpt>
    <trkpt lat="36.928695" lon="31.578717"><ele>401.5</ele></trkpt>
    <trkpt lat="36.928892" lon="31.579095"><ele>402.7</ele></trkpt>
    <trkpt lat="36.929126" lon="31.579443"><ele>404.1</ele></trkpt>
    <trkpt lat="36.929396" lon="31.579764"><ele>405.7</ele></trkpt>
    <trkpt lat="36.929697" lon="31.580060"><ele>407.4</ele></trkpt>
    <trkpt lat="36.930021" lon="31.580338"><ele>409.2</ele></trkpt>
    <trkpt lat="36.930358" lon="31.580606"><ele>411.3</ele></trkpt>
    <trkpt lat="36.930697" lon="31.580873"><ele>413.4</ele></trkpt>
    <trkpt lat="36.931025" lon="31.581147"><ele>415.7</ele></trkpt>
    <trkpt lat="36.931333" lon="31.581438"><ele>418.0</ele></trkpt>
    <trkpt lat="36.931609" lon="31.581754"><ele>420.5</ele></trkpt>
    <trkpt lat="36.931846" lon="31.582100"><ele>423.0</ele></trkpt>
    <trkpt lat="36.932038" lon="31.582481"><ele>425.5</ele></trkpt>
    <trkpt lat="36.932186" lon="31.582898"><ele>428.0</ele></trkpt>
    <trkpt lat="36.932290" lon="31.583348"><ele>430.5</ele></trkpt>
    <trkpt lat="36.932356" lon="31.583828"><ele>432.9</ele></trkpt>
    <trkpt lat="36.932394" lon="31.584330"><ele>435.3</ele></trkpt>
    <trkpt lat="36.932414" lon="31.584845"><ele>437.5</ele></trkpt>
    <trkpt lat="36.932431" lon="31.585364"><ele>439.6</ele></trkpt>
    <trkpt lat="36.932457" lon="31.585875"><ele>441.5</ele></trkpt>
    <trkpt lat="36.932506" lon="31.586369"><ele>443.2</ele></trkpt>
    <trkpt lat="36.932591" lon="31.586834"><ele>444.7</ele></trkpt>
    <trkpt lat="36.932719" lon="31.587265"><ele>446.1</ele></trkpt>
    <trkpt lat="36.932898" lon="31.587657"><ele>447.2</ele></trkpt>
    <trkpt lat="36.933130" lon="31.588007"><ele>448.2</ele></trkpt>
    <trkpt lat="36.933412" lon="31.588318"><ele>448.9</ele></trkpt>
    <trkpt lat="36.933739" lon="31.588595"><ele>449.4</ele></trkpt>
    <trkpt lat="36.934100" lon="31.588844"><ele>449.8</ele></trkpt>
    <trkpt lat="36.934483" lon="31.589075"><ele>450.1</ele></trkpt>
    <trkpt lat="36.934873" lon="31.589302"><ele>450.2</ele></trkpt>
    <trkpt lat="36.935255" lon="31.589534"><ele>450.3</ele></trkpt>
    <trkpt lat="36.935613" lon="31.589786"><ele>450.3</ele></trkpt>
    <trkpt lat="36.935934" lon="31.590067"><ele>450.2</ele></trkpt>
    <trkpt lat="36.936206" lon="31.590385"><ele>450.2</ele></trkpt>
    <trkpt lat="36.936423" lon="31.590748"><ele>450.3</ele></trkpt>
    <trkpt lat="36.936580" lon="31.591156"><ele>450.4</ele></trkpt>
    <trkpt lat="36.936680" lon="31.591609"><ele>450.7</ele></trkpt>
    <trkpt lat="36.936730" lon="31.592103"><ele>451.1</ele></trkpt>
    <trkpt lat="36.936738" lon="31.592628"><ele>451.7</ele></trkpt>
    <trkpt lat="36.936719" lon="31.593174"><ele>452.6</ele></trkpt>
    <trkpt lat="36.936689" lon="31.593730"><ele>453.6</ele></trkpt>
    <trkpt lat="36.936665" lon="31.594280"><ele>454.9</ele></trkpt>
    <trkpt lat="36.936665" lon="31.594812"><ele>456.4</ele></trkpt>
    <trkpt lat="36.936703" lon="31.595313"><ele>458.2</ele></trkpt>
    <trkpt lat="36.936793" lon="31.595775"><ele>460.2</ele></trkpt>
    <trkpt lat="36.936943" lon="31.596189"><ele>462.4</ele></trkpt>
    <trkpt lat="36.937158" lon="31.596553"><ele>464.9</ele></trkpt>
    <trkpt lat="36.937435" lon="31.596867"><ele>467.5</ele></trkpt>
    <trkpt lat="36.937771" lon="31.597136"><ele>470.3</ele></trkpt>
    <trkpt lat="36.938153" lon="31.597369"><ele>473.2</ele></trkpt>
    <trkpt lat="36.938568" lon="31.597576"><ele>476.2</ele></trkpt>
    <trkpt lat="36.938999" lon="31.597771"><ele>479.3</ele></trkpt>
    <trkpt lat="36.939426" lon="31.597968"><ele>482.4</ele></trkpt>
    <trkpt lat="36.939831" lon="31.598182"><ele>485.4</ele></trkpt>
    <trkpt lat="36.940198" lon="31.598427"><ele>488.3</ele></trkpt>
    <trkpt lat="36.940511" lon="31.598714"><ele>491.2</ele></trkpt>
    <trkpt lat="36.940760" lon="31.599050"><ele>493.9</ele></trkpt>
    <trkpt lat="36.940941" lon="31.599441"><ele>496.4</ele></trkpt>
    <trkpt lat="36.941053" lon="31.599885"><ele>498.6</ele></trkpt>
    <trkpt lat="36.941101" lon="31.600379"><ele>500.7</ele></trkpt>
    <trkpt lat="36.941097" lon="31.600914"><ele>502.5</ele></trkpt>
    <trkpt lat="36.941055" lon="31.601479"><ele>504.0</ele></trkpt>
    <trkpt lat="36.940992" lon="31.602060"><ele>505.2</ele></trkpt>
    <trkpt lat="36.940929" lon="31.602641"><ele>506.1</ele></trkpt>
    <trkpt lat="36.940885" lon="31.603207"><ele>506.8</ele></trkpt>
    <trkpt lat="36.940879" lon="31.603743"><ele>507.2</ele></trkpt>
    <trkpt lat="36.940928" lon="31.604237"><ele>507.4</ele></trkpt>
    <trkpt lat="36.941042" lon="31.604679"><ele>507.4</ele></trkpt>
    <trkpt lat="36.941228" lon="31.605065"><ele>507.2</ele></trkpt>
    <trkpt lat="36.941487" lon="31.605394"><ele>506.9</ele></trkpt>
    <trkpt lat="36.941815" lon="31.605669"><ele>506.5</ele></trkpt>
    <trkpt lat="36.942202" lon="31.605898"><ele>506.1</ele></trkpt>
    <trkpt lat="36.942632" lon="31.606093"><ele>505.6</ele></trkpt>
    <trkpt lat="36.943087" lon="31.606269"><ele>505.2</ele></trkpt>
    <trkpt lat="36.943547" lon="31.606441"><ele>504.9</ele></trkpt>
    <trkpt lat="36.943990" lon="31.606625"><ele>504.8</ele></trkpt>
    <trkpt lat="36.944397" lon="31.606838"><ele>504.8</ele></trkpt>
    <trkpt lat="36.944751" lon="31.607093"><ele>505.0</ele></trkpt>
    <trkpt lat="36.945038" lon="31.607400"><ele>505.5</ele></trkpt>
    <trkpt lat="36.945251" lon="31.607765"><ele>506.3</ele></trkpt>
    <trkpt lat="36.945387" lon="31.608190"><ele>507.3</ele></trkpt>
    <trkpt lat="36.945450" lon="31.608673"><ele>508.6</ele></trkpt>
    <trkpt lat="36.945450" lon="31.609204"><ele>510.3</ele></trkpt>
    <trkpt lat="36.945402" lon="31.609774"><ele>512.2</ele></trkpt>
    <trkpt lat="36.945323" lon="31.610367"><ele>514.4</ele></trkpt>
    <trkpt lat="36.945235" lon="31.610968"><ele>516.9</ele></trkpt>
    <trkpt lat="36.945160" lon="31.611559"><ele>519.6</ele></trkpt>
    <trkpt lat="36.945118" lon="31.612123"><ele>522.5</ele></trkpt>
    <trkpt lat="36.945128" lon="31.612647"><ele>525.6</ele></trkpt>
    <trkpt lat="36.945204" lon="31.613119"><ele>528.9</ele></trkpt>
    <trkpt lat="36.945356" lon="31.613532"><ele>532.2</ele></trkpt>
    <trkpt lat="36.945586" lon="31.613884"><ele>535.6</ele></trkpt>
    <trkpt lat="36.945893" lon="31.614175"><ele>538.9</ele></trkpt>
    <trkpt lat="36.946267" lon="31.614414"><ele>542.2</ele></trkpt>
    <trkpt lat="36.946694" lon="31.614612"><ele>545.4</ele></trkpt>
    <trkpt lat="36.947156" lon="31.614782"><ele>548.4</ele></trkpt>
    <trkpt lat="36.947632" lon="31.614941"><ele>551.2</ele></trkpt>
    <trkpt lat="36.948100" lon="31.615106"><ele>553.8</ele></trkpt>
    <trkpt lat="36.948538" lon="31.615295"><ele>556.1</ele></trkpt>
    <trkpt lat="36.948926" lon="31.615523"><ele>558.2</ele></trkpt>
    <trkpt lat="36.949250" lon="31.615801"><ele>559.9</ele></trkpt>
    <trkpt lat="36.949498" lon="31.616139"><ele>561.4</ele></trkpt>
    <trkpt lat="36.949667" lon="31.616538"><ele>562.5</ele></trkpt>
    <trkpt lat="36.949757" lon="31.617000"><ele>563.3</ele></trkpt>
    <trkpt lat="36.949777" lon="31.617516"><ele>563.9</ele></trkpt>
    <trkpt lat="36.949740" lon="31.618077"><ele>564.1</ele></trkpt>
    <trkpt lat="36.949663" lon="31.618669"><ele>564.1</ele></trkpt>
    <trkpt lat="36.949567" lon="31.619275"><ele>563.9</ele></trkpt>
    <trkpt lat="36.949476" lon="31.619879"><ele>563.6</ele></trkpt>
    <trkpt lat="36.949410" lon="31.620462"><ele>563.1</ele></trkpt>
    <trkpt lat="36.949391" lon="31.621009"><ele>562.5</ele></trkpt>
    <trkpt lat="36.949433" lon="31.621507"><ele>561.9</ele></trkpt>
    <trkpt lat="36.949549" lon="31.621948"><ele>561.4</ele></trkpt>
    <trkpt lat="36.949746" lon="31.622326"><ele>560.9</ele></trkpt>
    <trkpt lat="36.950021" lon="31.622642"><ele>560.5</ele></trkpt>
    <trkpt lat="36.950369" lon="31.622902"><ele>560.3</ele></trkpt>
    <trkpt lat="36.950777" lon="31.623114"><ele>560.3</ele></trkpt>
    <trkpt lat="36.951228" lon="31.623292"><ele>560.5</ele></trkpt>
    <trkpt lat="36.951703" lon="31.623453"><ele>561.0</ele></trkpt>
    <trkpt lat="36.952178" lon="31.623612"><ele>561.8</ele></trkpt>
    <trkpt lat="36.952632" lon="31.623789"><ele>562.9</ele></trkpt>
    <trkpt lat="36.953044" lon="31.623998"><ele>564.3</ele></trkpt>
    <trkpt lat="36.953397" lon="31.624253"><ele>566.0</ele></trkpt>
    <trkpt lat="36.953679" lon="31.624564"><ele>568.0</ele></trkpt>
    <trkpt lat="36.953883" lon="31.624937"><ele>570.3</ele></trkpt>
    <trkpt lat="36.954007" lon="31.625371"><ele>572.9</ele></trkpt>
    <trkpt lat="36.954058" lon="31.625863"><ele>575.6</ele></trkpt>
    <trkpt lat="36.954047" lon="31.626404"><ele>578.6</ele></trkpt>
    <trkpt lat="36.953989" lon="31.626981"><ele>581.8</ele></trkpt>
    <trkpt lat="36.953904" lon="31.627579"><ele>585.0</ele></trkpt>
    <trkpt lat="36.953814" lon="31.628181"><ele>588.4</ele></trkpt>
    <trkpt lat="36.953741" lon="31.628770"><ele>591.7</ele></trkpt>
    <trkpt lat="36.953705" lon="31.629330"><ele>595.0</ele></trkpt>
    <trkpt lat="36.953723" lon="31.629848"><ele>598.3</ele></trkpt>
    <trkpt lat="36.953809" lon="31.630312"><ele>601.4</ele></trkpt>
    <trkpt lat="36.953971" lon="31.630717"><ele>604.3</ele></trkpt>
    <trkpt lat="36.954211" lon="31.631061"><ele>607.1</ele></trkpt>
    <trkpt lat="36.954523" lon="31.631348"><ele>609.6</ele></trkpt>
    <trkpt lat="36.954899" lon="31.631585"><ele>611.8</ele></trkpt>
    <trkpt lat="36.955324" lon="31.631785"><ele>613.8</ele></trkpt>
    <trkpt lat="36.955779" lon="31.631960"><ele>615.5</ele></trkpt>
    <trkpt lat="36.956244" lon="31.632128"><ele>616.8</ele></trkpt>
    <trkpt lat="36.956697" lon="31.632305"><ele>617.9</ele></trkpt>
    <trkpt lat="36.957117" lon="31.632508"><ele>618.7</ele></trkpt>
    <trkpt lat="36.957488" lon="31.632749"><ele>619.2</ele></trkpt>
    <trkpt lat="36.957796" lon="31.633040"><ele>619.5</ele></trkpt>
    <trkpt lat="36.958031" lon="31.633387"><ele>619.5</ele></trkpt>
    <trkpt lat="36.958192" lon="31.633793"><ele>619.4</ele></trkpt>
    <trkpt lat="36.958281" lon="31.634256"><ele>619.2</ele></trkpt>
    <trkpt lat="36.958306" lon="31.634767"><ele>618.8</ele></trkpt>
    <trkpt lat="36.958282" lon="31.635319"><ele>618.4</ele></trkpt>
    <trkpt lat="36.958224" lon="31.635895"><ele>618.0</ele></trkpt>
    <trkpt lat="36.958154" lon="31.636482"><ele>617.6</ele></trkpt>
    <trkpt lat="36.958090" lon="31.637064"><ele>617.3</ele></trkpt>
    <trkpt lat="36.958054" lon="31.637624"><ele>617.1</ele></trkpt>
    <trkpt lat="36.958062" lon="31.638149"><ele>617.1</ele></trkpt>
    <trkpt lat="36.958128" lon="31.638629"><ele>617.3</ele></trkpt>
    <trkpt lat="36.958262" lon="31.639057"><ele>617.7</ele></trkpt>
    <trkpt lat="36.958466" lon="31.639428"><ele>618.3</ele></trkpt>
    <trkpt lat="36.958740" lon="31.639746"><ele>619.3</ele></trkpt>
    <trkpt lat="36.959076" lon="31.640014"><ele>620.4</ele></trkpt>
    <trkpt lat="36.959462" lon="31.640244"><ele>621.9</ele></trkpt>
    <trkpt lat="36.959883" lon="31.640446"><ele>623.6</ele></trkpt>
    <trkpt lat="36.960320" lon="31.640636"><ele>625.6</ele></trkpt>
    <trkpt lat="36.960754" lon="31.640828"><ele>627.9</ele></trkpt>
    <trkpt lat="36.961166" lon="31.641037"><ele>630.3</ele></trkpt>
    <trkpt lat="36.961539" lon="31.641277"><ele>633.0</ele></trkpt>
    <trkpt lat="36.961860" lon="31.641557"><ele>635.8</ele></trkpt>
    <trkpt lat="36.962119" lon="31.641886"><ele>638.7</ele></trkpt>
    <trkpt lat="36.962312" lon="31.642267"><ele>641.7</ele></trkpt>
    <trkpt lat="36.962439" lon="31.642699"><ele>644.7</ele></trkpt>
    <trkpt lat="36.962507" lon="31.643178"><ele>647.7</ele></trkpt>
    <trkpt lat="36.962525" lon="31.643695"><ele>650.7</ele></trkpt>
    <trkpt lat="36.962508" lon="31.644240"><ele>653.6</ele></trkpt>
    <trkpt lat="36.962473" lon="31.644800"><ele>656.4</ele></trkpt>
    <trkpt lat="36.962437" lon="31.645359"><ele>659.0</ele></trkpt>
    <trkpt lat="36.962418" lon="31.645906"><ele>661.5</ele></trkpt>
    <trkpt lat="36.962432" lon="31.646427"><ele>663.7</ele></trkpt>
    <trkpt lat="36.962493" lon="31.646911"><ele>665.7</ele></trkpt>
    <trkpt lat="36.962609" lon="31.647352"><ele>667.5</ele></trkpt>
    <trkpt lat="36.962785" lon="31.647746"><ele>669.1</ele></trkpt>
    <trkpt lat="36.963022" lon="31.648092"><ele>670.4</ele></trkpt>
    <trkpt lat="36.963315" lon="31.648394"><ele>671.5</ele></trkpt>
    <trkpt lat="36.963656" lon="31.648660"><ele>672.3</ele></trkpt>
    <trkpt lat="36.964031" lon="31.648898"><ele>673.0</ele></trkpt>
    <trkpt lat="36.964426" lon="31.649120"><ele>673.4</ele></trkpt>
    <trkpt lat="36.964824" lon="31.649340"><ele>673.8</ele></trkpt>
    <trkpt lat="36.965210" lon="31.649570"><ele>674.0</ele></trkpt>
    <trkpt lat="36.965568" lon="31.649821"><ele>674.1</ele></trkpt>
    <trkpt lat="36.965887" lon="31.650103"><ele>674.1</ele></trkpt>
    <trkpt lat="36.966157" lon="31.650424"><ele>674.1</ele></trkpt>
    <trkpt lat="36.966372" lon="31.650787"><ele>674.2</ele></trkpt>
    <trkpt lat="36.966533" lon="31.651192"><ele>674.3</ele></trkpt>
    <trkpt lat="36.966643" lon="31.651638"><ele>674.4</ele></trkpt>
    <trkpt lat="36.966708" lon="31.652119"><ele>674.7</ele></trkpt>
    <trkpt lat="36.966741" lon="31.652625"><ele>675.1</ele></trkpt>
    <trkpt lat="36.966753" lon="31.653147"><ele>675.7</ele></trkpt>
    <trkpt lat="36.966760" lon="31.653674"><ele>676.4</ele></trkpt>
    <trkpt lat="36.966775" lon="31.654194"><ele>677.3</ele></trkpt>
    <trkpt lat="36.966813" lon="31.654696"><ele>678.4</ele></trkpt>
    <trkpt lat="36.966884" lon="31.655172"><ele>679.8</ele></trkpt>
    <trkpt lat="36.966997" lon="31.655616"><ele>681.3</ele></trkpt>
    <trkpt lat="36.967157" lon="31.656022"><ele>683.0</ele></trkpt>
    <trkpt lat="36.967365" lon="31.656391"><ele>684.9</ele></trkpt>
    <trkpt lat="36.967618" lon="31.656725"><ele>686.9</ele></trkpt>
    <trkpt lat="36.967911" lon="31.657027"><ele>689.0</ele></trkpt>
    <trkpt lat="36.968235" lon="31.657305"><ele>691.3</ele></trkpt>
    <trkpt lat="36.968578" lon="31.657568"><ele>693.7</ele></trkpt>
    <trkpt lat="36.968928" lon="31.657826"><ele>696.1</ele></trkpt>
    <trkpt lat="36.969272" lon="31.658088"><ele>698.6</ele></trkpt>
    <trkpt lat="36.969599" lon="31.658364"><ele>701.1</ele></trkpt>
    <trkpt lat="36.969898" lon="31.658661"><ele>703.5</ele></trkpt>
    <trkpt lat="36.970163" lon="31.658986"><ele>705.9</ele></trkpt>
    <trkpt lat="36.970388" lon="31.659341"><ele>708.3</ele></trkpt>
    <trkpt lat="36.970573" lon="31.659729"><ele>710.5</ele></trkpt>
    <trkpt lat="36.970718" lon="31.660147"><ele>712.6</ele></trkpt>
    <trkpt lat="36.970829" lon="31.660591"><ele>714.6</ele></trkpt>
    <trkpt lat="36.970914" lon="31.661057"><ele>716.5</ele></trkpt>
    <trkpt lat="36.970981" lon="31.661536"><ele>718.2</ele></trkpt>
    <trkpt lat="36.971041" lon="31.662021"><ele>719.7</ele></trkpt>
    <trkpt lat="36.971105" lon="31.662503"><ele>721.2</ele></trkpt>
    <trkpt lat="36.971181" lon="31.662975"><ele>722.4</ele></trkpt>
    <trkpt lat="36.971280" lon="31.663430"><ele>723.6</ele></trkpt>
    <trkpt lat="36.971406" lon="31.663863"><ele>724.6</ele></trkpt>
    <trkpt lat="36.971564" lon="31.664271"><ele>725.5</ele></trkpt>
    <trkpt lat="36.971755" lon="31.664653"><ele>726.3</ele></trkpt>
    <trkpt lat="36.971977" lon="31.665010"><ele>727.1</ele></trkpt>
    <trkpt lat="36.972228" lon="31.665346"><ele>727.8</ele></trkpt>
    <trkpt lat="36.972500" lon="31.665665"><ele>728.5</ele></trkpt>
    <trkpt lat="36.972787" lon="31.665972"><ele>729.2</ele></trkpt>
    <trkpt lat="36.973080" lon="31.666274"><ele>729.8</ele></trkpt>
    <trkpt lat="36.973371" lon="31.666578"><ele>730.5</ele></trkpt>
    <trkpt lat="36.973652" lon="31.666890"><ele>731.3</ele></trkpt>
    <trkpt lat="36.973916" lon="31.667215"><ele>732.1</ele></trkpt>
    <trkpt lat="36.974160" lon="31.667556"><ele>733.0</ele></trkpt>
    <trkpt lat="36.974379" lon="31.667916"><ele>734.0</ele></trkpt>
    <trkpt lat="36.974573" lon="31.668296"><ele>735.1</ele></trkpt>
    <trkpt lat="36.974743" lon="31.668694"><ele>736.2</ele></trkpt>
    <trkpt lat="36.974893" lon="31.669109"><ele>737.5</ele></trkpt>
    <trkpt lat="36.975026" lon="31.669536"><ele>738.9</ele></trkpt>
    <trkpt lat="36.975149" lon="31.669972"><ele>740.3</ele></trkpt>
    <trkpt lat="36.975268" lon="31.670410"><ele>741.8</ele></trkpt>
    <trkpt lat="36.975389" lon="31.670847"><ele>743.5</ele></trkpt>
    <trkpt lat="36.975518" lon="31.671279"><ele>745.1</ele></trkpt>
    <trkpt lat="36.975658" lon="31.671701"><ele>746.8</ele></trkpt>
    <trkpt lat="36.975814" lon="31.672111"><ele>748.6</ele></trkpt>
    <trkpt lat="36.975986" lon="31.672508"><ele>750.4</ele></trkpt>
    <trkpt lat="36.976175" lon="31.672891"><ele>752.2</ele></trkpt>
    <trkpt lat="36.976380" lon="31.673263"><ele>753.9</ele></trkpt>
    <trkpt lat="36.976597" lon="31.673624"><ele>755.7</ele></trkpt>
    <trkpt lat="36.976824" lon="31.673978"><ele>757.5</ele></trkpt>
    <trkpt lat="36.977056" lon="31.674328"><ele>759.2</ele></trkpt>
    <trkpt lat="36.977290" lon="31.674677"><ele>760.8</ele></trkpt>
    <trkpt lat="36.977521" lon="31.675028"><ele>762.4</ele></trkpt>
    <trkpt lat="36.977745" lon="31.675384"><ele>764.0</ele></trkpt>
    <trkpt lat="36.977961" lon="31.675747"><ele>765.5</ele></trkpt>
    <trkpt lat="36.978168" lon="31.676116"><ele>767.0</ele></trkpt>
    <trkpt lat="36.978365" lon="31.676494"><ele>768.4</ele></trkpt>
    <trkpt lat="36.978553" lon="31.676879"><ele>769.7</ele></trkpt>
    <trkpt lat="36.978734" lon="31.677269"><ele>771.1</ele></trkpt>
    <trkpt lat="36.978910" lon="31.677663"><ele>772.4</ele></trkpt>
    <trkpt lat="36.979084" lon="31.678058"><ele>773.6</ele></trkpt>
    <trkpt lat="36.979259" lon="31.678453"><ele>774.9</ele></trkpt>
    <trkpt lat="36.979436" lon="31.678846"><ele>776.1</ele></trkpt>
    <trkpt lat="36.979618" lon="31.679235"><ele>777.4</ele></trkpt>
    <trkpt lat="36.979806" lon="31.679620"><ele>778.7</ele></trkpt>
    <trkpt lat="36.980000" lon="31.680000"><ele>780.0</ele></trkpt>
    <trkpt lat="36.980214" lon="31.680363"><ele>780.9</ele></trkpt>
    <trkpt lat="36.980425" lon="31.680728"><ele>781.8</ele></trkpt>
    <trkpt lat="36.980634" lon="31.681095"><ele>782.7</ele></trkpt>
    <trkpt lat="36.980845" lon="31.681461"><ele>783.5</ele></trkpt>
    <trkpt lat="36.981059" lon="31.681823"><ele>784.3</ele></trkpt>
    <trkpt lat="36.981279" lon="31.682180"><ele>785.0</ele></trkpt>
    <trkpt lat="36.981505" lon="31.682530"><ele>785.8</ele></trkpt>
    <trkpt lat="36.981739" lon="31.682873"><ele>786.4</ele></trkpt>
    <trkpt lat="36.981981" lon="31.683209"><ele>787.1</ele></trkpt>
    <trkpt lat="36.982228" lon="31.683540"><ele>787.7</ele></trkpt>
    <trkpt lat="36.982479" lon="31.683866"><ele>788.4</ele></trkpt>
    <trkpt lat="36.982731" lon="31.684191"><ele>789.0</ele></trkpt>
    <trkpt lat="36.982981" lon="31.684519"><ele>789.7</ele></trkpt>
    <trkpt lat="36.983226" lon="31.684851"><ele>790.4</ele></trkpt>
    <trkpt lat="36.983462" lon="31.685193"><ele>791.2</ele></trkpt>
    <trkpt lat="36.983686" lon="31.685545"><ele>792.0</ele></trkpt>
    <trkpt lat="36.983897" lon="31.685910"><ele>792.9</ele></trkpt>
    <trkpt lat="36.984095" lon="31.686289"><ele>793.8</ele></trkpt>
    <trkpt lat="36.984279" lon="31.686680"><ele>794.8</ele></trkpt>
    <trkpt lat="36.984453" lon="31.687082"><ele>795.9</ele></trkpt>
    <trkpt lat="36.984619" lon="31.687491"><ele>797.0</ele></trkpt>
    <trkpt lat="36.984781" lon="31.687904"><ele>798.2</ele></trkpt>
    <trkpt lat="36.984945" lon="31.688315"><ele>799.5</ele></trkpt>
    <trkpt lat="36.985116" lon="31.688720"><ele>800.8</ele></trkpt>
    <trkpt lat="36.985298" lon="31.689113"><ele>802.2</ele></trkpt>
    <trkpt lat="36.985496" lon="31.689491"><ele>803.6</ele></trkpt>
    <trkpt lat="36.985714" lon="31.689851"><ele>805.0</ele></trkpt>
    <trkpt lat="36.985952" lon="31.690190"><ele>806.4</ele></trkpt>
    <trkpt lat="36.986211" lon="31.690508"><ele>807.8</ele></trkpt>
    <trkpt lat="36.986489" lon="31.690808"><ele>809.2</ele></trkpt>
    <trkpt lat="36.986783" lon="31.691093"><ele>810.5</ele></trkpt>
    <trkpt lat="36.987087" lon="31.691368"><ele>811.7</ele></trkpt>
    <trkpt lat="36.987395" lon="31.691639"><ele>812.9</ele></trkpt>
    <trkpt lat="36.987700" lon="31.691913"><ele>814.0</ele></trkpt>
    <trkpt lat="36.987995" lon="31.692196"><ele>815.0</ele></trkpt>
    <trkpt lat="36.988273" lon="31.692496"><ele>815.8</ele></trkpt>
    <trkpt lat="36.988528" lon="31.692819"><ele>816.6</ele></trkpt>
    <trkpt lat="36.988757" lon="31.693167"><ele>817.2</ele></trkpt>
    <trkpt lat="36.988958" lon="31.693542"><ele>817.7</ele></trkpt>
    <trkpt lat="36.989130" lon="31.693946"><ele>818.1</ele></trkpt>
    <trkpt lat="36.989276" lon="31.694374"><ele>818.4</ele></trkpt>
    <trkpt lat="36.989402" lon="31.694822"><ele>818.6</ele></trkpt>
    <trkpt lat="36.989514" lon="31.695284"><ele>818.7</ele></trkpt>
    <trkpt lat="36.989620" lon="31.695752"><ele>818.7</ele></trkpt>
    <trkpt lat="36.989730" lon="31.696216"><ele>818.7</ele></trkpt>
    <trkpt lat="36.989852" lon="31.696668"><ele>818.7</ele></trkpt>
    <trkpt lat="36.989996" lon="31.697099"><ele>818.7</ele></trkpt>
    <trkpt lat="36.990168" lon="31.697502"><ele>818.7</ele></trkpt>
    <trkpt lat="36.990373" lon="31.697873"><ele>818.8</ele></trkpt>
    <trkpt lat="36.990614" lon="31.698209"><ele>818.9</ele></trkpt>
    <trkpt lat="36.990891" lon="31.698511"><ele>819.1</ele></trkpt>
    <trkpt lat="36.991200" lon="31.698780"><ele>819.5</ele></trkpt>
    <trkpt lat="36.991536" lon="31.699024"><ele>820.0</ele></trkpt>
    <trkpt lat="36.991890" lon="31.699250"><ele>820.6</ele></trkpt>
    <trkpt lat="36.992252" lon="31.699469"><ele>821.4</ele></trkpt>
    <trkpt lat="36.992611" lon="31.699690"><ele>822.3</ele></trkpt>
    <trkpt lat="36.992956" lon="31.699925"><ele>823.5</ele></trkpt>
    <trkpt lat="36.993277" lon="31.700183"><ele>824.8</ele></trkpt>
    <trkpt lat="36.993565" lon="31.700474"><ele>826.2</ele></trkpt>
    <trkpt lat="36.993813" lon="31.700804"><ele>827.9</ele></trkpt>
    <trkpt lat="36.994018" lon="31.701175"><ele>829.6</ele></trkpt>
    <trkpt lat="36.994180" lon="31.701588"><ele>831.5</ele></trkpt>
    <trkpt lat="36.994303" lon="31.702039"><ele>833.5</ele></trkpt>
    <trkpt lat="36.994394" lon="31.702522"><ele>835.5</ele></trkpt>
    <trkpt lat="36.994461" lon="31.703027"><ele>837.6</ele></trkpt>
    <trkpt lat="36.994517" lon="31.703543"><ele>839.7</ele></trkpt>
    <trkpt lat="36.994574" lon="31.704059"><ele>841.8</ele></trkpt>
    <trkpt lat="36.994646" lon="31.704560"><ele>843.8</ele></trkpt>
    <trkpt lat="36.994744" lon="31.705035"><ele>845.8</ele></trkpt>
    <trkpt lat="36.994879" lon="31.705474"><ele>847.6</ele></trkpt>
    <trkpt lat="36.995060" lon="31.705870"><ele>849.3</ele></trkpt>
    <trkpt lat="36.995289" lon="31.706218"><ele>850.8</ele></trkpt>
    <trkpt lat="36.995567" lon="31.706517"><ele>852.2</ele></trkpt>
    <trkpt lat="36.995892" lon="31.706772"><ele>853.3</ele></trkpt>
    <trkpt lat="36.996255" lon="31.706989"><ele>854.2</ele></trkpt>
    <trkpt lat="36.996647" lon="31.707178"><ele>854.9</ele></trkpt>
    <trkpt lat="36.997055" lon="31.707352"><ele>855.4</ele></trkpt>
    <trkpt lat="36.997463" lon="31.707525"><ele>855.7</ele></trkpt>
    <trkpt lat="36.997858" lon="31.707711"><ele>855.8</ele></trkpt>
    <trkpt lat="36.998225" lon="31.707924"><ele>855.7</ele></trkpt>
    <trkpt lat="36.998553" lon="31.708177"><ele>855.4</ele></trkpt>
    <trkpt lat="36.998831" lon="31.708476"><ele>855.0</ele></trkpt>
    <trkpt lat="36.999055" lon="31.708829"><ele>854.5</ele></trkpt>
    <trkpt lat="36.999223" lon="31.709236"><ele>853.9</ele></trkpt>
    <trkpt lat="36.999339" lon="31.709694"><ele>853.2</ele></trkpt>
    <trkpt lat="36.999410" lon="31.710196"><ele>852.6</ele></trkpt>
    <trkpt lat="36.999447" lon="31.710732"><ele>852.0</ele></trkpt>
    <trkpt lat="36.999463" lon="31.711286"><ele>851.5</ele></trkpt>
    <trkpt lat="36.999476" lon="31.711845"><ele>851.1</ele></trkpt>
    <trkpt lat="36.999500" lon="31.712393"><ele>850.8</ele></trkpt>
    <trkpt lat="36.999552" lon="31.712913"><ele>850.7</ele></trkpt>
    <trkpt lat="36.999646" lon="31.713393"><ele>850.9</ele></trkpt>
    <trkpt lat="36.999791" lon="31.713822"><ele>851.2</ele></trkpt>
    <trkpt lat="36.999996" lon="31.714194"><ele>851.8</ele></trkpt>
    <trkpt lat="37.000261" lon="31.714506"><ele>852.7</ele></trkpt>
    <trkpt lat="37.000585" lon="31.714762"><ele>853.8</ele></trkpt>
    <trkpt lat="37.000960" lon="31.714968"><ele>855.1</ele></trkpt>
    <trkpt lat="37.001374" lon="31.715135"><ele>856.7</ele></trkpt>
    <trkpt lat="37.001814" lon="31.715278"><ele>858.6</ele></trkpt>
    <trkpt lat="37.002262" lon="31.715412"><ele>860.6</ele></trkpt>
    <trkpt lat="37.002700" lon="31.715556"><ele>862.9</ele></trkpt>
    <trkpt lat="37.003112" lon="31.715726"><ele>865.3</ele></trkpt>
    <trkpt lat="37.003481" lon="31.715937"><ele>867.8</ele></trkpt>
    <trkpt lat="37.003797" lon="31.716201"><ele>870.4</ele></trkpt>
    <trkpt lat="37.004050" lon="31.716525"><ele>873.0</ele></trkpt>
    <trkpt lat="37.004238" lon="31.716913"><ele>875.6</ele></trkpt>
    <trkpt lat="37.004363" lon="31.717362"><ele>878.1</ele></trkpt>
    <trkpt lat="37.004431" lon="31.717867"><ele>880.6</ele></trkpt>
    <trkpt lat="37.004453" lon="31.718416"><ele>882.9</ele></trkpt>
    <trkpt lat="37.004446" lon="31.718995"><ele>885.0</ele></trkpt>
    <trkpt lat="37.004425" lon="31.719585"><ele>886.9</ele></trkpt>
    <trkpt lat="37.004412" lon="31.720170"><ele>888.6</ele></trkpt>
    <trkpt lat="37.004422" lon="31.720731"><ele>890.1</ele></trkpt>
    <trkpt lat="37.004474" lon="31.721251"><ele>891.2</ele></trkpt>
    <trkpt lat="37.004582" lon="31.721718"><ele>892.1</ele></trkpt>
    <trkpt lat="37.004753" lon="31.722121"><ele>892.6</ele></trkpt>
    <trkpt lat="37.004993" lon="31.722458"><ele>892.9</ele></trkpt>
    <trkpt lat="37.005301" lon="31.722729"><ele>893.0</ele></trkpt>
    <trkpt lat="37.005671" lon="31.722940"><ele>892.7</ele></trkpt>
    <trkpt lat="37.006091" lon="31.723102"><ele>892.3</ele></trkpt>
    <trkpt lat="37.006547" lon="31.723229"><ele>891.6</ele></trkpt>
    <trkpt lat="37.007019" lon="31.723339"><ele>890.8</ele></trkpt>
    <trkpt lat="37.007489" lon="31.723452"><ele>889.9</ele></trkpt>
    <trkpt lat="37.007938" lon="31.723586"><ele>888.9</ele></trkpt>
    <trkpt lat="37.008346" lon="31.723759"><ele>887.9</ele></trkpt>
    <trkpt lat="37.008700" lon="31.723985"><ele>886.9</ele></trkpt>
    <trkpt lat="37.008989" lon="31.724275"><ele>885.9</ele></trkpt>
    <trkpt lat="37.009206" lon="31.724634"><ele>885.1</ele></trkpt>
    <trkpt lat="37.009353" lon="31.725063"><ele>884.5</ele></trkpt>
    <trkpt lat="37.009433" lon="31.725555"><ele>884.0</ele></trkpt>
    <trkpt lat="37.009459" lon="31.726102"><ele>883.8</ele></trkpt>
    <trkpt lat="37.009444" lon="31.726687"><ele>883.8</ele></trkpt>
    <trkpt lat="37.009407" lon="31.727294"><ele>884.1</ele></trkpt>
    <trkpt lat="37.009369" lon="31.727902"><ele>884.7</ele></trkpt>
    <trkpt lat="37.009349" lon="31.728493"><ele>885.6</ele></trkpt>
    <trkpt lat="37.009366" lon="31.729048"><ele>886.8</ele></trkpt>
    <trkpt lat="37.009436" lon="31.729550"><ele>888.4</ele></trkpt>
    <trkpt lat="37.009572" lon="31.729989"><ele>890.2</ele></trkpt>
    <trkpt lat="37.009779" lon="31.730358"><ele>892.2</ele></trkpt>
    <trkpt lat="37.010061" lon="31.730655"><ele>894.5</ele></trkpt>
    <trkpt lat="37.010411" lon="31.730885"><ele>897.0</ele></trkpt>
    <trkpt lat="37.010820" lon="31.731057"><ele>899.7</ele></trkpt>
    <trkpt lat="37.011274" lon="31.731186"><ele>902.4</ele></trkpt>
    <trkpt lat="37.011754" lon="31.731289"><ele>905.3</ele></trkpt>
    <trkpt lat="37.012241" lon="31.731385"><ele>908.1</ele></trkpt>
    <trkpt lat="37.012713" lon="31.731496"><ele>910.9</ele></trkpt>
    <trkpt lat="37.013152" lon="31.731640"><ele>913.7</ele></trkpt>
    <trkpt lat="37.013539" lon="31.731833"><ele>916.3</ele></trkpt>
    <trkpt lat="37.013863" lon="31.732089"><ele>918.7</ele></trkpt>
    <trkpt lat="37.014115" lon="31.732414"><ele>921.0</ele></trkpt>
    <trkpt lat="37.014292" lon="31.732813"><ele>923.0</ele></trkpt>
    <trkpt lat="37.014398" lon="31.733281"><ele>924.7</ele></trkpt>
    <trkpt lat="37.014442" lon="31.733809"><ele>926.1</ele></trkpt>
    <trkpt lat="37.014437" lon="31.734385"><ele>927.2</ele></trkpt>
    <trkpt lat="37.014402" lon="31.734990"><ele>928.0</ele></trkpt>
    <trkpt lat="37.014355" lon="31.735607"><ele>928.5</ele></trkpt>
    <trkpt lat="37.014319" lon="31.736214"><ele>928.7</ele></trkpt>
    <trkpt lat="37.014312" lon="31.736791"><ele>928.6</ele></trkpt>
    <trkpt lat="37.014353" lon="31.737322"><ele>928.3</ele></trkpt>
    <trkpt lat="37.014456" lon="31.737793"><ele>927.7</ele></trkpt>
    <trkpt lat="37.014629" lon="31.738195"><ele>926.9</ele></trkpt>
    <trkpt lat="37.014877" lon="31.738525"><ele>926.0</ele></trkpt>
    <trkpt lat="37.015197" lon="31.738784"><ele>924.9</ele></trkpt>
    <trkpt lat="37.015581" lon="31.738981"><ele>923.8</ele></trkpt>
    <trkpt lat="37.016017" lon="31.739127"><ele>922.7</ele></trkpt>
    <trkpt lat="37.016487" lon="31.739239"><ele>921.7</ele></trkpt>
    <trkpt lat="37.016973" lon="31.739337"><ele>920.7</ele></trkpt>
    <trkpt lat="37.017454" lon="31.739440"><ele>919.9</ele></trkpt>
    <trkpt lat="37.017909" lon="31.739567"><ele>919.2</ele></trkpt>
    <trkpt lat="37.018320" lon="31.739737"><ele>918.7</ele></trkpt>
    <trkpt lat="37.018673" lon="31.739964"><ele>918.5</ele></trkpt>
    <trkpt lat="37.018958" lon="31.740258"><ele>918.6</ele></trkpt>
    <trkpt lat="37.019170" lon="31.740623"><ele>919.0</ele></trkpt>
    <trkpt lat="37.019309" lon="31.741058"><ele>919.6</ele></trkpt>
    <trkpt lat="37.019383" lon="31.741557"><ele>920.6</ele></trkpt>
    <trkpt lat="37.019404" lon="31.742108"><ele>921.9</ele></trkpt>
    <trkpt lat="37.019386" lon="31.742696"><ele>923.4</ele></trkpt>
    <trkpt lat="37.019349" lon="31.743303"><ele>925.3</ele></trkpt>
    <trkpt lat="37.019313" lon="31.743909"><ele>927.4</ele></trkpt>
    <trkpt lat="37.019298" lon="31.744495"><ele>929.7</ele></trkpt>
    <trkpt lat="37.019322" lon="31.745043"><ele>932.2</ele></trkpt>
    <trkpt lat="37.019401" lon="31.745538"><ele>934.8</ele></trkpt>
    <trkpt lat="37.019544" lon="31.745970"><ele>937.5</ele></trkpt>
    <trkpt lat="37.019757" lon="31.746332"><ele>940.3</ele></trkpt>
    <trkpt lat="37.020042" lon="31.746626"><ele>943.0</ele></trkpt>
    <trkpt lat="37.020392" lon="31.746856"><ele>945.8</ele></trkpt>
    <trkpt lat="37.020796" lon="31.747033"><ele>948.4</ele></trkpt>
    <trkpt lat="37.021241" lon="31.747170"><ele>950.9</ele></trkpt>
    <trkpt lat="37.021709" lon="31.747285"><ele>953.2</ele></trkpt>
    <trkpt lat="37.022180" lon="31.747397"><ele>955.3</ele></trkpt>
    <trkpt lat="37.022635" lon="31.747525"><ele>957.2</ele></trkpt>
    <trkpt lat="37.023056" lon="31.747686"><ele>958.8</ele></trkpt>
    <trkpt lat="37.023427" lon="31.747895"><ele>960.1</ele></trkpt>
    <trkpt lat="37.023738" lon="31.748163"><ele>961.2</ele></trkpt>
    <trkpt lat="37.023982" lon="31.748496"><ele>961.9</ele></trkpt>
    <trkpt lat="37.024157" lon="31.748896"><ele>962.4</ele></trkpt>
    <trkpt lat="37.024269" lon="31.749359"><ele>962.6</ele></trkpt>
    <trkpt lat="37.024325" lon="31.749875"><ele>962.5</ele></trkpt>
    <trkpt lat="37.024340" lon="31.750432"><ele>962.3</ele></trkpt>
    <trkpt lat="37.024330" lon="31.751013"><ele>961.8</ele></trkpt>
    <trkpt lat="37.024312" lon="31.751602"><ele>961.2</ele></trkpt>
    <trkpt lat="37.024305" lon="31.752179"><ele>960.4</ele></trkpt>
    <trkpt lat="37.024328" lon="31.752728"><ele>959.6</ele></trkpt>
    <trkpt lat="37.024395" lon="31.753234"><ele>958.7</ele></trkpt>
    <trkpt lat="37.024517" lon="31.753686"><ele>957.8</ele></trkpt>
    <trkpt lat="37.024702" lon="31.754077"><ele>957.0</ele></trkpt>
    <trkpt lat="37.024951" lon="31.754405"><ele>956.3</ele></trkpt>
    <trkpt lat="37.025262" lon="31.754673"><ele>955.7</ele></trkpt>
    <trkpt lat="37.025628" lon="31.754888"><ele>955.3</ele></trkpt>
    <trkpt lat="37.026035" lon="31.755063"><ele>955.1</ele></trkpt>
    <trkpt lat="37.026469" lon="31.755210"><ele>955.1</ele></trkpt>
    <trkpt lat="37.026914" lon="31.755348"><ele>955.3</ele></trkpt>
    <trkpt lat="37.027351" lon="31.755492"><ele>955.8</ele></trkpt>
    <trkpt lat="37.027765" lon="31.755660"><ele>956.6</ele></trkpt>
    <trkpt lat="37.028140" lon="31.755866"><ele>957.6</ele></trkpt>
    <trkpt lat="37.028465" lon="31.756120"><ele>958.9</ele></trkpt>
    <trkpt lat="37.028734" lon="31.756429"><ele>960.4</ele></trkpt>
    <trkpt lat="37.028942" lon="31.756798"><ele>962.1</ele></trkpt>
    <trkpt lat="37.029092" lon="31.757222"><ele>964.0</ele></trkpt>
    <trkpt lat="37.029190" lon="31.757698"><ele>966.1</ele></trkpt>
    <trkpt lat="37.029247" lon="31.758214"><ele>968.3</ele></trkpt>
    <trkpt lat="37.029276" lon="31.758757"><ele>970.6</ele></trkpt>
    <trkpt lat="37.029292" lon="31.759312"><ele>973.0</ele></trkpt>
    <trkpt lat="37.029311" lon="31.759864"><ele>975.3</ele></trkpt>
    <trkpt lat="37.029350" lon="31.760398"><ele>977.7</ele></trkpt>
    <trkpt lat="37.029421" lon="31.760900"><ele>980.0</ele></trkpt>
    <trkpt lat="37.029536" lon="31.761359"><ele>982.3</ele></trkpt>
    <trkpt lat="37.029702" lon="31.761768"><ele>984.4</ele></trkpt>
    <trkpt lat="37.029923" lon="31.762124"><ele>986.3</ele></trkpt>
    <trkpt lat="37.030197" lon="31.762428"><ele>988.1</ele></trkpt>
    <trkpt lat="37.030520" lon="31.762685"><ele>989.7</ele></trkpt>
    <trkpt lat="37.030882" lon="31.762903"><ele>991.1</ele></trkpt>
    <trkpt lat="37.031272" lon="31.763094"><ele>992.3</ele></trkpt>
    <trkpt lat="37.031676" lon="31.763271"><ele>993.2</ele></trkpt>
    <trkpt lat="37.032080" lon="31.763448"><ele>993.9</ele></trkpt>
    <trkpt lat="37.032469" lon="31.763639"><ele>994.5</ele></trkpt>
    <trkpt lat="37.032831" lon="31.763857"><ele>994.8</ele></trkpt>
    <trkpt lat="37.033156" lon="31.764112"><ele>994.9</ele></trkpt>
    <trkpt lat="37.033436" lon="31.764410"><ele>994.9</ele></trkpt>
    <trkpt lat="37.033668" lon="31.764755"><ele>994.8</ele></trkpt>
    <trkpt lat="37.033852" lon="31.765147"><ele>994.5</ele></trkpt>
    <trkpt lat="37.033992" lon="31.765581"><ele>994.2</ele></trkpt>
    <trkpt lat="37.034096" lon="31.766052"><ele>993.9</ele></trkpt>
    <trkpt lat="37.034172" lon="31.766548"><ele>993.5</ele></trkpt>
    <trkpt lat="37.034235" lon="31.767059"><ele>993.2</ele></trkpt>
    <trkpt lat="37.034295" lon="31.767571"><ele>992.9</ele></trkpt>
    <trkpt lat="37.034365" lon="31.768074"><ele>992.7</ele></trkpt>
    <trkpt lat="37.034458" lon="31.768555"><ele>992.6</ele></trkpt>
    <trkpt lat="37.034581" lon="31.769005"><ele>992.6</ele></trkpt>
    <trkpt lat="37.034743" lon="31.769419"><ele>992.8</ele></trkpt>
    <trkpt lat="37.034946" lon="31.769792"><ele>993.2</ele></trkpt>
    <trkpt lat="37.035191" lon="31.770125"><ele>993.7</ele></trkpt>
    <trkpt lat="37.035474" lon="31.770420"><ele>994.4</ele></trkpt>
    <trkpt lat="37.035789" lon="31.770683"><ele>995.2</ele></trkpt>
    <trkpt lat="37.036129" lon="31.770923"><ele>996.3</ele></trkpt>
    <trkpt lat="37.036483" lon="31.771149"><ele>997.4</ele></trkpt>
    <trkpt lat="37.036840" lon="31.771372"><ele>998.8</ele></trkpt>
    <trkpt lat="37.037191" lon="31.771602"><ele>1000.2</ele></trkpt>
    <trkpt lat="37.037523" lon="31.771848"><ele>1001.8</ele></trkpt>
    <trkpt lat="37.037831" lon="31.772119"><ele>1003.4</ele></trkpt>
    <trkpt lat="37.038108" lon="31.772421"><ele>1005.2</ele></trkpt>
    <trkpt lat="37.038351" lon="31.772755"><ele>1006.9</ele></trkpt>
    <trkpt lat="37.038559" lon="31.773124"><ele>1008.7</ele></trkpt>
    <trkpt lat="37.038735" lon="31.773523"><ele>1010.5</ele></trkpt>
    <trkpt lat="37.038883" lon="31.773950"><ele>1012.2</ele></trkpt>
    <trkpt lat="37.039010" lon="31.774397"><ele>1013.9</ele></trkpt>
    <trkpt lat="37.039126" lon="31.774856"><ele>1015.5</ele></trkpt>
    <trkpt lat="37.039237" lon="31.775318"><ele>1017.0</ele></trkpt>
    <trkpt lat="37.039353" lon="31.775776"><ele>1018.5</ele></trkpt>
    <trkpt lat="37.039482" lon="31.776221"><ele>1019.8</ele></trkpt>
    <trkpt lat="37.039631" lon="31.776648"><ele>1021.0</ele></trkpt>
    <trkpt lat="37.039804" lon="31.777050"><ele>1022.0</ele></trkpt>
    <trkpt lat="37.040004" lon="31.777426"><ele>1023.0</ele></trkpt>
    <trkpt lat="37.040231" lon="31.777776"><ele>1023.8</ele></trkpt>
    <trkpt lat="37.040483" lon="31.778102"><ele>1024.6</ele></trkpt>
    <trkpt lat="37.040757" lon="31.778406"><ele>1025.2</ele></trkpt>
    <trkpt lat="37.041047" lon="31.778694"><ele>1025.7</ele></trkpt>
    <trkpt lat="37.041347" lon="31.778973"><ele>1026.2</ele></trkpt>
    <trkpt lat="37.041649" lon="31.779249"><ele>1026.6</ele></trkpt>
    <trkpt lat="37.041949" lon="31.779529"><ele>1026.9</ele></trkpt>
    <trkpt lat="37.042238" lon="31.779817"><ele>1027.3</ele></trkpt>
    <trkpt lat="37.042513" lon="31.780120"><ele>1027.6</ele></trkpt>
    <trkpt lat="37.042771" lon="31.780440"><ele>1027.9</ele></trkpt>
    <trkpt lat="37.043009" lon="31.780780"><ele>1028.3</ele></trkpt>
    <trkpt lat="37.043227" lon="31.781138"><ele>1028.7</ele></trkpt>
    <trkpt lat="37.043428" lon="31.781513"><ele>1029.1</ele></trkpt>
    <trkpt lat="37.043614" lon="31.781903"><ele>1029.6</ele></trkpt>
    <trkpt lat="37.043789" lon="31.782304"><ele>1030.2</ele></trkpt>
    <trkpt lat="37.043958" lon="31.782710"><ele>1030.8</ele></trkpt>
    <trkpt lat="37.044125" lon="31.783118"><ele>1031.5</ele></trkpt>
    <trkpt lat="37.044297" lon="31.783522"><ele>1032.3</ele></trkpt>
    <trkpt lat="37.044475" lon="31.783920"><ele>1033.1</ele></trkpt>
    <trkpt lat="37.044663" lon="31.784307"><ele>1034.0</ele></trkpt>
    <trkpt lat="37.044863" lon="31.784683"><ele>1035.0</ele></trkpt>
    <trkpt lat="37.045076" lon="31.785047"><ele>1036.0</ele></trkpt>
    <trkpt lat="37.045300" lon="31.785400"><ele>1037.0</ele></trkpt>
    <trkpt lat="37.045534" lon="31.785743"><ele>1038.1</ele></trkpt>
    <trkpt lat="37.045776" lon="31.786078"><ele>1039.2</ele></trkpt>
    <trkpt lat="37.046022" lon="31.786409"><ele>1040.3</ele></trkpt>
    <trkpt lat="37.046270" lon="31.786739"><ele>1041.4</ele></trkpt>
    <trkpt lat="37.046516" lon="31.787070"><ele>1042.5</ele></trkpt>
    <trkpt lat="37.046758" lon="31.787405"><ele>1043.6</ele></trkpt>
    <trkpt lat="37.046994" lon="31.787746"><ele>1044.6</ele></trkpt>
    <trkpt lat="37.047224" lon="31.788094"><ele>1045.6</ele></trkpt>
    <trkpt lat="37.047447" lon="31.788447"><ele>1046.6</ele></trkpt>
    <trkpt lat="37.047664" lon="31.788806"><ele>1047.5</ele></trkpt>
    <trkpt lat="37.047877" lon="31.789170"><ele>1048.4</ele></trkpt>
    <trkpt lat="37.048089" lon="31.789535"><ele>1049.2</ele></trkpt>
    <trkpt lat="37.048300" lon="31.789900"><ele>1050.0</ele></trkpt>
    </trkseg>
  </trk>
</gpx>
