<?xml version="1.0" encoding="UTF-8"?>
<gpx version="1.1" creator="tripplanner (simplified from Strava export)" xmlns="http://www.topografix.com/GPX/1/1">
  <metadata>
    <name>Around Cyprus — Pano Lefkara → Peyia</name>
    <time>2025-12-05T05:31:10Z</time>
  </metadata>
  <trk>
    <name>Around Cyprus — Pano Lefkara → Peyia</name>
    <trkseg>
    <trkpt lat="34.867069" lon="33.304529"><ele>593.0</ele><time>2025-12-05T05:31:10Z</time></trkpt>
    <trkpt lat="34.867503" lon="33.305169"><ele>586.2</ele><time>2025-12-05T05:32:16Z</time></trkpt>
    <trkpt lat="34.867524" lon="33.305398"><ele>584.0</ele><time>2025-12-05T05:32:27Z</time></trkpt>
    <trkpt lat="34.868868" lon="33.305729"><ele>577.2</ele><time>2025-12-05T05:33:08Z</time></trkpt>
    <trkpt lat="34.869403" lon="33.305294"><ele>573.8</ele><time>2025-12-05T05:33:25Z</time></trkpt>
    <trkpt lat="34.869326" lon="33.305222"><ele>573.8</ele><time>2025-12-05T05:33:29Z</time></trkpt>
    <trkpt lat="34.868927" lon="33.304844"><ele>579.4</ele><time>2025-12-05T05:33:53Z</time></trkpt>
    <trkpt lat="34.868502" lon="33.305334"><ele>581.2</ele><time>2025-12-05T05:34:18Z</time></trkpt>
    <trkpt lat="34.868324" lon="33.305294"><ele>582.0</ele><time>2025-12-05T05:34:25Z</time></trkpt>
    <trkpt lat="34.868096" lon="33.304866"><ele>586.8</ele><time>2025-12-05T05:34:45Z</time></trkpt>
    <trkpt lat="34.868361" lon="33.304275"><ele>590.8</ele><time>2025-12-05T05:35:09Z</time></trkpt>
    <trkpt lat="34.867411" lon="33.303305"><ele>604.2</ele><time>2025-12-05T05:36:14Z</time></trkpt>
    <trkpt lat="34.866937" lon="33.303411"><ele>608.6</ele><time>2025-12-05T05:36:38Z</time></trkpt>
    <trkpt lat="34.866820" lon="33.303487"><ele>608.8</ele><time>2025-12-05T05:36:43Z</time></trkpt>
    <trkpt lat="34.863661" lon="33.306553"><ele>611.0</ele><time>2025-12-05T05:38:07Z</time></trkpt>
    <trkpt lat="34.863606" lon="33.306576"><ele>611.0</ele><time>2025-12-05T05:38:08Z</time></trkpt>
    <trkpt lat="34.863214" lon="33.306647"><ele>610.0</ele><time>2025-12-05T05:38:14Z</time></trkpt>
    <trkpt lat="34.862315" lon="33.305801"><ele>606.6</ele><time>2025-12-05T05:38:28Z</time></trkpt>
    <trkpt lat="34.861957" lon="33.305779"><ele>605.8</ele><time>2025-12-05T05:38:32Z</time></trkpt>
    <trkpt lat="34.861515" lon="33.306460"><ele>603.2</ele><time>2025-12-05T05:38:40Z</time></trkpt>
    <trkpt lat="34.861203" lon="33.307423"><ele>602.0</ele><time>2025-12-05T05:38:50Z</time></trkpt>
    <trkpt lat="34.861103" lon="33.307570"><ele>602.0</ele><time>2025-12-05T05:38:52Z</time></trkpt>
    <trkpt lat="34.860384" lon="33.307868"><ele>602.4</ele><time>2025-12-05T05:39:03Z</time></trkpt>
    <trkpt lat="34.859925" lon="33.308879"><ele>603.8</ele><time>2025-12-05T05:39:19Z</time></trkpt>
    <trkpt lat="34.859340" lon="33.309239"><ele>604.2</ele><time>2025-12-05T05:39:30Z</time></trkpt>
    <trkpt lat="34.858865" lon="33.309873"><ele>604.2</ele><time>2025-12-05T05:39:42Z</time></trkpt>
    <trkpt lat="34.858758" lon="33.309937"><ele>604.0</ele><time>2025-12-05T05:39:44Z</time></trkpt>
    <trkpt lat="34.858060" lon="33.310345"><ele>601.0</ele><time>2025-12-05T05:39:55Z</time></trkpt>
    <trkpt lat="34.857717" lon="33.310948"><ele>598.0</ele><time>2025-12-05T05:40:02Z</time></trkpt>
    <trkpt lat="34.857264" lon="33.312307"><ele>588.4</ele><time>2025-12-05T05:40:21Z</time></trkpt>
    <trkpt lat="34.857224" lon="33.312328"><ele>588.0</ele><time>2025-12-05T05:40:22Z</time></trkpt>
    <trkpt lat="34.856676" lon="33.312189"><ele>588.0</ele><time>2025-12-05T05:40:36Z</time></trkpt>
    <trkpt lat="34.855127" lon="33.312290"><ele>585.6</ele><time>2025-12-05T05:41:03Z</time></trkpt>
    <trkpt lat="34.855046" lon="33.312297"><ele>585.2</ele><time>2025-12-05T05:41:04Z</time></trkpt>
    <trkpt lat="34.854374" lon="33.312700"><ele>581.8</ele><time>2025-12-05T05:41:13Z</time></trkpt>
    <trkpt lat="34.853546" lon="33.312662"><ele>578.2</ele><time>2025-12-05T05:41:21Z</time></trkpt>
    <trkpt lat="34.852682" lon="33.313610"><ele>571.6</ele><time>2025-12-05T05:41:31Z</time></trkpt>
    <trkpt lat="34.852136" lon="33.315133"><ele>563.0</ele><time>2025-12-05T05:41:43Z</time></trkpt>
    <trkpt lat="34.851852" lon="33.315558"><ele>560.6</ele><time>2025-12-05T05:41:47Z</time></trkpt>
    <trkpt lat="34.850326" lon="33.315715"><ele>554.6</ele><time>2025-12-05T05:42:00Z</time></trkpt>
    <trkpt lat="34.849792" lon="33.315501"><ele>552.0</ele><time>2025-12-05T05:42:05Z</time></trkpt>
    <trkpt lat="34.849703" lon="33.314914"><ele>550.0</ele><time>2025-12-05T05:42:10Z</time></trkpt>
    <trkpt lat="34.849882" lon="33.314608"><ele>548.8</ele><time>2025-12-05T05:42:13Z</time></trkpt>
    <trkpt lat="34.850387" lon="33.313749"><ele>547.0</ele><time>2025-12-05T05:42:22Z</time></trkpt>
    <trkpt lat="34.850153" lon="33.312557"><ele>546.0</ele><time>2025-12-05T05:42:34Z</time></trkpt>
    <trkpt lat="34.850190" lon="33.312162"><ele>546.0</ele><time>2025-12-05T05:42:38Z</time></trkpt>
    <trkpt lat="34.850977" lon="33.310964"><ele>545.2</ele><time>2025-12-05T05:42:54Z</time></trkpt>
    <trkpt lat="34.850817" lon="33.310637"><ele>544.8</ele><time>2025-12-05T05:42:58Z</time></trkpt>
    <trkpt lat="34.850029" lon="33.310114"><ele>543.4</ele><time>2025-12-05T05:43:09Z</time></trkpt>
    <trkpt lat="34.849996" lon="33.309723"><ele>542.6</ele><time>2025-12-05T05:43:13Z</time></trkpt>
    <trkpt lat="34.851536" lon="33.308397"><ele>533.2</ele><time>2025-12-05T05:43:37Z</time></trkpt>
    <trkpt lat="34.851897" lon="33.307394"><ele>528.4</ele><time>2025-12-05T05:43:51Z</time></trkpt>
    <trkpt lat="34.852244" lon="33.306840"><ele>525.4</ele><time>2025-12-05T05:43:58Z</time></trkpt>
    <trkpt lat="34.852904" lon="33.306211"><ele>521.0</ele><time>2025-12-05T05:44:07Z</time></trkpt>
    <trkpt lat="34.853080" lon="33.305669"><ele>518.4</ele><time>2025-12-05T05:44:14Z</time></trkpt>
    <trkpt lat="34.853006" lon="33.305521"><ele>517.6</ele><time>2025-12-05T05:44:16Z</time></trkpt>
    <trkpt lat="34.852884" lon="33.305462"><ele>517.6</ele><time>2025-12-05T05:44:18Z</time></trkpt>
    <trkpt lat="34.852472" lon="33.305622"><ele>518.2</ele><time>2025-12-05T05:44:26Z</time></trkpt>
    <trkpt lat="34.851815" lon="33.305111"><ele>521.2</ele><time>2025-12-05T05:44:44Z</time></trkpt>
    <trkpt lat="34.851483" lon="33.304048"><ele>526.6</ele><time>2025-12-05T05:45:15Z</time></trkpt>
    <trkpt lat="34.850966" lon="33.303040"><ele>532.8</ele><time>2025-12-05T05:45:54Z</time></trkpt>
    <trkpt lat="34.850937" lon="33.302374"><ele>532.6</ele><time>2025-12-05T05:46:14Z</time></trkpt>
    <trkpt lat="34.850833" lon="33.302379"><ele>532.2</ele><time>2025-12-05T05:46:17Z</time></trkpt>
    <trkpt lat="34.850413" lon="33.302853"><ele>527.2</ele><time>2025-12-05T05:46:26Z</time></trkpt>
    <trkpt lat="34.849916" lon="33.302959"><ele>522.8</ele><time>2025-12-05T05:46:32Z</time></trkpt>
    <trkpt lat="34.848731" lon="33.302538"><ele>515.2</ele><time>2025-12-05T05:46:45Z</time></trkpt>
    <trkpt lat="34.847874" lon="33.301006"><ele>505.0</ele><time>2025-12-05T05:46:59Z</time></trkpt>
    <trkpt lat="34.846655" lon="33.299834"><ele>492.4</ele><time>2025-12-05T05:47:12Z</time></trkpt>
    <trkpt lat="34.845700" lon="33.299738"><ele>486.2</ele><time>2025-12-05T05:47:20Z</time></trkpt>
    <trkpt lat="34.844107" lon="33.300556"><ele>475.2</ele><time>2025-12-05T05:47:33Z</time></trkpt>
    <trkpt lat="34.843617" lon="33.300545"><ele>472.8</ele><time>2025-12-05T05:47:37Z</time></trkpt>
    <trkpt lat="34.843367" lon="33.300249"><ele>470.2</ele><time>2025-12-05T05:47:40Z</time></trkpt>
    <trkpt lat="34.843044" lon="33.299068"><ele>464.4</ele><time>2025-12-05T05:47:48Z</time></trkpt>
    <trkpt lat="34.842340" lon="33.297761"><ele>457.8</ele><time>2025-12-05T05:47:58Z</time></trkpt>
    <trkpt lat="34.842287" lon="33.297353"><ele>455.6</ele><time>2025-12-05T05:48:01Z</time></trkpt>
    <trkpt lat="34.842551" lon="33.296906"><ele>452.6</ele><time>2025-12-05T05:48:05Z</time></trkpt>
    <trkpt lat="34.843770" lon="33.296928"><ele>445.6</ele><time>2025-12-05T05:48:15Z</time></trkpt>
    <trkpt lat="34.844601" lon="33.296655"><ele>441.0</ele><time>2025-12-05T05:48:22Z</time></trkpt>
    <trkpt lat="34.845309" lon="33.296103"><ele>436.8</ele><time>2025-12-05T05:48:29Z</time></trkpt>
    <trkpt lat="34.845718" lon="33.296169"><ele>434.2</ele><time>2025-12-05T05:48:33Z</time></trkpt>
    <trkpt lat="34.846053" lon="33.296788"><ele>430.4</ele><time>2025-12-05T05:48:39Z</time></trkpt>
    <trkpt lat="34.846323" lon="33.296997"><ele>428.4</ele><time>2025-12-05T05:48:42Z</time></trkpt>
    <trkpt lat="34.846658" lon="33.296972"><ele>426.2</ele><time>2025-12-05T05:48:45Z</time></trkpt>
    <trkpt lat="34.847102" lon="33.296869"><ele>422.6</ele><time>2025-12-05T05:48:49Z</time></trkpt>
    <trkpt lat="34.847322" lon="33.296397"><ele>417.2</ele><time>2025-12-05T05:48:53Z</time></trkpt>
    <trkpt lat="34.846769" lon="33.295353"><ele>408.6</ele><time>2025-12-05T05:49:01Z</time></trkpt>
    <trkpt lat="34.846524" lon="33.294570"><ele>404.2</ele><time>2025-12-05T05:49:07Z</time></trkpt>
    <trkpt lat="34.845604" lon="33.294442"><ele>397.0</ele><time>2025-12-05T05:49:15Z</time></trkpt>
    <trkpt lat="34.845038" lon="33.293979"><ele>391.6</ele><time>2025-12-05T05:49:21Z</time></trkpt>
    <trkpt lat="34.844706" lon="33.292949"><ele>383.2</ele><time>2025-12-05T05:49:29Z</time></trkpt>
    <trkpt lat="34.844005" lon="33.291559"><ele>371.6</ele><time>2025-12-05T05:49:40Z</time></trkpt>
    <trkpt lat="34.843948" lon="33.291076"><ele>367.2</ele><time>2025-12-05T05:49:44Z</time></trkpt>
    <trkpt lat="34.844071" lon="33.290687"><ele>364.2</ele><time>2025-12-05T05:49:47Z</time></trkpt>
    <trkpt lat="34.844212" lon="33.290127"><ele>360.8</ele><time>2025-12-05T05:49:51Z</time></trkpt>
    <trkpt lat="34.843598" lon="33.287995"><ele>350.4</ele><time>2025-12-05T05:50:06Z</time></trkpt>
    <trkpt lat="34.843652" lon="33.286784"><ele>346.2</ele><time>2025-12-05T05:50:14Z</time></trkpt>
    <trkpt lat="34.843419" lon="33.285643"><ele>342.0</ele><time>2025-12-05T05:50:22Z</time></trkpt>
    <trkpt lat="34.843138" lon="33.285400"><ele>341.0</ele><time>2025-12-05T05:50:25Z</time></trkpt>
    <trkpt lat="34.843035" lon="33.285358"><ele>341.0</ele><time>2025-12-05T05:50:26Z</time></trkpt>
    <trkpt lat="34.842649" lon="33.285420"><ele>341.0</ele><time>2025-12-05T05:50:30Z</time></trkpt>
    <trkpt lat="34.842018" lon="33.286342"><ele>346.6</ele><time>2025-12-05T05:50:54Z</time></trkpt>
    <trkpt lat="34.841736" lon="33.286532"><ele>348.8</ele><time>2025-12-05T05:51:09Z</time></trkpt>
    <trkpt lat="34.841286" lon="33.286377"><ele>353.0</ele><time>2025-12-05T05:51:33Z</time></trkpt>
    <trkpt lat="34.841087" lon="33.286013"><ele>355.6</ele><time>2025-12-05T05:51:50Z</time></trkpt>
    <trkpt lat="34.840910" lon="33.283600"><ele>364.6</ele><time>2025-12-05T05:53:09Z</time></trkpt>
    <trkpt lat="34.841555" lon="33.280081"><ele>377.0</ele><time>2025-12-05T05:54:52Z</time></trkpt>
    <trkpt lat="34.842043" lon="33.278218"><ele>388.2</ele><time>2025-12-05T05:56:06Z</time></trkpt>
    <trkpt lat="34.841939" lon="33.277247"><ele>395.0</ele><time>2025-12-05T05:56:46Z</time></trkpt>
    <trkpt lat="34.841311" lon="33.275985"><ele>401.4</ele><time>2025-12-05T05:57:42Z</time></trkpt>
    <trkpt lat="34.840917" lon="33.275775"><ele>403.2</ele><time>2025-12-05T05:57:59Z</time></trkpt>
    <trkpt lat="34.840518" lon="33.276022"><ele>405.6</ele><time>2025-12-05T05:58:17Z</time></trkpt>
    <trkpt lat="34.839845" lon="33.277400"><ele>412.4</ele><time>2025-12-05T05:59:10Z</time></trkpt>
    <trkpt lat="34.839796" lon="33.277456"><ele>413.2</ele><time>2025-12-05T05:59:13Z</time></trkpt>
    <trkpt lat="34.839216" lon="33.277503"><ele>417.2</ele><time>2025-12-05T05:59:37Z</time></trkpt>
    <trkpt lat="34.838962" lon="33.277090"><ele>420.4</ele><time>2025-12-05T05:59:55Z</time></trkpt>
    <trkpt lat="34.839012" lon="33.276627"><ele>423.0</ele><time>2025-12-05T06:00:12Z</time></trkpt>
    <trkpt lat="34.839611" lon="33.274919"><ele>432.0</ele><time>2025-12-05T06:01:10Z</time></trkpt>
    <trkpt lat="34.839502" lon="33.272980"><ele>441.6</ele><time>2025-12-05T06:02:11Z</time></trkpt>
    <trkpt lat="34.840483" lon="33.270288"><ele>454.6</ele><time>2025-12-05T06:03:38Z</time></trkpt>
    <trkpt lat="34.841364" lon="33.269130"><ele>462.2</ele><time>2025-12-05T06:04:27Z</time></trkpt>
    <trkpt lat="34.841391" lon="33.268924"><ele>464.0</ele><time>2025-12-05T06:04:36Z</time></trkpt>
    <trkpt lat="34.841128" lon="33.268851"><ele>467.8</ele><time>2025-12-05T06:04:54Z</time></trkpt>
    <trkpt lat="34.840788" lon="33.269336"><ele>473.0</ele><time>2025-12-05T06:05:23Z</time></trkpt>
    <trkpt lat="34.840215" lon="33.269709"><ele>478.8</ele><time>2025-12-05T06:05:58Z</time></trkpt>
    <trkpt lat="34.839259" lon="33.269154"><ele>487.6</ele><time>2025-12-05T06:06:54Z</time></trkpt>
    <trkpt lat="34.838906" lon="33.269121"><ele>490.8</ele><time>2025-12-05T06:07:13Z</time></trkpt>
    <trkpt lat="34.838509" lon="33.269178"><ele>493.2</ele><time>2025-12-05T06:13:20Z</time></trkpt>
    <trkpt lat="34.838815" lon="33.268426"><ele>495.6</ele><time>2025-12-05T06:14:52Z</time></trkpt>
    <trkpt lat="34.839219" lon="33.267925"><ele>498.0</ele><time>2025-12-05T06:15:13Z</time></trkpt>
    <trkpt lat="34.839776" lon="33.267554"><ele>500.4</ele><time>2025-12-05T06:15:32Z</time></trkpt>
    <trkpt lat="34.839914" lon="33.267497"><ele>500.8</ele><time>2025-12-05T06:15:36Z</time></trkpt>
    <trkpt lat="34.841162" lon="33.267090"><ele>498.4</ele><time>2025-12-05T06:16:03Z</time></trkpt>
    <trkpt lat="34.841231" lon="33.267054"><ele>498.0</ele><time>2025-12-05T06:16:04Z</time></trkpt>
    <trkpt lat="34.841611" lon="33.266441"><ele>494.4</ele><time>2025-12-05T06:16:12Z</time></trkpt>
    <trkpt lat="34.841515" lon="33.265942"><ele>493.0</ele><time>2025-12-05T06:16:17Z</time></trkpt>
    <trkpt lat="34.840807" lon="33.265643"><ele>489.4</ele><time>2025-12-05T06:16:25Z</time></trkpt>
    <trkpt lat="34.840542" lon="33.265036"><ele>487.2</ele><time>2025-12-05T06:16:31Z</time></trkpt>
    <trkpt lat="34.841163" lon="33.262919"><ele>480.6</ele><time>2025-12-05T06:16:49Z</time></trkpt>
    <trkpt lat="34.841355" lon="33.261440"><ele>473.4</ele><time>2025-12-05T06:17:00Z</time></trkpt>
    <trkpt lat="34.841868" lon="33.260151"><ele>470.6</ele><time>2025-12-05T06:17:11Z</time></trkpt>
    <trkpt lat="34.841807" lon="33.259503"><ele>469.6</ele><time>2025-12-05T06:17:16Z</time></trkpt>
    <trkpt lat="34.841371" lon="33.257639"><ele>457.6</ele><time>2025-12-05T06:17:29Z</time></trkpt>
    <trkpt lat="34.841338" lon="33.256656"><ele>451.0</ele><time>2025-12-05T06:17:35Z</time></trkpt>
    <trkpt lat="34.841362" lon="33.256486"><ele>450.0</ele><time>2025-12-05T06:17:36Z</time></trkpt>
    <trkpt lat="34.842358" lon="33.252761"><ele>422.8</ele><time>2025-12-05T06:17:57Z</time></trkpt>
    <trkpt lat="34.843196" lon="33.250387"><ele>405.8</ele><time>2025-12-05T06:18:10Z</time></trkpt>
    <trkpt lat="34.843424" lon="33.249735"><ele>404.2</ele><time>2025-12-05T06:18:14Z</time></trkpt>
    <trkpt lat="34.843319" lon="33.248310"><ele>400.0</ele><time>2025-12-05T06:18:24Z</time></trkpt>
    <trkpt lat="34.843418" lon="33.247801"><ele>397.4</ele><time>2025-12-05T06:18:30Z</time></trkpt>
    <trkpt lat="34.843687" lon="33.247416"><ele>395.6</ele><time>2025-12-05T06:18:35Z</time></trkpt>
    <trkpt lat="34.843827" lon="33.247333"><ele>395.0</ele><time>2025-12-05T06:18:37Z</time></trkpt>
    <trkpt lat="34.845555" lon="33.246223"><ele>394.0</ele><time>2025-12-05T06:19:09Z</time></trkpt>
    <trkpt lat="34.846144" lon="33.245860"><ele>395.0</ele><time>2025-12-05T06:19:21Z</time></trkpt>
    <trkpt lat="34.847722" lon="33.244128"><ele>397.8</ele><time>2025-12-05T06:20:02Z</time></trkpt>
    <trkpt lat="34.847761" lon="33.243583"><ele>399.4</ele><time>2025-12-05T06:20:14Z</time></trkpt>
    <trkpt lat="34.847143" lon="33.243286"><ele>403.2</ele><time>2025-12-05T06:20:36Z</time></trkpt>
    <trkpt lat="34.846973" lon="33.243053"><ele>404.6</ele><time>2025-12-05T06:20:45Z</time></trkpt>
    <trkpt lat="34.846691" lon="33.241291"><ele>412.4</ele><time>2025-12-05T06:21:38Z</time></trkpt>
    <trkpt lat="34.846902" lon="33.240842"><ele>414.4</ele><time>2025-12-05T06:21:53Z</time></trkpt>
    <trkpt lat="34.847331" lon="33.240477"><ele>417.4</ele><time>2025-12-05T06:22:11Z</time></trkpt>
    <trkpt lat="34.847649" lon="33.240087"><ele>418.8</ele><time>2025-12-05T06:22:26Z</time></trkpt>
    <trkpt lat="34.847856" lon="33.238978"><ele>418.8</ele><time>2025-12-05T06:22:48Z</time></trkpt>
    <trkpt lat="34.848407" lon="33.238834"><ele>417.6</ele><time>2025-12-05T06:22:57Z</time></trkpt>
    <trkpt lat="34.848714" lon="33.238468"><ele>416.2</ele><time>2025-12-05T06:23:03Z</time></trkpt>
    <trkpt lat="34.848785" lon="33.238029"><ele>415.4</ele><time>2025-12-05T06:23:08Z</time></trkpt>
    <trkpt lat="34.848622" lon="33.237087"><ele>415.0</ele><time>2025-12-05T06:23:19Z</time></trkpt>
    <trkpt lat="34.848781" lon="33.236551"><ele>416.0</ele><time>2025-12-05T06:23:28Z</time></trkpt>
    <trkpt lat="34.849082" lon="33.236229"><ele>418.2</ele><time>2025-12-05T06:23:39Z</time></trkpt>
    <trkpt lat="34.849992" lon="33.235883"><ele>422.6</ele><time>2025-12-05T06:24:08Z</time></trkpt>
    <trkpt lat="34.851080" lon="33.235755"><ele>428.2</ele><time>2025-12-05T06:24:42Z</time></trkpt>
    <trkpt lat="34.851741" lon="33.235762"><ele>427.8</ele><time>2025-12-05T06:24:59Z</time></trkpt>
    <trkpt lat="34.852197" lon="33.235509"><ele>426.8</ele><time>2025-12-05T06:25:09Z</time></trkpt>
    <trkpt lat="34.852959" lon="33.234023"><ele>424.8</ele><time>2025-12-05T06:25:35Z</time></trkpt>
    <trkpt lat="34.853273" lon="33.232426"><ele>423.2</ele><time>2025-12-05T06:25:55Z</time></trkpt>
    <trkpt lat="34.853660" lon="33.231408"><ele>419.4</ele><time>2025-12-05T06:26:06Z</time></trkpt>
    <trkpt lat="34.853761" lon="33.230066"><ele>417.2</ele><time>2025-12-05T06:26:18Z</time></trkpt>
    <trkpt lat="34.853794" lon="33.229518"><ele>418.8</ele><time>2025-12-05T06:26:26Z</time></trkpt>
    <trkpt lat="34.854172" lon="33.228188"><ele>424.6</ele><time>2025-12-05T06:27:01Z</time></trkpt>
    <trkpt lat="34.854250" lon="33.226967"><ele>433.8</ele><time>2025-12-05T06:27:51Z</time></trkpt>
    <trkpt lat="34.854088" lon="33.226128"><ele>436.6</ele><time>2025-12-05T06:28:16Z</time></trkpt>
    <trkpt lat="34.853411" lon="33.223804"><ele>437.4</ele><time>2025-12-05T06:29:00Z</time></trkpt>
    <trkpt lat="34.853143" lon="33.222510"><ele>437.0</ele><time>2025-12-05T06:29:19Z</time></trkpt>
    <trkpt lat="34.852964" lon="33.221541"><ele>434.4</ele><time>2025-12-05T06:29:29Z</time></trkpt>
    <trkpt lat="34.853565" lon="33.219789"><ele>429.4</ele><time>2025-12-05T06:29:45Z</time></trkpt>
    <trkpt lat="34.853519" lon="33.219384"><ele>429.4</ele><time>2025-12-05T06:29:49Z</time></trkpt>
    <trkpt lat="34.853017" lon="33.215541"><ele>447.2</ele><time>2025-12-05T06:31:20Z</time></trkpt>
    <trkpt lat="34.853081" lon="33.214604"><ele>451.6</ele><time>2025-12-05T06:31:47Z</time></trkpt>
    <trkpt lat="34.853155" lon="33.213996"><ele>453.4</ele><time>2025-12-05T06:32:03Z</time></trkpt>
    <trkpt lat="34.853453" lon="33.212902"><ele>453.4</ele><time>2025-12-05T06:32:24Z</time></trkpt>
    <trkpt lat="34.853277" lon="33.211542"><ele>454.0</ele><time>2025-12-05T06:32:44Z</time></trkpt>
    <trkpt lat="34.852825" lon="33.210075"><ele>459.4</ele><time>2025-12-05T06:33:15Z</time></trkpt>
    <trkpt lat="34.852967" lon="33.209509"><ele>461.0</ele><time>2025-12-05T06:33:29Z</time></trkpt>
    <trkpt lat="34.853616" lon="33.208453"><ele>462.4</ele><time>2025-12-05T06:33:54Z</time></trkpt>
    <trkpt lat="34.853876" lon="33.207623"><ele>463.0</ele><time>2025-12-05T06:34:09Z</time></trkpt>
    <trkpt lat="34.853896" lon="33.207022"><ele>462.4</ele><time>2025-12-05T06:34:17Z</time></trkpt>
    <trkpt lat="34.853830" lon="33.206635"><ele>462.4</ele><time>2025-12-05T06:34:23Z</time></trkpt>
    <trkpt lat="34.853562" lon="33.204765"><ele>476.8</ele><time>2025-12-05T06:35:38Z</time></trkpt>
    <trkpt lat="34.853776" lon="33.203937"><ele>482.0</ele><time>2025-12-05T06:36:11Z</time></trkpt>
    <trkpt lat="34.854073" lon="33.203355"><ele>486.4</ele><time>2025-12-05T06:36:37Z</time></trkpt>
    <trkpt lat="34.855066" lon="33.202332"><ele>497.8</ele><time>2025-12-05T06:37:37Z</time></trkpt>
    <trkpt lat="34.855575" lon="33.201099"><ele>506.0</ele><time>2025-12-05T06:38:31Z</time></trkpt>
    <trkpt lat="34.855615" lon="33.199981"><ele>514.2</ele><time>2025-12-05T06:39:17Z</time></trkpt>
    <trkpt lat="34.855747" lon="33.199724"><ele>516.2</ele><time>2025-12-05T06:39:27Z</time></trkpt>
    <trkpt lat="34.856282" lon="33.198873"><ele>519.6</ele><time>2025-12-05T06:39:59Z</time></trkpt>
    <trkpt lat="34.856689" lon="33.198962"><ele>521.0</ele><time>2025-12-05T06:40:13Z</time></trkpt>
    <trkpt lat="34.857174" lon="33.200115"><ele>526.4</ele><time>2025-12-05T06:46:09Z</time></trkpt>
    <trkpt lat="34.857576" lon="33.200571"><ele>529.0</ele><time>2025-12-05T06:46:33Z</time></trkpt>
    <trkpt lat="34.858369" lon="33.200956"><ele>533.2</ele><time>2025-12-05T06:47:08Z</time></trkpt>
    <trkpt lat="34.859615" lon="33.201228"><ele>537.4</ele><time>2025-12-05T06:47:51Z</time></trkpt>
    <trkpt lat="34.860202" lon="33.201706"><ele>539.4</ele><time>2025-12-05T06:48:14Z</time></trkpt>
    <trkpt lat="34.860233" lon="33.201724"><ele>539.6</ele><time>2025-12-05T06:48:15Z</time></trkpt>
    <trkpt lat="34.860486" lon="33.201740"><ele>539.6</ele><time>2025-12-05T06:48:22Z</time></trkpt>
    <trkpt lat="34.861887" lon="33.199806"><ele>534.2</ele><time>2025-12-05T06:48:56Z</time></trkpt>
    <trkpt lat="34.862416" lon="33.198924"><ele>533.4</ele><time>2025-12-05T06:49:10Z</time></trkpt>
    <trkpt lat="34.863163" lon="33.197511"><ele>540.8</ele><time>2025-12-05T06:49:51Z</time></trkpt>
    <trkpt lat="34.863694" lon="33.196883"><ele>544.8</ele><time>2025-12-05T06:50:16Z</time></trkpt>
    <trkpt lat="34.863876" lon="33.196701"><ele>545.2</ele><time>2025-12-05T06:50:23Z</time></trkpt>
    <trkpt lat="34.865902" lon="33.195148"><ele>536.2</ele><time>2025-12-05T06:50:57Z</time></trkpt>
    <trkpt lat="34.867657" lon="33.193698"><ele>545.6</ele><time>2025-12-05T06:52:39Z</time></trkpt>
    <trkpt lat="34.867915" lon="33.193467"><ele>545.6</ele><time>2025-12-05T06:52:48Z</time></trkpt>
    <trkpt lat="34.868511" lon="33.193170"><ele>543.2</ele><time>2025-12-05T06:52:58Z</time></trkpt>
    <trkpt lat="34.868728" lon="33.192772"><ele>541.8</ele><time>2025-12-05T06:53:03Z</time></trkpt>
    <trkpt lat="34.868509" lon="33.191662"><ele>544.8</ele><time>2025-12-05T06:53:20Z</time></trkpt>
    <trkpt lat="34.868502" lon="33.190645"><ele>546.8</ele><time>2025-12-05T06:53:40Z</time></trkpt>
    <trkpt lat="34.868206" lon="33.189889"><ele>544.0</ele><time>2025-12-05T06:53:50Z</time></trkpt>
    <trkpt lat="34.867499" lon="33.189284"><ele>543.0</ele><time>2025-12-05T06:54:02Z</time></trkpt>
    <trkpt lat="34.866037" lon="33.188287"><ele>548.8</ele><time>2025-12-05T06:54:35Z</time></trkpt>
    <trkpt lat="34.865700" lon="33.188052"><ele>547.6</ele><time>2025-12-05T06:54:41Z</time></trkpt>
    <trkpt lat="34.864639" lon="33.186820"><ele>543.4</ele><time>2025-12-05T06:54:59Z</time></trkpt>
    <trkpt lat="34.864598" lon="33.186497"><ele>543.4</ele><time>2025-12-05T06:55:03Z</time></trkpt>
    <trkpt lat="34.864910" lon="33.185758"><ele>548.4</ele><time>2025-12-05T06:55:20Z</time></trkpt>
    <trkpt lat="34.865325" lon="33.185279"><ele>550.8</ele><time>2025-12-05T06:55:37Z</time></trkpt>
    <trkpt lat="34.865198" lon="33.185135"><ele>551.2</ele><time>2025-12-05T06:55:42Z</time></trkpt>
    <trkpt lat="34.864550" lon="33.185036"><ele>554.0</ele><time>2025-12-05T06:56:02Z</time></trkpt>
    <trkpt lat="34.864499" lon="33.184685"><ele>555.4</ele><time>2025-12-05T06:56:11Z</time></trkpt>
    <trkpt lat="34.864731" lon="33.184083"><ele>558.0</ele><time>2025-12-05T06:56:28Z</time></trkpt>
    <trkpt lat="34.864388" lon="33.183721"><ele>560.4</ele><time>2025-12-05T06:56:42Z</time></trkpt>
    <trkpt lat="34.864106" lon="33.182892"><ele>561.8</ele><time>2025-12-05T06:57:08Z</time></trkpt>
    <trkpt lat="34.864115" lon="33.182646"><ele>561.8</ele><time>2025-12-05T06:57:13Z</time></trkpt>
    <trkpt lat="34.864167" lon="33.182465"><ele>560.8</ele><time>2025-12-05T06:57:18Z</time></trkpt>
    <trkpt lat="34.864632" lon="33.182185"><ele>557.0</ele><time>2025-12-05T06:58:19Z</time></trkpt>
    <trkpt lat="34.865004" lon="33.182652"><ele>553.6</ele><time>2025-12-05T06:58:29Z</time></trkpt>
    <trkpt lat="34.865375" lon="33.182966"><ele>550.6</ele><time>2025-12-05T06:58:34Z</time></trkpt>
    <trkpt lat="34.865946" lon="33.182855"><ele>546.4</ele><time>2025-12-05T06:58:40Z</time></trkpt>
    <trkpt lat="34.866474" lon="33.181125"><ele>536.2</ele><time>2025-12-05T06:58:55Z</time></trkpt>
    <trkpt lat="34.867117" lon="33.181234"><ele>532.4</ele><time>2025-12-05T06:59:03Z</time></trkpt>
    <trkpt lat="34.867300" lon="33.180404"><ele>528.0</ele><time>2025-12-05T06:59:11Z</time></trkpt>
    <trkpt lat="34.868117" lon="33.180123"><ele>523.0</ele><time>2025-12-05T06:59:20Z</time></trkpt>
    <trkpt lat="34.868237" lon="33.180020"><ele>521.8</ele><time>2025-12-05T06:59:22Z</time></trkpt>
    <trkpt lat="34.868252" lon="33.179944"><ele>521.8</ele><time>2025-12-05T06:59:23Z</time></trkpt>
    <trkpt lat="34.867451" lon="33.179395"><ele>526.4</ele><time>2025-12-05T06:59:45Z</time></trkpt>
    <trkpt lat="34.866909" lon="33.179612"><ele>528.2</ele><time>2025-12-05T07:00:00Z</time></trkpt>
    <trkpt lat="34.866532" lon="33.179071"><ele>527.2</ele><time>2025-12-05T07:00:10Z</time></trkpt>
    <trkpt lat="34.866593" lon="33.178733"><ele>527.2</ele><time>2025-12-05T07:00:15Z</time></trkpt>
    <trkpt lat="34.867212" lon="33.178416"><ele>530.2</ele><time>2025-12-05T07:00:29Z</time></trkpt>
    <trkpt lat="34.867325" lon="33.178169"><ele>530.2</ele><time>2025-12-05T07:00:34Z</time></trkpt>
    <trkpt lat="34.867400" lon="33.177863"><ele>529.8</ele><time>2025-12-05T07:00:39Z</time></trkpt>
    <trkpt lat="34.867406" lon="33.177560"><ele>529.0</ele><time>2025-12-05T07:00:43Z</time></trkpt>
    <trkpt lat="34.867111" lon="33.177194"><ele>526.8</ele><time>2025-12-05T07:00:49Z</time></trkpt>
    <trkpt lat="34.867019" lon="33.176795"><ele>525.0</ele><time>2025-12-05T07:00:53Z</time></trkpt>
    <trkpt lat="34.867229" lon="33.175562"><ele>518.6</ele><time>2025-12-05T07:01:03Z</time></trkpt>
    <trkpt lat="34.866403" lon="33.174458"><ele>516.2</ele><time>2025-12-05T07:01:17Z</time></trkpt>
    <trkpt lat="34.865799" lon="33.173815"><ele>515.8</ele><time>2025-12-05T07:01:27Z</time></trkpt>
    <trkpt lat="34.865309" lon="33.173011"><ele>514.8</ele><time>2025-12-05T07:01:37Z</time></trkpt>
    <trkpt lat="34.864807" lon="33.172563"><ele>514.8</ele><time>2025-12-05T07:01:45Z</time></trkpt>
    <trkpt lat="34.864691" lon="33.171346"><ele>514.2</ele><time>2025-12-05T07:01:58Z</time></trkpt>
    <trkpt lat="34.864591" lon="33.170951"><ele>514.2</ele><time>2025-12-05T07:02:03Z</time></trkpt>
    <trkpt lat="34.864290" lon="33.169830"><ele>525.2</ele><time>2025-12-05T07:02:37Z</time></trkpt>
    <trkpt lat="34.864347" lon="33.169344"><ele>526.0</ele><time>2025-12-05T07:02:48Z</time></trkpt>
    <trkpt lat="34.864385" lon="33.168668"><ele>522.8</ele><time>2025-12-05T07:02:58Z</time></trkpt>
    <trkpt lat="34.864196" lon="33.168071"><ele>520.2</ele><time>2025-12-05T07:03:08Z</time></trkpt>
    <trkpt lat="34.864284" lon="33.167332"><ele>517.4</ele><time>2025-12-05T07:03:16Z</time></trkpt>
    <trkpt lat="34.864508" lon="33.166792"><ele>515.8</ele><time>2025-12-05T07:03:22Z</time></trkpt>
    <trkpt lat="34.865134" lon="33.166251"><ele>515.2</ele><time>2025-12-05T07:03:32Z</time></trkpt>
    <trkpt lat="34.865265" lon="33.165948"><ele>515.2</ele><time>2025-12-05T07:03:36Z</time></trkpt>
    <trkpt lat="34.864859" lon="33.164465"><ele>522.6</ele><time>2025-12-05T07:04:13Z</time></trkpt>
    <trkpt lat="34.864588" lon="33.162565"><ele>532.4</ele><time>2025-12-05T07:05:16Z</time></trkpt>
    <trkpt lat="34.864590" lon="33.161494"><ele>537.8</ele><time>2025-12-05T07:05:52Z</time></trkpt>
    <trkpt lat="34.864759" lon="33.160729"><ele>541.4</ele><time>2025-12-05T07:06:15Z</time></trkpt>
    <trkpt lat="34.865103" lon="33.159979"><ele>545.2</ele><time>2025-12-05T07:06:41Z</time></trkpt>
    <trkpt lat="34.865005" lon="33.159273"><ele>551.8</ele><time>2025-12-05T07:07:11Z</time></trkpt>
    <trkpt lat="34.866181" lon="33.158522"><ele>564.8</ele><time>2025-12-05T07:08:27Z</time></trkpt>
    <trkpt lat="34.866189" lon="33.158236"><ele>565.8</ele><time>2025-12-05T07:08:38Z</time></trkpt>
    <trkpt lat="34.865944" lon="33.157862"><ele>568.4</ele><time>2025-12-05T07:08:57Z</time></trkpt>
    <trkpt lat="34.866225" lon="33.157426"><ele>574.4</ele><time>2025-12-05T07:09:26Z</time></trkpt>
    <trkpt lat="34.866512" lon="33.157599"><ele>577.6</ele><time>2025-12-05T07:09:46Z</time></trkpt>
    <trkpt lat="34.866728" lon="33.156688"><ele>580.4</ele><time>2025-12-05T07:12:05Z</time></trkpt>
    <trkpt lat="34.866711" lon="33.156578"><ele>580.4</ele><time>2025-12-05T07:12:08Z</time></trkpt>
    <trkpt lat="34.865202" lon="33.154866"><ele>578.8</ele><time>2025-12-05T07:12:45Z</time></trkpt>
    <trkpt lat="34.864906" lon="33.154201"><ele>578.2</ele><time>2025-12-05T07:12:58Z</time></trkpt>
    <trkpt lat="34.864685" lon="33.154123"><ele>577.2</ele><time>2025-12-05T07:13:01Z</time></trkpt>
    <trkpt lat="34.863725" lon="33.154130"><ele>570.2</ele><time>2025-12-05T07:13:11Z</time></trkpt>
    <trkpt lat="34.863095" lon="33.153694"><ele>565.2</ele><time>2025-12-05T07:13:18Z</time></trkpt>
    <trkpt lat="34.862675" lon="33.153620"><ele>562.4</ele><time>2025-12-05T07:13:22Z</time></trkpt>
    <trkpt lat="34.862099" lon="33.153956"><ele>558.4</ele><time>2025-12-05T07:13:28Z</time></trkpt>
    <trkpt lat="34.861559" lon="33.154285"><ele>553.2</ele><time>2025-12-05T07:13:33Z</time></trkpt>
    <trkpt lat="34.860132" lon="33.154824"><ele>543.0</ele><time>2025-12-05T07:13:45Z</time></trkpt>
    <trkpt lat="34.859021" lon="33.154706"><ele>534.6</ele><time>2025-12-05T07:13:55Z</time></trkpt>
    <trkpt lat="34.858115" lon="33.155456"><ele>523.8</ele><time>2025-12-05T07:14:04Z</time></trkpt>
    <trkpt lat="34.857731" lon="33.155770"><ele>521.8</ele><time>2025-12-05T07:14:08Z</time></trkpt>
    <trkpt lat="34.856804" lon="33.156896"><ele>517.8</ele><time>2025-12-05T07:14:20Z</time></trkpt>
    <trkpt lat="34.856251" lon="33.157413"><ele>515.4</ele><time>2025-12-05T07:14:27Z</time></trkpt>
    <trkpt lat="34.855957" lon="33.157667"><ele>515.2</ele><time>2025-12-05T07:14:31Z</time></trkpt>
    <trkpt lat="34.855414" lon="33.157901"><ele>515.4</ele><time>2025-12-05T07:14:39Z</time></trkpt>
    <trkpt lat="34.854730" lon="33.157845"><ele>519.0</ele><time>2025-12-05T07:14:55Z</time></trkpt>
    <trkpt lat="34.853357" lon="33.157616"><ele>526.6</ele><time>2025-12-05T07:15:40Z</time></trkpt>
    <trkpt lat="34.852782" lon="33.157407"><ele>528.4</ele><time>2025-12-05T07:15:56Z</time></trkpt>
    <trkpt lat="34.852590" lon="33.157315"><ele>528.4</ele><time>2025-12-05T07:16:01Z</time></trkpt>
    <trkpt lat="34.851478" lon="33.156597"><ele>525.4</ele><time>2025-12-05T07:16:22Z</time></trkpt>
    <trkpt lat="34.850508" lon="33.155954"><ele>520.0</ele><time>2025-12-05T07:16:33Z</time></trkpt>
    <trkpt lat="34.848834" lon="33.155208"><ele>509.8</ele><time>2025-12-05T07:16:47Z</time></trkpt>
    <trkpt lat="34.847450" lon="33.153783"><ele>498.4</ele><time>2025-12-05T07:17:00Z</time></trkpt>
    <trkpt lat="34.845960" lon="33.153399"><ele>486.4</ele><time>2025-12-05T07:17:15Z</time></trkpt>
    <trkpt lat="34.845948" lon="33.153196"><ele>485.8</ele><time>2025-12-05T07:17:18Z</time></trkpt>
    <trkpt lat="34.846107" lon="33.151478"><ele>491.0</ele><time>2025-12-05T07:17:57Z</time></trkpt>
    <trkpt lat="34.845968" lon="33.150202"><ele>493.4</ele><time>2025-12-05T07:18:24Z</time></trkpt>
    <trkpt lat="34.845280" lon="33.149015"><ele>495.2</ele><time>2025-12-05T07:18:49Z</time></trkpt>
    <trkpt lat="34.845448" lon="33.146970"><ele>505.4</ele><time>2025-12-05T07:19:53Z</time></trkpt>
    <trkpt lat="34.845147" lon="33.145867"><ele>509.6</ele><time>2025-12-05T07:20:28Z</time></trkpt>
    <trkpt lat="34.844760" lon="33.144655"><ele>508.6</ele><time>2025-12-05T07:20:58Z</time></trkpt>
    <trkpt lat="34.844312" lon="33.142572"><ele>503.6</ele><time>2025-12-05T07:21:21Z</time></trkpt>
    <trkpt lat="34.843620" lon="33.139881"><ele>491.8</ele><time>2025-12-05T07:21:41Z</time></trkpt>
    <trkpt lat="34.843317" lon="33.138293"><ele>480.8</ele><time>2025-12-05T07:21:51Z</time></trkpt>
    <trkpt lat="34.843441" lon="33.135456"><ele>462.0</ele><time>2025-12-05T07:22:07Z</time></trkpt>
    <trkpt lat="34.842959" lon="33.132954"><ele>448.0</ele><time>2025-12-05T07:22:22Z</time></trkpt>
    <trkpt lat="34.842901" lon="33.132645"><ele>447.4</ele><time>2025-12-05T07:22:24Z</time></trkpt>
    <trkpt lat="34.842660" lon="33.129011"><ele>445.8</ele><time>2025-12-05T07:22:58Z</time></trkpt>
    <trkpt lat="34.842348" lon="33.127477"><ele>442.0</ele><time>2025-12-05T07:23:14Z</time></trkpt>
    <trkpt lat="34.842354" lon="33.127375"><ele>441.8</ele><time>2025-12-05T07:23:15Z</time></trkpt>
    <trkpt lat="34.842710" lon="33.126341"><ele>438.2</ele><time>2025-12-05T07:23:25Z</time></trkpt>
    <trkpt lat="34.842750" lon="33.124215"><ele>430.0</ele><time>2025-12-05T07:23:43Z</time></trkpt>
    <trkpt lat="34.843575" lon="33.122932"><ele>424.4</ele><time>2025-12-05T07:23:57Z</time></trkpt>
    <trkpt lat="34.843812" lon="33.120782"><ele>410.8</ele><time>2025-12-05T07:24:15Z</time></trkpt>
    <trkpt lat="34.844204" lon="33.119837"><ele>401.8</ele><time>2025-12-05T07:24:24Z</time></trkpt>
    <trkpt lat="34.843908" lon="33.118774"><ele>393.4</ele><time>2025-12-05T07:24:33Z</time></trkpt>
    <trkpt lat="34.843475" lon="33.117968"><ele>385.8</ele><time>2025-12-05T07:24:41Z</time></trkpt>
    <trkpt lat="34.843401" lon="33.117598"><ele>382.2</ele><time>2025-12-05T07:24:45Z</time></trkpt>
    <trkpt lat="34.843162" lon="33.116280"><ele>372.6</ele><time>2025-12-05T07:25:01Z</time></trkpt>
    <trkpt lat="34.843585" lon="33.115727"><ele>368.6</ele><time>2025-12-05T07:25:10Z</time></trkpt>
    <trkpt lat="34.843691" lon="33.115418"><ele>368.6</ele><time>2025-12-05T07:25:15Z</time></trkpt>
    <trkpt lat="34.843889" lon="33.114888"><ele>372.8</ele><time>2025-12-05T07:25:37Z</time></trkpt>
    <trkpt lat="34.844029" lon="33.114163"><ele>373.6</ele><time>2025-12-05T07:26:01Z</time></trkpt>
    <trkpt lat="34.844022" lon="33.113217"><ele>375.8</ele><time>2025-12-05T07:43:21Z</time></trkpt>
    <trkpt lat="34.844854" lon="33.112405"><ele>382.6</ele><time>2025-12-05T07:44:03Z</time></trkpt>
    <trkpt lat="34.844865" lon="33.112262"><ele>383.6</ele><time>2025-12-05T07:44:08Z</time></trkpt>
    <trkpt lat="34.844810" lon="33.111036"><ele>380.6</ele><time>2025-12-05T07:44:27Z</time></trkpt>
    <trkpt lat="34.845258" lon="33.109935"><ele>381.6</ele><time>2025-12-05T07:44:47Z</time></trkpt>
    <trkpt lat="34.845328" lon="33.109172"><ele>381.0</ele><time>2025-12-05T07:44:57Z</time></trkpt>
    <trkpt lat="34.845623" lon="33.108516"><ele>383.0</ele><time>2025-12-05T07:45:09Z</time></trkpt>
    <trkpt lat="34.846126" lon="33.106223"><ele>382.6</ele><time>2025-12-05T07:45:41Z</time></trkpt>
    <trkpt lat="34.846199" lon="33.105164"><ele>384.0</ele><time>2025-12-05T07:45:55Z</time></trkpt>
    <trkpt lat="34.846174" lon="33.104919"><ele>384.2</ele><time>2025-12-05T07:45:59Z</time></trkpt>
    <trkpt lat="34.845844" lon="33.103802"><ele>391.8</ele><time>2025-12-05T07:46:34Z</time></trkpt>
    <trkpt lat="34.845864" lon="33.102855"><ele>400.2</ele><time>2025-12-05T07:47:13Z</time></trkpt>
    <trkpt lat="34.846983" lon="33.099968"><ele>413.0</ele><time>2025-12-05T07:48:48Z</time></trkpt>
    <trkpt lat="34.847139" lon="33.098176"><ele>423.4</ele><time>2025-12-05T07:49:44Z</time></trkpt>
    <trkpt lat="34.847166" lon="33.097792"><ele>423.4</ele><time>2025-12-05T07:49:52Z</time></trkpt>
    <trkpt lat="34.846962" lon="33.096569"><ele>418.4</ele><time>2025-12-05T07:50:06Z</time></trkpt>
    <trkpt lat="34.847396" lon="33.095375"><ele>416.6</ele><time>2025-12-05T07:50:19Z</time></trkpt>
    <trkpt lat="34.847811" lon="33.095048"><ele>417.2</ele><time>2025-12-05T07:50:27Z</time></trkpt>
    <trkpt lat="34.848436" lon="33.094572"><ele>421.6</ele><time>2025-12-05T07:50:44Z</time></trkpt>
    <trkpt lat="34.848726" lon="33.093871"><ele>424.6</ele><time>2025-12-05T07:51:02Z</time></trkpt>
    <trkpt lat="34.848225" lon="33.092685"><ele>435.6</ele><time>2025-12-05T07:51:54Z</time></trkpt>
    <trkpt lat="34.848738" lon="33.090765"><ele>450.6</ele><time>2025-12-05T07:53:26Z</time></trkpt>
    <trkpt lat="34.848593" lon="33.089374"><ele>459.8</ele><time>2025-12-05T07:54:21Z</time></trkpt>
    <trkpt lat="34.848584" lon="33.089215"><ele>460.6</ele><time>2025-12-05T07:54:27Z</time></trkpt>
    <trkpt lat="34.848891" lon="33.088149"><ele>461.0</ele><time>2025-12-05T07:54:54Z</time></trkpt>
    <trkpt lat="34.848534" lon="33.084237"><ele>479.6</ele><time>2025-12-05T07:56:47Z</time></trkpt>
    <trkpt lat="34.848363" lon="33.083478"><ele>485.6</ele><time>2025-12-05T07:57:19Z</time></trkpt>
    <trkpt lat="34.848483" lon="33.080760"><ele>496.4</ele><time>2025-12-05T07:58:42Z</time></trkpt>
    <trkpt lat="34.848371" lon="33.079664"><ele>496.6</ele><time>2025-12-05T07:59:06Z</time></trkpt>
    <trkpt lat="34.848763" lon="33.076708"><ele>505.6</ele><time>2025-12-05T08:00:16Z</time></trkpt>
    <trkpt lat="34.849423" lon="33.074415"><ele>519.2</ele><time>2025-12-05T08:01:49Z</time></trkpt>
    <trkpt lat="34.849575" lon="33.072597"><ele>536.6</ele><time>2025-12-05T08:03:20Z</time></trkpt>
    <trkpt lat="34.849513" lon="33.070435"><ele>562.4</ele><time>2025-12-05T08:05:25Z</time></trkpt>
    <trkpt lat="34.849774" lon="33.067696"><ele>585.2</ele><time>2025-12-05T08:07:47Z</time></trkpt>
    <trkpt lat="34.850062" lon="33.066047"><ele>597.6</ele><time>2025-12-05T08:08:59Z</time></trkpt>
    <trkpt lat="34.850320" lon="33.064881"><ele>596.4</ele><time>2025-12-05T08:09:21Z</time></trkpt>
    <trkpt lat="34.850515" lon="33.064028"><ele>591.0</ele><time>2025-12-05T08:09:28Z</time></trkpt>
    <trkpt lat="34.850506" lon="33.062656"><ele>582.8</ele><time>2025-12-05T08:09:37Z</time></trkpt>
    <trkpt lat="34.850696" lon="33.061562"><ele>577.0</ele><time>2025-12-05T08:09:44Z</time></trkpt>
    <trkpt lat="34.851078" lon="33.059910"><ele>573.8</ele><time>2025-12-05T08:09:56Z</time></trkpt>
    <trkpt lat="34.851056" lon="33.059468"><ele>573.8</ele><time>2025-12-05T08:10:00Z</time></trkpt>
    <trkpt lat="34.850889" lon="33.058336"><ele>584.2</ele><time>2025-12-05T08:10:31Z</time></trkpt>
    <trkpt lat="34.850891" lon="33.058279"><ele>584.2</ele><time>2025-12-05T08:10:33Z</time></trkpt>
    <trkpt lat="34.851237" lon="33.057507"><ele>583.0</ele><time>2025-12-05T08:10:50Z</time></trkpt>
    <trkpt lat="34.851368" lon="33.056842"><ele>582.0</ele><time>2025-12-05T08:10:59Z</time></trkpt>
    <trkpt lat="34.851073" lon="33.054723"><ele>578.0</ele><time>2025-12-05T08:11:23Z</time></trkpt>
    <trkpt lat="34.851091" lon="33.054106"><ele>577.4</ele><time>2025-12-05T08:11:29Z</time></trkpt>
    <trkpt lat="34.851146" lon="33.053619"><ele>577.4</ele><time>2025-12-05T08:11:34Z</time></trkpt>
    <trkpt lat="34.851295" lon="33.053157"><ele>578.2</ele><time>2025-12-05T08:11:40Z</time></trkpt>
    <trkpt lat="34.851910" lon="33.052622"><ele>579.2</ele><time>2025-12-05T08:11:53Z</time></trkpt>
    <trkpt lat="34.852515" lon="33.052218"><ele>581.6</ele><time>2025-12-05T08:12:08Z</time></trkpt>
    <trkpt lat="34.853162" lon="33.052090"><ele>582.6</ele><time>2025-12-05T08:12:22Z</time></trkpt>
    <trkpt lat="34.853028" lon="33.051757"><ele>582.6</ele><time>2025-12-05T08:12:29Z</time></trkpt>
    <trkpt lat="34.852449" lon="33.051321"><ele>588.6</ele><time>2025-12-05T08:12:58Z</time></trkpt>
    <trkpt lat="34.852500" lon="33.050712"><ele>591.6</ele><time>2025-12-05T08:13:19Z</time></trkpt>
    <trkpt lat="34.852828" lon="33.049616"><ele>596.6</ele><time>2025-12-05T08:13:57Z</time></trkpt>
    <trkpt lat="34.852866" lon="33.048790"><ele>603.0</ele><time>2025-12-05T08:14:29Z</time></trkpt>
    <trkpt lat="34.853812" lon="33.047716"><ele>615.2</ele><time>2025-12-05T08:15:38Z</time></trkpt>
    <trkpt lat="34.853843" lon="33.047690"><ele>615.2</ele><time>2025-12-05T08:19:43Z</time></trkpt>
    <trkpt lat="34.853901" lon="33.047248"><ele>614.4</ele><time>2025-12-05T08:19:51Z</time></trkpt>
    <trkpt lat="34.854232" lon="33.045980"><ele>606.2</ele><time>2025-12-05T08:20:01Z</time></trkpt>
    <trkpt lat="34.854632" lon="33.045681"><ele>603.8</ele><time>2025-12-05T08:20:05Z</time></trkpt>
    <trkpt lat="34.854814" lon="33.045368"><ele>603.8</ele><time>2025-12-05T08:20:08Z</time></trkpt>
    <trkpt lat="34.854410" lon="33.044346"><ele>612.2</ele><time>2025-12-05T08:20:31Z</time></trkpt>
    <trkpt lat="34.854321" lon="33.044350"><ele>613.2</ele><time>2025-12-05T08:20:34Z</time></trkpt>
    <trkpt lat="34.853357" lon="33.044866"><ele>612.8</ele><time>2025-12-05T08:20:55Z</time></trkpt>
    <trkpt lat="34.852644" lon="33.044513"><ele>613.0</ele><time>2025-12-05T08:21:09Z</time></trkpt>
    <trkpt lat="34.852108" lon="33.043493"><ele>610.0</ele><time>2025-12-05T08:21:21Z</time></trkpt>
    <trkpt lat="34.852014" lon="33.043138"><ele>610.0</ele><time>2025-12-05T08:21:25Z</time></trkpt>
    <trkpt lat="34.851870" lon="33.042449"><ele>611.6</ele><time>2025-12-05T08:21:34Z</time></trkpt>
    <trkpt lat="34.851176" lon="33.041539"><ele>618.4</ele><time>2025-12-05T08:22:05Z</time></trkpt>
    <trkpt lat="34.850974" lon="33.040617"><ele>624.2</ele><time>2025-12-05T08:22:37Z</time></trkpt>
    <trkpt lat="34.850764" lon="33.036974"><ele>645.0</ele><time>2025-12-05T08:24:50Z</time></trkpt>
    <trkpt lat="34.850875" lon="33.036106"><ele>650.4</ele><time>2025-12-05T08:25:23Z</time></trkpt>
    <trkpt lat="34.851237" lon="33.035749"><ele>653.0</ele><time>2025-12-05T08:25:43Z</time></trkpt>
    <trkpt lat="34.851025" lon="33.035281"><ele>656.2</ele><time>2025-12-05T08:26:03Z</time></trkpt>
    <trkpt lat="34.850925" lon="33.034561"><ele>661.8</ele><time>2025-12-05T08:26:33Z</time></trkpt>
    <trkpt lat="34.850373" lon="33.033680"><ele>667.4</ele><time>2025-12-05T08:27:15Z</time></trkpt>
    <trkpt lat="34.850342" lon="33.032890"><ele>673.0</ele><time>2025-12-05T08:27:44Z</time></trkpt>
    <trkpt lat="34.850229" lon="33.031998"><ele>675.0</ele><time>2025-12-05T08:28:14Z</time></trkpt>
    <trkpt lat="34.849978" lon="33.031649"><ele>673.0</ele><time>2025-12-05T08:28:26Z</time></trkpt>
    <trkpt lat="34.850249" lon="33.031251"><ele>672.0</ele><time>2025-12-05T08:28:38Z</time></trkpt>
    <trkpt lat="34.850616" lon="33.030228"><ele>671.8</ele><time>2025-12-05T08:29:02Z</time></trkpt>
    <trkpt lat="34.850472" lon="33.030123"><ele>672.0</ele><time>2025-12-05T08:29:08Z</time></trkpt>
    <trkpt lat="34.850382" lon="33.030141"><ele>672.2</ele><time>2025-12-05T08:29:11Z</time></trkpt>
    <trkpt lat="34.850062" lon="33.030423"><ele>674.8</ele><time>2025-12-05T08:29:25Z</time></trkpt>
    <trkpt lat="34.849965" lon="33.030279"><ele>675.4</ele><time>2025-12-05T08:29:30Z</time></trkpt>
    <trkpt lat="34.850113" lon="33.029718"><ele>676.4</ele><time>2025-12-05T08:29:45Z</time></trkpt>
    <trkpt lat="34.850028" lon="33.027684"><ele>680.8</ele><time>2025-12-05T08:30:29Z</time></trkpt>
    <trkpt lat="34.850027" lon="33.027601"><ele>681.2</ele><time>2025-12-05T08:30:31Z</time></trkpt>
    <trkpt lat="34.849820" lon="33.027007"><ele>684.4</ele><time>2025-12-05T08:30:50Z</time></trkpt>
    <trkpt lat="34.849594" lon="33.024533"><ele>702.4</ele><time>2025-12-05T08:32:33Z</time></trkpt>
    <trkpt lat="34.850488" lon="33.023126"><ele>712.6</ele><time>2025-12-05T08:33:39Z</time></trkpt>
    <trkpt lat="34.850287" lon="33.022230"><ele>720.4</ele><time>2025-12-05T08:34:18Z</time></trkpt>
    <trkpt lat="34.850167" lon="33.022138"><ele>721.4</ele><time>2025-12-05T08:34:25Z</time></trkpt>
    <trkpt lat="34.850014" lon="33.022037"><ele>721.4</ele><time>2025-12-05T08:34:32Z</time></trkpt>
    <trkpt lat="34.849862" lon="33.021331"><ele>721.6</ele><time>2025-12-05T08:35:38Z</time></trkpt>
    <trkpt lat="34.849739" lon="33.019147"><ele>717.4</ele><time>2025-12-05T08:37:25Z</time></trkpt>
    <trkpt lat="34.849741" lon="33.018942"><ele>716.4</ele><time>2025-12-05T08:37:27Z</time></trkpt>
    <trkpt lat="34.849968" lon="33.015446"><ele>700.6</ele><time>2025-12-05T08:37:53Z</time></trkpt>
    <trkpt lat="34.849895" lon="33.014140"><ele>694.8</ele><time>2025-12-05T08:38:01Z</time></trkpt>
    <trkpt lat="34.849742" lon="33.012327"><ele>680.0</ele><time>2025-12-05T08:38:15Z</time></trkpt>
    <trkpt lat="34.849733" lon="33.012228"><ele>679.2</ele><time>2025-12-05T08:38:17Z</time></trkpt>
    <trkpt lat="34.849960" lon="33.012033"><ele>677.8</ele><time>2025-12-05T08:38:23Z</time></trkpt>
    <trkpt lat="34.850948" lon="33.011743"><ele>675.4</ele><time>2025-12-05T08:38:38Z</time></trkpt>
    <trkpt lat="34.851144" lon="33.011232"><ele>673.6</ele><time>2025-12-05T08:38:46Z</time></trkpt>
    <trkpt lat="34.851658" lon="33.011374"><ele>672.0</ele><time>2025-12-05T08:38:53Z</time></trkpt>
    <trkpt lat="34.851963" lon="33.011204"><ele>671.2</ele><time>2025-12-05T08:38:57Z</time></trkpt>
    <trkpt lat="34.852220" lon="33.010536"><ele>669.0</ele><time>2025-12-05T08:39:04Z</time></trkpt>
    <trkpt lat="34.852235" lon="33.010419"><ele>668.6</ele><time>2025-12-05T08:39:05Z</time></trkpt>
    <trkpt lat="34.852252" lon="33.009612"><ele>664.0</ele><time>2025-12-05T08:39:12Z</time></trkpt>
    <trkpt lat="34.852455" lon="33.009211"><ele>661.2</ele><time>2025-12-05T08:39:16Z</time></trkpt>
    <trkpt lat="34.852294" lon="33.008717"><ele>657.8</ele><time>2025-12-05T08:39:21Z</time></trkpt>
    <trkpt lat="34.851555" lon="33.008517"><ele>651.2</ele><time>2025-12-05T08:39:30Z</time></trkpt>
    <trkpt lat="34.851248" lon="33.007642"><ele>644.4</ele><time>2025-12-05T08:39:38Z</time></trkpt>
    <trkpt lat="34.850667" lon="33.006937"><ele>639.2</ele><time>2025-12-05T08:39:46Z</time></trkpt>
    <trkpt lat="34.850649" lon="33.005764"><ele>633.2</ele><time>2025-12-05T08:39:56Z</time></trkpt>
    <trkpt lat="34.850588" lon="33.005376"><ele>631.6</ele><time>2025-12-05T08:39:59Z</time></trkpt>
    <trkpt lat="34.850076" lon="33.004112"><ele>627.0</ele><time>2025-12-05T08:40:10Z</time></trkpt>
    <trkpt lat="34.850306" lon="33.003167"><ele>623.2</ele><time>2025-12-05T08:40:18Z</time></trkpt>
    <trkpt lat="34.850013" lon="33.002032"><ele>617.4</ele><time>2025-12-05T08:40:28Z</time></trkpt>
    <trkpt lat="34.850415" lon="33.001166"><ele>612.2</ele><time>2025-12-05T08:40:37Z</time></trkpt>
    <trkpt lat="34.849845" lon="33.000116"><ele>611.0</ele><time>2025-12-05T08:40:49Z</time></trkpt>
    <trkpt lat="34.849780" lon="32.999451"><ele>609.4</ele><time>2025-12-05T08:40:55Z</time></trkpt>
    <trkpt lat="34.849851" lon="32.999028"><ele>608.2</ele><time>2025-12-05T08:40:59Z</time></trkpt>
    <trkpt lat="34.849987" lon="32.998860"><ele>607.6</ele><time>2025-12-05T08:41:01Z</time></trkpt>
    <trkpt lat="34.850251" lon="32.998596"><ele>605.4</ele><time>2025-12-05T08:41:04Z</time></trkpt>
    <trkpt lat="34.850325" lon="32.998175"><ele>602.0</ele><time>2025-12-05T08:41:07Z</time></trkpt>
    <trkpt lat="34.849961" lon="32.997119"><ele>597.0</ele><time>2025-12-05T08:41:15Z</time></trkpt>
    <trkpt lat="34.849430" lon="32.996668"><ele>593.6</ele><time>2025-12-05T08:41:21Z</time></trkpt>
    <trkpt lat="34.849320" lon="32.996383"><ele>592.2</ele><time>2025-12-05T08:41:24Z</time></trkpt>
    <trkpt lat="34.850129" lon="32.995189"><ele>586.2</ele><time>2025-12-05T08:41:37Z</time></trkpt>
    <trkpt lat="34.849835" lon="32.994466"><ele>582.6</ele><time>2025-12-05T08:41:44Z</time></trkpt>
    <trkpt lat="34.849998" lon="32.993527"><ele>577.6</ele><time>2025-12-05T08:41:52Z</time></trkpt>
    <trkpt lat="34.849519" lon="32.992155"><ele>569.8</ele><time>2025-12-05T08:42:03Z</time></trkpt>
    <trkpt lat="34.849898" lon="32.991349"><ele>566.4</ele><time>2025-12-05T08:42:11Z</time></trkpt>
    <trkpt lat="34.849953" lon="32.990888"><ele>564.2</ele><time>2025-12-05T08:42:16Z</time></trkpt>
    <trkpt lat="34.850825" lon="32.990721"><ele>560.2</ele><time>2025-12-05T08:42:26Z</time></trkpt>
    <trkpt lat="34.851572" lon="32.990275"><ele>556.4</ele><time>2025-12-05T08:42:34Z</time></trkpt>
    <trkpt lat="34.851901" lon="32.989837"><ele>553.6</ele><time>2025-12-05T08:42:39Z</time></trkpt>
    <trkpt lat="34.852450" lon="32.989668"><ele>549.6</ele><time>2025-12-05T08:42:45Z</time></trkpt>
    <trkpt lat="34.852601" lon="32.988589"><ele>542.6</ele><time>2025-12-05T08:42:53Z</time></trkpt>
    <trkpt lat="34.852671" lon="32.988226"><ele>542.0</ele><time>2025-12-05T08:42:56Z</time></trkpt>
    <trkpt lat="34.852953" lon="32.987880"><ele>541.6</ele><time>2025-12-05T08:43:00Z</time></trkpt>
    <trkpt lat="34.853648" lon="32.987459"><ele>538.2</ele><time>2025-12-05T08:43:07Z</time></trkpt>
    <trkpt lat="34.853933" lon="32.986945"><ele>536.6</ele><time>2025-12-05T08:43:12Z</time></trkpt>
    <trkpt lat="34.853447" lon="32.985840"><ele>534.0</ele><time>2025-12-05T08:43:23Z</time></trkpt>
    <trkpt lat="34.852795" lon="32.985118"><ele>531.8</ele><time>2025-12-05T08:43:32Z</time></trkpt>
    <trkpt lat="34.852148" lon="32.984793"><ele>529.8</ele><time>2025-12-05T08:43:40Z</time></trkpt>
    <trkpt lat="34.851646" lon="32.983430"><ele>527.0</ele><time>2025-12-05T08:43:54Z</time></trkpt>
    <trkpt lat="34.851683" lon="32.982225"><ele>524.6</ele><time>2025-12-05T08:44:06Z</time></trkpt>
    <trkpt lat="34.851479" lon="32.981600"><ele>521.0</ele><time>2025-12-05T08:44:12Z</time></trkpt>
    <trkpt lat="34.851122" lon="32.981353"><ele>518.6</ele><time>2025-12-05T08:44:17Z</time></trkpt>
    <trkpt lat="34.850359" lon="32.981292"><ele>513.0</ele><time>2025-12-05T08:44:26Z</time></trkpt>
    <trkpt lat="34.849940" lon="32.980644"><ele>507.8</ele><time>2025-12-05T08:44:33Z</time></trkpt>
    <trkpt lat="34.849278" lon="32.979745"><ele>494.0</ele><time>2025-12-05T08:44:43Z</time></trkpt>
    <trkpt lat="34.849343" lon="32.978897"><ele>486.6</ele><time>2025-12-05T08:44:51Z</time></trkpt>
    <trkpt lat="34.849464" lon="32.978696"><ele>484.6</ele><time>2025-12-05T08:44:53Z</time></trkpt>
    <trkpt lat="34.849927" lon="32.978132"><ele>482.8</ele><time>2025-12-05T08:45:00Z</time></trkpt>
    <trkpt lat="34.849834" lon="32.977872"><ele>482.8</ele><time>2025-12-05T08:45:04Z</time></trkpt>
    <trkpt lat="34.849797" lon="32.977846"><ele>483.4</ele><time>2025-12-05T08:45:05Z</time></trkpt>
    <trkpt lat="34.849304" lon="32.977733"><ele>486.2</ele><time>2025-12-05T08:45:18Z</time></trkpt>
    <trkpt lat="34.849389" lon="32.976521"><ele>490.2</ele><time>2025-12-05T08:45:47Z</time></trkpt>
    <trkpt lat="34.849269" lon="32.975925"><ele>493.2</ele><time>2025-12-05T08:46:05Z</time></trkpt>
    <trkpt lat="34.849990" lon="32.975103"><ele>496.6</ele><time>2025-12-05T08:46:35Z</time></trkpt>
    <trkpt lat="34.850158" lon="32.972728"><ele>503.6</ele><time>2025-12-05T08:47:47Z</time></trkpt>
    <trkpt lat="34.850310" lon="32.972403"><ele>504.4</ele><time>2025-12-05T08:47:56Z</time></trkpt>
    <trkpt lat="34.850724" lon="32.972106"><ele>507.4</ele><time>2025-12-05T08:48:15Z</time></trkpt>
    <trkpt lat="34.850780" lon="32.970551"><ele>510.2</ele><time>2025-12-05T08:48:53Z</time></trkpt>
    <trkpt lat="34.850503" lon="32.970219"><ele>511.4</ele><time>2025-12-05T08:49:03Z</time></trkpt>
    <trkpt lat="34.850781" lon="32.969318"><ele>514.0</ele><time>2025-12-05T08:49:23Z</time></trkpt>
    <trkpt lat="34.850837" lon="32.969186"><ele>514.6</ele><time>2025-12-05T08:49:27Z</time></trkpt>
    <trkpt lat="34.851091" lon="32.968782"><ele>514.6</ele><time>2025-12-05T08:49:37Z</time></trkpt>
    <trkpt lat="34.851186" lon="32.967114"><ele>515.2</ele><time>2025-12-05T08:50:09Z</time></trkpt>
    <trkpt lat="34.851451" lon="32.966583"><ele>516.0</ele><time>2025-12-05T08:50:21Z</time></trkpt>
    <trkpt lat="34.851235" lon="32.966125"><ele>516.4</ele><time>2025-12-05T08:50:31Z</time></trkpt>
    <trkpt lat="34.851269" lon="32.965366"><ele>516.0</ele><time>2025-12-05T08:50:43Z</time></trkpt>
    <trkpt lat="34.851027" lon="32.964641"><ele>517.2</ele><time>2025-12-05T08:50:56Z</time></trkpt>
    <trkpt lat="34.851088" lon="32.963398"><ele>518.4</ele><time>2025-12-05T08:51:20Z</time></trkpt>
    <trkpt lat="34.850580" lon="32.962405"><ele>517.6</ele><time>2025-12-05T08:51:39Z</time></trkpt>
    <trkpt lat="34.850697" lon="32.961573"><ele>514.8</ele><time>2025-12-05T08:51:48Z</time></trkpt>
    <trkpt lat="34.850490" lon="32.961066"><ele>514.8</ele><time>2025-12-05T08:51:55Z</time></trkpt>
    <trkpt lat="34.850354" lon="32.960747"><ele>517.8</ele><time>2025-12-05T08:52:04Z</time></trkpt>
    <trkpt lat="34.850264" lon="32.959642"><ele>521.6</ele><time>2025-12-05T08:52:30Z</time></trkpt>
    <trkpt lat="34.849824" lon="32.958290"><ele>524.8</ele><time>2025-12-05T08:53:03Z</time></trkpt>
    <trkpt lat="34.849246" lon="32.957721"><ele>526.2</ele><time>2025-12-05T08:53:23Z</time></trkpt>
    <trkpt lat="34.849219" lon="32.957682"><ele>526.2</ele><time>2025-12-05T08:53:24Z</time></trkpt>
    <trkpt lat="34.849083" lon="32.957151"><ele>526.2</ele><time>2025-12-05T08:53:35Z</time></trkpt>
    <trkpt lat="34.849594" lon="32.956081"><ele>524.6</ele><time>2025-12-05T08:53:53Z</time></trkpt>
    <trkpt lat="34.849972" lon="32.955718"><ele>521.8</ele><time>2025-12-05T08:53:59Z</time></trkpt>
    <trkpt lat="34.849781" lon="32.955262"><ele>521.8</ele><time>2025-12-05T08:54:06Z</time></trkpt>
    <trkpt lat="34.849725" lon="32.954902"><ele>526.0</ele><time>2025-12-05T08:54:19Z</time></trkpt>
    <trkpt lat="34.850731" lon="32.953063"><ele>538.0</ele><time>2025-12-05T08:55:31Z</time></trkpt>
    <trkpt lat="34.850949" lon="32.952233"><ele>544.8</ele><time>2025-12-05T08:56:07Z</time></trkpt>
    <trkpt lat="34.851053" lon="32.950747"><ele>558.0</ele><time>2025-12-05T08:57:23Z</time></trkpt>
    <trkpt lat="34.851062" lon="32.950706"><ele>558.0</ele><time>2025-12-05T08:59:55Z</time></trkpt>
    <trkpt lat="34.851972" lon="32.950594"><ele>558.8</ele><time>2025-12-05T09:00:20Z</time></trkpt>
    <trkpt lat="34.853227" lon="32.949765"><ele>559.8</ele><time>2025-12-05T09:00:50Z</time></trkpt>
    <trkpt lat="34.853458" lon="32.949107"><ele>559.8</ele><time>2025-12-05T09:01:02Z</time></trkpt>
    <trkpt lat="34.853312" lon="32.948084"><ele>560.0</ele><time>2025-12-05T09:01:18Z</time></trkpt>
    <trkpt lat="34.853431" lon="32.947522"><ele>560.2</ele><time>2025-12-05T09:01:27Z</time></trkpt>
    <trkpt lat="34.853678" lon="32.947194"><ele>561.0</ele><time>2025-12-05T09:01:35Z</time></trkpt>
    <trkpt lat="34.854819" lon="32.945952"><ele>572.6</ele><time>2025-12-05T09:02:46Z</time></trkpt>
    <trkpt lat="34.855034" lon="32.945520"><ele>576.2</ele><time>2025-12-05T09:03:10Z</time></trkpt>
    <trkpt lat="34.855851" lon="32.941560"><ele>598.8</ele><time>2025-12-05T09:10:36Z</time></trkpt>
    <trkpt lat="34.855690" lon="32.939733"><ele>608.0</ele><time>2025-12-05T09:11:37Z</time></trkpt>
    <trkpt lat="34.855757" lon="32.939227"><ele>610.6</ele><time>2025-12-05T09:11:55Z</time></trkpt>
    <trkpt lat="34.856030" lon="32.938912"><ele>612.8</ele><time>2025-12-05T09:12:10Z</time></trkpt>
    <trkpt lat="34.857034" lon="32.938714"><ele>619.4</ele><time>2025-12-05T09:12:49Z</time></trkpt>
    <trkpt lat="34.857055" lon="32.938695"><ele>619.6</ele><time>2025-12-05T09:12:50Z</time></trkpt>
    <trkpt lat="34.857389" lon="32.937630"><ele>623.2</ele><time>2025-12-05T09:13:23Z</time></trkpt>
    <trkpt lat="34.858333" lon="32.937293"><ele>627.4</ele><time>2025-12-05T09:13:55Z</time></trkpt>
    <trkpt lat="34.858621" lon="32.936841"><ele>628.8</ele><time>2025-12-05T09:14:10Z</time></trkpt>
    <trkpt lat="34.858626" lon="32.935445"><ele>632.6</ele><time>2025-12-05T09:14:44Z</time></trkpt>
    <trkpt lat="34.858374" lon="32.935070"><ele>633.2</ele><time>2025-12-05T09:14:54Z</time></trkpt>
    <trkpt lat="34.857786" lon="32.934634"><ele>634.8</ele><time>2025-12-05T09:15:12Z</time></trkpt>
    <trkpt lat="34.857589" lon="32.933861"><ele>635.6</ele><time>2025-12-05T09:15:29Z</time></trkpt>
    <trkpt lat="34.857580" lon="32.932724"><ele>637.4</ele><time>2025-12-05T09:15:49Z</time></trkpt>
    <trkpt lat="34.858009" lon="32.931016"><ele>639.6</ele><time>2025-12-05T09:16:19Z</time></trkpt>
    <trkpt lat="34.858009" lon="32.929346"><ele>644.4</ele><time>2025-12-05T09:16:49Z</time></trkpt>
    <trkpt lat="34.858690" lon="32.926486"><ele>652.0</ele><time>2025-12-05T09:17:47Z</time></trkpt>
    <trkpt lat="34.858723" lon="32.925872"><ele>651.8</ele><time>2025-12-05T09:17:57Z</time></trkpt>
    <trkpt lat="34.858105" lon="32.923046"><ele>642.6</ele><time>2025-12-05T09:18:23Z</time></trkpt>
    <trkpt lat="34.857267" lon="32.919186"><ele>623.2</ele><time>2025-12-05T09:18:48Z</time></trkpt>
    <trkpt lat="34.857192" lon="32.915845"><ele>601.6</ele><time>2025-12-05T09:19:07Z</time></trkpt>
    <trkpt lat="34.857163" lon="32.913310"><ele>588.0</ele><time>2025-12-05T09:19:28Z</time></trkpt>
    <trkpt lat="34.857267" lon="32.913150"><ele>585.8</ele><time>2025-12-05T09:19:35Z</time></trkpt>
    <trkpt lat="34.857381" lon="32.913117"><ele>585.4</ele><time>2025-12-05T09:19:39Z</time></trkpt>
    <trkpt lat="34.859834" lon="32.913580"><ele>592.0</ele><time>2025-12-05T09:22:19Z</time></trkpt>
    <trkpt lat="34.859997" lon="32.913473"><ele>592.6</ele><time>2025-12-05T09:22:26Z</time></trkpt>
    <trkpt lat="34.860004" lon="32.913451"><ele>592.8</ele><time>2025-12-05T09:22:27Z</time></trkpt>
    <trkpt lat="34.859979" lon="32.913250"><ele>592.8</ele><time>2025-12-05T09:22:38Z</time></trkpt>
    <trkpt lat="34.860172" lon="32.913553"><ele>588.6</ele><time>2025-12-05T09:41:17Z</time></trkpt>
    <trkpt lat="34.860016" lon="32.913705"><ele>588.6</ele><time>2025-12-05T09:41:37Z</time></trkpt>
    <trkpt lat="34.860010" lon="32.913272"><ele>589.2</ele><time>2025-12-05T09:51:34Z</time></trkpt>
    <trkpt lat="34.860059" lon="32.913609"><ele>589.2</ele><time>2025-12-05T09:51:44Z</time></trkpt>
    <trkpt lat="34.860087" lon="32.913614"><ele>589.2</ele><time>2025-12-05T09:51:45Z</time></trkpt>
    <trkpt lat="34.860798" lon="32.913435"><ele>592.4</ele><time>2025-12-05T09:52:10Z</time></trkpt>
    <trkpt lat="34.861736" lon="32.912341"><ele>598.6</ele><time>2025-12-05T09:52:56Z</time></trkpt>
    <trkpt lat="34.861121" lon="32.910214"><ele>594.2</ele><time>2025-12-05T09:53:23Z</time></trkpt>
    <trkpt lat="34.860934" lon="32.909925"><ele>594.2</ele><time>2025-12-05T09:53:27Z</time></trkpt>
    <trkpt lat="34.860052" lon="32.908831"><ele>606.2</ele><time>2025-12-05T09:54:12Z</time></trkpt>
    <trkpt lat="34.859557" lon="32.908215"><ele>612.6</ele><time>2025-12-05T09:54:51Z</time></trkpt>
    <trkpt lat="34.859343" lon="32.907660"><ele>617.4</ele><time>2025-12-05T09:55:19Z</time></trkpt>
    <trkpt lat="34.859500" lon="32.907082"><ele>621.4</ele><time>2025-12-05T09:55:44Z</time></trkpt>
    <trkpt lat="34.859910" lon="32.906632"><ele>626.8</ele><time>2025-12-05T09:56:15Z</time></trkpt>
    <trkpt lat="34.860059" lon="32.906236"><ele>630.6</ele><time>2025-12-05T09:56:36Z</time></trkpt>
    <trkpt lat="34.860056" lon="32.903021"><ele>650.0</ele><time>2025-12-05T09:58:47Z</time></trkpt>
    <trkpt lat="34.860277" lon="32.902644"><ele>652.4</ele><time>2025-12-05T09:59:05Z</time></trkpt>
    <trkpt lat="34.860808" lon="32.902263"><ele>657.2</ele><time>2025-12-05T09:59:34Z</time></trkpt>
    <trkpt lat="34.860920" lon="32.901922"><ele>659.6</ele><time>2025-12-05T09:59:49Z</time></trkpt>
    <trkpt lat="34.860618" lon="32.900604"><ele>668.2</ele><time>2025-12-05T10:00:38Z</time></trkpt>
    <trkpt lat="34.859776" lon="32.899326"><ele>679.0</ele><time>2025-12-05T10:01:34Z</time></trkpt>
    <trkpt lat="34.859683" lon="32.898695"><ele>682.4</ele><time>2025-12-05T10:01:56Z</time></trkpt>
    <trkpt lat="34.860101" lon="32.896862"><ele>693.8</ele><time>2025-12-05T10:03:03Z</time></trkpt>
    <trkpt lat="34.860440" lon="32.896461"><ele>696.4</ele><time>2025-12-05T10:03:26Z</time></trkpt>
    <trkpt lat="34.860757" lon="32.896309"><ele>699.6</ele><time>2025-12-05T10:03:41Z</time></trkpt>
    <trkpt lat="34.861209" lon="32.896021"><ele>701.4</ele><time>2025-12-05T10:04:01Z</time></trkpt>
    <trkpt lat="34.861432" lon="32.895262"><ele>701.8</ele><time>2025-12-05T10:04:19Z</time></trkpt>
    <trkpt lat="34.860667" lon="32.893739"><ele>708.0</ele><time>2025-12-05T10:05:03Z</time></trkpt>
    <trkpt lat="34.859774" lon="32.890822"><ele>719.2</ele><time>2025-12-05T10:06:27Z</time></trkpt>
    <trkpt lat="34.859831" lon="32.890288"><ele>722.4</ele><time>2025-12-05T10:06:45Z</time></trkpt>
    <trkpt lat="34.860238" lon="32.889080"><ele>725.0</ele><time>2025-12-05T10:07:19Z</time></trkpt>
    <trkpt lat="34.860167" lon="32.888513"><ele>725.4</ele><time>2025-12-05T10:07:30Z</time></trkpt>
    <trkpt lat="34.859839" lon="32.888024"><ele>725.8</ele><time>2025-12-05T10:07:42Z</time></trkpt>
    <trkpt lat="34.859629" lon="32.887836"><ele>726.6</ele><time>2025-12-05T10:07:49Z</time></trkpt>
    <trkpt lat="34.858102" lon="32.886347"><ele>742.2</ele><time>2025-12-05T10:09:20Z</time></trkpt>
    <trkpt lat="34.857682" lon="32.885371"><ele>749.4</ele><time>2025-12-05T10:10:09Z</time></trkpt>
    <trkpt lat="34.857647" lon="32.884596"><ele>754.6</ele><time>2025-12-05T10:10:43Z</time></trkpt>
    <trkpt lat="34.858061" lon="32.882727"><ele>766.8</ele><time>2025-12-05T10:12:20Z</time></trkpt>
    <trkpt lat="34.858068" lon="32.880802"><ele>779.2</ele><time>2025-12-05T10:13:29Z</time></trkpt>
    <trkpt lat="34.858397" lon="32.879836"><ele>785.6</ele><time>2025-12-05T10:14:06Z</time></trkpt>
    <trkpt lat="34.858806" lon="32.879309"><ele>789.0</ele><time>2025-12-05T10:14:30Z</time></trkpt>
    <trkpt lat="34.859116" lon="32.878885"><ele>790.0</ele><time>2025-12-05T10:14:49Z</time></trkpt>
    <trkpt lat="34.859331" lon="32.878514"><ele>790.0</ele><time>2025-12-05T10:14:59Z</time></trkpt>
    <trkpt lat="34.859522" lon="32.878090"><ele>788.4</ele><time>2025-12-05T10:15:05Z</time></trkpt>
    <trkpt lat="34.859551" lon="32.876709"><ele>782.6</ele><time>2025-12-05T10:15:17Z</time></trkpt>
    <trkpt lat="34.859569" lon="32.876285"><ele>782.6</ele><time>2025-12-05T10:15:21Z</time></trkpt>
    <trkpt lat="34.860089" lon="32.873909"><ele>780.4</ele><time>2025-12-05T10:15:47Z</time></trkpt>
    <trkpt lat="34.860467" lon="32.873339"><ele>779.2</ele><time>2025-12-05T10:15:54Z</time></trkpt>
    <trkpt lat="34.861239" lon="32.872838"><ele>778.0</ele><time>2025-12-05T10:16:04Z</time></trkpt>
    <trkpt lat="34.861556" lon="32.872199"><ele>776.6</ele><time>2025-12-05T10:16:12Z</time></trkpt>
    <trkpt lat="34.861624" lon="32.872021"><ele>776.6</ele><time>2025-12-05T10:16:14Z</time></trkpt>
    <trkpt lat="34.861592" lon="32.871660"><ele>776.6</ele><time>2025-12-05T10:16:18Z</time></trkpt>
    <trkpt lat="34.861152" lon="32.871150"><ele>777.4</ele><time>2025-12-05T10:16:28Z</time></trkpt>
    <trkpt lat="34.861136" lon="32.870500"><ele>778.0</ele><time>2025-12-05T10:16:38Z</time></trkpt>
    <trkpt lat="34.861826" lon="32.869409"><ele>782.6</ele><time>2025-12-05T10:17:05Z</time></trkpt>
    <trkpt lat="34.862334" lon="32.867780"><ele>785.2</ele><time>2025-12-05T10:17:39Z</time></trkpt>
    <trkpt lat="34.862450" lon="32.867454"><ele>787.0</ele><time>2025-12-05T10:17:48Z</time></trkpt>
    <trkpt lat="34.862585" lon="32.866488"><ele>792.4</ele><time>2025-12-05T10:18:19Z</time></trkpt>
    <trkpt lat="34.864302" lon="32.864152"><ele>814.0</ele><time>2025-12-05T10:20:21Z</time></trkpt>
    <trkpt lat="34.864428" lon="32.862409"><ele>822.4</ele><time>2025-12-05T10:21:14Z</time></trkpt>
    <trkpt lat="34.864657" lon="32.861620"><ele>825.8</ele><time>2025-12-05T10:21:38Z</time></trkpt>
    <trkpt lat="34.865163" lon="32.860624"><ele>831.4</ele><time>2025-12-05T10:22:15Z</time></trkpt>
    <trkpt lat="34.865296" lon="32.857810"><ele>852.4</ele><time>2025-12-05T10:24:05Z</time></trkpt>
    <trkpt lat="34.864923" lon="32.855793"><ele>863.4</ele><time>2025-12-05T10:25:22Z</time></trkpt>
    <trkpt lat="34.865123" lon="32.854074"><ele>872.6</ele><time>2025-12-05T10:26:18Z</time></trkpt>
    <trkpt lat="34.864364" lon="32.852702"><ele>882.8</ele><time>2025-12-05T10:27:18Z</time></trkpt>
    <trkpt lat="34.864182" lon="32.851870"><ele>887.8</ele><time>2025-12-05T10:27:50Z</time></trkpt>
    <trkpt lat="34.864215" lon="32.851314"><ele>891.0</ele><time>2025-12-05T10:28:07Z</time></trkpt>
    <trkpt lat="34.864363" lon="32.851028"><ele>893.0</ele><time>2025-12-05T10:28:18Z</time></trkpt>
    <trkpt lat="34.865148" lon="32.849804"><ele>887.6</ele><time>2025-12-05T10:34:35Z</time></trkpt>
    <trkpt lat="34.865832" lon="32.848257"><ele>882.4</ele><time>2025-12-05T10:34:54Z</time></trkpt>
    <trkpt lat="34.866069" lon="32.847662"><ele>880.2</ele><time>2025-12-05T10:35:00Z</time></trkpt>
    <trkpt lat="34.866769" lon="32.845545"><ele>873.2</ele><time>2025-12-05T10:35:18Z</time></trkpt>
    <trkpt lat="34.866785" lon="32.844373"><ele>870.6</ele><time>2025-12-05T10:35:28Z</time></trkpt>
    <trkpt lat="34.866961" lon="32.843844"><ele>869.4</ele><time>2025-12-05T10:35:33Z</time></trkpt>
    <trkpt lat="34.868233" lon="32.842496"><ele>862.8</ele><time>2025-12-05T10:35:49Z</time></trkpt>
    <trkpt lat="34.868671" lon="32.841132"><ele>856.8</ele><time>2025-12-05T10:35:59Z</time></trkpt>
    <trkpt lat="34.869334" lon="32.840344"><ele>854.0</ele><time>2025-12-05T10:36:07Z</time></trkpt>
    <trkpt lat="34.869389" lon="32.839913"><ele>852.6</ele><time>2025-12-05T10:36:10Z</time></trkpt>
    <trkpt lat="34.869137" lon="32.838806"><ele>849.8</ele><time>2025-12-05T10:36:18Z</time></trkpt>
    <trkpt lat="34.869150" lon="32.838525"><ele>849.0</ele><time>2025-12-05T10:36:20Z</time></trkpt>
    <trkpt lat="34.869222" lon="32.838146"><ele>849.0</ele><time>2025-12-05T10:36:23Z</time></trkpt>
    <trkpt lat="34.870279" lon="32.835130"><ele>854.2</ele><time>2025-12-05T10:37:02Z</time></trkpt>
    <trkpt lat="34.870982" lon="32.834375"><ele>855.8</ele><time>2025-12-05T10:37:20Z</time></trkpt>
    <trkpt lat="34.870961" lon="32.833856"><ele>859.6</ele><time>2025-12-05T10:37:34Z</time></trkpt>
    <trkpt lat="34.871162" lon="32.833398"><ele>864.0</ele><time>2025-12-05T10:37:52Z</time></trkpt>
    <trkpt lat="34.871378" lon="32.833230"><ele>865.6</ele><time>2025-12-05T10:38:03Z</time></trkpt>
    <trkpt lat="34.871766" lon="32.833393"><ele>867.4</ele><time>2025-12-05T10:38:20Z</time></trkpt>
    <trkpt lat="34.873939" lon="32.833511"><ele>864.2</ele><time>2025-12-05T10:39:01Z</time></trkpt>
    <trkpt lat="34.874052" lon="32.833341"><ele>864.4</ele><time>2025-12-05T10:39:07Z</time></trkpt>
    <trkpt lat="34.873870" lon="32.832910"><ele>863.2</ele><time>2025-12-05T10:39:16Z</time></trkpt>
    <trkpt lat="34.872983" lon="32.832398"><ele>861.8</ele><time>2025-12-05T10:39:37Z</time></trkpt>
    <trkpt lat="34.871924" lon="32.832062"><ele>858.2</ele><time>2025-12-05T10:39:53Z</time></trkpt>
    <trkpt lat="34.870288" lon="32.830788"><ele>856.6</ele><time>2025-12-05T10:40:21Z</time></trkpt>
    <trkpt lat="34.869504" lon="32.830513"><ele>854.8</ele><time>2025-12-05T10:40:34Z</time></trkpt>
    <trkpt lat="34.869610" lon="32.830115"><ele>854.6</ele><time>2025-12-05T10:40:40Z</time></trkpt>
    <trkpt lat="34.869835" lon="32.829734"><ele>852.8</ele><time>2025-12-05T10:40:46Z</time></trkpt>
    <trkpt lat="34.869473" lon="32.827379"><ele>842.6</ele><time>2025-12-05T10:41:06Z</time></trkpt>
    <trkpt lat="34.869550" lon="32.826892"><ele>840.0</ele><time>2025-12-05T10:41:11Z</time></trkpt>
    <trkpt lat="34.869951" lon="32.826678"><ele>837.2</ele><time>2025-12-05T10:41:17Z</time></trkpt>
    <trkpt lat="34.870246" lon="32.826036"><ele>835.4</ele><time>2025-12-05T10:41:25Z</time></trkpt>
    <trkpt lat="34.870515" lon="32.825832"><ele>834.6</ele><time>2025-12-05T10:41:29Z</time></trkpt>
    <trkpt lat="34.870752" lon="32.825865"><ele>834.4</ele><time>2025-12-05T10:41:32Z</time></trkpt>
    <trkpt lat="34.870821" lon="32.825917"><ele>834.4</ele><time>2025-12-05T10:41:33Z</time></trkpt>
    <trkpt lat="34.871484" lon="32.826692"><ele>834.4</ele><time>2025-12-05T10:41:45Z</time></trkpt>
    <trkpt lat="34.871863" lon="32.826715"><ele>835.6</ele><time>2025-12-05T10:41:51Z</time></trkpt>
    <trkpt lat="34.872133" lon="32.826491"><ele>836.8</ele><time>2025-12-05T10:41:58Z</time></trkpt>
    <trkpt lat="34.872300" lon="32.825347"><ele>843.8</ele><time>2025-12-05T10:42:31Z</time></trkpt>
    <trkpt lat="34.871787" lon="32.823664"><ele>852.4</ele><time>2025-12-05T10:43:22Z</time></trkpt>
    <trkpt lat="34.871753" lon="32.823485"><ele>852.8</ele><time>2025-12-05T10:43:26Z</time></trkpt>
    <trkpt lat="34.871779" lon="32.823162"><ele>852.8</ele><time>2025-12-05T10:43:33Z</time></trkpt>
    <trkpt lat="34.872071" lon="32.822415"><ele>851.6</ele><time>2025-12-05T10:43:45Z</time></trkpt>
    <trkpt lat="34.872276" lon="32.822024"><ele>849.8</ele><time>2025-12-05T10:43:50Z</time></trkpt>
    <trkpt lat="34.873242" lon="32.821814"><ele>844.4</ele><time>2025-12-05T10:44:00Z</time></trkpt>
    <trkpt lat="34.873498" lon="32.821422"><ele>841.4</ele><time>2025-12-05T10:44:04Z</time></trkpt>
    <trkpt lat="34.873528" lon="32.820242"><ele>837.0</ele><time>2025-12-05T10:44:13Z</time></trkpt>
    <trkpt lat="34.873333" lon="32.819980"><ele>836.6</ele><time>2025-12-05T10:44:16Z</time></trkpt>
    <trkpt lat="34.872894" lon="32.819958"><ele>836.6</ele><time>2025-12-05T10:44:22Z</time></trkpt>
    <trkpt lat="34.872843" lon="32.819944"><ele>837.2</ele><time>2025-12-05T10:44:23Z</time></trkpt>
    <trkpt lat="34.872614" lon="32.819740"><ele>839.4</ele><time>2025-12-05T10:44:30Z</time></trkpt>
    <trkpt lat="34.872382" lon="32.818349"><ele>848.4</ele><time>2025-12-05T10:45:14Z</time></trkpt>
    <trkpt lat="34.872248" lon="32.815172"><ele>869.0</ele><time>2025-12-05T10:47:05Z</time></trkpt>
    <trkpt lat="34.872608" lon="32.814330"><ele>873.0</ele><time>2025-12-05T10:47:29Z</time></trkpt>
    <trkpt lat="34.872593" lon="32.814032"><ele>873.8</ele><time>2025-12-05T10:47:36Z</time></trkpt>
    <trkpt lat="34.872420" lon="32.813753"><ele>874.6</ele><time>2025-12-05T10:47:45Z</time></trkpt>
    <trkpt lat="34.871904" lon="32.813550"><ele>876.6</ele><time>2025-12-05T10:48:01Z</time></trkpt>
    <trkpt lat="34.871787" lon="32.813432"><ele>876.6</ele><time>2025-12-05T10:48:05Z</time></trkpt>
    <trkpt lat="34.871673" lon="32.813275"><ele>876.2</ele><time>2025-12-05T10:48:09Z</time></trkpt>
    <trkpt lat="34.871491" lon="32.812208"><ele>874.0</ele><time>2025-12-05T10:48:32Z</time></trkpt>
    <trkpt lat="34.870601" lon="32.811056"><ele>869.0</ele><time>2025-12-05T10:50:21Z</time></trkpt>
    <trkpt lat="34.870354" lon="32.810368"><ele>866.6</ele><time>2025-12-05T10:50:28Z</time></trkpt>
    <trkpt lat="34.870380" lon="32.810250"><ele>866.2</ele><time>2025-12-05T10:50:29Z</time></trkpt>
    <trkpt lat="34.870763" lon="32.809662"><ele>863.2</ele><time>2025-12-05T10:50:35Z</time></trkpt>
    <trkpt lat="34.871429" lon="32.809250"><ele>858.4</ele><time>2025-12-05T10:50:42Z</time></trkpt>
    <trkpt lat="34.871384" lon="32.807589"><ele>850.6</ele><time>2025-12-05T10:50:54Z</time></trkpt>
    <trkpt lat="34.871736" lon="32.807100"><ele>847.2</ele><time>2025-12-05T10:50:59Z</time></trkpt>
    <trkpt lat="34.872103" lon="32.806587"><ele>845.8</ele><time>2025-12-05T10:51:04Z</time></trkpt>
    <trkpt lat="34.872667" lon="32.805473"><ele>842.4</ele><time>2025-12-05T10:51:14Z</time></trkpt>
    <trkpt lat="34.872734" lon="32.804812"><ele>840.6</ele><time>2025-12-05T10:51:19Z</time></trkpt>
    <trkpt lat="34.872285" lon="32.803534"><ele>837.6</ele><time>2025-12-05T10:51:30Z</time></trkpt>
    <trkpt lat="34.872271" lon="32.803168"><ele>836.4</ele><time>2025-12-05T10:51:33Z</time></trkpt>
    <trkpt lat="34.872518" lon="32.802628"><ele>833.8</ele><time>2025-12-05T10:51:38Z</time></trkpt>
    <trkpt lat="34.873163" lon="32.802189"><ele>831.2</ele><time>2025-12-05T10:51:45Z</time></trkpt>
    <trkpt lat="34.873484" lon="32.800136"><ele>825.0</ele><time>2025-12-05T10:52:00Z</time></trkpt>
    <trkpt lat="34.873423" lon="32.799731"><ele>824.4</ele><time>2025-12-05T10:52:03Z</time></trkpt>
    <trkpt lat="34.873204" lon="32.799410"><ele>823.6</ele><time>2025-12-05T10:52:06Z</time></trkpt>
    <trkpt lat="34.872819" lon="32.798900"><ele>820.0</ele><time>2025-12-05T10:52:11Z</time></trkpt>
    <trkpt lat="34.872648" lon="32.798409"><ele>817.2</ele><time>2025-12-05T10:52:15Z</time></trkpt>
    <trkpt lat="34.872826" lon="32.796405"><ele>806.6</ele><time>2025-12-05T10:52:30Z</time></trkpt>
    <trkpt lat="34.873298" lon="32.795482"><ele>798.6</ele><time>2025-12-05T10:52:37Z</time></trkpt>
    <trkpt lat="34.873740" lon="32.795134"><ele>794.6</ele><time>2025-12-05T10:52:41Z</time></trkpt>
    <trkpt lat="34.874272" lon="32.794723"><ele>794.4</ele><time>2025-12-05T10:52:46Z</time></trkpt>
    <trkpt lat="34.874398" lon="32.794236"><ele>794.4</ele><time>2025-12-05T10:52:50Z</time></trkpt>
    <trkpt lat="34.873943" lon="32.793552"><ele>794.2</ele><time>2025-12-05T10:52:57Z</time></trkpt>
    <trkpt lat="34.873372" lon="32.793145"><ele>793.6</ele><time>2025-12-05T10:53:04Z</time></trkpt>
    <trkpt lat="34.873029" lon="32.792156"><ele>792.8</ele><time>2025-12-05T10:53:15Z</time></trkpt>
    <trkpt lat="34.872427" lon="32.791699"><ele>792.8</ele><time>2025-12-05T10:53:24Z</time></trkpt>
    <trkpt lat="34.871856" lon="32.791786"><ele>793.2</ele><time>2025-12-05T10:53:32Z</time></trkpt>
    <trkpt lat="34.871157" lon="32.791041"><ele>791.8</ele><time>2025-12-05T10:53:45Z</time></trkpt>
    <trkpt lat="34.870714" lon="32.790798"><ele>791.6</ele><time>2025-12-05T10:53:52Z</time></trkpt>
    <trkpt lat="34.870276" lon="32.790890"><ele>791.6</ele><time>2025-12-05T10:53:59Z</time></trkpt>
    <trkpt lat="34.869740" lon="32.791323"><ele>790.6</ele><time>2025-12-05T10:54:10Z</time></trkpt>
    <trkpt lat="34.869337" lon="32.791239"><ele>790.8</ele><time>2025-12-05T10:54:17Z</time></trkpt>
    <trkpt lat="34.869058" lon="32.790829"><ele>791.4</ele><time>2025-12-05T10:54:24Z</time></trkpt>
    <trkpt lat="34.868594" lon="32.789474"><ele>791.0</ele><time>2025-12-05T10:54:43Z</time></trkpt>
    <trkpt lat="34.867674" lon="32.788449"><ele>789.8</ele><time>2025-12-05T10:55:03Z</time></trkpt>
    <trkpt lat="34.867533" lon="32.788048"><ele>790.0</ele><time>2025-12-05T10:55:09Z</time></trkpt>
    <trkpt lat="34.867622" lon="32.787508"><ele>789.8</ele><time>2025-12-05T10:55:16Z</time></trkpt>
    <trkpt lat="34.868733" lon="32.785503"><ele>789.0</ele><time>2025-12-05T10:55:46Z</time></trkpt>
    <trkpt lat="34.868763" lon="32.785451"><ele>789.2</ele><time>2025-12-05T10:55:47Z</time></trkpt>
    <trkpt lat="34.869756" lon="32.784764"><ele>800.2</ele><time>2025-12-05T10:56:29Z</time></trkpt>
    <trkpt lat="34.870027" lon="32.784473"><ele>803.8</ele><time>2025-12-05T10:56:42Z</time></trkpt>
    <trkpt lat="34.870773" lon="32.783516"><ele>805.2</ele><time>2025-12-05T10:57:13Z</time></trkpt>
    <trkpt lat="34.870766" lon="32.783154"><ele>805.4</ele><time>2025-12-05T10:57:20Z</time></trkpt>
    <trkpt lat="34.870587" lon="32.782826"><ele>805.8</ele><time>2025-12-05T10:57:28Z</time></trkpt>
    <trkpt lat="34.869598" lon="32.782312"><ele>810.0</ele><time>2025-12-05T10:57:52Z</time></trkpt>
    <trkpt lat="34.869559" lon="32.781212"><ele>809.4</ele><time>2025-12-05T10:58:09Z</time></trkpt>
    <trkpt lat="34.869736" lon="32.780098"><ele>809.0</ele><time>2025-12-05T10:58:26Z</time></trkpt>
    <trkpt lat="34.870407" lon="32.779774"><ele>809.4</ele><time>2025-12-05T10:58:42Z</time></trkpt>
    <trkpt lat="34.870564" lon="32.779703"><ele>810.2</ele><time>2025-12-05T10:58:46Z</time></trkpt>
    <trkpt lat="34.870803" lon="32.779341"><ele>814.6</ele><time>2025-12-05T10:58:56Z</time></trkpt>
    <trkpt lat="34.870902" lon="32.777783"><ele>821.4</ele><time>2025-12-05T10:59:29Z</time></trkpt>
    <trkpt lat="34.870866" lon="32.776347"><ele>819.6</ele><time>2025-12-05T10:59:51Z</time></trkpt>
    <trkpt lat="34.871127" lon="32.775448"><ele>821.2</ele><time>2025-12-05T11:00:06Z</time></trkpt>
    <trkpt lat="34.870712" lon="32.774378"><ele>825.6</ele><time>2025-12-05T11:00:28Z</time></trkpt>
    <trkpt lat="34.870907" lon="32.774033"><ele>825.6</ele><time>2025-12-05T11:00:35Z</time></trkpt>
    <trkpt lat="34.871770" lon="32.773545"><ele>826.0</ele><time>2025-12-05T11:00:54Z</time></trkpt>
    <trkpt lat="34.871901" lon="32.773065"><ele>827.6</ele><time>2025-12-05T11:01:02Z</time></trkpt>
    <trkpt lat="34.871665" lon="32.772688"><ele>827.6</ele><time>2025-12-05T11:01:09Z</time></trkpt>
    <trkpt lat="34.871394" lon="32.772529"><ele>827.6</ele><time>2025-12-05T11:01:14Z</time></trkpt>
    <trkpt lat="34.870594" lon="32.772143"><ele>825.4</ele><time>2025-12-05T11:01:27Z</time></trkpt>
    <trkpt lat="34.870423" lon="32.771926"><ele>825.4</ele><time>2025-12-05T11:01:31Z</time></trkpt>
    <trkpt lat="34.870463" lon="32.770478"><ele>824.4</ele><time>2025-12-05T11:01:52Z</time></trkpt>
    <trkpt lat="34.869639" lon="32.767550"><ele>820.0</ele><time>2025-12-05T11:02:25Z</time></trkpt>
    <trkpt lat="34.868783" lon="32.766097"><ele>820.4</ele><time>2025-12-05T11:02:46Z</time></trkpt>
    <trkpt lat="34.868527" lon="32.765546"><ele>820.4</ele><time>2025-12-05T11:02:53Z</time></trkpt>
    <trkpt lat="34.868447" lon="32.765246"><ele>819.4</ele><time>2025-12-05T11:02:56Z</time></trkpt>
    <trkpt lat="34.868359" lon="32.761692"><ele>810.4</ele><time>2025-12-05T11:03:31Z</time></trkpt>
    <trkpt lat="34.868077" lon="32.760310"><ele>801.8</ele><time>2025-12-05T11:04:18Z</time></trkpt>
    <trkpt lat="34.867698" lon="32.759595"><ele>799.2</ele><time>2025-12-05T11:04:28Z</time></trkpt>
    <trkpt lat="34.867032" lon="32.758352"><ele>792.6</ele><time>2025-12-05T11:04:39Z</time></trkpt>
    <trkpt lat="34.866020" lon="32.757209"><ele>786.4</ele><time>2025-12-05T11:04:50Z</time></trkpt>
    <trkpt lat="34.864996" lon="32.756072"><ele>783.8</ele><time>2025-12-05T11:05:03Z</time></trkpt>
    <trkpt lat="34.864545" lon="32.755757"><ele>783.8</ele><time>2025-12-05T11:05:09Z</time></trkpt>
    <trkpt lat="34.864219" lon="32.755719"><ele>783.6</ele><time>2025-12-05T11:05:13Z</time></trkpt>
    <trkpt lat="34.862429" lon="32.756715"><ele>780.0</ele><time>2025-12-05T11:05:40Z</time></trkpt>
    <trkpt lat="34.861755" lon="32.756471"><ele>778.4</ele><time>2025-12-05T11:05:49Z</time></trkpt>
    <trkpt lat="34.861565" lon="32.756362"><ele>777.2</ele><time>2025-12-05T11:05:52Z</time></trkpt>
    <trkpt lat="34.860711" lon="32.756465"><ele>772.0</ele><time>2025-12-05T11:06:03Z</time></trkpt>
    <trkpt lat="34.859958" lon="32.755806"><ele>768.8</ele><time>2025-12-05T11:06:13Z</time></trkpt>
    <trkpt lat="34.858400" lon="32.755097"><ele>759.4</ele><time>2025-12-05T11:06:29Z</time></trkpt>
    <trkpt lat="34.857746" lon="32.753370"><ele>751.8</ele><time>2025-12-05T11:06:45Z</time></trkpt>
    <trkpt lat="34.857053" lon="32.752412"><ele>747.4</ele><time>2025-12-05T11:06:57Z</time></trkpt>
    <trkpt lat="34.856349" lon="32.751885"><ele>744.0</ele><time>2025-12-05T11:07:05Z</time></trkpt>
    <trkpt lat="34.855776" lon="32.751657"><ele>741.6</ele><time>2025-12-05T11:07:10Z</time></trkpt>
    <trkpt lat="34.854353" lon="32.751072"><ele>728.6</ele><time>2025-12-05T11:07:22Z</time></trkpt>
    <trkpt lat="34.853768" lon="32.750102"><ele>721.2</ele><time>2025-12-05T11:07:30Z</time></trkpt>
    <trkpt lat="34.853378" lon="32.749766"><ele>716.0</ele><time>2025-12-05T11:07:34Z</time></trkpt>
    <trkpt lat="34.851798" lon="32.748532"><ele>703.6</ele><time>2025-12-05T11:07:50Z</time></trkpt>
    <trkpt lat="34.851378" lon="32.748361"><ele>701.2</ele><time>2025-12-05T11:07:54Z</time></trkpt>
    <trkpt lat="34.851072" lon="32.748421"><ele>698.2</ele><time>2025-12-05T11:07:57Z</time></trkpt>
    <trkpt lat="34.850637" lon="32.748789"><ele>696.0</ele><time>2025-12-05T11:08:02Z</time></trkpt>
    <trkpt lat="34.850367" lon="32.749269"><ele>690.8</ele><time>2025-12-05T11:08:07Z</time></trkpt>
    <trkpt lat="34.850105" lon="32.749368"><ele>689.2</ele><time>2025-12-05T11:08:10Z</time></trkpt>
    <trkpt lat="34.848904" lon="32.748561"><ele>681.8</ele><time>2025-12-05T11:08:23Z</time></trkpt>
    <trkpt lat="34.846603" lon="32.746567"><ele>663.8</ele><time>2025-12-05T11:08:48Z</time></trkpt>
    <trkpt lat="34.844805" lon="32.743975"><ele>640.0</ele><time>2025-12-05T11:09:12Z</time></trkpt>
    <trkpt lat="34.844331" lon="32.742463"><ele>631.0</ele><time>2025-12-05T11:09:22Z</time></trkpt>
    <trkpt lat="34.844319" lon="32.742310"><ele>630.2</ele><time>2025-12-05T11:09:23Z</time></trkpt>
    <trkpt lat="34.844435" lon="32.740702"><ele>626.2</ele><time>2025-12-05T11:09:36Z</time></trkpt>
    <trkpt lat="34.844486" lon="32.739952"><ele>620.8</ele><time>2025-12-05T11:09:43Z</time></trkpt>
    <trkpt lat="34.843731" lon="32.738567"><ele>610.2</ele><time>2025-12-05T11:09:56Z</time></trkpt>
    <trkpt lat="34.842773" lon="32.737923"><ele>601.8</ele><time>2025-12-05T11:10:07Z</time></trkpt>
    <trkpt lat="34.840590" lon="32.737681"><ele>587.0</ele><time>2025-12-05T11:10:28Z</time></trkpt>
    <trkpt lat="34.840313" lon="32.737383"><ele>584.2</ele><time>2025-12-05T11:10:32Z</time></trkpt>
    <trkpt lat="34.839911" lon="32.736318"><ele>575.6</ele><time>2025-12-05T11:10:43Z</time></trkpt>
    <trkpt lat="34.839119" lon="32.735848"><ele>570.0</ele><time>2025-12-05T11:10:52Z</time></trkpt>
    <trkpt lat="34.838571" lon="32.735246"><ele>563.8</ele><time>2025-12-05T11:11:01Z</time></trkpt>
    <trkpt lat="34.838230" lon="32.735344"><ele>560.6</ele><time>2025-12-05T11:11:06Z</time></trkpt>
    <trkpt lat="34.837996" lon="32.736541"><ele>551.6</ele><time>2025-12-05T11:11:18Z</time></trkpt>
    <trkpt lat="34.837785" lon="32.736684"><ele>549.8</ele><time>2025-12-05T11:11:21Z</time></trkpt>
    <trkpt lat="34.837584" lon="32.736774"><ele>548.8</ele><time>2025-12-05T11:11:24Z</time></trkpt>
    <trkpt lat="34.836319" lon="32.736398"><ele>546.4</ele><time>2025-12-05T11:11:49Z</time></trkpt>
    <trkpt lat="34.835819" lon="32.736213"><ele>542.4</ele><time>2025-12-05T11:11:57Z</time></trkpt>
    <trkpt lat="34.834025" lon="32.736443"><ele>529.2</ele><time>2025-12-05T11:12:18Z</time></trkpt>
    <trkpt lat="34.832899" lon="32.736008"><ele>520.4</ele><time>2025-12-05T11:12:33Z</time></trkpt>
    <trkpt lat="34.832840" lon="32.735994"><ele>519.6</ele><time>2025-12-05T11:12:36Z</time></trkpt>
    <trkpt lat="34.832234" lon="32.735687"><ele>518.4</ele><time>2025-12-05T11:16:36Z</time></trkpt>
    <trkpt lat="34.829754" lon="32.734370"><ele>504.4</ele><time>2025-12-05T11:17:02Z</time></trkpt>
    <trkpt lat="34.829572" lon="32.734188"><ele>503.0</ele><time>2025-12-05T11:17:05Z</time></trkpt>
    <trkpt lat="34.829269" lon="32.733819"><ele>502.6</ele><time>2025-12-05T11:17:11Z</time></trkpt>
    <trkpt lat="34.828298" lon="32.732020"><ele>499.4</ele><time>2025-12-05T11:17:38Z</time></trkpt>
    <trkpt lat="34.828276" lon="32.731578"><ele>497.4</ele><time>2025-12-05T11:17:43Z</time></trkpt>
    <trkpt lat="34.828494" lon="32.730810"><ele>495.2</ele><time>2025-12-05T11:17:51Z</time></trkpt>
    <trkpt lat="34.828555" lon="32.730362"><ele>492.2</ele><time>2025-12-05T11:17:55Z</time></trkpt>
    <trkpt lat="34.828364" lon="32.729534"><ele>487.6</ele><time>2025-12-05T11:18:02Z</time></trkpt>
    <trkpt lat="34.826797" lon="32.727780"><ele>471.4</ele><time>2025-12-05T11:18:23Z</time></trkpt>
    <trkpt lat="34.825784" lon="32.727294"><ele>463.8</ele><time>2025-12-05T11:18:34Z</time></trkpt>
    <trkpt lat="34.825388" lon="32.726070"><ele>456.8</ele><time>2025-12-05T11:18:45Z</time></trkpt>
    <trkpt lat="34.825066" lon="32.725736"><ele>453.6</ele><time>2025-12-05T11:18:49Z</time></trkpt>
    <trkpt lat="34.822074" lon="32.724268"><ele>431.4</ele><time>2025-12-05T11:19:24Z</time></trkpt>
    <trkpt lat="34.821773" lon="32.724292"><ele>428.6</ele><time>2025-12-05T11:19:28Z</time></trkpt>
    <trkpt lat="34.819788" lon="32.724792"><ele>426.4</ele><time>2025-12-05T11:20:07Z</time></trkpt>
    <trkpt lat="34.817858" lon="32.725280"><ele>408.0</ele><time>2025-12-05T11:20:42Z</time></trkpt>
    <trkpt lat="34.816944" lon="32.725040"><ele>400.6</ele><time>2025-12-05T11:20:57Z</time></trkpt>
    <trkpt lat="34.816451" lon="32.724446"><ele>393.8</ele><time>2025-12-05T11:21:07Z</time></trkpt>
    <trkpt lat="34.816256" lon="32.723796"><ele>392.4</ele><time>2025-12-05T11:21:15Z</time></trkpt>
    <trkpt lat="34.816330" lon="32.722226"><ele>379.0</ele><time>2025-12-05T11:21:32Z</time></trkpt>
    <trkpt lat="34.816550" lon="32.721726"><ele>375.0</ele><time>2025-12-05T11:21:39Z</time></trkpt>
    <trkpt lat="34.816835" lon="32.721526"><ele>372.0</ele><time>2025-12-05T11:21:44Z</time></trkpt>
    <trkpt lat="34.819151" lon="32.720974"><ele>348.2</ele><time>2025-12-05T11:22:23Z</time></trkpt>
    <trkpt lat="34.821120" lon="32.721135"><ele>330.8</ele><time>2025-12-05T11:22:47Z</time></trkpt>
    <trkpt lat="34.821473" lon="32.720582"><ele>324.8</ele><time>2025-12-05T11:22:54Z</time></trkpt>
    <trkpt lat="34.821271" lon="32.719888"><ele>318.8</ele><time>2025-12-05T11:23:02Z</time></trkpt>
    <trkpt lat="34.820843" lon="32.719685"><ele>313.2</ele><time>2025-12-05T11:23:08Z</time></trkpt>
    <trkpt lat="34.819475" lon="32.719757"><ele>305.2</ele><time>2025-12-05T11:23:23Z</time></trkpt>
    <trkpt lat="34.817115" lon="32.719932"><ele>303.0</ele><time>2025-12-05T11:23:54Z</time></trkpt>
    <trkpt lat="34.816509" lon="32.719750"><ele>303.0</ele><time>2025-12-05T11:24:05Z</time></trkpt>
    <trkpt lat="34.816419" lon="32.719682"><ele>303.0</ele><time>2025-12-05T11:24:07Z</time></trkpt>
    <trkpt lat="34.814314" lon="32.717542"><ele>294.0</ele><time>2025-12-05T11:24:52Z</time></trkpt>
    <trkpt lat="34.814060" lon="32.717027"><ele>291.8</ele><time>2025-12-05T11:25:00Z</time></trkpt>
    <trkpt lat="34.813740" lon="32.715736"><ele>287.6</ele><time>2025-12-05T11:25:15Z</time></trkpt>
    <trkpt lat="34.813003" lon="32.714779"><ele>286.0</ele><time>2025-12-05T11:25:29Z</time></trkpt>
    <trkpt lat="34.811839" lon="32.714438"><ele>283.2</ele><time>2025-12-05T11:25:47Z</time></trkpt>
    <trkpt lat="34.811178" lon="32.714185"><ele>283.2</ele><time>2025-12-05T11:26:00Z</time></trkpt>
    <trkpt lat="34.810330" lon="32.712916"><ele>292.6</ele><time>2025-12-05T11:30:06Z</time></trkpt>
    <trkpt lat="34.809699" lon="32.712529"><ele>294.4</ele><time>2025-12-05T11:30:30Z</time></trkpt>
    <trkpt lat="34.809590" lon="32.712492"><ele>294.4</ele><time>2025-12-05T11:30:33Z</time></trkpt>
    <trkpt lat="34.808740" lon="32.712224"><ele>290.8</ele><time>2025-12-05T11:30:50Z</time></trkpt>
    <trkpt lat="34.807521" lon="32.712520"><ele>286.0</ele><time>2025-12-05T11:31:07Z</time></trkpt>
    <trkpt lat="34.806627" lon="32.712179"><ele>282.4</ele><time>2025-12-05T11:31:19Z</time></trkpt>
    <trkpt lat="34.802695" lon="32.708328"><ele>263.8</ele><time>2025-12-05T11:32:29Z</time></trkpt>
    <trkpt lat="34.802238" lon="32.708005"><ele>261.2</ele><time>2025-12-05T11:32:38Z</time></trkpt>
    <trkpt lat="34.800662" lon="32.707175"><ele>258.0</ele><time>2025-12-05T11:33:05Z</time></trkpt>
    <trkpt lat="34.800114" lon="32.706654"><ele>256.4</ele><time>2025-12-05T11:33:15Z</time></trkpt>
    <trkpt lat="34.799521" lon="32.705722"><ele>255.8</ele><time>2025-12-05T11:33:30Z</time></trkpt>
    <trkpt lat="34.798747" lon="32.705225"><ele>256.6</ele><time>2025-12-05T11:33:43Z</time></trkpt>
    <trkpt lat="34.797984" lon="32.705176"><ele>256.6</ele><time>2025-12-05T11:33:54Z</time></trkpt>
    <trkpt lat="34.797442" lon="32.704165"><ele>255.4</ele><time>2025-12-05T11:34:11Z</time></trkpt>
    <trkpt lat="34.796795" lon="32.703829"><ele>254.6</ele><time>2025-12-05T11:34:24Z</time></trkpt>
    <trkpt lat="34.796229" lon="32.703515"><ele>255.4</ele><time>2025-12-05T11:34:35Z</time></trkpt>
    <trkpt lat="34.795965" lon="32.701450"><ele>258.2</ele><time>2025-12-05T11:35:11Z</time></trkpt>
    <trkpt lat="34.795501" lon="32.700902"><ele>258.4</ele><time>2025-12-05T11:35:25Z</time></trkpt>
    <trkpt lat="34.795276" lon="32.700385"><ele>259.4</ele><time>2025-12-05T11:35:36Z</time></trkpt>
    <trkpt lat="34.795232" lon="32.700210"><ele>259.8</ele><time>2025-12-05T11:35:40Z</time></trkpt>
    <trkpt lat="34.795150" lon="32.698927"><ele>266.6</ele><time>2025-12-05T11:36:12Z</time></trkpt>
    <trkpt lat="34.792294" lon="32.694912"><ele>297.6</ele><time>2025-12-05T11:39:25Z</time></trkpt>
    <trkpt lat="34.792166" lon="32.694656"><ele>299.8</ele><time>2025-12-05T11:39:36Z</time></trkpt>
    <trkpt lat="34.792098" lon="32.694468"><ele>300.6</ele><time>2025-12-05T11:39:43Z</time></trkpt>
    <trkpt lat="34.792128" lon="32.693696"><ele>303.4</ele><time>2025-12-05T11:40:05Z</time></trkpt>
    <trkpt lat="34.791977" lon="32.693111"><ele>304.8</ele><time>2025-12-05T11:40:20Z</time></trkpt>
    <trkpt lat="34.791605" lon="32.692674"><ele>304.2</ele><time>2025-12-05T11:40:36Z</time></trkpt>
    <trkpt lat="34.791527" lon="32.692630"><ele>304.2</ele><time>2025-12-05T11:40:38Z</time></trkpt>
    <trkpt lat="34.790705" lon="32.692297"><ele>301.0</ele><time>2025-12-05T11:40:57Z</time></trkpt>
    <trkpt lat="34.789729" lon="32.691883"><ele>291.6</ele><time>2025-12-05T11:41:15Z</time></trkpt>
    <trkpt lat="34.789361" lon="32.691475"><ele>287.4</ele><time>2025-12-05T11:41:23Z</time></trkpt>
    <trkpt lat="34.789328" lon="32.690968"><ele>284.6</ele><time>2025-12-05T11:41:29Z</time></trkpt>
    <trkpt lat="34.789349" lon="32.690878"><ele>284.0</ele><time>2025-12-05T11:41:30Z</time></trkpt>
    <trkpt lat="34.789921" lon="32.689916"><ele>275.4</ele><time>2025-12-05T11:41:41Z</time></trkpt>
    <trkpt lat="34.789986" lon="32.689079"><ele>268.8</ele><time>2025-12-05T11:41:48Z</time></trkpt>
    <trkpt lat="34.789658" lon="32.688302"><ele>263.2</ele><time>2025-12-05T11:41:55Z</time></trkpt>
    <trkpt lat="34.788302" lon="32.685760"><ele>250.0</ele><time>2025-12-05T11:42:20Z</time></trkpt>
    <trkpt lat="34.787968" lon="32.683985"><ele>242.0</ele><time>2025-12-05T11:42:34Z</time></trkpt>
    <trkpt lat="34.787698" lon="32.683594"><ele>239.4</ele><time>2025-12-05T11:42:38Z</time></trkpt>
    <trkpt lat="34.787529" lon="32.683431"><ele>238.8</ele><time>2025-12-05T11:42:40Z</time></trkpt>
    <trkpt lat="34.786521" lon="32.682798"><ele>236.4</ele><time>2025-12-05T11:42:51Z</time></trkpt>
    <trkpt lat="34.785254" lon="32.680536"><ele>236.2</ele><time>2025-12-05T11:43:21Z</time></trkpt>
    <trkpt lat="34.784485" lon="32.679453"><ele>236.8</ele><time>2025-12-05T11:43:43Z</time></trkpt>
    <trkpt lat="34.784126" lon="32.678590"><ele>237.2</ele><time>2025-12-05T11:43:57Z</time></trkpt>
    <trkpt lat="34.783311" lon="32.677954"><ele>237.0</ele><time>2025-12-05T11:44:13Z</time></trkpt>
    <trkpt lat="34.783213" lon="32.677490"><ele>236.4</ele><time>2025-12-05T11:44:19Z</time></trkpt>
    <trkpt lat="34.783400" lon="32.676155"><ele>233.6</ele><time>2025-12-05T11:44:33Z</time></trkpt>
    <trkpt lat="34.783233" lon="32.675446"><ele>232.6</ele><time>2025-12-05T11:44:40Z</time></trkpt>
    <trkpt lat="34.780606" lon="32.671255"><ele>213.4</ele><time>2025-12-05T11:45:23Z</time></trkpt>
    <trkpt lat="34.779894" lon="32.669700"><ele>207.2</ele><time>2025-12-05T11:45:36Z</time></trkpt>
    <trkpt lat="34.779117" lon="32.665393"><ele>196.4</ele><time>2025-12-05T11:46:08Z</time></trkpt>
    <trkpt lat="34.777677" lon="32.656523"><ele>191.0</ele><time>2025-12-05T11:47:29Z</time></trkpt>
    <trkpt lat="34.777790" lon="32.654993"><ele>188.2</ele><time>2025-12-05T11:47:44Z</time></trkpt>
    <trkpt lat="34.778157" lon="32.654195"><ele>184.6</ele><time>2025-12-05T11:47:52Z</time></trkpt>
    <trkpt lat="34.777934" lon="32.651882"><ele>181.2</ele><time>2025-12-05T11:48:44Z</time></trkpt>
    <trkpt lat="34.778436" lon="32.650942"><ele>180.0</ele><time>2025-12-05T11:48:56Z</time></trkpt>
    <trkpt lat="34.778492" lon="32.650497"><ele>180.0</ele><time>2025-12-05T11:49:01Z</time></trkpt>
    <trkpt lat="34.777790" lon="32.649086"><ele>179.6</ele><time>2025-12-05T11:49:20Z</time></trkpt>
    <trkpt lat="34.777536" lon="32.647537"><ele>178.4</ele><time>2025-12-05T11:49:38Z</time></trkpt>
    <trkpt lat="34.777220" lon="32.646643"><ele>177.6</ele><time>2025-12-05T11:49:49Z</time></trkpt>
    <trkpt lat="34.775938" lon="32.644930"><ele>174.0</ele><time>2025-12-05T11:50:14Z</time></trkpt>
    <trkpt lat="34.774115" lon="32.643565"><ele>170.8</ele><time>2025-12-05T11:50:41Z</time></trkpt>
    <trkpt lat="34.773905" lon="32.642926"><ele>170.2</ele><time>2025-12-05T11:50:48Z</time></trkpt>
    <trkpt lat="34.773991" lon="32.641835"><ele>169.0</ele><time>2025-12-05T11:50:59Z</time></trkpt>
    <trkpt lat="34.773744" lon="32.641346"><ele>167.6</ele><time>2025-12-05T11:51:05Z</time></trkpt>
    <trkpt lat="34.773298" lon="32.641185"><ele>167.0</ele><time>2025-12-05T11:51:11Z</time></trkpt>
    <trkpt lat="34.772032" lon="32.641004"><ele>168.4</ele><time>2025-12-05T11:51:32Z</time></trkpt>
    <trkpt lat="34.771123" lon="32.640385"><ele>171.6</ele><time>2025-12-05T11:51:58Z</time></trkpt>
    <trkpt lat="34.770931" lon="32.639987"><ele>175.2</ele><time>2025-12-05T11:52:08Z</time></trkpt>
    <trkpt lat="34.770984" lon="32.639395"><ele>175.8</ele><time>2025-12-05T11:52:20Z</time></trkpt>
    <trkpt lat="34.770990" lon="32.639089"><ele>175.8</ele><time>2025-12-05T11:52:25Z</time></trkpt>
    <trkpt lat="34.770769" lon="32.638558"><ele>174.0</ele><time>2025-12-05T11:52:32Z</time></trkpt>
    <trkpt lat="34.770814" lon="32.637546"><ele>169.2</ele><time>2025-12-05T11:52:44Z</time></trkpt>
    <trkpt lat="34.770339" lon="32.637167"><ele>166.0</ele><time>2025-12-05T11:52:52Z</time></trkpt>
    <trkpt lat="34.770111" lon="32.636881"><ele>166.0</ele><time>2025-12-05T11:52:57Z</time></trkpt>
    <trkpt lat="34.769340" lon="32.635125"><ele>165.6</ele><time>2025-12-05T11:53:23Z</time></trkpt>
    <trkpt lat="34.768742" lon="32.634692"><ele>169.4</ele><time>2025-12-05T11:53:40Z</time></trkpt>
    <trkpt lat="34.768325" lon="32.634603"><ele>169.2</ele><time>2025-12-05T11:53:48Z</time></trkpt>
    <trkpt lat="34.767167" lon="32.634339"><ele>161.4</ele><time>2025-12-05T11:54:03Z</time></trkpt>
    <trkpt lat="34.766034" lon="32.633295"><ele>154.2</ele><time>2025-12-05T11:54:18Z</time></trkpt>
    <trkpt lat="34.764428" lon="32.632728"><ele>154.0</ele><time>2025-12-05T11:54:40Z</time></trkpt>
    <trkpt lat="34.763952" lon="32.632082"><ele>152.8</ele><time>2025-12-05T11:54:49Z</time></trkpt>
    <trkpt lat="34.762743" lon="32.630037"><ele>140.8</ele><time>2025-12-05T11:55:07Z</time></trkpt>
    <trkpt lat="34.762491" lon="32.629758"><ele>139.6</ele><time>2025-12-05T11:55:10Z</time></trkpt>
    <trkpt lat="34.761592" lon="32.629064"><ele>137.8</ele><time>2025-12-05T11:55:22Z</time></trkpt>
    <trkpt lat="34.761413" lon="32.628700"><ele>137.4</ele><time>2025-12-05T11:55:26Z</time></trkpt>
    <trkpt lat="34.761197" lon="32.627440"><ele>135.8</ele><time>2025-12-05T11:55:38Z</time></trkpt>
    <trkpt lat="34.760648" lon="32.626425"><ele>134.6</ele><time>2025-12-05T11:55:49Z</time></trkpt>
    <trkpt lat="34.759957" lon="32.624557"><ele>132.0</ele><time>2025-12-05T11:56:08Z</time></trkpt>
    <trkpt lat="34.759845" lon="32.623373"><ele>131.0</ele><time>2025-12-05T11:56:19Z</time></trkpt>
    <trkpt lat="34.758672" lon="32.622023"><ele>129.8</ele><time>2025-12-05T11:56:37Z</time></trkpt>
    <trkpt lat="34.758125" lon="32.619566"><ele>127.6</ele><time>2025-12-05T11:56:59Z</time></trkpt>
    <trkpt lat="34.756637" lon="32.617845"><ele>126.2</ele><time>2025-12-05T11:57:22Z</time></trkpt>
    <trkpt lat="34.755913" lon="32.616571"><ele>124.4</ele><time>2025-12-05T11:57:36Z</time></trkpt>
    <trkpt lat="34.754963" lon="32.616021"><ele>122.0</ele><time>2025-12-05T11:57:47Z</time></trkpt>
    <trkpt lat="34.754273" lon="32.614912"><ele>119.0</ele><time>2025-12-05T11:57:58Z</time></trkpt>
    <trkpt lat="34.754095" lon="32.614774"><ele>118.6</ele><time>2025-12-05T11:58:00Z</time></trkpt>
    <trkpt lat="34.752934" lon="32.613782"><ele>119.0</ele><time>2025-12-05T11:58:16Z</time></trkpt>
    <trkpt lat="34.751595" lon="32.610815"><ele>129.8</ele><time>2025-12-05T11:59:14Z</time></trkpt>
    <trkpt lat="34.751283" lon="32.610326"><ele>129.8</ele><time>2025-12-05T11:59:24Z</time></trkpt>
    <trkpt lat="34.751195" lon="32.610220"><ele>129.6</ele><time>2025-12-05T11:59:26Z</time></trkpt>
    <trkpt lat="34.750136" lon="32.609405"><ele>125.0</ele><time>2025-12-05T11:59:42Z</time></trkpt>
    <trkpt lat="34.749794" lon="32.609449"><ele>123.0</ele><time>2025-12-05T11:59:46Z</time></trkpt>
    <trkpt lat="34.749206" lon="32.609978"><ele>118.0</ele><time>2025-12-05T11:59:54Z</time></trkpt>
    <trkpt lat="34.748635" lon="32.610136"><ele>114.0</ele><time>2025-12-05T12:00:00Z</time></trkpt>
    <trkpt lat="34.748259" lon="32.610034"><ele>111.6</ele><time>2025-12-05T12:00:04Z</time></trkpt>
    <trkpt lat="34.747733" lon="32.609628"><ele>109.2</ele><time>2025-12-05T12:00:11Z</time></trkpt>
    <trkpt lat="34.747654" lon="32.609608"><ele>108.8</ele><time>2025-12-05T12:00:12Z</time></trkpt>
    <trkpt lat="34.747098" lon="32.609562"><ele>108.8</ele><time>2025-12-05T12:00:20Z</time></trkpt>
    <trkpt lat="34.746801" lon="32.609264"><ele>108.8</ele><time>2025-12-05T12:00:26Z</time></trkpt>
    <trkpt lat="34.746431" lon="32.608106"><ele>110.2</ele><time>2025-12-05T12:00:44Z</time></trkpt>
    <trkpt lat="34.745728" lon="32.607544"><ele>112.4</ele><time>2025-12-05T12:01:02Z</time></trkpt>
    <trkpt lat="34.745643" lon="32.607475"><ele>112.2</ele><time>2025-12-05T12:01:04Z</time></trkpt>
    <trkpt lat="34.745155" lon="32.607305"><ele>109.8</ele><time>2025-12-05T12:01:12Z</time></trkpt>
    <trkpt lat="34.744485" lon="32.607455"><ele>107.4</ele><time>2025-12-05T12:01:21Z</time></trkpt>
    <trkpt lat="34.743719" lon="32.606716"><ele>101.8</ele><time>2025-12-05T12:01:33Z</time></trkpt>
    <trkpt lat="34.743546" lon="32.606634"><ele>101.2</ele><time>2025-12-05T12:01:35Z</time></trkpt>
    <trkpt lat="34.742660" lon="32.606403"><ele>103.2</ele><time>2025-12-05T12:01:49Z</time></trkpt>
    <trkpt lat="34.742291" lon="32.605962"><ele>104.0</ele><time>2025-12-05T12:01:57Z</time></trkpt>
    <trkpt lat="34.741848" lon="32.604884"><ele>103.4</ele><time>2025-12-05T12:02:10Z</time></trkpt>
    <trkpt lat="34.741303" lon="32.603672"><ele>100.6</ele><time>2025-12-05T12:02:23Z</time></trkpt>
    <trkpt lat="34.740910" lon="32.603294"><ele>100.4</ele><time>2025-12-05T12:02:29Z</time></trkpt>
    <trkpt lat="34.739780" lon="32.602718"><ele>99.6</ele><time>2025-12-05T12:02:44Z</time></trkpt>
    <trkpt lat="34.739192" lon="32.601419"><ele>98.0</ele><time>2025-12-05T12:02:59Z</time></trkpt>
    <trkpt lat="34.737034" lon="32.600273"><ele>96.6</ele><time>2025-12-05T12:03:29Z</time></trkpt>
    <trkpt lat="34.736291" lon="32.598970"><ele>94.0</ele><time>2025-12-05T12:03:45Z</time></trkpt>
    <trkpt lat="34.735992" lon="32.598674"><ele>92.8</ele><time>2025-12-05T12:03:49Z</time></trkpt>
    <trkpt lat="34.735098" lon="32.598553"><ele>90.4</ele><time>2025-12-05T12:03:58Z</time></trkpt>
    <trkpt lat="34.734819" lon="32.598521"><ele>90.4</ele><time>2025-12-05T12:04:01Z</time></trkpt>
    <trkpt lat="34.734494" lon="32.598258"><ele>90.6</ele><time>2025-12-05T12:04:06Z</time></trkpt>
    <trkpt lat="34.734185" lon="32.597133"><ele>93.2</ele><time>2025-12-05T12:04:21Z</time></trkpt>
    <trkpt lat="34.733570" lon="32.596470"><ele>95.4</ele><time>2025-12-05T12:04:37Z</time></trkpt>
    <trkpt lat="34.733392" lon="32.595985"><ele>95.6</ele><time>2025-12-05T12:04:45Z</time></trkpt>
    <trkpt lat="34.733376" lon="32.595900"><ele>95.4</ele><time>2025-12-05T12:04:46Z</time></trkpt>
    <trkpt lat="34.733440" lon="32.592656"><ele>84.0</ele><time>2025-12-05T12:05:11Z</time></trkpt>
    <trkpt lat="34.733048" lon="32.591315"><ele>82.0</ele><time>2025-12-05T12:05:22Z</time></trkpt>
    <trkpt lat="34.732979" lon="32.591069"><ele>82.0</ele><time>2025-12-05T12:05:24Z</time></trkpt>
    <trkpt lat="34.732911" lon="32.590417"><ele>82.0</ele><time>2025-12-05T12:05:29Z</time></trkpt>
    <trkpt lat="34.733244" lon="32.587706"><ele>79.6</ele><time>2025-12-05T12:05:51Z</time></trkpt>
    <trkpt lat="34.733213" lon="32.586787"><ele>79.6</ele><time>2025-12-05T12:05:59Z</time></trkpt>
    <trkpt lat="34.733152" lon="32.586246"><ele>80.0</ele><time>2025-12-05T12:06:04Z</time></trkpt>
    <trkpt lat="34.732981" lon="32.585549"><ele>80.4</ele><time>2025-12-05T12:06:11Z</time></trkpt>
    <trkpt lat="34.732392" lon="32.583884"><ele>83.8</ele><time>2025-12-05T12:06:31Z</time></trkpt>
    <trkpt lat="34.732042" lon="32.583341"><ele>84.6</ele><time>2025-12-05T12:06:40Z</time></trkpt>
    <trkpt lat="34.731512" lon="32.582874"><ele>86.4</ele><time>2025-12-05T12:06:51Z</time></trkpt>
    <trkpt lat="34.731115" lon="32.582675"><ele>86.4</ele><time>2025-12-05T12:06:58Z</time></trkpt>
    <trkpt lat="34.730277" lon="32.582239"><ele>82.4</ele><time>2025-12-05T12:07:09Z</time></trkpt>
    <trkpt lat="34.729848" lon="32.581446"><ele>79.4</ele><time>2025-12-05T12:07:17Z</time></trkpt>
    <trkpt lat="34.729454" lon="32.578947"><ele>78.0</ele><time>2025-12-05T12:07:39Z</time></trkpt>
    <trkpt lat="34.729519" lon="32.578529"><ele>78.0</ele><time>2025-12-05T12:07:43Z</time></trkpt>
    <trkpt lat="34.729576" lon="32.578351"><ele>78.4</ele><time>2025-12-05T12:07:45Z</time></trkpt>
    <trkpt lat="34.730295" lon="32.577237"><ele>86.6</ele><time>2025-12-05T12:08:16Z</time></trkpt>
    <trkpt lat="34.730129" lon="32.576081"><ele>94.6</ele><time>2025-12-05T12:08:57Z</time></trkpt>
    <trkpt lat="34.730136" lon="32.574072"><ele>106.4</ele><time>2025-12-05T12:10:07Z</time></trkpt>
    <trkpt lat="34.729720" lon="32.573536"><ele>107.8</ele><time>2025-12-05T12:10:26Z</time></trkpt>
    <trkpt lat="34.728414" lon="32.572936"><ele>115.8</ele><time>2025-12-05T12:11:17Z</time></trkpt>
    <trkpt lat="34.728017" lon="32.572546"><ele>120.4</ele><time>2025-12-05T12:11:36Z</time></trkpt>
    <trkpt lat="34.727918" lon="32.572301"><ele>121.8</ele><time>2025-12-05T12:11:44Z</time></trkpt>
    <trkpt lat="34.727364" lon="32.569960"><ele>128.4</ele><time>2025-12-05T12:12:39Z</time></trkpt>
    <trkpt lat="34.727150" lon="32.569259"><ele>128.0</ele><time>2025-12-05T12:12:52Z</time></trkpt>
    <trkpt lat="34.726986" lon="32.569063"><ele>128.0</ele><time>2025-12-05T12:12:57Z</time></trkpt>
    <trkpt lat="34.726767" lon="32.569208"><ele>128.2</ele><time>2025-12-05T12:13:24Z</time></trkpt>
    <trkpt lat="34.726919" lon="32.569156"><ele>126.8</ele><time>2025-12-05T12:23:39Z</time></trkpt>
    <trkpt lat="34.726953" lon="32.568794"><ele>126.0</ele><time>2025-12-05T12:23:47Z</time></trkpt>
    <trkpt lat="34.725660" lon="32.566974"><ele>125.0</ele><time>2025-12-05T12:24:19Z</time></trkpt>
    <trkpt lat="34.725473" lon="32.566707"><ele>124.4</ele><time>2025-12-05T12:24:23Z</time></trkpt>
    <trkpt lat="34.724905" lon="32.565192"><ele>118.6</ele><time>2025-12-05T12:24:39Z</time></trkpt>
    <trkpt lat="34.723773" lon="32.564166"><ele>111.2</ele><time>2025-12-05T12:24:51Z</time></trkpt>
    <trkpt lat="34.722515" lon="32.562290"><ele>96.8</ele><time>2025-12-05T12:25:07Z</time></trkpt>
    <trkpt lat="34.720859" lon="32.561442"><ele>84.2</ele><time>2025-12-05T12:25:22Z</time></trkpt>
    <trkpt lat="34.720214" lon="32.560808"><ele>79.4</ele><time>2025-12-05T12:25:29Z</time></trkpt>
    <trkpt lat="34.719813" lon="32.559865"><ele>74.0</ele><time>2025-12-05T12:25:36Z</time></trkpt>
    <trkpt lat="34.719671" lon="32.557822"><ele>63.2</ele><time>2025-12-05T12:25:50Z</time></trkpt>
    <trkpt lat="34.719511" lon="32.557284"><ele>59.8</ele><time>2025-12-05T12:25:54Z</time></trkpt>
    <trkpt lat="34.719114" lon="32.556886"><ele>56.6</ele><time>2025-12-05T12:25:58Z</time></trkpt>
    <trkpt lat="34.717789" lon="32.556277"><ele>45.8</ele><time>2025-12-05T12:26:09Z</time></trkpt>
    <trkpt lat="34.717060" lon="32.555150"><ele>37.2</ele><time>2025-12-05T12:26:18Z</time></trkpt>
    <trkpt lat="34.717002" lon="32.555005"><ele>36.8</ele><time>2025-12-05T12:26:19Z</time></trkpt>
    <trkpt lat="34.716875" lon="32.554225"><ele>34.4</ele><time>2025-12-05T12:26:24Z</time></trkpt>
    <trkpt lat="34.717009" lon="32.552650"><ele>29.6</ele><time>2025-12-05T12:26:34Z</time></trkpt>
    <trkpt lat="34.716809" lon="32.551788"><ele>26.6</ele><time>2025-12-05T12:26:40Z</time></trkpt>
    <trkpt lat="34.716750" lon="32.551670"><ele>26.6</ele><time>2025-12-05T12:26:41Z</time></trkpt>
    <trkpt lat="34.716251" lon="32.551032"><ele>25.8</ele><time>2025-12-05T12:26:48Z</time></trkpt>
    <trkpt lat="34.714738" lon="32.549986"><ele>24.6</ele><time>2025-12-05T12:27:13Z</time></trkpt>
    <trkpt lat="34.715031" lon="32.549442"><ele>24.4</ele><time>2025-12-05T12:27:25Z</time></trkpt>
    <trkpt lat="34.716249" lon="32.547048"><ele>25.4</ele><time>2025-12-05T12:28:03Z</time></trkpt>
    <trkpt lat="34.717731" lon="32.542712"><ele>35.0</ele><time>2025-12-05T12:29:09Z</time></trkpt>
    <trkpt lat="34.720091" lon="32.535793"><ele>33.0</ele><time>2025-12-05T12:30:30Z</time></trkpt>
    <trkpt lat="34.720919" lon="32.534118"><ele>32.4</ele><time>2025-12-05T12:30:50Z</time></trkpt>
    <trkpt lat="34.721257" lon="32.533351"><ele>34.2</ele><time>2025-12-05T12:31:01Z</time></trkpt>
    <trkpt lat="34.721918" lon="32.530737"><ele>42.8</ele><time>2025-12-05T12:31:50Z</time></trkpt>
    <trkpt lat="34.722307" lon="32.529257"><ele>42.2</ele><time>2025-12-05T12:32:10Z</time></trkpt>
    <trkpt lat="34.723014" lon="32.527636"><ele>35.4</ele><time>2025-12-05T12:32:26Z</time></trkpt>
    <trkpt lat="34.723196" lon="32.527094"><ele>33.6</ele><time>2025-12-05T12:32:31Z</time></trkpt>
    <trkpt lat="34.724332" lon="32.523940"><ele>37.2</ele><time>2025-12-05T12:33:08Z</time></trkpt>
    <trkpt lat="34.725459" lon="32.521562"><ele>40.0</ele><time>2025-12-05T12:33:40Z</time></trkpt>
    <trkpt lat="34.726349" lon="32.519025"><ele>39.2</ele><time>2025-12-05T12:34:10Z</time></trkpt>
    <trkpt lat="34.726755" lon="32.517516"><ele>43.0</ele><time>2025-12-05T12:34:29Z</time></trkpt>
    <trkpt lat="34.727445" lon="32.515289"><ele>41.2</ele><time>2025-12-05T12:34:54Z</time></trkpt>
    <trkpt lat="34.728971" lon="32.511270"><ele>38.8</ele><time>2025-12-05T12:35:35Z</time></trkpt>
    <trkpt lat="34.729908" lon="32.509484"><ele>37.2</ele><time>2025-12-05T12:35:54Z</time></trkpt>
    <trkpt lat="34.731658" lon="32.504715"><ele>32.4</ele><time>2025-12-05T12:38:10Z</time></trkpt>
    <trkpt lat="34.732437" lon="32.502709"><ele>32.6</ele><time>2025-12-05T12:38:35Z</time></trkpt>
    <trkpt lat="34.734863" lon="32.494960"><ele>33.2</ele><time>2025-12-05T12:40:04Z</time></trkpt>
    <trkpt lat="34.736318" lon="32.490072"><ele>40.0</ele><time>2025-12-05T12:41:01Z</time></trkpt>
    <trkpt lat="34.738046" lon="32.486993"><ele>43.0</ele><time>2025-12-05T12:41:39Z</time></trkpt>
    <trkpt lat="34.738397" lon="32.485468"><ele>43.4</ele><time>2025-12-05T12:41:54Z</time></trkpt>
    <trkpt lat="34.738727" lon="32.484473"><ele>43.4</ele><time>2025-12-05T12:42:05Z</time></trkpt>
    <trkpt lat="34.740959" lon="32.478317"><ele>38.2</ele><time>2025-12-05T12:43:03Z</time></trkpt>
    <trkpt lat="34.741240" lon="32.477595"><ele>39.2</ele><time>2025-12-05T12:43:11Z</time></trkpt>
    <trkpt lat="34.741707" lon="32.476732"><ele>42.8</ele><time>2025-12-05T12:43:24Z</time></trkpt>
    <trkpt lat="34.742341" lon="32.475981"><ele>47.4</ele><time>2025-12-05T12:43:39Z</time></trkpt>
    <trkpt lat="34.743914" lon="32.474732"><ele>54.0</ele><time>2025-12-05T12:44:12Z</time></trkpt>
    <trkpt lat="34.746419" lon="32.473136"><ele>59.0</ele><time>2025-12-05T12:44:59Z</time></trkpt>
    <trkpt lat="34.747210" lon="32.472328"><ele>59.6</ele><time>2025-12-05T12:45:13Z</time></trkpt>
    <trkpt lat="34.747954" lon="32.471240"><ele>60.6</ele><time>2025-12-05T12:45:29Z</time></trkpt>
    <trkpt lat="34.747826" lon="32.470683"><ele>61.4</ele><time>2025-12-05T12:45:36Z</time></trkpt>
    <trkpt lat="34.747528" lon="32.470540"><ele>61.4</ele><time>2025-12-05T12:45:40Z</time></trkpt>
    <trkpt lat="34.746326" lon="32.469923"><ele>57.4</ele><time>2025-12-05T12:45:55Z</time></trkpt>
    <trkpt lat="34.744024" lon="32.468451"><ele>49.6</ele><time>2025-12-05T12:46:22Z</time></trkpt>
    <trkpt lat="34.738802" lon="32.464322"><ele>32.4</ele><time>2025-12-05T12:47:25Z</time></trkpt>
    <trkpt lat="34.734749" lon="32.461605"><ele>18.2</ele><time>2025-12-05T12:48:09Z</time></trkpt>
    <trkpt lat="34.734646" lon="32.461294"><ele>17.4</ele><time>2025-12-05T12:48:12Z</time></trkpt>
    <trkpt lat="34.734761" lon="32.461114"><ele>16.2</ele><time>2025-12-05T12:48:14Z</time></trkpt>
    <trkpt lat="34.735179" lon="32.460715"><ele>16.2</ele><time>2025-12-05T12:48:20Z</time></trkpt>
    <trkpt lat="34.735651" lon="32.459846"><ele>17.6</ele><time>2025-12-05T12:48:33Z</time></trkpt>
    <trkpt lat="34.736198" lon="32.458738"><ele>21.2</ele><time>2025-12-05T12:48:51Z</time></trkpt>
    <trkpt lat="34.737789" lon="32.455476"><ele>19.0</ele><time>2025-12-05T12:49:34Z</time></trkpt>
    <trkpt lat="34.737749" lon="32.455139"><ele>18.8</ele><time>2025-12-05T12:49:41Z</time></trkpt>
    <trkpt lat="34.737956" lon="32.455081"><ele>18.6</ele><time>2025-12-05T12:49:47Z</time></trkpt>
    <trkpt lat="34.739765" lon="32.451550"><ele>19.0</ele><time>2025-12-05T12:50:39Z</time></trkpt>
    <trkpt lat="34.739648" lon="32.450999"><ele>19.2</ele><time>2025-12-05T12:50:49Z</time></trkpt>
    <trkpt lat="34.740170" lon="32.450796"><ele>19.4</ele><time>2025-12-05T12:51:02Z</time></trkpt>
    <trkpt lat="34.742052" lon="32.447422"><ele>20.0</ele><time>2025-12-05T12:51:49Z</time></trkpt>
    <trkpt lat="34.742052" lon="32.447125"><ele>19.8</ele><time>2025-12-05T12:51:55Z</time></trkpt>
    <trkpt lat="34.742224" lon="32.447103"><ele>19.4</ele><time>2025-12-05T12:52:01Z</time></trkpt>
    <trkpt lat="34.742896" lon="32.446074"><ele>19.6</ele><time>2025-12-05T12:52:22Z</time></trkpt>
    <trkpt lat="34.743140" lon="32.445364"><ele>19.6</ele><time>2025-12-05T12:52:32Z</time></trkpt>
    <trkpt lat="34.743512" lon="32.445036"><ele>19.6</ele><time>2025-12-05T12:52:38Z</time></trkpt>
    <trkpt lat="34.743868" lon="32.444426"><ele>20.4</ele><time>2025-12-05T12:52:46Z</time></trkpt>
    <trkpt lat="34.747154" lon="32.436941"><ele>19.0</ele><time>2025-12-05T12:54:07Z</time></trkpt>
    <trkpt lat="34.748486" lon="32.434605"><ele>20.0</ele><time>2025-12-05T12:54:35Z</time></trkpt>
    <trkpt lat="34.748538" lon="32.434155"><ele>20.0</ele><time>2025-12-05T12:54:43Z</time></trkpt>
    <trkpt lat="34.749035" lon="32.433632"><ele>19.6</ele><time>2025-12-05T12:54:52Z</time></trkpt>
    <trkpt lat="34.751651" lon="32.429003"><ele>19.2</ele><time>2025-12-05T12:55:48Z</time></trkpt>
    <trkpt lat="34.753313" lon="32.426614"><ele>18.6</ele><time>2025-12-05T12:56:19Z</time></trkpt>
    <trkpt lat="34.754816" lon="32.425349"><ele>18.8</ele><time>2025-12-05T12:56:41Z</time></trkpt>
    <trkpt lat="34.757195" lon="32.424408"><ele>21.8</ele><time>2025-12-05T12:57:43Z</time></trkpt>
    <trkpt lat="34.758082" lon="32.423877"><ele>22.0</ele><time>2025-12-05T12:57:57Z</time></trkpt>
    <trkpt lat="34.759421" lon="32.422597"><ele>20.8</ele><time>2025-12-05T12:58:18Z</time></trkpt>
    <trkpt lat="34.760330" lon="32.421506"><ele>20.4</ele><time>2025-12-05T12:58:32Z</time></trkpt>
    <trkpt lat="34.761229" lon="32.420170"><ele>19.6</ele><time>2025-12-05T12:58:47Z</time></trkpt>
    <trkpt lat="34.761954" lon="32.418767"><ele>19.0</ele><time>2025-12-05T12:59:02Z</time></trkpt>
    <trkpt lat="34.762507" lon="32.417037"><ele>18.0</ele><time>2025-12-05T13:00:54Z</time></trkpt>
    <trkpt lat="34.762896" lon="32.415080"><ele>16.8</ele><time>2025-12-05T13:01:22Z</time></trkpt>
    <trkpt lat="34.763213" lon="32.414372"><ele>15.8</ele><time>2025-12-05T13:01:37Z</time></trkpt>
    <trkpt lat="34.763761" lon="32.413651"><ele>14.2</ele><time>2025-12-05T13:01:49Z</time></trkpt>
    <trkpt lat="34.763798" lon="32.413198"><ele>13.6</ele><time>2025-12-05T13:01:55Z</time></trkpt>
    <trkpt lat="34.763655" lon="32.412814"><ele>13.6</ele><time>2025-12-05T13:02:08Z</time></trkpt>
    <trkpt lat="34.764180" lon="32.412861"><ele>14.0</ele><time>2025-12-05T13:02:26Z</time></trkpt>
    <trkpt lat="34.764750" lon="32.411580"><ele>12.4</ele><time>2025-12-05T13:02:51Z</time></trkpt>
    <trkpt lat="34.765498" lon="32.410858"><ele>12.2</ele><time>2025-12-05T13:03:08Z</time></trkpt>
    <trkpt lat="34.766123" lon="32.410547"><ele>12.4</ele><time>2025-12-05T13:03:18Z</time></trkpt>
    <trkpt lat="34.766685" lon="32.410438"><ele>12.6</ele><time>2025-12-05T13:03:26Z</time></trkpt>
    <trkpt lat="34.767877" lon="32.410484"><ele>12.0</ele><time>2025-12-05T13:03:43Z</time></trkpt>
    <trkpt lat="34.769501" lon="32.410509"><ele>12.6</ele><time>2025-12-05T13:04:05Z</time></trkpt>
    <trkpt lat="34.771160" lon="32.410310"><ele>14.8</ele><time>2025-12-05T13:04:32Z</time></trkpt>
    <trkpt lat="34.773157" lon="32.409140"><ele>16.8</ele><time>2025-12-05T13:05:49Z</time></trkpt>
    <trkpt lat="34.774922" lon="32.408479"><ele>20.2</ele><time>2025-12-05T13:06:22Z</time></trkpt>
    <trkpt lat="34.775104" lon="32.408131"><ele>20.6</ele><time>2025-12-05T13:06:30Z</time></trkpt>
    <trkpt lat="34.775618" lon="32.408140"><ele>21.2</ele><time>2025-12-05T13:06:41Z</time></trkpt>
    <trkpt lat="34.777700" lon="32.406505"><ele>23.4</ele><time>2025-12-05T13:07:20Z</time></trkpt>
    <trkpt lat="34.780172" lon="32.405938"><ele>22.2</ele><time>2025-12-05T13:07:56Z</time></trkpt>
    <trkpt lat="34.780296" lon="32.405752"><ele>22.4</ele><time>2025-12-05T13:08:02Z</time></trkpt>
    <trkpt lat="34.780437" lon="32.405877"><ele>22.6</ele><time>2025-12-05T13:08:09Z</time></trkpt>
    <trkpt lat="34.782569" lon="32.405547"><ele>26.2</ele><time>2025-12-05T13:08:57Z</time></trkpt>
    <trkpt lat="34.783780" lon="32.405619"><ele>28.6</ele><time>2025-12-05T13:09:35Z</time></trkpt>
    <trkpt lat="34.784495" lon="32.405649"><ele>28.8</ele><time>2025-12-05T13:09:50Z</time></trkpt>
    <trkpt lat="34.784775" lon="32.405518"><ele>28.4</ele><time>2025-12-05T13:10:00Z</time></trkpt>
    <trkpt lat="34.784883" lon="32.405658"><ele>28.4</ele><time>2025-12-05T13:10:06Z</time></trkpt>
    <trkpt lat="34.786123" lon="32.405471"><ele>29.0</ele><time>2025-12-05T13:10:34Z</time></trkpt>
    <trkpt lat="34.786998" lon="32.404970"><ele>29.4</ele><time>2025-12-05T13:10:49Z</time></trkpt>
    <trkpt lat="34.789289" lon="32.402566"><ele>32.0</ele><time>2025-12-05T13:11:30Z</time></trkpt>
    <trkpt lat="34.790261" lon="32.401886"><ele>31.2</ele><time>2025-12-05T13:11:44Z</time></trkpt>
    <trkpt lat="34.791362" lon="32.401587"><ele>28.8</ele><time>2025-12-05T13:11:56Z</time></trkpt>
    <trkpt lat="34.792451" lon="32.401670"><ele>28.4</ele><time>2025-12-05T13:12:09Z</time></trkpt>
    <trkpt lat="34.794387" lon="32.401781"><ele>30.2</ele><time>2025-12-05T13:12:37Z</time></trkpt>
    <trkpt lat="34.796274" lon="32.401028"><ele>33.2</ele><time>2025-12-05T13:13:08Z</time></trkpt>
    <trkpt lat="34.798401" lon="32.400582"><ele>36.4</ele><time>2025-12-05T13:13:41Z</time></trkpt>
    <trkpt lat="34.799701" lon="32.400023"><ele>35.4</ele><time>2025-12-05T13:13:59Z</time></trkpt>
    <trkpt lat="34.803757" lon="32.397776"><ele>30.4</ele><time>2025-12-05T13:14:51Z</time></trkpt>
    <trkpt lat="34.805603" lon="32.396981"><ele>28.4</ele><time>2025-12-05T13:15:30Z</time></trkpt>
    <trkpt lat="34.807524" lon="32.396759"><ele>28.6</ele><time>2025-12-05T13:15:56Z</time></trkpt>
    <trkpt lat="34.808083" lon="32.396609"><ele>28.4</ele><time>2025-12-05T13:16:03Z</time></trkpt>
    <trkpt lat="34.809936" lon="32.396056"><ele>24.6</ele><time>2025-12-05T13:16:24Z</time></trkpt>
    <trkpt lat="34.810829" lon="32.396178"><ele>22.8</ele><time>2025-12-05T13:16:33Z</time></trkpt>
    <trkpt lat="34.812232" lon="32.396697"><ele>19.4</ele><time>2025-12-05T13:16:47Z</time></trkpt>
    <trkpt lat="34.812871" lon="32.396735"><ele>18.0</ele><time>2025-12-05T13:16:53Z</time></trkpt>
    <trkpt lat="34.813165" lon="32.396623"><ele>17.4</ele><time>2025-12-05T13:16:56Z</time></trkpt>
    <trkpt lat="34.814664" lon="32.395488"><ele>18.0</ele><time>2025-12-05T13:17:16Z</time></trkpt>
    <trkpt lat="34.815549" lon="32.395141"><ele>18.6</ele><time>2025-12-05T13:17:27Z</time></trkpt>
    <trkpt lat="34.819370" lon="32.395012"><ele>17.2</ele><time>2025-12-05T13:18:12Z</time></trkpt>
    <trkpt lat="34.819443" lon="32.394988"><ele>17.4</ele><time>2025-12-05T13:18:13Z</time></trkpt>
    <trkpt lat="34.822394" lon="32.392764"><ele>21.6</ele><time>2025-12-05T13:19:03Z</time></trkpt>
    <trkpt lat="34.823464" lon="32.392392"><ele>23.6</ele><time>2025-12-05T13:19:22Z</time></trkpt>
    <trkpt lat="34.828598" lon="32.392245"><ele>36.4</ele><time>2025-12-05T13:20:52Z</time></trkpt>
    <trkpt lat="34.829029" lon="32.392251"><ele>35.4</ele><time>2025-12-05T13:20:57Z</time></trkpt>
    <trkpt lat="34.830136" lon="32.392446"><ele>33.0</ele><time>2025-12-05T13:21:08Z</time></trkpt>
    <trkpt lat="34.831843" lon="32.392943"><ele>21.8</ele><time>2025-12-05T13:21:23Z</time></trkpt>
    <trkpt lat="34.832878" lon="32.392812"><ele>15.6</ele><time>2025-12-05T13:21:31Z</time></trkpt>
    <trkpt lat="34.834386" lon="32.391722"><ele>8.4</ele><time>2025-12-05T13:21:45Z</time></trkpt>
    <trkpt lat="34.835301" lon="32.391049"><ele>8.0</ele><time>2025-12-05T13:21:55Z</time></trkpt>
    <trkpt lat="34.837775" lon="32.389642"><ele>7.6</ele><time>2025-12-05T13:22:24Z</time></trkpt>
    <trkpt lat="34.840016" lon="32.388731"><ele>6.6</ele><time>2025-12-05T13:22:49Z</time></trkpt>
    <trkpt lat="34.848764" lon="32.385125"><ele>14.4</ele><time>2025-12-05T13:24:49Z</time></trkpt>
    <trkpt lat="34.850255" lon="32.384151"><ele>16.8</ele><time>2025-12-05T13:25:12Z</time></trkpt>
    <trkpt lat="34.850481" lon="32.383961"><ele>17.2</ele><time>2025-12-05T13:25:16Z</time></trkpt>
    <trkpt lat="34.852099" lon="32.382365"><ele>23.6</ele><time>2025-12-05T13:25:52Z</time></trkpt>
    <trkpt lat="34.853737" lon="32.380466"><ele>38.8</ele><time>2025-12-05T13:27:27Z</time></trkpt>
    <trkpt lat="34.853728" lon="32.379490"><ele>42.8</ele><time>2025-12-05T13:27:48Z</time></trkpt>
    <trkpt lat="34.853532" lon="32.375304"><ele>37.8</ele><time>2025-12-05T13:28:43Z</time></trkpt>
    <trkpt lat="34.853533" lon="32.374345"><ele>33.8</ele><time>2025-12-05T13:28:51Z</time></trkpt>
    <trkpt lat="34.854176" lon="32.371845"><ele>19.6</ele><time>2025-12-05T13:29:12Z</time></trkpt>
    <trkpt lat="34.854614" lon="32.370704"><ele>16.6</ele><time>2025-12-05T13:29:21Z</time></trkpt>
    <trkpt lat="34.854706" lon="32.370487"><ele>16.6</ele><time>2025-12-05T13:29:23Z</time></trkpt>
    <trkpt lat="34.855559" lon="32.368919"><ele>19.2</ele><time>2025-12-05T13:29:44Z</time></trkpt>
    <trkpt lat="34.857568" lon="32.366289"><ele>26.8</ele><time>2025-12-05T13:30:37Z</time></trkpt>
    <trkpt lat="34.857951" lon="32.366010"><ele>28.0</ele><time>2025-12-05T13:30:45Z</time></trkpt>
    <trkpt lat="34.859432" lon="32.365089"><ele>26.6</ele><time>2025-12-05T13:31:11Z</time></trkpt>
    <trkpt lat="34.860307" lon="32.364821"><ele>25.2</ele><time>2025-12-05T13:31:24Z</time></trkpt>
    <trkpt lat="34.861138" lon="32.364058"><ele>25.4</ele><time>2025-12-05T13:31:39Z</time></trkpt>
    <trkpt lat="34.862322" lon="32.363805"><ele>28.6</ele><time>2025-12-05T13:32:03Z</time></trkpt>
    <trkpt lat="34.863828" lon="32.362904"><ele>28.6</ele><time>2025-12-05T13:32:38Z</time></trkpt>
    <trkpt lat="34.866764" lon="32.361297"><ele>34.2</ele><time>2025-12-05T13:33:54Z</time></trkpt>
    <trkpt lat="34.868050" lon="32.362386"><ele>41.4</ele><time>2025-12-05T13:34:43Z</time></trkpt>
    <trkpt lat="34.869106" lon="32.362817"><ele>45.0</ele><time>2025-12-05T13:35:12Z</time></trkpt>
    <trkpt lat="34.870754" lon="32.364516"><ele>51.6</ele><time>2025-12-05T13:36:13Z</time></trkpt>
    <trkpt lat="34.871604" lon="32.363526"><ele>54.2</ele><time>2025-12-05T13:36:46Z</time></trkpt>
    <trkpt lat="34.871665" lon="32.363419"><ele>54.4</ele><time>2025-12-05T13:36:49Z</time></trkpt>
    <trkpt lat="34.872295" lon="32.362025"><ele>62.8</ele><time>2025-12-05T13:37:27Z</time></trkpt>
    <trkpt lat="34.872224" lon="32.361237"><ele>68.2</ele><time>2025-12-05T13:37:54Z</time></trkpt>
    <trkpt lat="34.872326" lon="32.360853"><ele>69.2</ele><time>2025-12-05T13:38:12Z</time></trkpt>
    </trkseg>
  </trk>
</gpx>
