<?xml version="1.0" encoding="UTF-8"?>
<gpx version="1.1" creator="tripplanner (simplified from Strava export)" xmlns="http://www.topografix.com/GPX/1/1">
  <metadata>
    <name>Manaslu — Lho → Bihi</name>
    <time>2025-10-29T02:09:04Z</time>
  </metadata>
  <trk>
    <name>Manaslu — Lho → Bihi</name>
    <trkseg>
    <trkpt lat="28.574013" lon="84.702490"><ele>3171.2</ele><time>2025-10-29T02:09:04Z</time></trkpt>
    <trkpt lat="28.573986" lon="84.702452"><ele>3171.0</ele><time>2025-10-29T02:09:47Z</time></trkpt>
    <trkpt lat="28.574032" lon="84.702495"><ele>3171.0</ele><time>2025-10-29T02:10:52Z</time></trkpt>
    <trkpt lat="28.573984" lon="84.702495"><ele>3171.4</ele><time>2025-10-29T02:11:13Z</time></trkpt>
    <trkpt lat="28.574023" lon="84.702478"><ele>3171.4</ele><time>2025-10-29T02:12:42Z</time></trkpt>
    <trkpt lat="28.573993" lon="84.702464"><ele>3170.8</ele><time>2025-10-29T02:12:51Z</time></trkpt>
    <trkpt lat="28.574010" lon="84.702487"><ele>3170.6</ele><time>2025-10-29T02:13:30Z</time></trkpt>
    <trkpt lat="28.573926" lon="84.702637"><ele>3169.2</ele><time>2025-10-29T02:14:09Z</time></trkpt>
    <trkpt lat="28.573849" lon="84.702738"><ele>3168.2</ele><time>2025-10-29T02:14:19Z</time></trkpt>
    <trkpt lat="28.573580" lon="84.703054"><ele>3161.8</ele><time>2025-10-29T02:14:54Z</time></trkpt>
    <trkpt lat="28.573411" lon="84.703185"><ele>3156.4</ele><time>2025-10-29T02:15:15Z</time></trkpt>
    <trkpt lat="28.573332" lon="84.703144"><ele>3154.4</ele><time>2025-10-29T02:15:23Z</time></trkpt>
    <trkpt lat="28.573274" lon="84.703183"><ele>3153.4</ele><time>2025-10-29T02:15:30Z</time></trkpt>
    <trkpt lat="28.572937" lon="84.703717"><ele>3144.2</ele><time>2025-10-29T02:16:15Z</time></trkpt>
    <trkpt lat="28.572775" lon="84.704109"><ele>3137.8</ele><time>2025-10-29T02:16:44Z</time></trkpt>
    <trkpt lat="28.572652" lon="84.704279"><ele>3132.8</ele><time>2025-10-29T02:17:09Z</time></trkpt>
    <trkpt lat="28.572406" lon="84.704344"><ele>3125.0</ele><time>2025-10-29T02:17:45Z</time></trkpt>
    <trkpt lat="28.572412" lon="84.704377"><ele>3124.6</ele><time>2025-10-29T02:17:53Z</time></trkpt>
    <trkpt lat="28.572473" lon="84.704555"><ele>3119.8</ele><time>2025-10-29T02:18:10Z</time></trkpt>
    <trkpt lat="28.572481" lon="84.704781"><ele>3113.6</ele><time>2025-10-29T02:18:32Z</time></trkpt>
    <trkpt lat="28.572416" lon="84.705135"><ele>3106.8</ele><time>2025-10-29T02:18:57Z</time></trkpt>
    <trkpt lat="28.572416" lon="84.705378"><ele>3099.8</ele><time>2025-10-29T02:19:19Z</time></trkpt>
    <trkpt lat="28.572240" lon="84.705402"><ele>3094.0</ele><time>2025-10-29T02:19:39Z</time></trkpt>
    <trkpt lat="28.572184" lon="84.705428"><ele>3092.8</ele><time>2025-10-29T02:19:46Z</time></trkpt>
    <trkpt lat="28.572198" lon="84.705564"><ele>3091.6</ele><time>2025-10-29T02:19:57Z</time></trkpt>
    <trkpt lat="28.572291" lon="84.705719"><ele>3091.4</ele><time>2025-10-29T02:20:10Z</time></trkpt>
    <trkpt lat="28.572291" lon="84.705871"><ele>3090.6</ele><time>2025-10-29T02:20:20Z</time></trkpt>
    <trkpt lat="28.572186" lon="84.706048"><ele>3087.2</ele><time>2025-10-29T02:20:40Z</time></trkpt>
    <trkpt lat="28.572145" lon="84.706179"><ele>3086.2</ele><time>2025-10-29T02:20:50Z</time></trkpt>
    <trkpt lat="28.572162" lon="84.706224"><ele>3085.2</ele><time>2025-10-29T02:20:55Z</time></trkpt>
    <trkpt lat="28.572027" lon="84.706313"><ele>3082.4</ele><time>2025-10-29T02:21:08Z</time></trkpt>
    <trkpt lat="28.571995" lon="84.706413"><ele>3082.0</ele><time>2025-10-29T02:21:17Z</time></trkpt>
    <trkpt lat="28.572028" lon="84.706499"><ele>3081.6</ele><time>2025-10-29T02:21:22Z</time></trkpt>
    <trkpt lat="28.571992" lon="84.706582"><ele>3081.6</ele><time>2025-10-29T02:21:28Z</time></trkpt>
    <trkpt lat="28.571906" lon="84.706655"><ele>3081.4</ele><time>2025-10-29T02:21:35Z</time></trkpt>
    <trkpt lat="28.571854" lon="84.706765"><ele>3081.0</ele><time>2025-10-29T02:21:43Z</time></trkpt>
    <trkpt lat="28.571730" lon="84.707255"><ele>3081.4</ele><time>2025-10-29T02:22:19Z</time></trkpt>
    <trkpt lat="28.571743" lon="84.707329"><ele>3081.4</ele><time>2025-10-29T02:22:25Z</time></trkpt>
    <trkpt lat="28.571695" lon="84.707591"><ele>3083.2</ele><time>2025-10-29T02:22:43Z</time></trkpt>
    <trkpt lat="28.571751" lon="84.707840"><ele>3087.6</ele><time>2025-10-29T02:23:04Z</time></trkpt>
    <trkpt lat="28.571649" lon="84.707948"><ele>3090.6</ele><time>2025-10-29T02:23:19Z</time></trkpt>
    <trkpt lat="28.571639" lon="84.707954"><ele>3090.6</ele><time>2025-10-29T02:23:20Z</time></trkpt>
    <trkpt lat="28.571500" lon="84.708207"><ele>3090.6</ele><time>2025-10-29T02:23:43Z</time></trkpt>
    <trkpt lat="28.571472" lon="84.708383"><ele>3090.6</ele><time>2025-10-29T02:23:56Z</time></trkpt>
    <trkpt lat="28.571418" lon="84.708522"><ele>3088.6</ele><time>2025-10-29T02:24:07Z</time></trkpt>
    <trkpt lat="28.571420" lon="84.708577"><ele>3087.6</ele><time>2025-10-29T02:24:11Z</time></trkpt>
    <trkpt lat="28.571349" lon="84.709063"><ele>3087.6</ele><time>2025-10-29T02:25:09Z</time></trkpt>
    <trkpt lat="28.571382" lon="84.709166"><ele>3087.6</ele><time>2025-10-29T02:25:17Z</time></trkpt>
    <trkpt lat="28.571462" lon="84.709239"><ele>3087.6</ele><time>2025-10-29T02:25:29Z</time></trkpt>
    <trkpt lat="28.571506" lon="84.709359"><ele>3087.6</ele><time>2025-10-29T02:25:38Z</time></trkpt>
    <trkpt lat="28.571506" lon="84.709453"><ele>3086.4</ele><time>2025-10-29T02:25:45Z</time></trkpt>
    <trkpt lat="28.571422" lon="84.709571"><ele>3083.6</ele><time>2025-10-29T02:25:56Z</time></trkpt>
    <trkpt lat="28.571339" lon="84.709533"><ele>3082.0</ele><time>2025-10-29T02:26:03Z</time></trkpt>
    <trkpt lat="28.571156" lon="84.709605"><ele>3078.8</ele><time>2025-10-29T02:26:18Z</time></trkpt>
    <trkpt lat="28.570842" lon="84.709630"><ele>3077.4</ele><time>2025-10-29T02:26:42Z</time></trkpt>
    <trkpt lat="28.570621" lon="84.709784"><ele>3077.4</ele><time>2025-10-29T02:27:04Z</time></trkpt>
    <trkpt lat="28.570623" lon="84.709889"><ele>3078.6</ele><time>2025-10-29T02:27:18Z</time></trkpt>
    <trkpt lat="28.570760" lon="84.709995"><ele>3081.8</ele><time>2025-10-29T02:27:37Z</time></trkpt>
    <trkpt lat="28.570970" lon="84.710043"><ele>3087.4</ele><time>2025-10-29T02:28:13Z</time></trkpt>
    <trkpt lat="28.571077" lon="84.710156"><ele>3090.0</ele><time>2025-10-29T02:28:34Z</time></trkpt>
    <trkpt lat="28.571141" lon="84.710332"><ele>3094.6</ele><time>2025-10-29T02:29:05Z</time></trkpt>
    <trkpt lat="28.571099" lon="84.710377"><ele>3094.4</ele><time>2025-10-29T02:31:53Z</time></trkpt>
    <trkpt lat="28.571128" lon="84.710349"><ele>3094.8</ele><time>2025-10-29T02:32:14Z</time></trkpt>
    <trkpt lat="28.571151" lon="84.710392"><ele>3094.8</ele><time>2025-10-29T02:32:54Z</time></trkpt>
    <trkpt lat="28.570730" lon="84.710853"><ele>3090.4</ele><time>2025-10-29T02:33:39Z</time></trkpt>
    <trkpt lat="28.570679" lon="84.711331"><ele>3087.4</ele><time>2025-10-29T02:34:10Z</time></trkpt>
    <trkpt lat="28.570689" lon="84.711561"><ele>3085.4</ele><time>2025-10-29T02:34:25Z</time></trkpt>
    <trkpt lat="28.570518" lon="84.712068"><ele>3078.2</ele><time>2025-10-29T02:34:58Z</time></trkpt>
    <trkpt lat="28.570449" lon="84.712134"><ele>3076.4</ele><time>2025-10-29T02:35:06Z</time></trkpt>
    <trkpt lat="28.570448" lon="84.712155"><ele>3076.0</ele><time>2025-10-29T02:35:08Z</time></trkpt>
    <trkpt lat="28.570452" lon="84.712251"><ele>3073.8</ele><time>2025-10-29T02:35:16Z</time></trkpt>
    <trkpt lat="28.570236" lon="84.712524"><ele>3068.2</ele><time>2025-10-29T02:35:40Z</time></trkpt>
    <trkpt lat="28.570185" lon="84.712669"><ele>3064.8</ele><time>2025-10-29T02:35:47Z</time></trkpt>
    <trkpt lat="28.570151" lon="84.712988"><ele>3059.4</ele><time>2025-10-29T02:36:00Z</time></trkpt>
    <trkpt lat="28.569758" lon="84.713158"><ele>3054.0</ele><time>2025-10-29T02:36:29Z</time></trkpt>
    <trkpt lat="28.569749" lon="84.713184"><ele>3054.0</ele><time>2025-10-29T02:36:32Z</time></trkpt>
    <trkpt lat="28.569886" lon="84.713342"><ele>3052.8</ele><time>2025-10-29T02:36:54Z</time></trkpt>
    <trkpt lat="28.569891" lon="84.713541"><ele>3051.4</ele><time>2025-10-29T02:37:08Z</time></trkpt>
    <trkpt lat="28.569933" lon="84.713722"><ele>3048.8</ele><time>2025-10-29T02:37:23Z</time></trkpt>
    <trkpt lat="28.570019" lon="84.714070"><ele>3048.8</ele><time>2025-10-29T02:37:49Z</time></trkpt>
    <trkpt lat="28.570031" lon="84.714436"><ele>3049.2</ele><time>2025-10-29T02:38:21Z</time></trkpt>
    <trkpt lat="28.570109" lon="84.714564"><ele>3049.4</ele><time>2025-10-29T02:38:36Z</time></trkpt>
    <trkpt lat="28.570116" lon="84.714714"><ele>3049.4</ele><time>2025-10-29T02:38:49Z</time></trkpt>
    <trkpt lat="28.570086" lon="84.714821"><ele>3049.4</ele><time>2025-10-29T02:39:00Z</time></trkpt>
    <trkpt lat="28.570056" lon="84.714855"><ele>3049.2</ele><time>2025-10-29T02:39:13Z</time></trkpt>
    <trkpt lat="28.569952" lon="84.714998"><ele>3044.6</ele><time>2025-10-29T02:39:31Z</time></trkpt>
    <trkpt lat="28.569840" lon="84.715221"><ele>3038.6</ele><time>2025-10-29T02:39:56Z</time></trkpt>
    <trkpt lat="28.569785" lon="84.715327"><ele>3038.0</ele><time>2025-10-29T02:40:06Z</time></trkpt>
    <trkpt lat="28.569762" lon="84.715420"><ele>3037.8</ele><time>2025-10-29T02:40:25Z</time></trkpt>
    <trkpt lat="28.569796" lon="84.715592"><ele>3037.2</ele><time>2025-10-29T02:40:38Z</time></trkpt>
    <trkpt lat="28.569731" lon="84.715914"><ele>3035.6</ele><time>2025-10-29T02:40:59Z</time></trkpt>
    <trkpt lat="28.569752" lon="84.716055"><ele>3035.0</ele><time>2025-10-29T02:41:10Z</time></trkpt>
    <trkpt lat="28.569612" lon="84.716277"><ele>3035.0</ele><time>2025-10-29T02:41:31Z</time></trkpt>
    <trkpt lat="28.569589" lon="84.716501"><ele>3035.2</ele><time>2025-10-29T02:41:50Z</time></trkpt>
    <trkpt lat="28.569648" lon="84.716796"><ele>3034.4</ele><time>2025-10-29T02:42:15Z</time></trkpt>
    <trkpt lat="28.569628" lon="84.716983"><ele>3034.4</ele><time>2025-10-29T02:42:28Z</time></trkpt>
    <trkpt lat="28.569609" lon="84.717084"><ele>3033.6</ele><time>2025-10-29T02:42:36Z</time></trkpt>
    <trkpt lat="28.569650" lon="84.717232"><ele>3032.2</ele><time>2025-10-29T02:42:48Z</time></trkpt>
    <trkpt lat="28.569561" lon="84.717402"><ele>3030.4</ele><time>2025-10-29T02:43:05Z</time></trkpt>
    <trkpt lat="28.569501" lon="84.717757"><ele>3027.2</ele><time>2025-10-29T02:43:34Z</time></trkpt>
    <trkpt lat="28.569519" lon="84.718044"><ele>3023.0</ele><time>2025-10-29T02:43:56Z</time></trkpt>
    <trkpt lat="28.569645" lon="84.718356"><ele>3021.6</ele><time>2025-10-29T02:44:24Z</time></trkpt>
    <trkpt lat="28.569660" lon="84.718482"><ele>3020.8</ele><time>2025-10-29T02:44:32Z</time></trkpt>
    <trkpt lat="28.569633" lon="84.718518"><ele>3020.2</ele><time>2025-10-29T02:44:38Z</time></trkpt>
    <trkpt lat="28.569528" lon="84.718551"><ele>3020.2</ele><time>2025-10-29T02:44:45Z</time></trkpt>
    <trkpt lat="28.569495" lon="84.718623"><ele>3020.2</ele><time>2025-10-29T02:44:52Z</time></trkpt>
    <trkpt lat="28.569650" lon="84.718845"><ele>3020.4</ele><time>2025-10-29T02:45:16Z</time></trkpt>
    <trkpt lat="28.569544" lon="84.719147"><ele>3020.4</ele><time>2025-10-29T02:45:39Z</time></trkpt>
    <trkpt lat="28.569554" lon="84.719233"><ele>3020.2</ele><time>2025-10-29T02:45:46Z</time></trkpt>
    <trkpt lat="28.569526" lon="84.719786"><ele>3015.2</ele><time>2025-10-29T02:46:29Z</time></trkpt>
    <trkpt lat="28.569577" lon="84.720010"><ele>3013.4</ele><time>2025-10-29T02:46:47Z</time></trkpt>
    <trkpt lat="28.569478" lon="84.720586"><ele>3008.4</ele><time>2025-10-29T02:47:32Z</time></trkpt>
    <trkpt lat="28.569579" lon="84.721131"><ele>3005.6</ele><time>2025-10-29T02:48:17Z</time></trkpt>
    <trkpt lat="28.569525" lon="84.721355"><ele>3003.4</ele><time>2025-10-29T02:48:34Z</time></trkpt>
    <trkpt lat="28.569351" lon="84.721550"><ele>2997.8</ele><time>2025-10-29T02:48:56Z</time></trkpt>
    <trkpt lat="28.569319" lon="84.721586"><ele>2997.8</ele><time>2025-10-29T02:49:00Z</time></trkpt>
    <trkpt lat="28.569302" lon="84.721672"><ele>2997.8</ele><time>2025-10-29T02:49:06Z</time></trkpt>
    <trkpt lat="28.569325" lon="84.721700"><ele>2997.8</ele><time>2025-10-29T02:49:11Z</time></trkpt>
    <trkpt lat="28.569441" lon="84.721685"><ele>2998.2</ele><time>2025-10-29T02:49:24Z</time></trkpt>
    <trkpt lat="28.569521" lon="84.721807"><ele>3000.2</ele><time>2025-10-29T02:49:40Z</time></trkpt>
    <trkpt lat="28.569465" lon="84.723156"><ele>3001.2</ele><time>2025-10-29T02:51:22Z</time></trkpt>
    <trkpt lat="28.569278" lon="84.723854"><ele>3001.4</ele><time>2025-10-29T02:52:20Z</time></trkpt>
    <trkpt lat="28.569203" lon="84.724107"><ele>3001.0</ele><time>2025-10-29T02:52:39Z</time></trkpt>
    <trkpt lat="28.569127" lon="84.724237"><ele>3000.8</ele><time>2025-10-29T02:52:52Z</time></trkpt>
    <trkpt lat="28.569109" lon="84.724576"><ele>2999.2</ele><time>2025-10-29T02:53:16Z</time></trkpt>
    <trkpt lat="28.569105" lon="84.724690"><ele>2998.2</ele><time>2025-10-29T02:53:24Z</time></trkpt>
    <trkpt lat="28.569060" lon="84.724743"><ele>2997.0</ele><time>2025-10-29T02:53:30Z</time></trkpt>
    <trkpt lat="28.568849" lon="84.724769"><ele>2993.6</ele><time>2025-10-29T02:53:48Z</time></trkpt>
    <trkpt lat="28.568616" lon="84.724670"><ele>2988.8</ele><time>2025-10-29T02:54:12Z</time></trkpt>
    <trkpt lat="28.568572" lon="84.724671"><ele>2988.8</ele><time>2025-10-29T02:54:16Z</time></trkpt>
    <trkpt lat="28.568494" lon="84.724752"><ele>2988.8</ele><time>2025-10-29T02:54:26Z</time></trkpt>
    <trkpt lat="28.568534" lon="84.724897"><ele>2988.8</ele><time>2025-10-29T02:54:38Z</time></trkpt>
    <trkpt lat="28.568651" lon="84.724978"><ele>2991.2</ele><time>2025-10-29T02:54:52Z</time></trkpt>
    <trkpt lat="28.568679" lon="84.725155"><ele>2994.8</ele><time>2025-10-29T02:55:10Z</time></trkpt>
    <trkpt lat="28.568783" lon="84.725322"><ele>2995.6</ele><time>2025-10-29T02:55:29Z</time></trkpt>
    <trkpt lat="28.568584" lon="84.725524"><ele>2995.6</ele><time>2025-10-29T02:55:58Z</time></trkpt>
    <trkpt lat="28.568466" lon="84.725959"><ele>2992.4</ele><time>2025-10-29T02:56:35Z</time></trkpt>
    <trkpt lat="28.568475" lon="84.726117"><ele>2990.2</ele><time>2025-10-29T02:56:47Z</time></trkpt>
    <trkpt lat="28.567981" lon="84.726763"><ele>2984.8</ele><time>2025-10-29T02:57:52Z</time></trkpt>
    <trkpt lat="28.567876" lon="84.727009"><ele>2983.6</ele><time>2025-10-29T02:58:10Z</time></trkpt>
    <trkpt lat="28.567847" lon="84.727060"><ele>2983.6</ele><time>2025-10-29T02:58:14Z</time></trkpt>
    <trkpt lat="28.567743" lon="84.727160"><ele>2983.6</ele><time>2025-10-29T02:58:24Z</time></trkpt>
    <trkpt lat="28.567588" lon="84.727514"><ele>2983.6</ele><time>2025-10-29T02:58:52Z</time></trkpt>
    <trkpt lat="28.567559" lon="84.727601"><ele>2985.0</ele><time>2025-10-29T02:59:00Z</time></trkpt>
    <trkpt lat="28.567466" lon="84.727700"><ele>2988.0</ele><time>2025-10-29T02:59:13Z</time></trkpt>
    <trkpt lat="28.567450" lon="84.727820"><ele>2990.2</ele><time>2025-10-29T02:59:24Z</time></trkpt>
    <trkpt lat="28.567443" lon="84.727823"><ele>2990.4</ele><time>2025-10-29T02:59:25Z</time></trkpt>
    <trkpt lat="28.567355" lon="84.727919"><ele>2990.4</ele><time>2025-10-29T02:59:39Z</time></trkpt>
    <trkpt lat="28.567098" lon="84.728488"><ele>2988.0</ele><time>2025-10-29T03:00:39Z</time></trkpt>
    <trkpt lat="28.566883" lon="84.728737"><ele>2986.4</ele><time>2025-10-29T03:01:11Z</time></trkpt>
    <trkpt lat="28.566781" lon="84.729067"><ele>2986.4</ele><time>2025-10-29T03:01:38Z</time></trkpt>
    <trkpt lat="28.566576" lon="84.729256"><ele>2986.2</ele><time>2025-10-29T03:02:26Z</time></trkpt>
    <trkpt lat="28.566515" lon="84.729470"><ele>2986.0</ele><time>2025-10-29T03:02:44Z</time></trkpt>
    <trkpt lat="28.566410" lon="84.729502"><ele>2985.4</ele><time>2025-10-29T03:02:54Z</time></trkpt>
    <trkpt lat="28.566370" lon="84.729581"><ele>2985.4</ele><time>2025-10-29T03:03:01Z</time></trkpt>
    <trkpt lat="28.566379" lon="84.729788"><ele>2985.4</ele><time>2025-10-29T03:03:17Z</time></trkpt>
    <trkpt lat="28.566377" lon="84.729900"><ele>2984.4</ele><time>2025-10-29T03:03:25Z</time></trkpt>
    <trkpt lat="28.566099" lon="84.730344"><ele>2981.8</ele><time>2025-10-29T03:04:03Z</time></trkpt>
    <trkpt lat="28.565942" lon="84.730390"><ele>2981.4</ele><time>2025-10-29T03:04:17Z</time></trkpt>
    <trkpt lat="28.565894" lon="84.730474"><ele>2981.2</ele><time>2025-10-29T03:04:27Z</time></trkpt>
    <trkpt lat="28.565912" lon="84.730557"><ele>2981.0</ele><time>2025-10-29T03:04:33Z</time></trkpt>
    <trkpt lat="28.565895" lon="84.730656"><ele>2980.6</ele><time>2025-10-29T03:04:40Z</time></trkpt>
    <trkpt lat="28.565874" lon="84.730749"><ele>2979.2</ele><time>2025-10-29T03:04:47Z</time></trkpt>
    <trkpt lat="28.565819" lon="84.730840"><ele>2977.4</ele><time>2025-10-29T03:04:55Z</time></trkpt>
    <trkpt lat="28.565724" lon="84.730978"><ele>2974.2</ele><time>2025-10-29T03:05:08Z</time></trkpt>
    <trkpt lat="28.565395" lon="84.731194"><ele>2972.4</ele><time>2025-10-29T03:05:39Z</time></trkpt>
    <trkpt lat="28.565332" lon="84.731273"><ele>2970.2</ele><time>2025-10-29T03:05:47Z</time></trkpt>
    <trkpt lat="28.565084" lon="84.731401"><ele>2965.8</ele><time>2025-10-29T03:06:11Z</time></trkpt>
    <trkpt lat="28.565021" lon="84.731578"><ele>2965.0</ele><time>2025-10-29T03:06:23Z</time></trkpt>
    <trkpt lat="28.565019" lon="84.731587"><ele>2965.0</ele><time>2025-10-29T03:06:24Z</time></trkpt>
    <trkpt lat="28.565024" lon="84.731812"><ele>2964.6</ele><time>2025-10-29T03:06:43Z</time></trkpt>
    <trkpt lat="28.564758" lon="84.732074"><ele>2964.0</ele><time>2025-10-29T03:07:11Z</time></trkpt>
    <trkpt lat="28.564485" lon="84.732476"><ele>2962.4</ele><time>2025-10-29T03:07:52Z</time></trkpt>
    <trkpt lat="28.564266" lon="84.732489"><ele>2962.4</ele><time>2025-10-29T03:08:12Z</time></trkpt>
    <trkpt lat="28.564082" lon="84.732712"><ele>2962.4</ele><time>2025-10-29T03:08:38Z</time></trkpt>
    <trkpt lat="28.563968" lon="84.732741"><ele>2962.4</ele><time>2025-10-29T03:08:57Z</time></trkpt>
    <trkpt lat="28.563961" lon="84.732723"><ele>2962.2</ele><time>2025-10-29T03:09:18Z</time></trkpt>
    <trkpt lat="28.563865" lon="84.732650"><ele>2958.8</ele><time>2025-10-29T03:09:33Z</time></trkpt>
    <trkpt lat="28.563915" lon="84.732480"><ele>2955.4</ele><time>2025-10-29T03:09:45Z</time></trkpt>
    <trkpt lat="28.563894" lon="84.732351"><ele>2953.2</ele><time>2025-10-29T03:09:54Z</time></trkpt>
    <trkpt lat="28.563794" lon="84.732200"><ele>2950.2</ele><time>2025-10-29T03:10:07Z</time></trkpt>
    <trkpt lat="28.563609" lon="84.732042"><ele>2942.6</ele><time>2025-10-29T03:10:29Z</time></trkpt>
    <trkpt lat="28.563609" lon="84.731918"><ele>2938.4</ele><time>2025-10-29T03:10:44Z</time></trkpt>
    <trkpt lat="28.563561" lon="84.731868"><ele>2936.0</ele><time>2025-10-29T03:10:53Z</time></trkpt>
    <trkpt lat="28.563527" lon="84.731857"><ele>2935.0</ele><time>2025-10-29T03:10:57Z</time></trkpt>
    <trkpt lat="28.563509" lon="84.731966"><ele>2931.4</ele><time>2025-10-29T03:11:11Z</time></trkpt>
    <trkpt lat="28.563481" lon="84.731879"><ele>2929.0</ele><time>2025-10-29T03:11:21Z</time></trkpt>
    <trkpt lat="28.563311" lon="84.731824"><ele>2922.4</ele><time>2025-10-29T03:11:52Z</time></trkpt>
    <trkpt lat="28.562952" lon="84.731511"><ele>2915.6</ele><time>2025-10-29T03:12:27Z</time></trkpt>
    <trkpt lat="28.562674" lon="84.731249"><ele>2913.4</ele><time>2025-10-29T03:12:59Z</time></trkpt>
    <trkpt lat="28.562586" lon="84.731310"><ele>2912.8</ele><time>2025-10-29T03:13:12Z</time></trkpt>
    <trkpt lat="28.562392" lon="84.731299"><ele>2911.0</ele><time>2025-10-29T03:13:26Z</time></trkpt>
    <trkpt lat="28.562154" lon="84.731138"><ele>2910.6</ele><time>2025-10-29T03:13:49Z</time></trkpt>
    <trkpt lat="28.562094" lon="84.731148"><ele>2910.4</ele><time>2025-10-29T03:14:03Z</time></trkpt>
    <trkpt lat="28.561835" lon="84.731113"><ele>2905.8</ele><time>2025-10-29T03:14:24Z</time></trkpt>
    <trkpt lat="28.561723" lon="84.731166"><ele>2904.2</ele><time>2025-10-29T03:14:34Z</time></trkpt>
    <trkpt lat="28.561438" lon="84.731012"><ele>2903.6</ele><time>2025-10-29T03:14:59Z</time></trkpt>
    <trkpt lat="28.561284" lon="84.730999"><ele>2903.6</ele><time>2025-10-29T03:15:18Z</time></trkpt>
    <trkpt lat="28.560972" lon="84.730843"><ele>2903.8</ele><time>2025-10-29T03:15:45Z</time></trkpt>
    <trkpt lat="28.560725" lon="84.730611"><ele>2903.4</ele><time>2025-10-29T03:16:10Z</time></trkpt>
    <trkpt lat="28.560680" lon="84.730561"><ele>2901.8</ele><time>2025-10-29T03:16:16Z</time></trkpt>
    <trkpt lat="28.560582" lon="84.730385"><ele>2899.4</ele><time>2025-10-29T03:16:32Z</time></trkpt>
    <trkpt lat="28.560580" lon="84.730299"><ele>2897.4</ele><time>2025-10-29T03:16:39Z</time></trkpt>
    <trkpt lat="28.560620" lon="84.730155"><ele>2897.4</ele><time>2025-10-29T03:16:49Z</time></trkpt>
    <trkpt lat="28.560499" lon="84.729766"><ele>2896.2</ele><time>2025-10-29T03:17:23Z</time></trkpt>
    <trkpt lat="28.559944" lon="84.729932"><ele>2895.8</ele><time>2025-10-29T03:18:13Z</time></trkpt>
    <trkpt lat="28.559914" lon="84.729996"><ele>2895.6</ele><time>2025-10-29T03:18:26Z</time></trkpt>
    <trkpt lat="28.559943" lon="84.730069"><ele>2895.6</ele><time>2025-10-29T03:18:32Z</time></trkpt>
    <trkpt lat="28.560037" lon="84.730212"><ele>2892.0</ele><time>2025-10-29T03:18:47Z</time></trkpt>
    <trkpt lat="28.560065" lon="84.730386"><ele>2888.4</ele><time>2025-10-29T03:18:59Z</time></trkpt>
    <trkpt lat="28.560056" lon="84.730441"><ele>2887.8</ele><time>2025-10-29T03:19:02Z</time></trkpt>
    <trkpt lat="28.559974" lon="84.730652"><ele>2886.8</ele><time>2025-10-29T03:19:16Z</time></trkpt>
    <trkpt lat="28.559924" lon="84.731006"><ele>2886.4</ele><time>2025-10-29T03:19:42Z</time></trkpt>
    <trkpt lat="28.559817" lon="84.731281"><ele>2884.8</ele><time>2025-10-29T03:20:02Z</time></trkpt>
    <trkpt lat="28.559665" lon="84.731446"><ele>2883.0</ele><time>2025-10-29T03:20:19Z</time></trkpt>
    <trkpt lat="28.559642" lon="84.731566"><ele>2882.6</ele><time>2025-10-29T03:20:28Z</time></trkpt>
    <trkpt lat="28.559616" lon="84.731660"><ele>2882.6</ele><time>2025-10-29T03:20:34Z</time></trkpt>
    <trkpt lat="28.559480" lon="84.731770"><ele>2882.2</ele><time>2025-10-29T03:20:48Z</time></trkpt>
    <trkpt lat="28.559469" lon="84.731839"><ele>2882.2</ele><time>2025-10-29T03:20:55Z</time></trkpt>
    <trkpt lat="28.559714" lon="84.731860"><ele>2882.4</ele><time>2025-10-29T03:21:28Z</time></trkpt>
    <trkpt lat="28.560246" lon="84.732435"><ele>2882.0</ele><time>2025-10-29T03:22:32Z</time></trkpt>
    <trkpt lat="28.560368" lon="84.732462"><ele>2882.6</ele><time>2025-10-29T03:22:46Z</time></trkpt>
    <trkpt lat="28.560444" lon="84.732485"><ele>2884.2</ele><time>2025-10-29T03:22:55Z</time></trkpt>
    <trkpt lat="28.560509" lon="84.732605"><ele>2887.0</ele><time>2025-10-29T03:23:13Z</time></trkpt>
    <trkpt lat="28.560486" lon="84.732753"><ele>2890.6</ele><time>2025-10-29T03:23:34Z</time></trkpt>
    <trkpt lat="28.560431" lon="84.732917"><ele>2890.8</ele><time>2025-10-29T03:23:46Z</time></trkpt>
    <trkpt lat="28.560445" lon="84.732991"><ele>2891.6</ele><time>2025-10-29T03:23:53Z</time></trkpt>
    <trkpt lat="28.560710" lon="84.733212"><ele>2894.2</ele><time>2025-10-29T03:24:33Z</time></trkpt>
    <trkpt lat="28.560715" lon="84.733301"><ele>2894.4</ele><time>2025-10-29T03:24:40Z</time></trkpt>
    <trkpt lat="28.560965" lon="84.733924"><ele>2898.6</ele><time>2025-10-29T03:25:40Z</time></trkpt>
    <trkpt lat="28.561110" lon="84.734019"><ele>2899.2</ele><time>2025-10-29T03:25:56Z</time></trkpt>
    <trkpt lat="28.561219" lon="84.734079"><ele>2901.4</ele><time>2025-10-29T03:26:08Z</time></trkpt>
    <trkpt lat="28.561308" lon="84.734285"><ele>2902.8</ele><time>2025-10-29T03:26:26Z</time></trkpt>
    <trkpt lat="28.561369" lon="84.734354"><ele>2903.4</ele><time>2025-10-29T03:26:33Z</time></trkpt>
    <trkpt lat="28.561466" lon="84.734385"><ele>2905.8</ele><time>2025-10-29T03:26:44Z</time></trkpt>
    <trkpt lat="28.561556" lon="84.734533"><ele>2908.6</ele><time>2025-10-29T03:27:01Z</time></trkpt>
    <trkpt lat="28.561604" lon="84.734867"><ele>2914.0</ele><time>2025-10-29T03:27:47Z</time></trkpt>
    <trkpt lat="28.561603" lon="84.734877"><ele>2914.2</ele><time>2025-10-29T03:27:48Z</time></trkpt>
    <trkpt lat="28.561344" lon="84.735051"><ele>2913.6</ele><time>2025-10-29T03:28:27Z</time></trkpt>
    <trkpt lat="28.561338" lon="84.735392"><ele>2913.6</ele><time>2025-10-29T03:28:53Z</time></trkpt>
    <trkpt lat="28.561356" lon="84.735474"><ele>2914.2</ele><time>2025-10-29T03:29:00Z</time></trkpt>
    <trkpt lat="28.561362" lon="84.735525"><ele>2914.6</ele><time>2025-10-29T03:29:04Z</time></trkpt>
    <trkpt lat="28.561508" lon="84.735724"><ele>2920.0</ele><time>2025-10-29T03:29:35Z</time></trkpt>
    <trkpt lat="28.561533" lon="84.736037"><ele>2927.0</ele><time>2025-10-29T03:30:18Z</time></trkpt>
    <trkpt lat="28.561633" lon="84.736221"><ele>2930.6</ele><time>2025-10-29T03:30:46Z</time></trkpt>
    <trkpt lat="28.561532" lon="84.736468"><ele>2932.6</ele><time>2025-10-29T03:31:15Z</time></trkpt>
    <trkpt lat="28.561547" lon="84.736537"><ele>2932.8</ele><time>2025-10-29T03:31:22Z</time></trkpt>
    <trkpt lat="28.561675" lon="84.736645"><ele>2936.2</ele><time>2025-10-29T03:31:47Z</time></trkpt>
    <trkpt lat="28.561798" lon="84.736824"><ele>2940.6</ele><time>2025-10-29T03:32:15Z</time></trkpt>
    <trkpt lat="28.561796" lon="84.736857"><ele>2941.2</ele><time>2025-10-29T03:32:18Z</time></trkpt>
    <trkpt lat="28.561605" lon="84.737332"><ele>2941.8</ele><time>2025-10-29T03:33:33Z</time></trkpt>
    <trkpt lat="28.561505" lon="84.737655"><ele>2945.8</ele><time>2025-10-29T03:34:06Z</time></trkpt>
    <trkpt lat="28.561550" lon="84.737810"><ele>2949.4</ele><time>2025-10-29T03:34:25Z</time></trkpt>
    <trkpt lat="28.561538" lon="84.737873"><ele>2949.8</ele><time>2025-10-29T03:34:31Z</time></trkpt>
    <trkpt lat="28.561513" lon="84.738299"><ele>2950.0</ele><time>2025-10-29T03:35:09Z</time></trkpt>
    <trkpt lat="28.561551" lon="84.738551"><ele>2950.2</ele><time>2025-10-29T03:35:31Z</time></trkpt>
    <trkpt lat="28.561495" lon="84.738838"><ele>2950.6</ele><time>2025-10-29T03:36:01Z</time></trkpt>
    <trkpt lat="28.561535" lon="84.738921"><ele>2950.6</ele><time>2025-10-29T03:36:15Z</time></trkpt>
    <trkpt lat="28.561525" lon="84.738991"><ele>2950.0</ele><time>2025-10-29T03:36:23Z</time></trkpt>
    <trkpt lat="28.561694" lon="84.739299"><ele>2943.8</ele><time>2025-10-29T03:37:00Z</time></trkpt>
    <trkpt lat="28.561738" lon="84.739507"><ele>2940.2</ele><time>2025-10-29T03:37:15Z</time></trkpt>
    <trkpt lat="28.561933" lon="84.739781"><ele>2937.2</ele><time>2025-10-29T03:37:41Z</time></trkpt>
    <trkpt lat="28.561979" lon="84.739873"><ele>2937.0</ele><time>2025-10-29T03:37:48Z</time></trkpt>
    <trkpt lat="28.562038" lon="84.740306"><ele>2936.8</ele><time>2025-10-29T03:38:22Z</time></trkpt>
    <trkpt lat="28.561989" lon="84.740652"><ele>2936.0</ele><time>2025-10-29T03:38:50Z</time></trkpt>
    <trkpt lat="28.561935" lon="84.740708"><ele>2935.8</ele><time>2025-10-29T03:38:57Z</time></trkpt>
    <trkpt lat="28.561905" lon="84.740755"><ele>2934.8</ele><time>2025-10-29T03:39:03Z</time></trkpt>
    <trkpt lat="28.561922" lon="84.740953"><ele>2934.6</ele><time>2025-10-29T03:39:18Z</time></trkpt>
    <trkpt lat="28.561843" lon="84.741504"><ele>2927.2</ele><time>2025-10-29T03:40:00Z</time></trkpt>
    <trkpt lat="28.561775" lon="84.741731"><ele>2925.4</ele><time>2025-10-29T03:40:18Z</time></trkpt>
    <trkpt lat="28.561752" lon="84.741766"><ele>2925.8</ele><time>2025-10-29T03:44:46Z</time></trkpt>
    <trkpt lat="28.561764" lon="84.741728"><ele>2926.0</ele><time>2025-10-29T03:44:50Z</time></trkpt>
    <trkpt lat="28.561731" lon="84.741765"><ele>2925.8</ele><time>2025-10-29T03:44:57Z</time></trkpt>
    <trkpt lat="28.561651" lon="84.741762"><ele>2925.8</ele><time>2025-10-29T03:45:15Z</time></trkpt>
    <trkpt lat="28.561681" lon="84.741729"><ele>2925.8</ele><time>2025-10-29T03:45:37Z</time></trkpt>
    <trkpt lat="28.561751" lon="84.741777"><ele>2923.8</ele><time>2025-10-29T03:59:03Z</time></trkpt>
    <trkpt lat="28.561633" lon="84.742148"><ele>2922.6</ele><time>2025-10-29T03:59:31Z</time></trkpt>
    <trkpt lat="28.561667" lon="84.742808"><ele>2911.0</ele><time>2025-10-29T04:00:17Z</time></trkpt>
    <trkpt lat="28.561608" lon="84.743294"><ele>2900.6</ele><time>2025-10-29T04:00:52Z</time></trkpt>
    <trkpt lat="28.561586" lon="84.743334"><ele>2899.4</ele><time>2025-10-29T04:00:56Z</time></trkpt>
    <trkpt lat="28.561413" lon="84.743185"><ele>2892.6</ele><time>2025-10-29T04:01:17Z</time></trkpt>
    <trkpt lat="28.561343" lon="84.743246"><ele>2890.2</ele><time>2025-10-29T04:01:24Z</time></trkpt>
    <trkpt lat="28.561314" lon="84.743283"><ele>2889.0</ele><time>2025-10-29T04:01:28Z</time></trkpt>
    <trkpt lat="28.561432" lon="84.743317"><ele>2885.4</ele><time>2025-10-29T04:01:40Z</time></trkpt>
    <trkpt lat="28.561319" lon="84.743402"><ele>2882.2</ele><time>2025-10-29T04:01:51Z</time></trkpt>
    <trkpt lat="28.561262" lon="84.743501"><ele>2879.8</ele><time>2025-10-29T04:01:59Z</time></trkpt>
    <trkpt lat="28.561287" lon="84.743734"><ele>2874.2</ele><time>2025-10-29T04:02:17Z</time></trkpt>
    <trkpt lat="28.561006" lon="84.743965"><ele>2865.8</ele><time>2025-10-29T04:02:45Z</time></trkpt>
    <trkpt lat="28.560946" lon="84.744043"><ele>2864.2</ele><time>2025-10-29T04:02:53Z</time></trkpt>
    <trkpt lat="28.560890" lon="84.744591"><ele>2860.0</ele><time>2025-10-29T04:03:35Z</time></trkpt>
    <trkpt lat="28.560861" lon="84.744762"><ele>2857.0</ele><time>2025-10-29T04:03:48Z</time></trkpt>
    <trkpt lat="28.560881" lon="84.745267"><ele>2846.4</ele><time>2025-10-29T04:04:28Z</time></trkpt>
    <trkpt lat="28.560864" lon="84.745327"><ele>2845.6</ele><time>2025-10-29T04:04:32Z</time></trkpt>
    <trkpt lat="28.560812" lon="84.745672"><ele>2841.2</ele><time>2025-10-29T04:04:59Z</time></trkpt>
    <trkpt lat="28.560450" lon="84.746140"><ele>2833.4</ele><time>2025-10-29T04:05:39Z</time></trkpt>
    <trkpt lat="28.560367" lon="84.746554"><ele>2826.6</ele><time>2025-10-29T04:06:13Z</time></trkpt>
    <trkpt lat="28.560178" lon="84.747144"><ele>2812.6</ele><time>2025-10-29T04:07:09Z</time></trkpt>
    <trkpt lat="28.559978" lon="84.747316"><ele>2807.0</ele><time>2025-10-29T04:07:35Z</time></trkpt>
    <trkpt lat="28.559877" lon="84.747531"><ele>2806.4</ele><time>2025-10-29T04:07:56Z</time></trkpt>
    <trkpt lat="28.559772" lon="84.747747"><ele>2801.2</ele><time>2025-10-29T04:08:18Z</time></trkpt>
    <trkpt lat="28.559710" lon="84.748075"><ele>2796.6</ele><time>2025-10-29T04:08:46Z</time></trkpt>
    <trkpt lat="28.559675" lon="84.748192"><ele>2793.6</ele><time>2025-10-29T04:08:57Z</time></trkpt>
    <trkpt lat="28.559565" lon="84.748294"><ele>2789.0</ele><time>2025-10-29T04:09:15Z</time></trkpt>
    <trkpt lat="28.559514" lon="84.748363"><ele>2788.4</ele><time>2025-10-29T04:09:21Z</time></trkpt>
    <trkpt lat="28.559529" lon="84.748462"><ele>2787.8</ele><time>2025-10-29T04:09:48Z</time></trkpt>
    <trkpt lat="28.559550" lon="84.748519"><ele>2785.6</ele><time>2025-10-29T04:09:55Z</time></trkpt>
    <trkpt lat="28.559532" lon="84.748588"><ele>2783.6</ele><time>2025-10-29T04:10:01Z</time></trkpt>
    <trkpt lat="28.559396" lon="84.748639"><ele>2777.0</ele><time>2025-10-29T04:10:22Z</time></trkpt>
    <trkpt lat="28.559278" lon="84.748791"><ele>2770.0</ele><time>2025-10-29T04:10:46Z</time></trkpt>
    <trkpt lat="28.559261" lon="84.748964"><ele>2764.4</ele><time>2025-10-29T04:11:05Z</time></trkpt>
    <trkpt lat="28.559313" lon="84.749081"><ele>2760.8</ele><time>2025-10-29T04:11:25Z</time></trkpt>
    <trkpt lat="28.559154" lon="84.749064"><ele>2753.0</ele><time>2025-10-29T04:11:56Z</time></trkpt>
    <trkpt lat="28.558932" lon="84.749324"><ele>2745.0</ele><time>2025-10-29T04:12:29Z</time></trkpt>
    <trkpt lat="28.558901" lon="84.749514"><ele>2737.2</ele><time>2025-10-29T04:13:03Z</time></trkpt>
    <trkpt lat="28.558897" lon="84.749589"><ele>2736.8</ele><time>2025-10-29T04:13:09Z</time></trkpt>
    <trkpt lat="28.558962" lon="84.749796"><ele>2735.4</ele><time>2025-10-29T04:13:32Z</time></trkpt>
    <trkpt lat="28.558941" lon="84.749882"><ele>2735.2</ele><time>2025-10-29T04:13:40Z</time></trkpt>
    <trkpt lat="28.558913" lon="84.749893"><ele>2734.8</ele><time>2025-10-29T04:13:47Z</time></trkpt>
    <trkpt lat="28.558653" lon="84.749852"><ele>2727.2</ele><time>2025-10-29T04:14:20Z</time></trkpt>
    <trkpt lat="28.558574" lon="84.749910"><ele>2722.6</ele><time>2025-10-29T04:14:31Z</time></trkpt>
    <trkpt lat="28.558494" lon="84.749852"><ele>2719.8</ele><time>2025-10-29T04:14:41Z</time></trkpt>
    <trkpt lat="28.558453" lon="84.749865"><ele>2718.6</ele><time>2025-10-29T04:14:44Z</time></trkpt>
    <trkpt lat="28.558332" lon="84.750019"><ele>2715.6</ele><time>2025-10-29T04:14:55Z</time></trkpt>
    <trkpt lat="28.558185" lon="84.750185"><ele>2712.8</ele><time>2025-10-29T04:15:08Z</time></trkpt>
    <trkpt lat="28.558107" lon="84.750443"><ele>2711.8</ele><time>2025-10-29T04:15:27Z</time></trkpt>
    <trkpt lat="28.557900" lon="84.750505"><ele>2707.2</ele><time>2025-10-29T04:15:45Z</time></trkpt>
    <trkpt lat="28.557625" lon="84.750767"><ele>2705.4</ele><time>2025-10-29T04:16:12Z</time></trkpt>
    <trkpt lat="28.557491" lon="84.751065"><ele>2703.0</ele><time>2025-10-29T04:16:34Z</time></trkpt>
    <trkpt lat="28.557407" lon="84.751599"><ele>2693.0</ele><time>2025-10-29T04:17:14Z</time></trkpt>
    <trkpt lat="28.557412" lon="84.751620"><ele>2692.8</ele><time>2025-10-29T04:17:16Z</time></trkpt>
    <trkpt lat="28.557259" lon="84.751996"><ele>2687.8</ele><time>2025-10-29T04:17:53Z</time></trkpt>
    <trkpt lat="28.557099" lon="84.752031"><ele>2684.4</ele><time>2025-10-29T04:18:10Z</time></trkpt>
    <trkpt lat="28.557156" lon="84.752253"><ele>2682.8</ele><time>2025-10-29T04:18:26Z</time></trkpt>
    <trkpt lat="28.557127" lon="84.752279"><ele>2681.6</ele><time>2025-10-29T04:18:30Z</time></trkpt>
    <trkpt lat="28.556978" lon="84.752410"><ele>2676.2</ele><time>2025-10-29T04:18:48Z</time></trkpt>
    <trkpt lat="28.556704" lon="84.753567"><ele>2661.6</ele><time>2025-10-29T04:20:12Z</time></trkpt>
    <trkpt lat="28.556420" lon="84.753960"><ele>2658.8</ele><time>2025-10-29T04:20:54Z</time></trkpt>
    <trkpt lat="28.556274" lon="84.754098"><ele>2658.6</ele><time>2025-10-29T04:21:13Z</time></trkpt>
    <trkpt lat="28.556197" lon="84.754296"><ele>2657.6</ele><time>2025-10-29T04:21:28Z</time></trkpt>
    <trkpt lat="28.556188" lon="84.754309"><ele>2657.0</ele><time>2025-10-29T04:21:29Z</time></trkpt>
    <trkpt lat="28.555937" lon="84.754583"><ele>2656.6</ele><time>2025-10-29T04:21:59Z</time></trkpt>
    <trkpt lat="28.555878" lon="84.754747"><ele>2656.4</ele><time>2025-10-29T04:22:10Z</time></trkpt>
    <trkpt lat="28.555783" lon="84.754873"><ele>2656.0</ele><time>2025-10-29T04:22:20Z</time></trkpt>
    <trkpt lat="28.555585" lon="84.755047"><ele>2655.4</ele><time>2025-10-29T04:22:39Z</time></trkpt>
    <trkpt lat="28.555406" lon="84.755088"><ele>2654.4</ele><time>2025-10-29T04:22:52Z</time></trkpt>
    <trkpt lat="28.555009" lon="84.755633"><ele>2654.2</ele><time>2025-10-29T04:23:38Z</time></trkpt>
    <trkpt lat="28.554574" lon="84.756429"><ele>2652.4</ele><time>2025-10-29T04:24:44Z</time></trkpt>
    <trkpt lat="28.554517" lon="84.756709"><ele>2652.4</ele><time>2025-10-29T04:25:04Z</time></trkpt>
    <trkpt lat="28.554372" lon="84.756913"><ele>2652.6</ele><time>2025-10-29T04:25:21Z</time></trkpt>
    <trkpt lat="28.554284" lon="84.756995"><ele>2652.6</ele><time>2025-10-29T04:25:30Z</time></trkpt>
    <trkpt lat="28.554098" lon="84.756975"><ele>2653.0</ele><time>2025-10-29T04:25:44Z</time></trkpt>
    <trkpt lat="28.554038" lon="84.757012"><ele>2653.0</ele><time>2025-10-29T04:25:49Z</time></trkpt>
    <trkpt lat="28.553913" lon="84.757269"><ele>2653.0</ele><time>2025-10-29T04:26:08Z</time></trkpt>
    <trkpt lat="28.553694" lon="84.757489"><ele>2652.8</ele><time>2025-10-29T04:26:30Z</time></trkpt>
    <trkpt lat="28.553602" lon="84.758108"><ele>2650.6</ele><time>2025-10-29T04:27:12Z</time></trkpt>
    <trkpt lat="28.553401" lon="84.758229"><ele>2650.2</ele><time>2025-10-29T04:27:37Z</time></trkpt>
    <trkpt lat="28.553315" lon="84.758327"><ele>2650.0</ele><time>2025-10-29T04:27:46Z</time></trkpt>
    <trkpt lat="28.553160" lon="84.758644"><ele>2649.6</ele><time>2025-10-29T04:28:09Z</time></trkpt>
    <trkpt lat="28.553133" lon="84.758829"><ele>2649.4</ele><time>2025-10-29T04:28:24Z</time></trkpt>
    <trkpt lat="28.553126" lon="84.758921"><ele>2649.4</ele><time>2025-10-29T04:28:31Z</time></trkpt>
    <trkpt lat="28.552960" lon="84.759276"><ele>2649.4</ele><time>2025-10-29T04:29:02Z</time></trkpt>
    <trkpt lat="28.552918" lon="84.759455"><ele>2649.4</ele><time>2025-10-29T04:29:16Z</time></trkpt>
    <trkpt lat="28.552874" lon="84.759541"><ele>2650.2</ele><time>2025-10-29T04:29:25Z</time></trkpt>
    <trkpt lat="28.552853" lon="84.759818"><ele>2654.8</ele><time>2025-10-29T04:29:52Z</time></trkpt>
    <trkpt lat="28.552805" lon="84.759873"><ele>2654.8</ele><time>2025-10-29T04:30:00Z</time></trkpt>
    <trkpt lat="28.552736" lon="84.760099"><ele>2653.8</ele><time>2025-10-29T04:30:31Z</time></trkpt>
    <trkpt lat="28.552606" lon="84.760211"><ele>2653.8</ele><time>2025-10-29T04:30:48Z</time></trkpt>
    <trkpt lat="28.552443" lon="84.760148"><ele>2655.8</ele><time>2025-10-29T04:31:17Z</time></trkpt>
    <trkpt lat="28.552370" lon="84.760167"><ele>2655.8</ele><time>2025-10-29T04:31:26Z</time></trkpt>
    <trkpt lat="28.552207" lon="84.760280"><ele>2655.8</ele><time>2025-10-29T04:31:46Z</time></trkpt>
    <trkpt lat="28.552152" lon="84.760402"><ele>2654.4</ele><time>2025-10-29T04:31:57Z</time></trkpt>
    <trkpt lat="28.552043" lon="84.760488"><ele>2654.2</ele><time>2025-10-29T04:32:08Z</time></trkpt>
    <trkpt lat="28.552006" lon="84.760493"><ele>2654.0</ele><time>2025-10-29T04:32:22Z</time></trkpt>
    <trkpt lat="28.551560" lon="84.760643"><ele>2647.8</ele><time>2025-10-29T04:33:03Z</time></trkpt>
    <trkpt lat="28.551421" lon="84.760741"><ele>2645.6</ele><time>2025-10-29T04:33:16Z</time></trkpt>
    <trkpt lat="28.551186" lon="84.760939"><ele>2644.6</ele><time>2025-10-29T04:33:41Z</time></trkpt>
    <trkpt lat="28.550916" lon="84.761037"><ele>2643.8</ele><time>2025-10-29T04:34:11Z</time></trkpt>
    <trkpt lat="28.550299" lon="84.761522"><ele>2643.8</ele><time>2025-10-29T04:35:12Z</time></trkpt>
    <trkpt lat="28.550197" lon="84.761557"><ele>2643.6</ele><time>2025-10-29T04:35:20Z</time></trkpt>
    <trkpt lat="28.550175" lon="84.761705"><ele>2643.6</ele><time>2025-10-29T04:35:31Z</time></trkpt>
    <trkpt lat="28.550084" lon="84.761896"><ele>2641.2</ele><time>2025-10-29T04:35:45Z</time></trkpt>
    <trkpt lat="28.549828" lon="84.762158"><ele>2637.0</ele><time>2025-10-29T04:36:13Z</time></trkpt>
    <trkpt lat="28.549778" lon="84.762200"><ele>2636.8</ele><time>2025-10-29T04:36:21Z</time></trkpt>
    <trkpt lat="28.549806" lon="84.762240"><ele>2636.4</ele><time>2025-10-29T04:36:32Z</time></trkpt>
    <trkpt lat="28.549742" lon="84.762226"><ele>2635.6</ele><time>2025-10-29T04:36:47Z</time></trkpt>
    <trkpt lat="28.549616" lon="84.762338"><ele>2635.4</ele><time>2025-10-29T04:37:01Z</time></trkpt>
    <trkpt lat="28.549160" lon="84.762839"><ele>2633.6</ele><time>2025-10-29T04:37:52Z</time></trkpt>
    <trkpt lat="28.548876" lon="84.762994"><ele>2632.0</ele><time>2025-10-29T04:38:18Z</time></trkpt>
    <trkpt lat="28.548636" lon="84.763318"><ele>2631.2</ele><time>2025-10-29T04:38:50Z</time></trkpt>
    <trkpt lat="28.548442" lon="84.763470"><ele>2631.2</ele><time>2025-10-29T04:39:11Z</time></trkpt>
    <trkpt lat="28.548250" lon="84.763800"><ele>2627.8</ele><time>2025-10-29T04:39:36Z</time></trkpt>
    <trkpt lat="28.548080" lon="84.763835"><ele>2624.8</ele><time>2025-10-29T04:39:52Z</time></trkpt>
    <trkpt lat="28.547971" lon="84.763902"><ele>2623.8</ele><time>2025-10-29T04:40:02Z</time></trkpt>
    <trkpt lat="28.547666" lon="84.764380"><ele>2622.8</ele><time>2025-10-29T04:40:46Z</time></trkpt>
    <trkpt lat="28.547565" lon="84.764539"><ele>2621.0</ele><time>2025-10-29T04:41:01Z</time></trkpt>
    <trkpt lat="28.547392" lon="84.764693"><ele>2617.8</ele><time>2025-10-29T04:41:23Z</time></trkpt>
    <trkpt lat="28.547344" lon="84.764825"><ele>2615.0</ele><time>2025-10-29T04:41:40Z</time></trkpt>
    <trkpt lat="28.547234" lon="84.764969"><ele>2610.6</ele><time>2025-10-29T04:41:57Z</time></trkpt>
    <trkpt lat="28.547093" lon="84.765085"><ele>2608.8</ele><time>2025-10-29T04:42:10Z</time></trkpt>
    <trkpt lat="28.546875" lon="84.765344"><ele>2608.6</ele><time>2025-10-29T04:42:38Z</time></trkpt>
    <trkpt lat="28.546375" lon="84.765548"><ele>2610.2</ele><time>2025-10-29T04:43:26Z</time></trkpt>
    <trkpt lat="28.546331" lon="84.765664"><ele>2612.2</ele><time>2025-10-29T04:43:42Z</time></trkpt>
    <trkpt lat="28.546212" lon="84.765728"><ele>2612.6</ele><time>2025-10-29T04:43:57Z</time></trkpt>
    <trkpt lat="28.546187" lon="84.765845"><ele>2613.2</ele><time>2025-10-29T04:44:09Z</time></trkpt>
    <trkpt lat="28.546048" lon="84.765953"><ele>2613.2</ele><time>2025-10-29T04:44:23Z</time></trkpt>
    <trkpt lat="28.545980" lon="84.766148"><ele>2613.2</ele><time>2025-10-29T04:44:39Z</time></trkpt>
    <trkpt lat="28.545932" lon="84.766119"><ele>2612.8</ele><time>2025-10-29T04:45:10Z</time></trkpt>
    <trkpt lat="28.545573" lon="84.766335"><ele>2606.0</ele><time>2025-10-29T04:45:43Z</time></trkpt>
    <trkpt lat="28.545231" lon="84.766658"><ele>2597.2</ele><time>2025-10-29T04:46:18Z</time></trkpt>
    <trkpt lat="28.545192" lon="84.766744"><ele>2597.0</ele><time>2025-10-29T04:46:25Z</time></trkpt>
    <trkpt lat="28.545355" lon="84.766943"><ele>2595.2</ele><time>2025-10-29T04:46:45Z</time></trkpt>
    <trkpt lat="28.545383" lon="84.766984"><ele>2595.2</ele><time>2025-10-29T04:46:50Z</time></trkpt>
    <trkpt lat="28.545213" lon="84.767197"><ele>2597.2</ele><time>2025-10-29T04:47:21Z</time></trkpt>
    <trkpt lat="28.545248" lon="84.767401"><ele>2599.4</ele><time>2025-10-29T04:47:41Z</time></trkpt>
    <trkpt lat="28.545341" lon="84.767874"><ele>2606.6</ele><time>2025-10-29T04:48:39Z</time></trkpt>
    <trkpt lat="28.545444" lon="84.768261"><ele>2606.6</ele><time>2025-10-29T04:49:13Z</time></trkpt>
    <trkpt lat="28.545344" lon="84.768492"><ele>2606.8</ele><time>2025-10-29T04:49:30Z</time></trkpt>
    <trkpt lat="28.545377" lon="84.768568"><ele>2607.2</ele><time>2025-10-29T04:50:06Z</time></trkpt>
    <trkpt lat="28.545423" lon="84.768650"><ele>2609.4</ele><time>2025-10-29T04:50:18Z</time></trkpt>
    <trkpt lat="28.545539" lon="84.768719"><ele>2612.8</ele><time>2025-10-29T04:50:37Z</time></trkpt>
    <trkpt lat="28.545575" lon="84.768787"><ele>2614.0</ele><time>2025-10-29T04:50:47Z</time></trkpt>
    <trkpt lat="28.545617" lon="84.768954"><ele>2616.4</ele><time>2025-10-29T04:51:09Z</time></trkpt>
    <trkpt lat="28.545603" lon="84.769099"><ele>2618.8</ele><time>2025-10-29T04:51:27Z</time></trkpt>
    <trkpt lat="28.545289" lon="84.769485"><ele>2628.4</ele><time>2025-10-29T04:52:42Z</time></trkpt>
    <trkpt lat="28.545288" lon="84.769610"><ele>2630.6</ele><time>2025-10-29T04:52:58Z</time></trkpt>
    <trkpt lat="28.545148" lon="84.769933"><ele>2634.2</ele><time>2025-10-29T04:53:39Z</time></trkpt>
    <trkpt lat="28.544829" lon="84.770261"><ele>2639.6</ele><time>2025-10-29T04:54:37Z</time></trkpt>
    <trkpt lat="28.544704" lon="84.770330"><ele>2641.2</ele><time>2025-10-29T04:54:53Z</time></trkpt>
    <trkpt lat="28.544672" lon="84.770350"><ele>2641.2</ele><time>2025-10-29T04:54:57Z</time></trkpt>
    <trkpt lat="28.544659" lon="84.770325"><ele>2641.8</ele><time>2025-10-29T04:56:47Z</time></trkpt>
    <trkpt lat="28.544668" lon="84.770328"><ele>2642.0</ele><time>2025-10-29T04:56:58Z</time></trkpt>
    <trkpt lat="28.544434" lon="84.770504"><ele>2646.8</ele><time>2025-10-29T05:06:39Z</time></trkpt>
    <trkpt lat="28.544140" lon="84.770851"><ele>2651.6</ele><time>2025-10-29T05:07:33Z</time></trkpt>
    <trkpt lat="28.543965" lon="84.770962"><ele>2656.8</ele><time>2025-10-29T05:08:07Z</time></trkpt>
    <trkpt lat="28.543963" lon="84.770963"><ele>2657.0</ele><time>2025-10-29T05:08:08Z</time></trkpt>
    <trkpt lat="28.543687" lon="84.771013"><ele>2658.6</ele><time>2025-10-29T05:08:45Z</time></trkpt>
    <trkpt lat="28.543386" lon="84.771241"><ele>2663.6</ele><time>2025-10-29T05:09:43Z</time></trkpt>
    <trkpt lat="28.543254" lon="84.771287"><ele>2663.6</ele><time>2025-10-29T05:10:00Z</time></trkpt>
    <trkpt lat="28.543197" lon="84.771355"><ele>2663.4</ele><time>2025-10-29T05:10:07Z</time></trkpt>
    <trkpt lat="28.543066" lon="84.771521"><ele>2657.6</ele><time>2025-10-29T05:10:31Z</time></trkpt>
    <trkpt lat="28.543009" lon="84.771692"><ele>2650.6</ele><time>2025-10-29T05:10:57Z</time></trkpt>
    <trkpt lat="28.543040" lon="84.771823"><ele>2649.0</ele><time>2025-10-29T05:11:07Z</time></trkpt>
    <trkpt lat="28.543016" lon="84.771920"><ele>2647.4</ele><time>2025-10-29T05:11:15Z</time></trkpt>
    <trkpt lat="28.542990" lon="84.772005"><ele>2647.2</ele><time>2025-10-29T05:11:23Z</time></trkpt>
    <trkpt lat="28.542541" lon="84.772654"><ele>2645.0</ele><time>2025-10-29T05:12:40Z</time></trkpt>
    <trkpt lat="28.542441" lon="84.772798"><ele>2642.8</ele><time>2025-10-29T05:12:59Z</time></trkpt>
    <trkpt lat="28.542454" lon="84.772923"><ele>2640.8</ele><time>2025-10-29T05:13:13Z</time></trkpt>
    <trkpt lat="28.542412" lon="84.773091"><ele>2638.6</ele><time>2025-10-29T05:13:37Z</time></trkpt>
    <trkpt lat="28.542487" lon="84.773406"><ele>2627.8</ele><time>2025-10-29T05:14:30Z</time></trkpt>
    <trkpt lat="28.542483" lon="84.773456"><ele>2625.6</ele><time>2025-10-29T05:14:38Z</time></trkpt>
    <trkpt lat="28.542478" lon="84.773687"><ele>2625.6</ele><time>2025-10-29T05:14:57Z</time></trkpt>
    <trkpt lat="28.542439" lon="84.773784"><ele>2625.6</ele><time>2025-10-29T05:15:08Z</time></trkpt>
    <trkpt lat="28.542338" lon="84.773881"><ele>2630.0</ele><time>2025-10-29T05:15:39Z</time></trkpt>
    <trkpt lat="28.542333" lon="84.773994"><ele>2630.0</ele><time>2025-10-29T05:15:51Z</time></trkpt>
    <trkpt lat="28.542296" lon="84.774041"><ele>2629.6</ele><time>2025-10-29T05:16:08Z</time></trkpt>
    <trkpt lat="28.542227" lon="84.774212"><ele>2625.6</ele><time>2025-10-29T05:16:30Z</time></trkpt>
    <trkpt lat="28.542261" lon="84.774420"><ele>2619.6</ele><time>2025-10-29T05:17:01Z</time></trkpt>
    <trkpt lat="28.542232" lon="84.774564"><ele>2617.2</ele><time>2025-10-29T05:17:15Z</time></trkpt>
    <trkpt lat="28.542309" lon="84.774639"><ele>2611.2</ele><time>2025-10-29T05:17:39Z</time></trkpt>
    <trkpt lat="28.542310" lon="84.774961"><ele>2602.8</ele><time>2025-10-29T05:18:25Z</time></trkpt>
    <trkpt lat="28.542288" lon="84.775124"><ele>2601.6</ele><time>2025-10-29T05:19:00Z</time></trkpt>
    <trkpt lat="28.542315" lon="84.775294"><ele>2601.4</ele><time>2025-10-29T05:19:17Z</time></trkpt>
    <trkpt lat="28.542234" lon="84.775449"><ele>2601.6</ele><time>2025-10-29T05:19:33Z</time></trkpt>
    <trkpt lat="28.542225" lon="84.775480"><ele>2602.4</ele><time>2025-10-29T05:19:39Z</time></trkpt>
    <trkpt lat="28.541939" lon="84.775891"><ele>2608.6</ele><time>2025-10-29T05:20:52Z</time></trkpt>
    <trkpt lat="28.541852" lon="84.775921"><ele>2610.2</ele><time>2025-10-29T05:21:07Z</time></trkpt>
    <trkpt lat="28.541680" lon="84.776153"><ele>2617.8</ele><time>2025-10-29T05:22:18Z</time></trkpt>
    <trkpt lat="28.541536" lon="84.776310"><ele>2618.0</ele><time>2025-10-29T05:22:45Z</time></trkpt>
    <trkpt lat="28.541341" lon="84.776812"><ele>2616.2</ele><time>2025-10-29T05:23:38Z</time></trkpt>
    <trkpt lat="28.541049" lon="84.777140"><ele>2614.6</ele><time>2025-10-29T05:24:22Z</time></trkpt>
    <trkpt lat="28.541022" lon="84.777175"><ele>2613.8</ele><time>2025-10-29T05:24:26Z</time></trkpt>
    <trkpt lat="28.540908" lon="84.777423"><ele>2610.2</ele><time>2025-10-29T05:24:49Z</time></trkpt>
    <trkpt lat="28.540540" lon="84.777721"><ele>2604.8</ele><time>2025-10-29T05:25:37Z</time></trkpt>
    <trkpt lat="28.540452" lon="84.777939"><ele>2602.0</ele><time>2025-10-29T05:25:58Z</time></trkpt>
    <trkpt lat="28.540264" lon="84.778138"><ele>2597.2</ele><time>2025-10-29T05:26:31Z</time></trkpt>
    <trkpt lat="28.540244" lon="84.778172"><ele>2596.0</ele><time>2025-10-29T05:26:37Z</time></trkpt>
    <trkpt lat="28.540143" lon="84.778434"><ele>2589.4</ele><time>2025-10-29T05:27:11Z</time></trkpt>
    <trkpt lat="28.540057" lon="84.778456"><ele>2587.0</ele><time>2025-10-29T05:27:24Z</time></trkpt>
    <trkpt lat="28.540025" lon="84.778556"><ele>2583.6</ele><time>2025-10-29T05:27:43Z</time></trkpt>
    <trkpt lat="28.539890" lon="84.778652"><ele>2579.8</ele><time>2025-10-29T05:28:10Z</time></trkpt>
    <trkpt lat="28.539858" lon="84.778723"><ele>2577.2</ele><time>2025-10-29T05:28:26Z</time></trkpt>
    <trkpt lat="28.539760" lon="84.778702"><ele>2573.6</ele><time>2025-10-29T05:28:44Z</time></trkpt>
    <trkpt lat="28.539728" lon="84.778714"><ele>2572.6</ele><time>2025-10-29T05:28:49Z</time></trkpt>
    <trkpt lat="28.539694" lon="84.778747"><ele>2571.6</ele><time>2025-10-29T05:28:53Z</time></trkpt>
    <trkpt lat="28.539689" lon="84.778856"><ele>2569.8</ele><time>2025-10-29T05:29:02Z</time></trkpt>
    <trkpt lat="28.539540" lon="84.779046"><ele>2566.0</ele><time>2025-10-29T05:29:24Z</time></trkpt>
    <trkpt lat="28.539334" lon="84.779028"><ele>2562.8</ele><time>2025-10-29T05:29:49Z</time></trkpt>
    <trkpt lat="28.539154" lon="84.779166"><ele>2560.4</ele><time>2025-10-29T05:30:18Z</time></trkpt>
    <trkpt lat="28.539036" lon="84.779173"><ele>2557.6</ele><time>2025-10-29T05:30:42Z</time></trkpt>
    <trkpt lat="28.538899" lon="84.779252"><ele>2554.8</ele><time>2025-10-29T05:31:01Z</time></trkpt>
    <trkpt lat="28.538833" lon="84.779257"><ele>2554.2</ele><time>2025-10-29T05:31:24Z</time></trkpt>
    <trkpt lat="28.538830" lon="84.779324"><ele>2554.2</ele><time>2025-10-29T05:31:55Z</time></trkpt>
    <trkpt lat="28.538823" lon="84.779281"><ele>2554.2</ele><time>2025-10-29T05:32:23Z</time></trkpt>
    <trkpt lat="28.538795" lon="84.779298"><ele>2554.0</ele><time>2025-10-29T05:33:04Z</time></trkpt>
    <trkpt lat="28.538831" lon="84.779306"><ele>2554.0</ele><time>2025-10-29T05:33:14Z</time></trkpt>
    <trkpt lat="28.538820" lon="84.779237"><ele>2552.8</ele><time>2025-10-29T05:53:50Z</time></trkpt>
    <trkpt lat="28.538495" lon="84.779082"><ele>2543.4</ele><time>2025-10-29T05:54:37Z</time></trkpt>
    <trkpt lat="28.538587" lon="84.779231"><ele>2539.2</ele><time>2025-10-29T05:54:56Z</time></trkpt>
    <trkpt lat="28.538602" lon="84.779323"><ele>2535.6</ele><time>2025-10-29T05:55:08Z</time></trkpt>
    <trkpt lat="28.538373" lon="84.779355"><ele>2529.8</ele><time>2025-10-29T05:55:31Z</time></trkpt>
    <trkpt lat="28.538317" lon="84.779391"><ele>2528.8</ele><time>2025-10-29T05:55:36Z</time></trkpt>
    <trkpt lat="28.538119" lon="84.779556"><ele>2523.4</ele><time>2025-10-29T05:56:09Z</time></trkpt>
    <trkpt lat="28.537973" lon="84.780205"><ele>2515.8</ele><time>2025-10-29T05:57:06Z</time></trkpt>
    <trkpt lat="28.537779" lon="84.780473"><ele>2509.4</ele><time>2025-10-29T05:57:43Z</time></trkpt>
    <trkpt lat="28.537774" lon="84.780603"><ele>2507.2</ele><time>2025-10-29T05:57:54Z</time></trkpt>
    <trkpt lat="28.537738" lon="84.780673"><ele>2506.2</ele><time>2025-10-29T05:58:02Z</time></trkpt>
    <trkpt lat="28.537682" lon="84.780750"><ele>2505.2</ele><time>2025-10-29T05:58:08Z</time></trkpt>
    <trkpt lat="28.537462" lon="84.780817"><ele>2500.6</ele><time>2025-10-29T05:58:31Z</time></trkpt>
    <trkpt lat="28.537017" lon="84.781119"><ele>2489.4</ele><time>2025-10-29T05:59:22Z</time></trkpt>
    <trkpt lat="28.536852" lon="84.781138"><ele>2484.6</ele><time>2025-10-29T05:59:38Z</time></trkpt>
    <trkpt lat="28.536842" lon="84.781145"><ele>2484.6</ele><time>2025-10-29T05:59:39Z</time></trkpt>
    <trkpt lat="28.536814" lon="84.781200"><ele>2484.4</ele><time>2025-10-29T05:59:47Z</time></trkpt>
    <trkpt lat="28.536832" lon="84.781378"><ele>2483.6</ele><time>2025-10-29T06:00:04Z</time></trkpt>
    <trkpt lat="28.536732" lon="84.781372"><ele>2483.0</ele><time>2025-10-29T06:00:12Z</time></trkpt>
    <trkpt lat="28.536683" lon="84.781353"><ele>2482.0</ele><time>2025-10-29T06:00:15Z</time></trkpt>
    <trkpt lat="28.536616" lon="84.781386"><ele>2481.0</ele><time>2025-10-29T06:00:21Z</time></trkpt>
    <trkpt lat="28.536514" lon="84.781602"><ele>2476.6</ele><time>2025-10-29T06:00:47Z</time></trkpt>
    <trkpt lat="28.536368" lon="84.781682"><ele>2474.2</ele><time>2025-10-29T06:01:01Z</time></trkpt>
    <trkpt lat="28.536235" lon="84.781836"><ele>2467.6</ele><time>2025-10-29T06:01:31Z</time></trkpt>
    <trkpt lat="28.536161" lon="84.782075"><ele>2464.0</ele><time>2025-10-29T06:01:57Z</time></trkpt>
    <trkpt lat="28.536094" lon="84.782104"><ele>2462.4</ele><time>2025-10-29T06:02:04Z</time></trkpt>
    <trkpt lat="28.536025" lon="84.782122"><ele>2461.4</ele><time>2025-10-29T06:02:12Z</time></trkpt>
    <trkpt lat="28.535897" lon="84.782277"><ele>2458.8</ele><time>2025-10-29T06:02:37Z</time></trkpt>
    <trkpt lat="28.535897" lon="84.782283"><ele>2458.6</ele><time>2025-10-29T06:02:38Z</time></trkpt>
    <trkpt lat="28.535899" lon="84.782351"><ele>2456.2</ele><time>2025-10-29T06:02:49Z</time></trkpt>
    <trkpt lat="28.535833" lon="84.782458"><ele>2451.8</ele><time>2025-10-29T06:03:08Z</time></trkpt>
    <trkpt lat="28.535713" lon="84.782483"><ele>2448.4</ele><time>2025-10-29T06:03:23Z</time></trkpt>
    <trkpt lat="28.535655" lon="84.782575"><ele>2446.4</ele><time>2025-10-29T06:03:36Z</time></trkpt>
    <trkpt lat="28.535543" lon="84.782947"><ele>2440.8</ele><time>2025-10-29T06:04:09Z</time></trkpt>
    <trkpt lat="28.535533" lon="84.783060"><ele>2437.0</ele><time>2025-10-29T06:04:20Z</time></trkpt>
    <trkpt lat="28.535522" lon="84.783212"><ele>2436.8</ele><time>2025-10-29T06:04:31Z</time></trkpt>
    <trkpt lat="28.535417" lon="84.783434"><ele>2436.4</ele><time>2025-10-29T06:04:49Z</time></trkpt>
    <trkpt lat="28.535294" lon="84.783863"><ele>2435.6</ele><time>2025-10-29T06:05:19Z</time></trkpt>
    <trkpt lat="28.535272" lon="84.783971"><ele>2433.8</ele><time>2025-10-29T06:05:26Z</time></trkpt>
    <trkpt lat="28.535340" lon="84.784445"><ele>2427.8</ele><time>2025-10-29T06:05:59Z</time></trkpt>
    <trkpt lat="28.535278" lon="84.784652"><ele>2422.0</ele><time>2025-10-29T06:06:17Z</time></trkpt>
    <trkpt lat="28.535233" lon="84.784774"><ele>2420.6</ele><time>2025-10-29T06:06:26Z</time></trkpt>
    <trkpt lat="28.535160" lon="84.784832"><ele>2420.0</ele><time>2025-10-29T06:06:39Z</time></trkpt>
    <trkpt lat="28.535184" lon="84.784848"><ele>2419.2</ele><time>2025-10-29T06:06:46Z</time></trkpt>
    <trkpt lat="28.535158" lon="84.785006"><ele>2413.6</ele><time>2025-10-29T06:07:08Z</time></trkpt>
    <trkpt lat="28.535095" lon="84.785194"><ele>2409.2</ele><time>2025-10-29T06:07:26Z</time></trkpt>
    <trkpt lat="28.535161" lon="84.785103"><ele>2405.6</ele><time>2025-10-29T06:07:41Z</time></trkpt>
    <trkpt lat="28.535172" lon="84.785174"><ele>2403.2</ele><time>2025-10-29T06:07:50Z</time></trkpt>
    <trkpt lat="28.535088" lon="84.785523"><ele>2396.0</ele><time>2025-10-29T06:08:20Z</time></trkpt>
    <trkpt lat="28.535101" lon="84.785679"><ele>2394.4</ele><time>2025-10-29T06:08:31Z</time></trkpt>
    <trkpt lat="28.535033" lon="84.785855"><ele>2390.2</ele><time>2025-10-29T06:08:45Z</time></trkpt>
    <trkpt lat="28.535045" lon="84.786041"><ele>2387.4</ele><time>2025-10-29T06:08:58Z</time></trkpt>
    <trkpt lat="28.534904" lon="84.786308"><ele>2379.6</ele><time>2025-10-29T06:09:30Z</time></trkpt>
    <trkpt lat="28.534913" lon="84.786541"><ele>2374.4</ele><time>2025-10-29T06:09:46Z</time></trkpt>
    <trkpt lat="28.534869" lon="84.786604"><ele>2374.0</ele><time>2025-10-29T06:09:51Z</time></trkpt>
    <trkpt lat="28.534731" lon="84.786592"><ele>2369.8</ele><time>2025-10-29T06:10:07Z</time></trkpt>
    <trkpt lat="28.534676" lon="84.786628"><ele>2367.4</ele><time>2025-10-29T06:10:13Z</time></trkpt>
    <trkpt lat="28.534635" lon="84.786676"><ele>2367.2</ele><time>2025-10-29T06:10:18Z</time></trkpt>
    <trkpt lat="28.534597" lon="84.786931"><ele>2363.8</ele><time>2025-10-29T06:10:42Z</time></trkpt>
    <trkpt lat="28.534434" lon="84.787115"><ele>2359.2</ele><time>2025-10-29T06:11:07Z</time></trkpt>
    <trkpt lat="28.534453" lon="84.787145"><ele>2358.2</ele><time>2025-10-29T06:11:13Z</time></trkpt>
    <trkpt lat="28.534486" lon="84.787213"><ele>2355.6</ele><time>2025-10-29T06:11:21Z</time></trkpt>
    <trkpt lat="28.534452" lon="84.787583"><ele>2344.2</ele><time>2025-10-29T06:12:02Z</time></trkpt>
    <trkpt lat="28.534500" lon="84.787549"><ele>2339.8</ele><time>2025-10-29T06:12:23Z</time></trkpt>
    <trkpt lat="28.534601" lon="84.787460"><ele>2335.2</ele><time>2025-10-29T06:12:42Z</time></trkpt>
    <trkpt lat="28.534964" lon="84.787779"><ele>2331.4</ele><time>2025-10-29T06:13:25Z</time></trkpt>
    <trkpt lat="28.534894" lon="84.787797"><ele>2330.6</ele><time>2025-10-29T06:13:38Z</time></trkpt>
    <trkpt lat="28.534878" lon="84.787846"><ele>2330.0</ele><time>2025-10-29T06:13:41Z</time></trkpt>
    <trkpt lat="28.534866" lon="84.787874"><ele>2329.4</ele><time>2025-10-29T06:13:44Z</time></trkpt>
    <trkpt lat="28.534795" lon="84.787918"><ele>2325.2</ele><time>2025-10-29T06:13:56Z</time></trkpt>
    <trkpt lat="28.534790" lon="84.787956"><ele>2324.6</ele><time>2025-10-29T06:13:58Z</time></trkpt>
    <trkpt lat="28.534791" lon="84.788235"><ele>2324.6</ele><time>2025-10-29T06:14:13Z</time></trkpt>
    <trkpt lat="28.534682" lon="84.788455"><ele>2326.4</ele><time>2025-10-29T06:14:33Z</time></trkpt>
    <trkpt lat="28.534405" lon="84.788774"><ele>2327.2</ele><time>2025-10-29T06:15:07Z</time></trkpt>
    <trkpt lat="28.534329" lon="84.788866"><ele>2326.4</ele><time>2025-10-29T06:15:15Z</time></trkpt>
    <trkpt lat="28.534284" lon="84.789261"><ele>2323.2</ele><time>2025-10-29T06:15:42Z</time></trkpt>
    <trkpt lat="28.534098" lon="84.789903"><ele>2315.8</ele><time>2025-10-29T06:16:33Z</time></trkpt>
    <trkpt lat="28.533803" lon="84.790343"><ele>2305.8</ele><time>2025-10-29T06:17:20Z</time></trkpt>
    <trkpt lat="28.533731" lon="84.791094"><ele>2308.2</ele><time>2025-10-29T06:18:05Z</time></trkpt>
    <trkpt lat="28.533796" lon="84.791180"><ele>2310.4</ele><time>2025-10-29T06:18:19Z</time></trkpt>
    <trkpt lat="28.533805" lon="84.791368"><ele>2310.4</ele><time>2025-10-29T06:18:33Z</time></trkpt>
    <trkpt lat="28.533744" lon="84.791596"><ele>2310.4</ele><time>2025-10-29T06:18:49Z</time></trkpt>
    <trkpt lat="28.533712" lon="84.791709"><ele>2309.4</ele><time>2025-10-29T06:18:57Z</time></trkpt>
    <trkpt lat="28.533657" lon="84.792096"><ele>2303.8</ele><time>2025-10-29T06:19:28Z</time></trkpt>
    <trkpt lat="28.533545" lon="84.792351"><ele>2298.0</ele><time>2025-10-29T06:19:50Z</time></trkpt>
    <trkpt lat="28.533527" lon="84.792387"><ele>2297.0</ele><time>2025-10-29T06:19:53Z</time></trkpt>
    <trkpt lat="28.533519" lon="84.792558"><ele>2294.8</ele><time>2025-10-29T06:20:03Z</time></trkpt>
    <trkpt lat="28.533437" lon="84.792784"><ele>2289.6</ele><time>2025-10-29T06:20:22Z</time></trkpt>
    <trkpt lat="28.533446" lon="84.793064"><ele>2281.2</ele><time>2025-10-29T06:20:50Z</time></trkpt>
    <trkpt lat="28.533447" lon="84.793081"><ele>2281.2</ele><time>2025-10-29T06:20:51Z</time></trkpt>
    <trkpt lat="28.533341" lon="84.793525"><ele>2278.0</ele><time>2025-10-29T06:21:23Z</time></trkpt>
    <trkpt lat="28.533389" lon="84.793819"><ele>2274.4</ele><time>2025-10-29T06:21:41Z</time></trkpt>
    <trkpt lat="28.533410" lon="84.793971"><ele>2274.2</ele><time>2025-10-29T06:21:54Z</time></trkpt>
    <trkpt lat="28.533620" lon="84.794312"><ele>2273.6</ele><time>2025-10-29T06:22:24Z</time></trkpt>
    <trkpt lat="28.533630" lon="84.794683"><ele>2272.8</ele><time>2025-10-29T06:22:50Z</time></trkpt>
    <trkpt lat="28.533592" lon="84.794881"><ele>2270.8</ele><time>2025-10-29T06:23:04Z</time></trkpt>
    <trkpt lat="28.533666" lon="84.795205"><ele>2269.6</ele><time>2025-10-29T06:23:24Z</time></trkpt>
    <trkpt lat="28.533666" lon="84.795561"><ele>2267.4</ele><time>2025-10-29T06:23:50Z</time></trkpt>
    <trkpt lat="28.533626" lon="84.795855"><ele>2265.0</ele><time>2025-10-29T06:24:07Z</time></trkpt>
    <trkpt lat="28.533577" lon="84.796060"><ele>2261.6</ele><time>2025-10-29T06:24:23Z</time></trkpt>
    <trkpt lat="28.533413" lon="84.796187"><ele>2256.8</ele><time>2025-10-29T06:24:44Z</time></trkpt>
    <trkpt lat="28.533345" lon="84.796245"><ele>2256.4</ele><time>2025-10-29T06:25:29Z</time></trkpt>
    <trkpt lat="28.533250" lon="84.796436"><ele>2256.2</ele><time>2025-10-29T06:25:55Z</time></trkpt>
    <trkpt lat="28.533425" lon="84.796587"><ele>2256.2</ele><time>2025-10-29T06:26:22Z</time></trkpt>
    <trkpt lat="28.533481" lon="84.796692"><ele>2256.2</ele><time>2025-10-29T06:26:29Z</time></trkpt>
    <trkpt lat="28.533482" lon="84.796776"><ele>2256.2</ele><time>2025-10-29T06:26:34Z</time></trkpt>
    <trkpt lat="28.533515" lon="84.796983"><ele>2258.6</ele><time>2025-10-29T06:27:03Z</time></trkpt>
    <trkpt lat="28.533488" lon="84.797137"><ele>2258.8</ele><time>2025-10-29T06:27:22Z</time></trkpt>
    <trkpt lat="28.533429" lon="84.796962"><ele>2259.0</ele><time>2025-10-29T06:27:59Z</time></trkpt>
    <trkpt lat="28.533461" lon="84.796959"><ele>2259.2</ele><time>2025-10-29T06:28:21Z</time></trkpt>
    <trkpt lat="28.533518" lon="84.797064"><ele>2259.2</ele><time>2025-10-29T06:28:38Z</time></trkpt>
    <trkpt lat="28.533394" lon="84.796951"><ele>2261.0</ele><time>2025-10-29T06:29:18Z</time></trkpt>
    <trkpt lat="28.533401" lon="84.796872"><ele>2261.2</ele><time>2025-10-29T06:29:34Z</time></trkpt>
    <trkpt lat="28.533502" lon="84.796831"><ele>2261.4</ele><time>2025-10-29T06:30:05Z</time></trkpt>
    <trkpt lat="28.533595" lon="84.796856"><ele>2261.4</ele><time>2025-10-29T06:30:26Z</time></trkpt>
    <trkpt lat="28.533645" lon="84.796803"><ele>2261.4</ele><time>2025-10-29T06:30:47Z</time></trkpt>
    <trkpt lat="28.533771" lon="84.796828"><ele>2261.4</ele><time>2025-10-29T06:30:55Z</time></trkpt>
    <trkpt lat="28.533462" lon="84.796947"><ele>2261.4</ele><time>2025-10-29T07:52:41Z</time></trkpt>
    <trkpt lat="28.533526" lon="84.796897"><ele>2261.6</ele><time>2025-10-29T07:52:53Z</time></trkpt>
    <trkpt lat="28.533562" lon="84.796953"><ele>2262.2</ele><time>2025-10-29T07:52:58Z</time></trkpt>
    <trkpt lat="28.533540" lon="84.797379"><ele>2261.4</ele><time>2025-10-29T07:53:37Z</time></trkpt>
    <trkpt lat="28.533451" lon="84.797459"><ele>2258.6</ele><time>2025-10-29T07:53:58Z</time></trkpt>
    <trkpt lat="28.533504" lon="84.797553"><ele>2257.6</ele><time>2025-10-29T07:54:12Z</time></trkpt>
    <trkpt lat="28.533456" lon="84.797651"><ele>2257.2</ele><time>2025-10-29T07:54:30Z</time></trkpt>
    <trkpt lat="28.533485" lon="84.797617"><ele>2255.6</ele><time>2025-10-29T07:54:38Z</time></trkpt>
    <trkpt lat="28.533545" lon="84.797780"><ele>2251.4</ele><time>2025-10-29T07:54:58Z</time></trkpt>
    <trkpt lat="28.533554" lon="84.797798"><ele>2251.2</ele><time>2025-10-29T07:54:59Z</time></trkpt>
    <trkpt lat="28.533641" lon="84.797892"><ele>2251.2</ele><time>2025-10-29T07:55:15Z</time></trkpt>
    <trkpt lat="28.533757" lon="84.798238"><ele>2250.8</ele><time>2025-10-29T07:55:49Z</time></trkpt>
    <trkpt lat="28.533646" lon="84.798613"><ele>2250.0</ele><time>2025-10-29T07:56:31Z</time></trkpt>
    <trkpt lat="28.533633" lon="84.798701"><ele>2249.6</ele><time>2025-10-29T07:56:37Z</time></trkpt>
    <trkpt lat="28.533628" lon="84.799052"><ele>2244.4</ele><time>2025-10-29T07:57:07Z</time></trkpt>
    <trkpt lat="28.533746" lon="84.799428"><ele>2239.4</ele><time>2025-10-29T07:57:48Z</time></trkpt>
    <trkpt lat="28.533699" lon="84.799918"><ele>2233.0</ele><time>2025-10-29T07:58:31Z</time></trkpt>
    <trkpt lat="28.533713" lon="84.800051"><ele>2232.0</ele><time>2025-10-29T07:58:40Z</time></trkpt>
    <trkpt lat="28.533767" lon="84.800267"><ele>2231.8</ele><time>2025-10-29T07:58:58Z</time></trkpt>
    <trkpt lat="28.533712" lon="84.800552"><ele>2230.8</ele><time>2025-10-29T07:59:23Z</time></trkpt>
    <trkpt lat="28.533692" lon="84.801297"><ele>2231.2</ele><time>2025-10-29T08:00:18Z</time></trkpt>
    <trkpt lat="28.533753" lon="84.801602"><ele>2231.6</ele><time>2025-10-29T08:00:38Z</time></trkpt>
    <trkpt lat="28.533951" lon="84.802085"><ele>2232.6</ele><time>2025-10-29T08:01:26Z</time></trkpt>
    <trkpt lat="28.533955" lon="84.802281"><ele>2232.6</ele><time>2025-10-29T08:01:43Z</time></trkpt>
    <trkpt lat="28.534002" lon="84.802408"><ele>2232.6</ele><time>2025-10-29T08:01:54Z</time></trkpt>
    <trkpt lat="28.534052" lon="84.802519"><ele>2232.0</ele><time>2025-10-29T08:02:05Z</time></trkpt>
    <trkpt lat="28.534177" lon="84.803164"><ele>2225.0</ele><time>2025-10-29T08:02:56Z</time></trkpt>
    <trkpt lat="28.534234" lon="84.803327"><ele>2225.0</ele><time>2025-10-29T08:03:06Z</time></trkpt>
    <trkpt lat="28.534264" lon="84.803734"><ele>2228.6</ele><time>2025-10-29T08:03:45Z</time></trkpt>
    <trkpt lat="28.534258" lon="84.803854"><ele>2228.8</ele><time>2025-10-29T08:03:55Z</time></trkpt>
    <trkpt lat="28.534218" lon="84.804224"><ele>2228.6</ele><time>2025-10-29T08:04:21Z</time></trkpt>
    <trkpt lat="28.534121" lon="84.804496"><ele>2228.4</ele><time>2025-10-29T08:04:42Z</time></trkpt>
    <trkpt lat="28.534064" lon="84.804612"><ele>2224.0</ele><time>2025-10-29T08:05:03Z</time></trkpt>
    <trkpt lat="28.533946" lon="84.804769"><ele>2224.0</ele><time>2025-10-29T08:05:17Z</time></trkpt>
    <trkpt lat="28.534037" lon="84.805075"><ele>2226.0</ele><time>2025-10-29T08:05:48Z</time></trkpt>
    <trkpt lat="28.534033" lon="84.805353"><ele>2226.0</ele><time>2025-10-29T08:06:07Z</time></trkpt>
    <trkpt lat="28.534032" lon="84.805362"><ele>2225.8</ele><time>2025-10-29T08:06:08Z</time></trkpt>
    <trkpt lat="28.533850" lon="84.806180"><ele>2220.6</ele><time>2025-10-29T08:07:13Z</time></trkpt>
    <trkpt lat="28.533763" lon="84.806399"><ele>2220.4</ele><time>2025-10-29T08:07:31Z</time></trkpt>
    <trkpt lat="28.533761" lon="84.806775"><ele>2218.6</ele><time>2025-10-29T08:08:00Z</time></trkpt>
    <trkpt lat="28.533727" lon="84.806913"><ele>2218.0</ele><time>2025-10-29T08:08:10Z</time></trkpt>
    <trkpt lat="28.533708" lon="84.806972"><ele>2217.4</ele><time>2025-10-29T08:08:17Z</time></trkpt>
    <trkpt lat="28.533745" lon="84.807222"><ele>2210.6</ele><time>2025-10-29T08:08:48Z</time></trkpt>
    <trkpt lat="28.533653" lon="84.807563"><ele>2204.0</ele><time>2025-10-29T08:09:21Z</time></trkpt>
    <trkpt lat="28.533674" lon="84.807949"><ele>2196.4</ele><time>2025-10-29T08:09:52Z</time></trkpt>
    <trkpt lat="28.533663" lon="84.808105"><ele>2195.6</ele><time>2025-10-29T08:10:11Z</time></trkpt>
    <trkpt lat="28.533698" lon="84.808444"><ele>2194.8</ele><time>2025-10-29T08:10:41Z</time></trkpt>
    <trkpt lat="28.533745" lon="84.808679"><ele>2190.2</ele><time>2025-10-29T08:11:00Z</time></trkpt>
    <trkpt lat="28.533642" lon="84.809036"><ele>2188.8</ele><time>2025-10-29T08:11:27Z</time></trkpt>
    <trkpt lat="28.533658" lon="84.809295"><ele>2186.4</ele><time>2025-10-29T08:11:47Z</time></trkpt>
    <trkpt lat="28.533627" lon="84.809366"><ele>2186.2</ele><time>2025-10-29T08:11:54Z</time></trkpt>
    <trkpt lat="28.533683" lon="84.809413"><ele>2183.6</ele><time>2025-10-29T08:12:05Z</time></trkpt>
    <trkpt lat="28.533714" lon="84.809518"><ele>2180.8</ele><time>2025-10-29T08:12:14Z</time></trkpt>
    <trkpt lat="28.533714" lon="84.809582"><ele>2180.8</ele><time>2025-10-29T08:12:18Z</time></trkpt>
    <trkpt lat="28.533513" lon="84.810506"><ele>2180.6</ele><time>2025-10-29T08:13:38Z</time></trkpt>
    <trkpt lat="28.533562" lon="84.810604"><ele>2178.6</ele><time>2025-10-29T08:13:51Z</time></trkpt>
    <trkpt lat="28.533650" lon="84.811079"><ele>2172.6</ele><time>2025-10-29T08:14:26Z</time></trkpt>
    <trkpt lat="28.533512" lon="84.811429"><ele>2170.4</ele><time>2025-10-29T08:14:53Z</time></trkpt>
    <trkpt lat="28.533386" lon="84.811593"><ele>2169.0</ele><time>2025-10-29T08:15:10Z</time></trkpt>
    <trkpt lat="28.533325" lon="84.811777"><ele>2167.6</ele><time>2025-10-29T08:15:24Z</time></trkpt>
    <trkpt lat="28.533210" lon="84.811962"><ele>2167.6</ele><time>2025-10-29T08:15:40Z</time></trkpt>
    <trkpt lat="28.533132" lon="84.812370"><ele>2167.6</ele><time>2025-10-29T08:16:13Z</time></trkpt>
    <trkpt lat="28.533040" lon="84.812635"><ele>2172.2</ele><time>2025-10-29T08:16:54Z</time></trkpt>
    <trkpt lat="28.532975" lon="84.812724"><ele>2174.4</ele><time>2025-10-29T08:17:07Z</time></trkpt>
    <trkpt lat="28.532998" lon="84.812857"><ele>2179.0</ele><time>2025-10-29T08:17:26Z</time></trkpt>
    <trkpt lat="28.532879" lon="84.812965"><ele>2181.2</ele><time>2025-10-29T08:17:45Z</time></trkpt>
    <trkpt lat="28.532854" lon="84.813039"><ele>2182.2</ele><time>2025-10-29T08:17:53Z</time></trkpt>
    <trkpt lat="28.532755" lon="84.813102"><ele>2184.2</ele><time>2025-10-29T08:18:07Z</time></trkpt>
    <trkpt lat="28.532671" lon="84.813320"><ele>2189.6</ele><time>2025-10-29T08:18:47Z</time></trkpt>
    <trkpt lat="28.532704" lon="84.813404"><ele>2190.8</ele><time>2025-10-29T08:18:57Z</time></trkpt>
    <trkpt lat="28.532714" lon="84.813416"><ele>2190.8</ele><time>2025-10-29T08:18:59Z</time></trkpt>
    <trkpt lat="28.532699" lon="84.813547"><ele>2190.8</ele><time>2025-10-29T08:19:13Z</time></trkpt>
    <trkpt lat="28.532573" lon="84.813700"><ele>2189.0</ele><time>2025-10-29T08:19:30Z</time></trkpt>
    <trkpt lat="28.532492" lon="84.814352"><ele>2184.8</ele><time>2025-10-29T08:20:23Z</time></trkpt>
    <trkpt lat="28.532456" lon="84.814655"><ele>2181.6</ele><time>2025-10-29T08:20:46Z</time></trkpt>
    <trkpt lat="28.532354" lon="84.815132"><ele>2177.4</ele><time>2025-10-29T08:21:22Z</time></trkpt>
    <trkpt lat="28.532324" lon="84.815263"><ele>2177.2</ele><time>2025-10-29T08:21:32Z</time></trkpt>
    <trkpt lat="28.532337" lon="84.815524"><ele>2177.2</ele><time>2025-10-29T08:21:52Z</time></trkpt>
    <trkpt lat="28.532292" lon="84.815799"><ele>2178.4</ele><time>2025-10-29T08:22:17Z</time></trkpt>
    <trkpt lat="28.532292" lon="84.816114"><ele>2179.6</ele><time>2025-10-29T08:22:43Z</time></trkpt>
    <trkpt lat="28.532111" lon="84.816666"><ele>2179.4</ele><time>2025-10-29T08:23:35Z</time></trkpt>
    <trkpt lat="28.532167" lon="84.816816"><ele>2179.4</ele><time>2025-10-29T08:23:47Z</time></trkpt>
    <trkpt lat="28.532135" lon="84.817043"><ele>2179.4</ele><time>2025-10-29T08:24:05Z</time></trkpt>
    <trkpt lat="28.532082" lon="84.817328"><ele>2179.6</ele><time>2025-10-29T08:24:27Z</time></trkpt>
    <trkpt lat="28.531946" lon="84.817671"><ele>2181.6</ele><time>2025-10-29T08:24:57Z</time></trkpt>
    <trkpt lat="28.531858" lon="84.817822"><ele>2181.6</ele><time>2025-10-29T08:25:11Z</time></trkpt>
    <trkpt lat="28.531935" lon="84.817962"><ele>2181.6</ele><time>2025-10-29T08:25:24Z</time></trkpt>
    <trkpt lat="28.531914" lon="84.818147"><ele>2181.4</ele><time>2025-10-29T08:25:37Z</time></trkpt>
    <trkpt lat="28.531675" lon="84.818443"><ele>2178.6</ele><time>2025-10-29T08:26:08Z</time></trkpt>
    <trkpt lat="28.531680" lon="84.818645"><ele>2178.6</ele><time>2025-10-29T08:26:26Z</time></trkpt>
    <trkpt lat="28.531385" lon="84.818835"><ele>2178.6</ele><time>2025-10-29T08:26:55Z</time></trkpt>
    <trkpt lat="28.531361" lon="84.818913"><ele>2178.6</ele><time>2025-10-29T08:27:02Z</time></trkpt>
    <trkpt lat="28.531297" lon="84.818940"><ele>2178.6</ele><time>2025-10-29T08:27:07Z</time></trkpt>
    <trkpt lat="28.531241" lon="84.819112"><ele>2178.8</ele><time>2025-10-29T08:27:21Z</time></trkpt>
    <trkpt lat="28.531261" lon="84.819401"><ele>2178.2</ele><time>2025-10-29T08:27:42Z</time></trkpt>
    <trkpt lat="28.531315" lon="84.819570"><ele>2177.8</ele><time>2025-10-29T08:28:03Z</time></trkpt>
    <trkpt lat="28.531363" lon="84.819754"><ele>2175.0</ele><time>2025-10-29T08:28:18Z</time></trkpt>
    <trkpt lat="28.531255" lon="84.820196"><ele>2172.4</ele><time>2025-10-29T08:28:57Z</time></trkpt>
    <trkpt lat="28.531330" lon="84.820316"><ele>2168.4</ele><time>2025-10-29T08:29:13Z</time></trkpt>
    <trkpt lat="28.531341" lon="84.820403"><ele>2167.2</ele><time>2025-10-29T08:29:19Z</time></trkpt>
    <trkpt lat="28.531359" lon="84.820872"><ele>2163.4</ele><time>2025-10-29T08:29:56Z</time></trkpt>
    <trkpt lat="28.531329" lon="84.821095"><ele>2161.2</ele><time>2025-10-29T08:30:13Z</time></trkpt>
    <trkpt lat="28.531371" lon="84.821321"><ele>2158.8</ele><time>2025-10-29T08:30:28Z</time></trkpt>
    <trkpt lat="28.531404" lon="84.821522"><ele>2158.4</ele><time>2025-10-29T08:30:43Z</time></trkpt>
    <trkpt lat="28.531067" lon="84.822653"><ele>2156.8</ele><time>2025-10-29T08:32:09Z</time></trkpt>
    <trkpt lat="28.531039" lon="84.823116"><ele>2156.6</ele><time>2025-10-29T08:32:42Z</time></trkpt>
    <trkpt lat="28.531104" lon="84.823437"><ele>2153.4</ele><time>2025-10-29T08:33:06Z</time></trkpt>
    <trkpt lat="28.531249" lon="84.823701"><ele>2148.8</ele><time>2025-10-29T08:33:29Z</time></trkpt>
    <trkpt lat="28.531360" lon="84.823795"><ele>2146.0</ele><time>2025-10-29T08:33:42Z</time></trkpt>
    <trkpt lat="28.531361" lon="84.823787"><ele>2146.0</ele><time>2025-10-29T08:33:45Z</time></trkpt>
    <trkpt lat="28.531470" lon="84.823941"><ele>2146.0</ele><time>2025-10-29T08:33:56Z</time></trkpt>
    <trkpt lat="28.531534" lon="84.824242"><ele>2146.0</ele><time>2025-10-29T08:34:18Z</time></trkpt>
    <trkpt lat="28.531401" lon="84.824450"><ele>2147.2</ele><time>2025-10-29T08:34:38Z</time></trkpt>
    <trkpt lat="28.531347" lon="84.824732"><ele>2147.2</ele><time>2025-10-29T08:34:59Z</time></trkpt>
    <trkpt lat="28.531338" lon="84.825061"><ele>2145.6</ele><time>2025-10-29T08:35:23Z</time></trkpt>
    <trkpt lat="28.531252" lon="84.825363"><ele>2145.6</ele><time>2025-10-29T08:35:46Z</time></trkpt>
    <trkpt lat="28.530821" lon="84.825955"><ele>2146.2</ele><time>2025-10-29T08:36:46Z</time></trkpt>
    <trkpt lat="28.530558" lon="84.826499"><ele>2145.2</ele><time>2025-10-29T08:37:38Z</time></trkpt>
    <trkpt lat="28.530523" lon="84.826562"><ele>2144.2</ele><time>2025-10-29T08:37:42Z</time></trkpt>
    <trkpt lat="28.530518" lon="84.826682"><ele>2141.8</ele><time>2025-10-29T08:37:52Z</time></trkpt>
    <trkpt lat="28.530569" lon="84.826784"><ele>2139.0</ele><time>2025-10-29T08:38:01Z</time></trkpt>
    <trkpt lat="28.530360" lon="84.827189"><ele>2130.4</ele><time>2025-10-29T08:38:40Z</time></trkpt>
    <trkpt lat="28.530393" lon="84.827252"><ele>2128.6</ele><time>2025-10-29T08:38:47Z</time></trkpt>
    <trkpt lat="28.530515" lon="84.827084"><ele>2123.2</ele><time>2025-10-29T08:39:05Z</time></trkpt>
    <trkpt lat="28.530512" lon="84.827244"><ele>2120.6</ele><time>2025-10-29T08:39:16Z</time></trkpt>
    <trkpt lat="28.530507" lon="84.827276"><ele>2120.2</ele><time>2025-10-29T08:39:18Z</time></trkpt>
    <trkpt lat="28.530453" lon="84.827397"><ele>2120.0</ele><time>2025-10-29T08:39:27Z</time></trkpt>
    <trkpt lat="28.530486" lon="84.827699"><ele>2118.4</ele><time>2025-10-29T08:39:56Z</time></trkpt>
    <trkpt lat="28.530625" lon="84.827717"><ele>2118.4</ele><time>2025-10-29T08:40:24Z</time></trkpt>
    <trkpt lat="28.530663" lon="84.827700"><ele>2119.2</ele><time>2025-10-29T08:40:29Z</time></trkpt>
    <trkpt lat="28.530678" lon="84.827751"><ele>2120.4</ele><time>2025-10-29T08:40:35Z</time></trkpt>
    <trkpt lat="28.530639" lon="84.827859"><ele>2122.6</ele><time>2025-10-29T08:40:48Z</time></trkpt>
    <trkpt lat="28.530454" lon="84.828048"><ele>2126.6</ele><time>2025-10-29T08:41:17Z</time></trkpt>
    <trkpt lat="28.530303" lon="84.828244"><ele>2126.6</ele><time>2025-10-29T08:41:40Z</time></trkpt>
    <trkpt lat="28.530210" lon="84.828452"><ele>2126.8</ele><time>2025-10-29T08:41:59Z</time></trkpt>
    <trkpt lat="28.530211" lon="84.828535"><ele>2126.6</ele><time>2025-10-29T08:42:06Z</time></trkpt>
    <trkpt lat="28.529930" lon="84.829096"><ele>2126.8</ele><time>2025-10-29T08:42:54Z</time></trkpt>
    <trkpt lat="28.529761" lon="84.829765"><ele>2127.8</ele><time>2025-10-29T08:43:49Z</time></trkpt>
    <trkpt lat="28.529774" lon="84.829930"><ele>2128.6</ele><time>2025-10-29T08:44:02Z</time></trkpt>
    <trkpt lat="28.529730" lon="84.830065"><ele>2129.0</ele><time>2025-10-29T08:44:16Z</time></trkpt>
    <trkpt lat="28.529787" lon="84.830227"><ele>2129.0</ele><time>2025-10-29T08:44:44Z</time></trkpt>
    <trkpt lat="28.529792" lon="84.830443"><ele>2129.0</ele><time>2025-10-29T08:45:02Z</time></trkpt>
    <trkpt lat="28.529688" lon="84.830601"><ele>2128.4</ele><time>2025-10-29T08:45:16Z</time></trkpt>
    <trkpt lat="28.529488" lon="84.830781"><ele>2128.0</ele><time>2025-10-29T08:45:37Z</time></trkpt>
    <trkpt lat="28.529428" lon="84.831067"><ele>2127.8</ele><time>2025-10-29T08:46:08Z</time></trkpt>
    <trkpt lat="28.529328" lon="84.831225"><ele>2126.6</ele><time>2025-10-29T08:46:21Z</time></trkpt>
    <trkpt lat="28.529386" lon="84.831278"><ele>2125.6</ele><time>2025-10-29T08:46:28Z</time></trkpt>
    <trkpt lat="28.529629" lon="84.831309"><ele>2123.2</ele><time>2025-10-29T08:46:50Z</time></trkpt>
    <trkpt lat="28.529820" lon="84.831394"><ele>2123.2</ele><time>2025-10-29T08:47:04Z</time></trkpt>
    <trkpt lat="28.529940" lon="84.831612"><ele>2123.2</ele><time>2025-10-29T08:47:21Z</time></trkpt>
    <trkpt lat="28.529902" lon="84.831673"><ele>2123.2</ele><time>2025-10-29T08:47:27Z</time></trkpt>
    <trkpt lat="28.529792" lon="84.831646"><ele>2123.2</ele><time>2025-10-29T08:47:38Z</time></trkpt>
    <trkpt lat="28.529693" lon="84.831654"><ele>2124.4</ele><time>2025-10-29T08:47:49Z</time></trkpt>
    <trkpt lat="28.529451" lon="84.831795"><ele>2130.6</ele><time>2025-10-29T08:48:27Z</time></trkpt>
    <trkpt lat="28.529369" lon="84.831839"><ele>2130.6</ele><time>2025-10-29T08:48:41Z</time></trkpt>
    <trkpt lat="28.528974" lon="84.832464"><ele>2130.6</ele><time>2025-10-29T08:50:14Z</time></trkpt>
    <trkpt lat="28.528910" lon="84.832681"><ele>2129.4</ele><time>2025-10-29T08:51:36Z</time></trkpt>
    <trkpt lat="28.528836" lon="84.833338"><ele>2129.0</ele><time>2025-10-29T08:52:22Z</time></trkpt>
    <trkpt lat="28.528798" lon="84.833615"><ele>2133.0</ele><time>2025-10-29T08:52:45Z</time></trkpt>
    <trkpt lat="28.528647" lon="84.833925"><ele>2141.0</ele><time>2025-10-29T08:53:28Z</time></trkpt>
    <trkpt lat="28.528624" lon="84.833974"><ele>2141.0</ele><time>2025-10-29T08:53:34Z</time></trkpt>
    <trkpt lat="28.528577" lon="84.834312"><ele>2141.0</ele><time>2025-10-29T08:53:59Z</time></trkpt>
    <trkpt lat="28.528434" lon="84.834535"><ele>2140.8</ele><time>2025-10-29T08:54:18Z</time></trkpt>
    <trkpt lat="28.528376" lon="84.834730"><ele>2139.8</ele><time>2025-10-29T08:54:34Z</time></trkpt>
    <trkpt lat="28.528352" lon="84.835329"><ele>2137.8</ele><time>2025-10-29T08:55:19Z</time></trkpt>
    <trkpt lat="28.528361" lon="84.835418"><ele>2137.8</ele><time>2025-10-29T08:55:26Z</time></trkpt>
    <trkpt lat="28.528478" lon="84.835659"><ele>2137.8</ele><time>2025-10-29T08:55:46Z</time></trkpt>
    <trkpt lat="28.528488" lon="84.835753"><ele>2137.8</ele><time>2025-10-29T08:55:54Z</time></trkpt>
    <trkpt lat="28.528515" lon="84.835965"><ele>2141.6</ele><time>2025-10-29T08:56:15Z</time></trkpt>
    <trkpt lat="28.528488" lon="84.836225"><ele>2146.4</ele><time>2025-10-29T08:56:45Z</time></trkpt>
    <trkpt lat="28.528603" lon="84.836389"><ele>2151.6</ele><time>2025-10-29T08:57:15Z</time></trkpt>
    <trkpt lat="28.528788" lon="84.836443"><ele>2152.2</ele><time>2025-10-29T08:57:36Z</time></trkpt>
    <trkpt lat="28.528815" lon="84.836686"><ele>2156.0</ele><time>2025-10-29T08:57:59Z</time></trkpt>
    <trkpt lat="28.528837" lon="84.836760"><ele>2156.6</ele><time>2025-10-29T08:58:06Z</time></trkpt>
    <trkpt lat="28.528939" lon="84.836954"><ele>2156.6</ele><time>2025-10-29T08:58:28Z</time></trkpt>
    <trkpt lat="28.528953" lon="84.837076"><ele>2156.6</ele><time>2025-10-29T08:59:12Z</time></trkpt>
    <trkpt lat="28.529195" lon="84.837146"><ele>2155.6</ele><time>2025-10-29T08:59:31Z</time></trkpt>
    <trkpt lat="28.529454" lon="84.837336"><ele>2155.4</ele><time>2025-10-29T08:59:55Z</time></trkpt>
    <trkpt lat="28.529467" lon="84.837382"><ele>2155.4</ele><time>2025-10-29T09:00:00Z</time></trkpt>
    <trkpt lat="28.529424" lon="84.837447"><ele>2155.8</ele><time>2025-10-29T09:00:10Z</time></trkpt>
    <trkpt lat="28.529332" lon="84.837514"><ele>2158.8</ele><time>2025-10-29T09:00:24Z</time></trkpt>
    <trkpt lat="28.529006" lon="84.837617"><ele>2161.0</ele><time>2025-10-29T09:00:53Z</time></trkpt>
    <trkpt lat="28.528796" lon="84.837703"><ele>2161.0</ele><time>2025-10-29T09:01:13Z</time></trkpt>
    <trkpt lat="28.528767" lon="84.837771"><ele>2161.2</ele><time>2025-10-29T09:01:20Z</time></trkpt>
    <trkpt lat="28.528838" lon="84.837924"><ele>2161.4</ele><time>2025-10-29T09:01:33Z</time></trkpt>
    <trkpt lat="28.528787" lon="84.838066"><ele>2161.8</ele><time>2025-10-29T09:01:53Z</time></trkpt>
    <trkpt lat="28.528763" lon="84.838129"><ele>2163.0</ele><time>2025-10-29T09:02:00Z</time></trkpt>
    <trkpt lat="28.528787" lon="84.838258"><ele>2167.2</ele><time>2025-10-29T09:02:24Z</time></trkpt>
    <trkpt lat="28.528758" lon="84.838503"><ele>2173.6</ele><time>2025-10-29T09:02:58Z</time></trkpt>
    <trkpt lat="28.528757" lon="84.838512"><ele>2173.8</ele><time>2025-10-29T09:02:59Z</time></trkpt>
    <trkpt lat="28.528691" lon="84.838741"><ele>2173.8</ele><time>2025-10-29T09:03:21Z</time></trkpt>
    <trkpt lat="28.528604" lon="84.838865"><ele>2173.8</ele><time>2025-10-29T09:03:35Z</time></trkpt>
    <trkpt lat="28.528671" lon="84.838952"><ele>2174.0</ele><time>2025-10-29T09:03:43Z</time></trkpt>
    <trkpt lat="28.528676" lon="84.839034"><ele>2174.0</ele><time>2025-10-29T09:03:50Z</time></trkpt>
    <trkpt lat="28.528633" lon="84.839113"><ele>2174.0</ele><time>2025-10-29T09:03:57Z</time></trkpt>
    <trkpt lat="28.528604" lon="84.839196"><ele>2177.2</ele><time>2025-10-29T09:04:13Z</time></trkpt>
    <trkpt lat="28.528618" lon="84.839299"><ele>2180.4</ele><time>2025-10-29T09:04:28Z</time></trkpt>
    <trkpt lat="28.528580" lon="84.839372"><ele>2181.2</ele><time>2025-10-29T09:04:35Z</time></trkpt>
    <trkpt lat="28.528510" lon="84.839474"><ele>2181.4</ele><time>2025-10-29T09:04:45Z</time></trkpt>
    <trkpt lat="28.528377" lon="84.839595"><ele>2181.4</ele><time>2025-10-29T09:05:05Z</time></trkpt>
    <trkpt lat="28.528306" lon="84.839725"><ele>2181.4</ele><time>2025-10-29T09:05:20Z</time></trkpt>
    <trkpt lat="28.528260" lon="84.839859"><ele>2177.2</ele><time>2025-10-29T09:05:41Z</time></trkpt>
    <trkpt lat="28.528174" lon="84.839947"><ele>2173.6</ele><time>2025-10-29T09:06:01Z</time></trkpt>
    <trkpt lat="28.528142" lon="84.839975"><ele>2173.4</ele><time>2025-10-29T09:06:05Z</time></trkpt>
    <trkpt lat="28.528104" lon="84.839972"><ele>2173.2</ele><time>2025-10-29T09:06:11Z</time></trkpt>
    <trkpt lat="28.528077" lon="84.839931"><ele>2173.2</ele><time>2025-10-29T09:06:19Z</time></trkpt>
    <trkpt lat="28.528113" lon="84.839924"><ele>2173.2</ele><time>2025-10-29T09:06:27Z</time></trkpt>
    <trkpt lat="28.528026" lon="84.839855"><ele>2172.2</ele><time>2025-10-29T09:07:18Z</time></trkpt>
    <trkpt lat="28.527851" lon="84.839905"><ele>2172.2</ele><time>2025-10-29T09:07:30Z</time></trkpt>
    <trkpt lat="28.527712" lon="84.840017"><ele>2169.8</ele><time>2025-10-29T09:07:45Z</time></trkpt>
    <trkpt lat="28.527419" lon="84.840087"><ele>2166.4</ele><time>2025-10-29T09:08:08Z</time></trkpt>
    <trkpt lat="28.527318" lon="84.840220"><ele>2166.0</ele><time>2025-10-29T09:08:22Z</time></trkpt>
    <trkpt lat="28.527301" lon="84.840341"><ele>2165.4</ele><time>2025-10-29T09:08:36Z</time></trkpt>
    <trkpt lat="28.527156" lon="84.840429"><ele>2165.4</ele><time>2025-10-29T09:08:53Z</time></trkpt>
    <trkpt lat="28.526775" lon="84.840466"><ele>2162.0</ele><time>2025-10-29T09:09:29Z</time></trkpt>
    <trkpt lat="28.526687" lon="84.840402"><ele>2161.8</ele><time>2025-10-29T09:09:39Z</time></trkpt>
    <trkpt lat="28.526640" lon="84.840360"><ele>2160.8</ele><time>2025-10-29T09:09:43Z</time></trkpt>
    <trkpt lat="28.526288" lon="84.840385"><ele>2154.6</ele><time>2025-10-29T09:10:14Z</time></trkpt>
    <trkpt lat="28.526233" lon="84.840408"><ele>2153.2</ele><time>2025-10-29T09:10:19Z</time></trkpt>
    <trkpt lat="28.525956" lon="84.840511"><ele>2151.8</ele><time>2025-10-29T09:10:44Z</time></trkpt>
    <trkpt lat="28.525871" lon="84.840676"><ele>2150.8</ele><time>2025-10-29T09:11:26Z</time></trkpt>
    <trkpt lat="28.525815" lon="84.840738"><ele>2150.2</ele><time>2025-10-29T09:11:32Z</time></trkpt>
    <trkpt lat="28.525771" lon="84.840751"><ele>2149.4</ele><time>2025-10-29T09:11:37Z</time></trkpt>
    <trkpt lat="28.525239" lon="84.840628"><ele>2130.0</ele><time>2025-10-29T09:12:57Z</time></trkpt>
    <trkpt lat="28.525154" lon="84.840728"><ele>2127.8</ele><time>2025-10-29T09:13:07Z</time></trkpt>
    <trkpt lat="28.524954" lon="84.840841"><ele>2123.2</ele><time>2025-10-29T09:13:31Z</time></trkpt>
    <trkpt lat="28.524903" lon="84.841013"><ele>2121.0</ele><time>2025-10-29T09:13:45Z</time></trkpt>
    <trkpt lat="28.524627" lon="84.841012"><ele>2117.4</ele><time>2025-10-29T09:14:14Z</time></trkpt>
    <trkpt lat="28.524472" lon="84.841156"><ele>2112.0</ele><time>2025-10-29T09:14:36Z</time></trkpt>
    <trkpt lat="28.524364" lon="84.841334"><ele>2109.6</ele><time>2025-10-29T09:14:51Z</time></trkpt>
    <trkpt lat="28.524212" lon="84.841452"><ele>2109.6</ele><time>2025-10-29T09:15:07Z</time></trkpt>
    <trkpt lat="28.524017" lon="84.841707"><ele>2110.2</ele><time>2025-10-29T09:15:36Z</time></trkpt>
    <trkpt lat="28.524026" lon="84.841823"><ele>2110.2</ele><time>2025-10-29T09:15:55Z</time></trkpt>
    <trkpt lat="28.524016" lon="84.841862"><ele>2110.0</ele><time>2025-10-29T09:15:58Z</time></trkpt>
    <trkpt lat="28.523851" lon="84.841958"><ele>2107.8</ele><time>2025-10-29T09:16:14Z</time></trkpt>
    <trkpt lat="28.523809" lon="84.842048"><ele>2106.6</ele><time>2025-10-29T09:16:22Z</time></trkpt>
    <trkpt lat="28.523789" lon="84.842159"><ele>2106.4</ele><time>2025-10-29T09:16:31Z</time></trkpt>
    <trkpt lat="28.523554" lon="84.842390"><ele>2106.8</ele><time>2025-10-29T09:17:14Z</time></trkpt>
    <trkpt lat="28.523403" lon="84.842490"><ele>2106.8</ele><time>2025-10-29T09:17:43Z</time></trkpt>
    <trkpt lat="28.523336" lon="84.842542"><ele>2106.0</ele><time>2025-10-29T09:17:49Z</time></trkpt>
    <trkpt lat="28.523170" lon="84.842805"><ele>2103.4</ele><time>2025-10-29T09:18:12Z</time></trkpt>
    <trkpt lat="28.522829" lon="84.843108"><ele>2103.2</ele><time>2025-10-29T09:18:48Z</time></trkpt>
    <trkpt lat="28.522774" lon="84.843160"><ele>2103.4</ele><time>2025-10-29T09:18:55Z</time></trkpt>
    <trkpt lat="28.522404" lon="84.843677"><ele>2105.8</ele><time>2025-10-29T09:19:48Z</time></trkpt>
    <trkpt lat="28.522332" lon="84.843878"><ele>2108.0</ele><time>2025-10-29T09:20:05Z</time></trkpt>
    <trkpt lat="28.522198" lon="84.844018"><ele>2108.8</ele><time>2025-10-29T09:20:20Z</time></trkpt>
    <trkpt lat="28.521968" lon="84.843986"><ele>2109.0</ele><time>2025-10-29T09:20:44Z</time></trkpt>
    <trkpt lat="28.521826" lon="84.844030"><ele>2109.2</ele><time>2025-10-29T09:21:00Z</time></trkpt>
    <trkpt lat="28.521654" lon="84.843955"><ele>2110.0</ele><time>2025-10-29T09:21:15Z</time></trkpt>
    <trkpt lat="28.521287" lon="84.843925"><ele>2110.0</ele><time>2025-10-29T09:21:48Z</time></trkpt>
    <trkpt lat="28.520869" lon="84.844098"><ele>2108.0</ele><time>2025-10-29T09:22:27Z</time></trkpt>
    <trkpt lat="28.520847" lon="84.844145"><ele>2108.0</ele><time>2025-10-29T09:22:33Z</time></trkpt>
    <trkpt lat="28.520776" lon="84.844115"><ele>2108.0</ele><time>2025-10-29T09:22:45Z</time></trkpt>
    <trkpt lat="28.520687" lon="84.844143"><ele>2108.6</ele><time>2025-10-29T09:22:53Z</time></trkpt>
    <trkpt lat="28.520530" lon="84.844377"><ele>2115.4</ele><time>2025-10-29T09:23:32Z</time></trkpt>
    <trkpt lat="28.520488" lon="84.844398"><ele>2115.4</ele><time>2025-10-29T09:23:37Z</time></trkpt>
    <trkpt lat="28.519881" lon="84.844473"><ele>2112.6</ele><time>2025-10-29T09:24:52Z</time></trkpt>
    <trkpt lat="28.519698" lon="84.844564"><ele>2117.0</ele><time>2025-10-29T09:25:28Z</time></trkpt>
    <trkpt lat="28.519683" lon="84.844572"><ele>2117.0</ele><time>2025-10-29T09:25:32Z</time></trkpt>
    <trkpt lat="28.519755" lon="84.844454"><ele>2117.4</ele><time>2025-10-29T09:26:34Z</time></trkpt>
    <trkpt lat="28.519732" lon="84.844448"><ele>2117.4</ele><time>2025-10-29T09:26:43Z</time></trkpt>
    <trkpt lat="28.519782" lon="84.844467"><ele>2117.4</ele><time>2025-10-29T09:27:08Z</time></trkpt>
    <trkpt lat="28.519691" lon="84.844566"><ele>2117.4</ele><time>2025-10-29T09:27:36Z</time></trkpt>
    <trkpt lat="28.519639" lon="84.844573"><ele>2117.0</ele><time>2025-10-29T09:46:00Z</time></trkpt>
    <trkpt lat="28.519656" lon="84.844625"><ele>2117.2</ele><time>2025-10-29T09:46:11Z</time></trkpt>
    <trkpt lat="28.519618" lon="84.844736"><ele>2118.8</ele><time>2025-10-29T09:46:27Z</time></trkpt>
    <trkpt lat="28.519256" lon="84.844856"><ele>2126.4</ele><time>2025-10-29T09:47:20Z</time></trkpt>
    <trkpt lat="28.519244" lon="84.844934"><ele>2127.4</ele><time>2025-10-29T09:47:29Z</time></trkpt>
    <trkpt lat="28.519073" lon="84.845321"><ele>2127.2</ele><time>2025-10-29T09:48:10Z</time></trkpt>
    <trkpt lat="28.519084" lon="84.845458"><ele>2126.8</ele><time>2025-10-29T09:48:21Z</time></trkpt>
    <trkpt lat="28.519068" lon="84.845494"><ele>2126.4</ele><time>2025-10-29T09:48:25Z</time></trkpt>
    <trkpt lat="28.518960" lon="84.845579"><ele>2123.4</ele><time>2025-10-29T09:48:38Z</time></trkpt>
    <trkpt lat="28.518904" lon="84.845593"><ele>2121.0</ele><time>2025-10-29T09:48:47Z</time></trkpt>
    <trkpt lat="28.518881" lon="84.845555"><ele>2120.0</ele><time>2025-10-29T09:48:51Z</time></trkpt>
    <trkpt lat="28.518798" lon="84.845684"><ele>2116.0</ele><time>2025-10-29T09:49:09Z</time></trkpt>
    <trkpt lat="28.518774" lon="84.845812"><ele>2114.6</ele><time>2025-10-29T09:49:17Z</time></trkpt>
    <trkpt lat="28.518837" lon="84.846108"><ele>2110.8</ele><time>2025-10-29T09:49:42Z</time></trkpt>
    <trkpt lat="28.518895" lon="84.846212"><ele>2108.2</ele><time>2025-10-29T09:49:54Z</time></trkpt>
    <trkpt lat="28.518894" lon="84.846478"><ele>2102.4</ele><time>2025-10-29T09:50:23Z</time></trkpt>
    <trkpt lat="28.518863" lon="84.846526"><ele>2101.2</ele><time>2025-10-29T09:50:27Z</time></trkpt>
    <trkpt lat="28.518775" lon="84.846505"><ele>2100.0</ele><time>2025-10-29T09:50:34Z</time></trkpt>
    <trkpt lat="28.518696" lon="84.846683"><ele>2095.0</ele><time>2025-10-29T09:50:58Z</time></trkpt>
    <trkpt lat="28.518572" lon="84.846911"><ele>2091.6</ele><time>2025-10-29T09:51:20Z</time></trkpt>
    <trkpt lat="28.518575" lon="84.847141"><ele>2090.6</ele><time>2025-10-29T09:51:36Z</time></trkpt>
    <trkpt lat="28.518483" lon="84.847718"><ele>2087.6</ele><time>2025-10-29T09:52:20Z</time></trkpt>
    <trkpt lat="28.518475" lon="84.847742"><ele>2087.4</ele><time>2025-10-29T09:52:22Z</time></trkpt>
    <trkpt lat="28.518312" lon="84.848193"><ele>2083.2</ele><time>2025-10-29T09:52:56Z</time></trkpt>
    <trkpt lat="28.518149" lon="84.848415"><ele>2079.8</ele><time>2025-10-29T09:53:14Z</time></trkpt>
    <trkpt lat="28.517804" lon="84.848658"><ele>2074.2</ele><time>2025-10-29T09:53:52Z</time></trkpt>
    <trkpt lat="28.517838" lon="84.848892"><ele>2069.8</ele><time>2025-10-29T09:54:14Z</time></trkpt>
    <trkpt lat="28.517807" lon="84.848978"><ele>2068.0</ele><time>2025-10-29T09:54:21Z</time></trkpt>
    <trkpt lat="28.517796" lon="84.848990"><ele>2068.0</ele><time>2025-10-29T09:54:22Z</time></trkpt>
    <trkpt lat="28.517717" lon="84.849050"><ele>2067.8</ele><time>2025-10-29T09:54:29Z</time></trkpt>
    <trkpt lat="28.517305" lon="84.849101"><ele>2066.2</ele><time>2025-10-29T09:55:06Z</time></trkpt>
    <trkpt lat="28.517270" lon="84.849142"><ele>2065.2</ele><time>2025-10-29T09:55:13Z</time></trkpt>
    <trkpt lat="28.517192" lon="84.849203"><ele>2063.8</ele><time>2025-10-29T09:55:21Z</time></trkpt>
    <trkpt lat="28.517033" lon="84.849240"><ele>2060.8</ele><time>2025-10-29T09:55:36Z</time></trkpt>
    <trkpt lat="28.516859" lon="84.849450"><ele>2054.2</ele><time>2025-10-29T09:56:05Z</time></trkpt>
    <trkpt lat="28.516826" lon="84.849648"><ele>2049.6</ele><time>2025-10-29T09:56:25Z</time></trkpt>
    <trkpt lat="28.516782" lon="84.849708"><ele>2048.4</ele><time>2025-10-29T09:56:31Z</time></trkpt>
    <trkpt lat="28.516642" lon="84.849776"><ele>2046.8</ele><time>2025-10-29T09:56:45Z</time></trkpt>
    <trkpt lat="28.516571" lon="84.849834"><ele>2046.4</ele><time>2025-10-29T09:56:52Z</time></trkpt>
    <trkpt lat="28.516397" lon="84.849999"><ele>2046.4</ele><time>2025-10-29T09:57:12Z</time></trkpt>
    <trkpt lat="28.516265" lon="84.850054"><ele>2046.4</ele><time>2025-10-29T09:57:24Z</time></trkpt>
    <trkpt lat="28.515991" lon="84.850034"><ele>2050.2</ele><time>2025-10-29T09:57:57Z</time></trkpt>
    <trkpt lat="28.515958" lon="84.850044"><ele>2050.8</ele><time>2025-10-29T09:58:01Z</time></trkpt>
    <trkpt lat="28.515755" lon="84.850110"><ele>2055.2</ele><time>2025-10-29T09:58:32Z</time></trkpt>
    <trkpt lat="28.515666" lon="84.850017"><ele>2060.2</ele><time>2025-10-29T09:58:57Z</time></trkpt>
    <trkpt lat="28.515512" lon="84.849982"><ele>2065.6</ele><time>2025-10-29T09:59:33Z</time></trkpt>
    <trkpt lat="28.515281" lon="84.850203"><ele>2067.0</ele><time>2025-10-29T10:00:08Z</time></trkpt>
    <trkpt lat="28.514856" lon="84.851301"><ele>2073.8</ele><time>2025-10-29T10:02:06Z</time></trkpt>
    <trkpt lat="28.514864" lon="84.851485"><ele>2076.2</ele><time>2025-10-29T10:02:26Z</time></trkpt>
    <trkpt lat="28.514911" lon="84.851580"><ele>2077.4</ele><time>2025-10-29T10:02:37Z</time></trkpt>
    <trkpt lat="28.514876" lon="84.851671"><ele>2078.4</ele><time>2025-10-29T10:02:47Z</time></trkpt>
    <trkpt lat="28.514888" lon="84.851846"><ele>2081.4</ele><time>2025-10-29T10:03:09Z</time></trkpt>
    <trkpt lat="28.515023" lon="84.852044"><ele>2083.2</ele><time>2025-10-29T10:03:38Z</time></trkpt>
    <trkpt lat="28.515035" lon="84.852073"><ele>2085.0</ele><time>2025-10-29T10:03:49Z</time></trkpt>
    <trkpt lat="28.514969" lon="84.852405"><ele>2092.6</ele><time>2025-10-29T10:04:41Z</time></trkpt>
    <trkpt lat="28.514910" lon="84.852465"><ele>2096.0</ele><time>2025-10-29T10:04:59Z</time></trkpt>
    <trkpt lat="28.514939" lon="84.852621"><ele>2100.6</ele><time>2025-10-29T10:05:33Z</time></trkpt>
    <trkpt lat="28.514920" lon="84.852652"><ele>2101.2</ele><time>2025-10-29T10:05:39Z</time></trkpt>
    <trkpt lat="28.514661" lon="84.853064"><ele>2101.8</ele><time>2025-10-29T10:06:26Z</time></trkpt>
    <trkpt lat="28.514566" lon="84.853312"><ele>2101.6</ele><time>2025-10-29T10:06:52Z</time></trkpt>
    <trkpt lat="28.514506" lon="84.853457"><ele>2098.2</ele><time>2025-10-29T10:07:07Z</time></trkpt>
    <trkpt lat="28.514107" lon="84.854077"><ele>2090.6</ele><time>2025-10-29T10:08:11Z</time></trkpt>
    <trkpt lat="28.514075" lon="84.854214"><ele>2088.8</ele><time>2025-10-29T10:08:22Z</time></trkpt>
    <trkpt lat="28.513986" lon="84.854347"><ele>2087.4</ele><time>2025-10-29T10:08:34Z</time></trkpt>
    <trkpt lat="28.513945" lon="84.854454"><ele>2086.6</ele><time>2025-10-29T10:08:44Z</time></trkpt>
    <trkpt lat="28.513906" lon="84.854806"><ele>2085.0</ele><time>2025-10-29T10:09:11Z</time></trkpt>
    <trkpt lat="28.513743" lon="84.854912"><ele>2085.0</ele><time>2025-10-29T10:09:34Z</time></trkpt>
    <trkpt lat="28.513713" lon="84.854913"><ele>2085.0</ele><time>2025-10-29T10:09:37Z</time></trkpt>
    <trkpt lat="28.513627" lon="84.854903"><ele>2088.4</ele><time>2025-10-29T10:09:58Z</time></trkpt>
    <trkpt lat="28.513557" lon="84.855063"><ele>2090.8</ele><time>2025-10-29T10:10:19Z</time></trkpt>
    <trkpt lat="28.513617" lon="84.855196"><ele>2093.0</ele><time>2025-10-29T10:10:34Z</time></trkpt>
    <trkpt lat="28.513616" lon="84.855203"><ele>2093.2</ele><time>2025-10-29T10:10:35Z</time></trkpt>
    <trkpt lat="28.513582" lon="84.855385"><ele>2096.8</ele><time>2025-10-29T10:10:57Z</time></trkpt>
    <trkpt lat="28.513485" lon="84.855458"><ele>2100.4</ele><time>2025-10-29T10:11:14Z</time></trkpt>
    <trkpt lat="28.513361" lon="84.855633"><ele>2109.2</ele><time>2025-10-29T10:12:01Z</time></trkpt>
    <trkpt lat="28.513160" lon="84.855933"><ele>2114.2</ele><time>2025-10-29T10:12:53Z</time></trkpt>
    <trkpt lat="28.512963" lon="84.856113"><ele>2116.4</ele><time>2025-10-29T10:13:22Z</time></trkpt>
    <trkpt lat="28.512742" lon="84.856213"><ele>2120.2</ele><time>2025-10-29T10:13:54Z</time></trkpt>
    <trkpt lat="28.512700" lon="84.856242"><ele>2120.2</ele><time>2025-10-29T10:14:01Z</time></trkpt>
    <trkpt lat="28.512502" lon="84.856507"><ele>2120.0</ele><time>2025-10-29T10:14:31Z</time></trkpt>
    <trkpt lat="28.512391" lon="84.856740"><ele>2120.0</ele><time>2025-10-29T10:14:53Z</time></trkpt>
    <trkpt lat="28.512399" lon="84.857211"><ele>2122.8</ele><time>2025-10-29T10:15:43Z</time></trkpt>
    <trkpt lat="28.512334" lon="84.857269"><ele>2122.8</ele><time>2025-10-29T10:15:53Z</time></trkpt>
    <trkpt lat="28.511753" lon="84.857790"><ele>2112.8</ele><time>2025-10-29T10:16:54Z</time></trkpt>
    <trkpt lat="28.511201" lon="84.858296"><ele>2111.8</ele><time>2025-10-29T10:17:50Z</time></trkpt>
    <trkpt lat="28.510413" lon="84.859024"><ele>2125.2</ele><time>2025-10-29T10:19:37Z</time></trkpt>
    <trkpt lat="28.510406" lon="84.859028"><ele>2125.6</ele><time>2025-10-29T10:19:40Z</time></trkpt>
    <trkpt lat="28.509967" lon="84.859115"><ele>2124.0</ele><time>2025-10-29T10:21:25Z</time></trkpt>
    <trkpt lat="28.509902" lon="84.859303"><ele>2124.0</ele><time>2025-10-29T10:21:41Z</time></trkpt>
    <trkpt lat="28.509676" lon="84.859508"><ele>2124.0</ele><time>2025-10-29T10:22:05Z</time></trkpt>
    <trkpt lat="28.509660" lon="84.859525"><ele>2124.8</ele><time>2025-10-29T10:22:08Z</time></trkpt>
    <trkpt lat="28.509577" lon="84.859669"><ele>2125.6</ele><time>2025-10-29T10:22:26Z</time></trkpt>
    <trkpt lat="28.509423" lon="84.859759"><ele>2127.8</ele><time>2025-10-29T10:22:44Z</time></trkpt>
    <trkpt lat="28.509300" lon="84.859973"><ele>2128.8</ele><time>2025-10-29T10:23:06Z</time></trkpt>
    <trkpt lat="28.509158" lon="84.860118"><ele>2129.2</ele><time>2025-10-29T10:23:22Z</time></trkpt>
    <trkpt lat="28.509121" lon="84.860185"><ele>2129.4</ele><time>2025-10-29T10:23:30Z</time></trkpt>
    <trkpt lat="28.509056" lon="84.860367"><ele>2132.6</ele><time>2025-10-29T10:23:51Z</time></trkpt>
    <trkpt lat="28.508897" lon="84.860543"><ele>2136.8</ele><time>2025-10-29T10:24:18Z</time></trkpt>
    <trkpt lat="28.508884" lon="84.860683"><ele>2139.4</ele><time>2025-10-29T10:24:38Z</time></trkpt>
    <trkpt lat="28.508779" lon="84.860955"><ele>2146.2</ele><time>2025-10-29T10:25:26Z</time></trkpt>
    <trkpt lat="28.508572" lon="84.861298"><ele>2153.0</ele><time>2025-10-29T10:26:34Z</time></trkpt>
    <trkpt lat="28.508501" lon="84.861357"><ele>2155.2</ele><time>2025-10-29T10:26:51Z</time></trkpt>
    <trkpt lat="28.508405" lon="84.861525"><ele>2159.0</ele><time>2025-10-29T10:27:20Z</time></trkpt>
    <trkpt lat="28.508392" lon="84.861582"><ele>2159.0</ele><time>2025-10-29T10:27:27Z</time></trkpt>
    <trkpt lat="28.508260" lon="84.861675"><ele>2159.0</ele><time>2025-10-29T10:27:42Z</time></trkpt>
    <trkpt lat="28.508390" lon="84.861599"><ele>2159.0</ele><time>2025-10-29T10:27:55Z</time></trkpt>
    <trkpt lat="28.508513" lon="84.861792"><ele>2157.0</ele><time>2025-10-29T10:28:15Z</time></trkpt>
    <trkpt lat="28.508657" lon="84.861897"><ele>2157.0</ele><time>2025-10-29T10:28:30Z</time></trkpt>
    <trkpt lat="28.508754" lon="84.862026"><ele>2157.0</ele><time>2025-10-29T10:28:44Z</time></trkpt>
    <trkpt lat="28.508762" lon="84.862104"><ele>2157.0</ele><time>2025-10-29T10:28:50Z</time></trkpt>
    <trkpt lat="28.508792" lon="84.862215"><ele>2158.4</ele><time>2025-10-29T10:29:01Z</time></trkpt>
    <trkpt lat="28.508641" lon="84.862553"><ele>2163.0</ele><time>2025-10-29T10:29:39Z</time></trkpt>
    <trkpt lat="28.508611" lon="84.862606"><ele>2163.2</ele><time>2025-10-29T10:29:46Z</time></trkpt>
    <trkpt lat="28.508416" lon="84.862926"><ele>2163.2</ele><time>2025-10-29T10:30:20Z</time></trkpt>
    <trkpt lat="28.508283" lon="84.862864"><ele>2162.6</ele><time>2025-10-29T10:30:52Z</time></trkpt>
    </trkseg>
  </trk>
</gpx>
