<?xml version="1.0" encoding="UTF-8"?>
<gpx version="1.1" creator="tripplanner (sketch line from researched control points)" xmlns="http://www.topografix.com/GPX/1/1">
  <metadata>
    <name>taurus-taseli — Akseki → Alacabel → Bozkır</name>
    <desc>121.0 km, 1601 m. Sketch line through researched control points, calibrated to 121 km / 1600 m of road — drawn, not routed.</desc>
  </metadata>
  <trk>
    <name>taurus-taseli — Akseki → Alacabel → Bozkır</name>
    <trkseg>
    <trkpt lat="37.048300" lon="31.789900"><ele>1050.0</ele></trkpt>
    <trkpt lat="37.048622" lon="31.790101"><ele>1050.3</ele></trkpt>
    <trkpt lat="37.048950" lon="31.790288"><ele>1050.6</ele></trkpt>
    <trkpt lat="37.049280" lon="31.790468"><ele>1051.0</ele></trkpt>
    <trkpt lat="37.049609" lon="31.790653"><ele>1051.4</ele></trkpt>
    <trkpt lat="37.049930" lon="31.790856"><ele>1051.9</ele></trkpt>
    <trkpt lat="37.050240" lon="31.791084"><ele>1052.4</ele></trkpt>
    <trkpt lat="37.050538" lon="31.791341"><ele>1052.9</ele></trkpt>
    <trkpt lat="37.050827" lon="31.791621"><ele>1053.5</ele></trkpt>
    <trkpt lat="37.051110" lon="31.791912"><ele>1054.0</ele></trkpt>
    <trkpt lat="37.051396" lon="31.792198"><ele>1054.4</ele></trkpt>
    <trkpt lat="37.051692" lon="31.792460"><ele>1054.8</ele></trkpt>
    <trkpt lat="37.052005" lon="31.792681"><ele>1055.2</ele></trkpt>
    <trkpt lat="37.052339" lon="31.792853"><ele>1055.4</ele></trkpt>
    <trkpt lat="37.052694" lon="31.792975"><ele>1055.6</ele></trkpt>
    <trkpt lat="37.053066" lon="31.793059"><ele>1055.7</ele></trkpt>
    <trkpt lat="37.053444" lon="31.793125"><ele>1055.6</ele></trkpt>
    <trkpt lat="37.053820" lon="31.793199"><ele>1055.5</ele></trkpt>
    <trkpt lat="37.054180" lon="31.793309"><ele>1055.3</ele></trkpt>
    <trkpt lat="37.054515" lon="31.793479"><ele>1054.9</ele></trkpt>
    <trkpt lat="37.054818" lon="31.793724"><ele>1054.5</ele></trkpt>
    <trkpt lat="37.055090" lon="31.794044"><ele>1054.0</ele></trkpt>
    <trkpt lat="37.055335" lon="31.794426"><ele>1053.5</ele></trkpt>
    <trkpt lat="37.055565" lon="31.794844"><ele>1052.9</ele></trkpt>
    <trkpt lat="37.055796" lon="31.795261"><ele>1052.4</ele></trkpt>
    <trkpt lat="37.056043" lon="31.795639"><ele>1051.8</ele></trkpt>
    <trkpt lat="37.056321" lon="31.795943"><ele>1051.3</ele></trkpt>
    <trkpt lat="37.056640" lon="31.796152"><ele>1050.9</ele></trkpt>
    <trkpt lat="37.057002" lon="31.796256"><ele>1050.6</ele></trkpt>
    <trkpt lat="37.057403" lon="31.796270"><ele>1050.4</ele></trkpt>
    <trkpt lat="37.057830" lon="31.796222"><ele>1050.3</ele></trkpt>
    <trkpt lat="37.058264" lon="31.796156"><ele>1050.4</ele></trkpt>
    <trkpt lat="37.058686" lon="31.796120"><ele>1050.7</ele></trkpt>
    <trkpt lat="37.059074" lon="31.796163"><ele>1051.1</ele></trkpt>
    <trkpt lat="37.059416" lon="31.796318"><ele>1051.8</ele></trkpt>
    <trkpt lat="37.059702" lon="31.796602"><ele>1052.6</ele></trkpt>
    <trkpt lat="37.059937" lon="31.797010"><ele>1053.6</ele></trkpt>
    <trkpt lat="37.060132" lon="31.797511"><ele>1054.7</ele></trkpt>
    <trkpt lat="37.060307" lon="31.798060"><ele>1056.0</ele></trkpt>
    <trkpt lat="37.060487" lon="31.798597"><ele>1057.4</ele></trkpt>
    <trkpt lat="37.060697" lon="31.799064"><ele>1058.9</ele></trkpt>
    <trkpt lat="37.060957" lon="31.799410"><ele>1060.5</ele></trkpt>
    <trkpt lat="37.061281" lon="31.799606"><ele>1062.1</ele></trkpt>
    <trkpt lat="37.061669" lon="31.799649"><ele>1063.7</ele></trkpt>
    <trkpt lat="37.062113" lon="31.799560"><ele>1065.3</ele></trkpt>
    <trkpt lat="37.062593" lon="31.799388"><ele>1066.7</ele></trkpt>
    <trkpt lat="37.063079" lon="31.799198"><ele>1068.1</ele></trkpt>
    <trkpt lat="37.063544" lon="31.799059"><ele>1069.3</ele></trkpt>
    <trkpt lat="37.063960" lon="31.799037"><ele>1070.3</ele></trkpt>
    <trkpt lat="37.064308" lon="31.799177"><ele>1071.0</ele></trkpt>
    <trkpt lat="37.064579" lon="31.799498"><ele>1071.6</ele></trkpt>
    <trkpt lat="37.064780" lon="31.799986"><ele>1071.9</ele></trkpt>
    <trkpt lat="37.064928" lon="31.800599"><ele>1071.9</ele></trkpt>
    <trkpt lat="37.065052" lon="31.801269"><ele>1071.7</ele></trkpt>
    <trkpt lat="37.065185" lon="31.801917"><ele>1071.1</ele></trkpt>
    <trkpt lat="37.065360" lon="31.802465"><ele>1070.4</ele></trkpt>
    <trkpt lat="37.065604" lon="31.802851"><ele>1069.4</ele></trkpt>
    <trkpt lat="37.065932" lon="31.803037"><ele>1068.2</ele></trkpt>
    <trkpt lat="37.066345" lon="31.803023"><ele>1066.8</ele></trkpt>
    <trkpt lat="37.066828" lon="31.802841"><ele>1065.2</ele></trkpt>
    <trkpt lat="37.067354" lon="31.802557"><ele>1063.6</ele></trkpt>
    <trkpt lat="37.067889" lon="31.802253"><ele>1061.9</ele></trkpt>
    <trkpt lat="37.068393" lon="31.802022"><ele>1060.2</ele></trkpt>
    <trkpt lat="37.068834" lon="31.801941"><ele>1058.5</ele></trkpt>
    <trkpt lat="37.069187" lon="31.802067"><ele>1056.9</ele></trkpt>
    <trkpt lat="37.069445" lon="31.802419"><ele>1055.5</ele></trkpt>
    <trkpt lat="37.069615" lon="31.802979"><ele>1054.3</ele></trkpt>
    <trkpt lat="37.069722" lon="31.803690"><ele>1053.3</ele></trkpt>
    <trkpt lat="37.069800" lon="31.804468"><ele>1052.5</ele></trkpt>
    <trkpt lat="37.069892" lon="31.805215"><ele>1052.1</ele></trkpt>
    <trkpt lat="37.070036" lon="31.805837"><ele>1052.0</ele></trkpt>
    <trkpt lat="37.070265" lon="31.806257"><ele>1052.2</ele></trkpt>
    <trkpt lat="37.070597" lon="31.806436"><ele>1052.8</ele></trkpt>
    <trkpt lat="37.071030" lon="31.806372"><ele>1053.7</ele></trkpt>
    <trkpt lat="37.071547" lon="31.806110"><ele>1054.9</ele></trkpt>
    <trkpt lat="37.072115" lon="31.805727"><ele>1056.5</ele></trkpt>
    <trkpt lat="37.072691" lon="31.805326"><ele>1058.4</ele></trkpt>
    <trkpt lat="37.073229" lon="31.805013"><ele>1060.5</ele></trkpt>
    <trkpt lat="37.073691" lon="31.804881"><ele>1062.8</ele></trkpt>
    <trkpt lat="37.074050" lon="31.804994"><ele>1065.2</ele></trkpt>
    <trkpt lat="37.074297" lon="31.805373"><ele>1067.8</ele></trkpt>
    <trkpt lat="37.074442" lon="31.805993"><ele>1070.4</ele></trkpt>
    <trkpt lat="37.074513" lon="31.806788"><ele>1073.0</ele></trkpt>
    <trkpt lat="37.074553" lon="31.807658"><ele>1075.6</ele></trkpt>
    <trkpt lat="37.074609" lon="31.808489"><ele>1078.0</ele></trkpt>
    <trkpt lat="37.074728" lon="31.809172"><ele>1080.2</ele></trkpt>
    <trkpt lat="37.074944" lon="31.809622"><ele>1082.1</ele></trkpt>
    <trkpt lat="37.075278" lon="31.809795"><ele>1083.8</ele></trkpt>
    <trkpt lat="37.075728" lon="31.809691"><ele>1085.1</ele></trkpt>
    <trkpt lat="37.076273" lon="31.809362"><ele>1086.1</ele></trkpt>
    <trkpt lat="37.076875" lon="31.808900"><ele>1086.6</ele></trkpt>
    <trkpt lat="37.077485" lon="31.808418"><ele>1086.8</ele></trkpt>
    <trkpt lat="37.078052" lon="31.808038"><ele>1086.6</ele></trkpt>
    <trkpt lat="37.078531" lon="31.807864"><ele>1085.9</ele></trkpt>
    <trkpt lat="37.078895" lon="31.807965"><ele>1084.9</ele></trkpt>
    <trkpt lat="37.079133" lon="31.808365"><ele>1083.5</ele></trkpt>
    <trkpt lat="37.079258" lon="31.809033"><ele>1081.8</ele></trkpt>
    <trkpt lat="37.079301" lon="31.809894"><ele>1079.8</ele></trkpt>
    <trkpt lat="37.079311" lon="31.810836"><ele>1077.6</ele></trkpt>
    <trkpt lat="37.079339" lon="31.811734"><ele>1075.2</ele></trkpt>
    <trkpt lat="37.079437" lon="31.812466"><ele>1072.7</ele></trkpt>
    <trkpt lat="37.079643" lon="31.812940"><ele>1070.2</ele></trkpt>
    <trkpt lat="37.079979" lon="31.813108"><ele>1067.7</ele></trkpt>
    <trkpt lat="37.080442" lon="31.812975"><ele>1065.3</ele></trkpt>
    <trkpt lat="37.081008" lon="31.812596"><ele>1063.1</ele></trkpt>
    <trkpt lat="37.081635" lon="31.812072"><ele>1061.1</ele></trkpt>
    <trkpt lat="37.082270" lon="31.811530"><ele>1059.4</ele></trkpt>
    <trkpt lat="37.082858" lon="31.811100"><ele>1058.1</ele></trkpt>
    <trkpt lat="37.083351" lon="31.810894"><ele>1057.1</ele></trkpt>
    <trkpt lat="37.083719" lon="31.810987"><ele>1056.6</ele></trkpt>
    <trkpt lat="37.083951" lon="31.811401"><ele>1056.5</ele></trkpt>
    <trkpt lat="37.084061" lon="31.812104"><ele>1056.8</ele></trkpt>
    <trkpt lat="37.084085" lon="31.813011"><ele>1057.6</ele></trkpt>
    <trkpt lat="37.084072" lon="31.814005"><ele>1058.8</ele></trkpt>
    <trkpt lat="37.084081" lon="31.814948"><ele>1060.5</ele></trkpt>
    <trkpt lat="37.084165" lon="31.815714"><ele>1062.5</ele></trkpt>
    <trkpt lat="37.084364" lon="31.816206"><ele>1064.9</ele></trkpt>
    <trkpt lat="37.084700" lon="31.816372"><ele>1067.5</ele></trkpt>
    <trkpt lat="37.085171" lon="31.816219"><ele>1070.4</ele></trkpt>
    <trkpt lat="37.085751" lon="31.815807"><ele>1073.5</ele></trkpt>
    <trkpt lat="37.086395" lon="31.815245"><ele>1076.7</ele></trkpt>
    <trkpt lat="37.087047" lon="31.814664"><ele>1079.8</ele></trkpt>
    <trkpt lat="37.087648" lon="31.814202"><ele>1082.9</ele></trkpt>
    <trkpt lat="37.088150" lon="31.813976"><ele>1085.9</ele></trkpt>
    <trkpt lat="37.088519" lon="31.814062"><ele>1088.7</ele></trkpt>
    <trkpt lat="37.088748" lon="31.814485"><ele>1091.3</ele></trkpt>
    <trkpt lat="37.088850" lon="31.815206"><ele>1093.5</ele></trkpt>
    <trkpt lat="37.088863" lon="31.816141"><ele>1095.4</ele></trkpt>
    <trkpt lat="37.088839" lon="31.817162"><ele>1096.8</ele></trkpt>
    <trkpt lat="37.088837" lon="31.818131"><ele>1097.8</ele></trkpt>
    <trkpt lat="37.088912" lon="31.818916"><ele>1098.3</ele></trkpt>
    <trkpt lat="37.089108" lon="31.819416"><ele>1098.4</ele></trkpt>
    <trkpt lat="37.089445" lon="31.819582"><ele>1098.0</ele></trkpt>
    <trkpt lat="37.089919" lon="31.819420"><ele>1097.1</ele></trkpt>
    <trkpt lat="37.090505" lon="31.818995"><ele>1095.8</ele></trkpt>
    <trkpt lat="37.091156" lon="31.818415"><ele>1094.2</ele></trkpt>
    <trkpt lat="37.091814" lon="31.817819"><ele>1092.1</ele></trkpt>
    <trkpt lat="37.092420" lon="31.817344"><ele>1089.8</ele></trkpt>
    <trkpt lat="37.092925" lon="31.817110"><ele>1087.3</ele></trkpt>
    <trkpt lat="37.093296" lon="31.817194"><ele>1084.6</ele></trkpt>
    <trkpt lat="37.093524" lon="31.817618"><ele>1081.8</ele></trkpt>
    <trkpt lat="37.093625" lon="31.818344"><ele>1079.0</ele></trkpt>
    <trkpt lat="37.093635" lon="31.819284"><ele>1076.3</ele></trkpt>
    <trkpt lat="37.093609" lon="31.820310"><ele>1073.8</ele></trkpt>
    <trkpt lat="37.093606" lon="31.821282"><ele>1071.4</ele></trkpt>
    <trkpt lat="37.093681" lon="31.822069"><ele>1069.3</ele></trkpt>
    <trkpt lat="37.093876" lon="31.822570"><ele>1067.5</ele></trkpt>
    <trkpt lat="37.094212" lon="31.822737"><ele>1066.2</ele></trkpt>
    <trkpt lat="37.094686" lon="31.822578"><ele>1065.2</ele></trkpt>
    <trkpt lat="37.095270" lon="31.822157"><ele>1064.7</ele></trkpt>
    <trkpt lat="37.095918" lon="31.821584"><ele>1064.7</ele></trkpt>
    <trkpt lat="37.096573" lon="31.820994"><ele>1065.1</ele></trkpt>
    <trkpt lat="37.097176" lon="31.820527"><ele>1066.0</ele></trkpt>
    <trkpt lat="37.097679" lon="31.820299"><ele>1067.3</ele></trkpt>
    <trkpt lat="37.098049" lon="31.820384"><ele>1069.1</ele></trkpt>
    <trkpt lat="37.098279" lon="31.820803"><ele>1071.2</ele></trkpt>
    <trkpt lat="37.098384" lon="31.821518"><ele>1073.7</ele></trkpt>
    <trkpt lat="37.098401" lon="31.822441"><ele>1076.4</ele></trkpt>
    <trkpt lat="37.098383" lon="31.823449"><ele>1079.3</ele></trkpt>
    <trkpt lat="37.098388" lon="31.824402"><ele>1082.4</ele></trkpt>
    <trkpt lat="37.098469" lon="31.825174"><ele>1085.5</ele></trkpt>
    <trkpt lat="37.098667" lon="31.825668"><ele>1088.7</ele></trkpt>
    <trkpt lat="37.099003" lon="31.825837"><ele>1091.7</ele></trkpt>
    <trkpt lat="37.099471" lon="31.825691"><ele>1094.6</ele></trkpt>
    <trkpt lat="37.100045" lon="31.825292"><ele>1097.3</ele></trkpt>
    <trkpt lat="37.100681" lon="31.824748"><ele>1099.7</ele></trkpt>
    <trkpt lat="37.101323" lon="31.824190"><ele>1101.8</ele></trkpt>
    <trkpt lat="37.101915" lon="31.823750"><ele>1103.5</ele></trkpt>
    <trkpt lat="37.102410" lon="31.823540"><ele>1104.8</ele></trkpt>
    <trkpt lat="37.102778" lon="31.823629"><ele>1105.7</ele></trkpt>
    <trkpt lat="37.103013" lon="31.824038"><ele>1106.1</ele></trkpt>
    <trkpt lat="37.103128" lon="31.824728"><ele>1106.1</ele></trkpt>
    <trkpt lat="37.103161" lon="31.825615"><ele>1105.7</ele></trkpt>
    <trkpt lat="37.103161" lon="31.826580"><ele>1104.8</ele></trkpt>
    <trkpt lat="37.103183" lon="31.827493"><ele>1103.6</ele></trkpt>
    <trkpt lat="37.103277" lon="31.828233"><ele>1102.0</ele></trkpt>
    <trkpt lat="37.103482" lon="31.828711"><ele>1100.1</ele></trkpt>
    <trkpt lat="37.103816" lon="31.828884"><ele>1098.0</ele></trkpt>
    <trkpt lat="37.104274" lon="31.828760"><ele>1095.7</ele></trkpt>
    <trkpt lat="37.104832" lon="31.828402"><ele>1093.3</ele></trkpt>
    <trkpt lat="37.105446" lon="31.827909"><ele>1090.9</ele></trkpt>
    <trkpt lat="37.106065" lon="31.827404"><ele>1088.4</ele></trkpt>
    <trkpt lat="37.106638" lon="31.827010"><ele>1086.1</ele></trkpt>
    <trkpt lat="37.107120" lon="31.826830"><ele>1083.9</ele></trkpt>
    <trkpt lat="37.107485" lon="31.826929"><ele>1081.9</ele></trkpt>
    <trkpt lat="37.107726" lon="31.827321"><ele>1080.2</ele></trkpt>
    <trkpt lat="37.107858" lon="31.827973"><ele>1078.8</ele></trkpt>
    <trkpt lat="37.107914" lon="31.828804"><ele>1077.7</ele></trkpt>
    <trkpt lat="37.107941" lon="31.829705"><ele>1077.0</ele></trkpt>
    <trkpt lat="37.107988" lon="31.830557"><ele>1076.7</ele></trkpt>
    <trkpt lat="37.108103" lon="31.831250"><ele>1076.7</ele></trkpt>
    <trkpt lat="37.108318" lon="31.831704"><ele>1077.2</ele></trkpt>
    <trkpt lat="37.108651" lon="31.831880"><ele>1078.1</ele></trkpt>
    <trkpt lat="37.109095" lon="31.831788"><ele>1079.3</ele></trkpt>
    <trkpt lat="37.109629" lon="31.831486"><ele>1080.8</ele></trkpt>
    <trkpt lat="37.110213" lon="31.831064"><ele>1082.7</ele></trkpt>
    <trkpt lat="37.110801" lon="31.830633"><ele>1084.8</ele></trkpt>
    <trkpt lat="37.111347" lon="31.830304"><ele>1087.1</ele></trkpt>
    <trkpt lat="37.111811" lon="31.830167"><ele>1089.5</ele></trkpt>
    <trkpt lat="37.112170" lon="31.830278"><ele>1092.0</ele></trkpt>
    <trkpt lat="37.112420" lon="31.830650"><ele>1094.5</ele></trkpt>
    <trkpt lat="37.112573" lon="31.831251"><ele>1097.0</ele></trkpt>
    <trkpt lat="37.112661" lon="31.832008"><ele>1099.4</ele></trkpt>
    <trkpt lat="37.112723" lon="31.832825"><ele>1101.7</ele></trkpt>
    <trkpt lat="37.112804" lon="31.833597"><ele>1103.7</ele></trkpt>
    <trkpt lat="37.112945" lon="31.834228"><ele>1105.6</ele></trkpt>
    <trkpt lat="37.113174" lon="31.834650"><ele>1107.1</ele></trkpt>
    <trkpt lat="37.113504" lon="31.834829"><ele>1108.4</ele></trkpt>
    <trkpt lat="37.113932" lon="31.834778"><ele>1109.4</ele></trkpt>
    <trkpt lat="37.114437" lon="31.834546"><ele>1110.0</ele></trkpt>
    <trkpt lat="37.114983" lon="31.834213"><ele>1110.3</ele></trkpt>
    <trkpt lat="37.115532" lon="31.833876"><ele>1110.2</ele></trkpt>
    <trkpt lat="37.116043" lon="31.833627"><ele>1109.9</ele></trkpt>
    <trkpt lat="37.116485" lon="31.833543"><ele>1109.3</ele></trkpt>
    <trkpt lat="37.116837" lon="31.833671"><ele>1108.4</ele></trkpt>
    <trkpt lat="37.117097" lon="31.834020"><ele>1107.3</ele></trkpt>
    <trkpt lat="37.117276" lon="31.834559"><ele>1105.9</ele></trkpt>
    <trkpt lat="37.117401" lon="31.835227"><ele>1104.5</ele></trkpt>
    <trkpt lat="37.117506" lon="31.835943"><ele>1103.0</ele></trkpt>
    <trkpt lat="37.117628" lon="31.836618"><ele>1101.4</ele></trkpt>
    <trkpt lat="37.117800" lon="31.837174"><ele>1099.8</ele></trkpt>
    <trkpt lat="37.118046" lon="31.837556"><ele>1098.2</ele></trkpt>
    <trkpt lat="37.118375" lon="31.837739"><ele>1096.8</ele></trkpt>
    <trkpt lat="37.118784" lon="31.837734"><ele>1095.5</ele></trkpt>
    <trkpt lat="37.119253" lon="31.837585"><ele>1094.3</ele></trkpt>
    <trkpt lat="37.119755" lon="31.837357"><ele>1093.3</ele></trkpt>
    <trkpt lat="37.120258" lon="31.837128"><ele>1092.6</ele></trkpt>
    <trkpt lat="37.120730" lon="31.836974"><ele>1092.1</ele></trkpt>
    <trkpt lat="37.121145" lon="31.836953"><ele>1091.8</ele></trkpt>
    <trkpt lat="37.121489" lon="31.837102"><ele>1091.8</ele></trkpt>
    <trkpt lat="37.121759" lon="31.837424"><ele>1092.1</ele></trkpt>
    <trkpt lat="37.121968" lon="31.837893"><ele>1092.5</ele></trkpt>
    <trkpt lat="37.122136" lon="31.838460"><ele>1093.3</ele></trkpt>
    <trkpt lat="37.122290" lon="31.839059"><ele>1094.2</ele></trkpt>
    <trkpt lat="37.122459" lon="31.839623"><ele>1095.2</ele></trkpt>
    <trkpt lat="37.122667" lon="31.840094"><ele>1096.5</ele></trkpt>
    <trkpt lat="37.122932" lon="31.840430"><ele>1097.8</ele></trkpt>
    <trkpt lat="37.123260" lon="31.840615"><ele>1099.2</ele></trkpt>
    <trkpt lat="37.123647" lon="31.840662"><ele>1100.7</ele></trkpt>
    <trkpt lat="37.124077" lon="31.840605"><ele>1102.2</ele></trkpt>
    <trkpt lat="37.124530" lon="31.840494"><ele>1103.6</ele></trkpt>
    <trkpt lat="37.124982" lon="31.840387"><ele>1105.0</ele></trkpt>
    <trkpt lat="37.125409" lon="31.840339"><ele>1106.4</ele></trkpt>
    <trkpt lat="37.125794" lon="31.840390"><ele>1107.6</ele></trkpt>
    <trkpt lat="37.126127" lon="31.840562"><ele>1108.6</ele></trkpt>
    <trkpt lat="37.126410" lon="31.840855"><ele>1109.6</ele></trkpt>
    <trkpt lat="37.126651" lon="31.841248"><ele>1110.3</ele></trkpt>
    <trkpt lat="37.126866" lon="31.841704"><ele>1110.9</ele></trkpt>
    <trkpt lat="37.127073" lon="31.842176"><ele>1111.4</ele></trkpt>
    <trkpt lat="37.127293" lon="31.842619"><ele>1111.6</ele></trkpt>
    <trkpt lat="37.127542" lon="31.842994"><ele>1111.8</ele></trkpt>
    <trkpt lat="37.127828" lon="31.843279"><ele>1111.7</ele></trkpt>
    <trkpt lat="37.128155" lon="31.843467"><ele>1111.6</ele></trkpt>
    <trkpt lat="37.128519" lon="31.843569"><ele>1111.3</ele></trkpt>
    <trkpt lat="37.128908" lon="31.843610"><ele>1111.0</ele></trkpt>
    <trkpt lat="37.129308" lon="31.843625"><ele>1110.6</ele></trkpt>
    <trkpt lat="37.129704" lon="31.843650"><ele>1110.2</ele></trkpt>
    <trkpt lat="37.130082" lon="31.843716"><ele>1109.7</ele></trkpt>
    <trkpt lat="37.130435" lon="31.843844"><ele>1109.3</ele></trkpt>
    <trkpt lat="37.130758" lon="31.844043"><ele>1108.9</ele></trkpt>
    <trkpt lat="37.131053" lon="31.844306"><ele>1108.5</ele></trkpt>
    <trkpt lat="37.131328" lon="31.844619"><ele>1108.2</ele></trkpt>
    <trkpt lat="37.131592" lon="31.844957"><ele>1108.0</ele></trkpt>
    <trkpt lat="37.131856" lon="31.845294"><ele>1107.9</ele></trkpt>
    <trkpt lat="37.132130" lon="31.845608"><ele>1107.8</ele></trkpt>
    <trkpt lat="37.132421" lon="31.845884"><ele>1107.9</ele></trkpt>
    <trkpt lat="37.132730" lon="31.846114"><ele>1108.0</ele></trkpt>
    <trkpt lat="37.133057" lon="31.846303"><ele>1108.3</ele></trkpt>
    <trkpt lat="37.133397" lon="31.846461"><ele>1108.6</ele></trkpt>
    <trkpt lat="37.133743" lon="31.846605"><ele>1108.9</ele></trkpt>
    <trkpt lat="37.134088" lon="31.846751"><ele>1109.3</ele></trkpt>
    <trkpt lat="37.134426" lon="31.846913"><ele>1109.8</ele></trkpt>
    <trkpt lat="37.134754" lon="31.847098"><ele>1110.3</ele></trkpt>
    <trkpt lat="37.135073" lon="31.847307"><ele>1110.7</ele></trkpt>
    <trkpt lat="37.135383" lon="31.847534"><ele>1111.2</ele></trkpt>
    <trkpt lat="37.135691" lon="31.847769"><ele>1111.6</ele></trkpt>
    <trkpt lat="37.136000" lon="31.848000"><ele>1112.0</ele></trkpt>
    <trkpt lat="37.136349" lon="31.848110"><ele>1115.4</ele></trkpt>
    <trkpt lat="37.136692" lon="31.848248"><ele>1119.0</ele></trkpt>
    <trkpt lat="37.137029" lon="31.848412"><ele>1122.6</ele></trkpt>
    <trkpt lat="37.137363" lon="31.848592"><ele>1126.3</ele></trkpt>
    <trkpt lat="37.137697" lon="31.848769"><ele>1130.1</ele></trkpt>
    <trkpt lat="37.138036" lon="31.848922"><ele>1134.0</ele></trkpt>
    <trkpt lat="37.138385" lon="31.849036"><ele>1138.0</ele></trkpt>
    <trkpt lat="37.138744" lon="31.849101"><ele>1142.0</ele></trkpt>
    <trkpt lat="37.139113" lon="31.849118"><ele>1146.1</ele></trkpt>
    <trkpt lat="37.139490" lon="31.849102"><ele>1150.2</ele></trkpt>
    <trkpt lat="37.139869" lon="31.849079"><ele>1154.3</ele></trkpt>
    <trkpt lat="37.140242" lon="31.849078"><ele>1158.4</ele></trkpt>
    <trkpt lat="37.140604" lon="31.849130"><ele>1162.4</ele></trkpt>
    <trkpt lat="37.140949" lon="31.849258"><ele>1166.4</ele></trkpt>
    <trkpt lat="37.141276" lon="31.849471"><ele>1170.2</ele></trkpt>
    <trkpt lat="37.141585" lon="31.849763"><ele>1173.9</ele></trkpt>
    <trkpt lat="37.141882" lon="31.850109"><ele>1177.5</ele></trkpt>
    <trkpt lat="37.142175" lon="31.850471"><ele>1181.0</ele></trkpt>
    <trkpt lat="37.142475" lon="31.850804"><ele>1184.2</ele></trkpt>
    <trkpt lat="37.142791" lon="31.851064"><ele>1187.4</ele></trkpt>
    <trkpt lat="37.143130" lon="31.851217"><ele>1190.3</ele></trkpt>
    <trkpt lat="37.143497" lon="31.851245"><ele>1193.1</ele></trkpt>
    <trkpt lat="37.143890" lon="31.851156"><ele>1195.7</ele></trkpt>
    <trkpt lat="37.144303" lon="31.850978"><ele>1198.3</ele></trkpt>
    <trkpt lat="37.144725" lon="31.850761"><ele>1200.7</ele></trkpt>
    <trkpt lat="37.145142" lon="31.850563"><ele>1203.1</ele></trkpt>
    <trkpt lat="37.145541" lon="31.850445"><ele>1205.4</ele></trkpt>
    <trkpt lat="37.145912" lon="31.850458"><ele>1207.8</ele></trkpt>
    <trkpt lat="37.146247" lon="31.850630"><ele>1210.1</ele></trkpt>
    <trkpt lat="37.146547" lon="31.850962"><ele>1212.6</ele></trkpt>
    <trkpt lat="37.146818" lon="31.851426"><ele>1215.2</ele></trkpt>
    <trkpt lat="37.147072" lon="31.851968"><ele>1217.9</ele></trkpt>
    <trkpt lat="37.147324" lon="31.852514"><ele>1220.9</ele></trkpt>
    <trkpt lat="37.147593" lon="31.852989"><ele>1224.0</ele></trkpt>
    <trkpt lat="37.147892" lon="31.853324"><ele>1227.4</ele></trkpt>
    <trkpt lat="37.148233" lon="31.853472"><ele>1231.0</ele></trkpt>
    <trkpt lat="37.148617" lon="31.853420"><ele>1234.9</ele></trkpt>
    <trkpt lat="37.149042" lon="31.853189"><ele>1239.1</ele></trkpt>
    <trkpt lat="37.149494" lon="31.852833"><ele>1243.6</ele></trkpt>
    <trkpt lat="37.149956" lon="31.852432"><ele>1248.3</ele></trkpt>
    <trkpt lat="37.150408" lon="31.852078"><ele>1253.2</ele></trkpt>
    <trkpt lat="37.150830" lon="31.851857"><ele>1258.4</ele></trkpt>
    <trkpt lat="37.151208" lon="31.851837"><ele>1263.7</ele></trkpt>
    <trkpt lat="37.151534" lon="31.852051"><ele>1269.2</ele></trkpt>
    <trkpt lat="37.151810" lon="31.852491"><ele>1274.7</ele></trkpt>
    <trkpt lat="37.152047" lon="31.853109"><ele>1280.3</ele></trkpt>
    <trkpt lat="37.152263" lon="31.853822"><ele>1285.8</ele></trkpt>
    <trkpt lat="37.152480" lon="31.854529"><ele>1291.3</ele></trkpt>
    <trkpt lat="37.152721" lon="31.855125"><ele>1296.7</ele></trkpt>
    <trkpt lat="37.153007" lon="31.855522"><ele>1301.9</ele></trkpt>
    <trkpt lat="37.153349" lon="31.855665"><ele>1306.8</ele></trkpt>
    <trkpt lat="37.153750" lon="31.855541"><ele>1311.5</ele></trkpt>
    <trkpt lat="37.154201" lon="31.855187"><ele>1315.9</ele></trkpt>
    <trkpt lat="37.154687" lon="31.854679"><ele>1319.9</ele></trkpt>
    <trkpt lat="37.155183" lon="31.854123"><ele>1323.6</ele></trkpt>
    <trkpt lat="37.155663" lon="31.853640"><ele>1326.9</ele></trkpt>
    <trkpt lat="37.156104" lon="31.853336"><ele>1329.9</ele></trkpt>
    <trkpt lat="37.156487" lon="31.853292"><ele>1332.5</ele></trkpt>
    <trkpt lat="37.156805" lon="31.853543"><ele>1334.7</ele></trkpt>
    <trkpt lat="37.157061" lon="31.854073"><ele>1336.6</ele></trkpt>
    <trkpt lat="37.157270" lon="31.854816"><ele>1338.3</ele></trkpt>
    <trkpt lat="37.157455" lon="31.855668"><ele>1339.6</ele></trkpt>
    <trkpt lat="37.157644" lon="31.856503"><ele>1340.8</ele></trkpt>
    <trkpt lat="37.157865" lon="31.857194"><ele>1341.9</ele></trkpt>
    <trkpt lat="37.158140" lon="31.857637"><ele>1342.9</ele></trkpt>
    <trkpt lat="37.158484" lon="31.857773"><ele>1344.0</ele></trkpt>
    <trkpt lat="37.158897" lon="31.857591"><ele>1345.0</ele></trkpt>
    <trkpt lat="37.159371" lon="31.857140"><ele>1346.2</ele></trkpt>
    <trkpt lat="37.159882" lon="31.856514"><ele>1347.6</ele></trkpt>
    <trkpt lat="37.160404" lon="31.855843"><ele>1349.3</ele></trkpt>
    <trkpt lat="37.160905" lon="31.855264"><ele>1351.3</ele></trkpt>
    <trkpt lat="37.161359" lon="31.854900"><ele>1353.6</ele></trkpt>
    <trkpt lat="37.161745" lon="31.854841"><ele>1356.3</ele></trkpt>
    <trkpt lat="37.162056" lon="31.855122"><ele>1359.5</ele></trkpt>
    <trkpt lat="37.162298" lon="31.855720"><ele>1363.1</ele></trkpt>
    <trkpt lat="37.162487" lon="31.856555"><ele>1367.1</ele></trkpt>
    <trkpt lat="37.162650" lon="31.857505"><ele>1371.5</ele></trkpt>
    <trkpt lat="37.162820" lon="31.858427"><ele>1376.4</ele></trkpt>
    <trkpt lat="37.163027" lon="31.859180"><ele>1381.7</ele></trkpt>
    <trkpt lat="37.163296" lon="31.859652"><ele>1387.3</ele></trkpt>
    <trkpt lat="37.163641" lon="31.859779"><ele>1393.3</ele></trkpt>
    <trkpt lat="37.164064" lon="31.859556"><ele>1399.4</ele></trkpt>
    <trkpt lat="37.164551" lon="31.859040"><ele>1405.8</ele></trkpt>
    <trkpt lat="37.165080" lon="31.858339"><ele>1412.3</ele></trkpt>
    <trkpt lat="37.165617" lon="31.857595"><ele>1418.8</ele></trkpt>
    <trkpt lat="37.166131" lon="31.856959"><ele>1425.3</ele></trkpt>
    <trkpt lat="37.166592" lon="31.856564"><ele>1431.6</ele></trkpt>
    <trkpt lat="37.166979" lon="31.856500"><ele>1437.8</ele></trkpt>
    <trkpt lat="37.167286" lon="31.856803"><ele>1443.8</ele></trkpt>
    <trkpt lat="37.167518" lon="31.857441"><ele>1449.4</ele></trkpt>
    <trkpt lat="37.167696" lon="31.858328"><ele>1454.7</ele></trkpt>
    <trkpt lat="37.167848" lon="31.859330"><ele>1459.5</ele></trkpt>
    <trkpt lat="37.168008" lon="31.860295"><ele>1464.0</ele></trkpt>
    <trkpt lat="37.168209" lon="31.861075"><ele>1467.9</ele></trkpt>
    <trkpt lat="37.168476" lon="31.861556"><ele>1471.4</ele></trkpt>
    <trkpt lat="37.168824" lon="31.861673"><ele>1474.4</ele></trkpt>
    <trkpt lat="37.169251" lon="31.861428"><ele>1477.0</ele></trkpt>
    <trkpt lat="37.169745" lon="31.860882"><ele>1479.1</ele></trkpt>
    <trkpt lat="37.170280" lon="31.860151"><ele>1480.8</ele></trkpt>
    <trkpt lat="37.170823" lon="31.859384"><ele>1482.1</ele></trkpt>
    <trkpt lat="37.171340" lon="31.858734"><ele>1483.2</ele></trkpt>
    <trkpt lat="37.171801" lon="31.858335"><ele>1484.1</ele></trkpt>
    <trkpt lat="37.172187" lon="31.858277"><ele>1484.7</ele></trkpt>
    <trkpt lat="37.172491" lon="31.858591"><ele>1485.3</ele></trkpt>
    <trkpt lat="37.172721" lon="31.859242"><ele>1485.9</ele></trkpt>
    <trkpt lat="37.172897" lon="31.860137"><ele>1486.6</ele></trkpt>
    <trkpt lat="37.173048" lon="31.861142"><ele>1487.3</ele></trkpt>
    <trkpt lat="37.173209" lon="31.862102"><ele>1488.3</ele></trkpt>
    <trkpt lat="37.173413" lon="31.862873"><ele>1489.6</ele></trkpt>
    <trkpt lat="37.173682" lon="31.863342"><ele>1491.2</ele></trkpt>
    <trkpt lat="37.174032" lon="31.863451"><ele>1493.2</ele></trkpt>
    <trkpt lat="37.174460" lon="31.863203"><ele>1495.6</ele></trkpt>
    <trkpt lat="37.174952" lon="31.862665"><ele>1498.4</ele></trkpt>
    <trkpt lat="37.175483" lon="31.861952"><ele>1501.8</ele></trkpt>
    <trkpt lat="37.176020" lon="31.861210"><ele>1505.5</ele></trkpt>
    <trkpt lat="37.176530" lon="31.860589"><ele>1509.8</ele></trkpt>
    <trkpt lat="37.176986" lon="31.860216"><ele>1514.4</ele></trkpt>
    <trkpt lat="37.177369" lon="31.860174"><ele>1519.5</ele></trkpt>
    <trkpt lat="37.177673" lon="31.860488"><ele>1525.0</ele></trkpt>
    <trkpt lat="37.177906" lon="31.861121"><ele>1530.7</ele></trkpt>
    <trkpt lat="37.178090" lon="31.861982"><ele>1536.7</ele></trkpt>
    <trkpt lat="37.178251" lon="31.862940"><ele>1542.9</ele></trkpt>
    <trkpt lat="37.178424" lon="31.863849"><ele>1549.3</ele></trkpt>
    <trkpt lat="37.178637" lon="31.864574"><ele>1555.6</ele></trkpt>
    <trkpt lat="37.178914" lon="31.865012"><ele>1562.0</ele></trkpt>
    <trkpt lat="37.179265" lon="31.865113"><ele>1568.3</ele></trkpt>
    <trkpt lat="37.179689" lon="31.864884"><ele>1574.4</ele></trkpt>
    <trkpt lat="37.180171" lon="31.864390"><ele>1580.3</ele></trkpt>
    <trkpt lat="37.180688" lon="31.863742"><ele>1585.9</ele></trkpt>
    <trkpt lat="37.181209" lon="31.863074"><ele>1591.2</ele></trkpt>
    <trkpt lat="37.181704" lon="31.862523"><ele>1596.1</ele></trkpt>
    <trkpt lat="37.182148" lon="31.862203"><ele>1600.7</ele></trkpt>
    <trkpt lat="37.182525" lon="31.862185"><ele>1604.8</ele></trkpt>
    <trkpt lat="37.182831" lon="31.862489"><ele>1608.5</ele></trkpt>
    <trkpt lat="37.183075" lon="31.863076"><ele>1611.8</ele></trkpt>
    <trkpt lat="37.183275" lon="31.863861"><ele>1614.8</ele></trkpt>
    <trkpt lat="37.183458" lon="31.864726"><ele>1617.3</ele></trkpt>
    <trkpt lat="37.183651" lon="31.865540"><ele>1619.5</ele></trkpt>
    <trkpt lat="37.183882" lon="31.866185"><ele>1621.4</ele></trkpt>
    <trkpt lat="37.184170" lon="31.866574"><ele>1623.1</ele></trkpt>
    <trkpt lat="37.184522" lon="31.866668"><ele>1624.6</ele></trkpt>
    <trkpt lat="37.184938" lon="31.866478"><ele>1625.9</ele></trkpt>
    <trkpt lat="37.185403" lon="31.866063"><ele>1627.2</ele></trkpt>
    <trkpt lat="37.185895" lon="31.865522"><ele>1628.5</ele></trkpt>
    <trkpt lat="37.186390" lon="31.864972"><ele>1629.8</ele></trkpt>
    <trkpt lat="37.186861" lon="31.864529"><ele>1631.2</ele></trkpt>
    <trkpt lat="37.187288" lon="31.864286"><ele>1632.8</ele></trkpt>
    <trkpt lat="37.187659" lon="31.864300"><ele>1634.5</ele></trkpt>
    <trkpt lat="37.187970" lon="31.864583"><ele>1636.6</ele></trkpt>
    <trkpt lat="37.188229" lon="31.865098"><ele>1638.9</ele></trkpt>
    <trkpt lat="37.188454" lon="31.865769"><ele>1641.5</ele></trkpt>
    <trkpt lat="37.188667" lon="31.866499"><ele>1644.4</ele></trkpt>
    <trkpt lat="37.188890" lon="31.867179"><ele>1647.7</ele></trkpt>
    <trkpt lat="37.189145" lon="31.867715"><ele>1651.2</ele></trkpt>
    <trkpt lat="37.189446" lon="31.868042"><ele>1655.1</ele></trkpt>
    <trkpt lat="37.189800" lon="31.868131"><ele>1659.3</ele></trkpt>
    <trkpt lat="37.190203" lon="31.867996"><ele>1663.8</ele></trkpt>
    <trkpt lat="37.190644" lon="31.867691"><ele>1668.5</ele></trkpt>
    <trkpt lat="37.191104" lon="31.867294"><ele>1673.4</ele></trkpt>
    <trkpt lat="37.191565" lon="31.866900"><ele>1678.4</ele></trkpt>
    <trkpt lat="37.192006" lon="31.866595"><ele>1683.6</ele></trkpt>
    <trkpt lat="37.192411" lon="31.866450"><ele>1688.8</ele></trkpt>
    <trkpt lat="37.192773" lon="31.866502"><ele>1694.0</ele></trkpt>
    <trkpt lat="37.193091" lon="31.866754"><ele>1699.2</ele></trkpt>
    <trkpt lat="37.193371" lon="31.867174"><ele>1704.4</ele></trkpt>
    <trkpt lat="37.193628" lon="31.867702"><ele>1709.4</ele></trkpt>
    <trkpt lat="37.193878" lon="31.868262"><ele>1714.3</ele></trkpt>
    <trkpt lat="37.194137" lon="31.868777"><ele>1719.0</ele></trkpt>
    <trkpt lat="37.194421" lon="31.869182"><ele>1723.5</ele></trkpt>
    <trkpt lat="37.194739" lon="31.869434"><ele>1727.8</ele></trkpt>
    <trkpt lat="37.195094" lon="31.869520"><ele>1731.9</ele></trkpt>
    <trkpt lat="37.195481" lon="31.869456"><ele>1735.7</ele></trkpt>
    <trkpt lat="37.195892" lon="31.869284"><ele>1739.4</ele></trkpt>
    <trkpt lat="37.196315" lon="31.869061"><ele>1742.8</ele></trkpt>
    <trkpt lat="37.196735" lon="31.868851"><ele>1746.1</ele></trkpt>
    <trkpt lat="37.197139" lon="31.868708"><ele>1749.2</ele></trkpt>
    <trkpt lat="37.197520" lon="31.868675"><ele>1752.1</ele></trkpt>
    <trkpt lat="37.197873" lon="31.868768"><ele>1754.9</ele></trkpt>
    <trkpt lat="37.198199" lon="31.868982"><ele>1757.7</ele></trkpt>
    <trkpt lat="37.198504" lon="31.869290"><ele>1760.4</ele></trkpt>
    <trkpt lat="37.198798" lon="31.869650"><ele>1763.1</ele></trkpt>
    <trkpt lat="37.199091" lon="31.870017"><ele>1765.8</ele></trkpt>
    <trkpt lat="37.199392" lon="31.870345"><ele>1768.6</ele></trkpt>
    <trkpt lat="37.199708" lon="31.870603"><ele>1771.4</ele></trkpt>
    <trkpt lat="37.200044" lon="31.870774"><ele>1774.3</ele></trkpt>
    <trkpt lat="37.200398" lon="31.870859"><ele>1777.3</ele></trkpt>
    <trkpt lat="37.200768" lon="31.870877"><ele>1780.5</ele></trkpt>
    <trkpt lat="37.201146" lon="31.870855"><ele>1783.7</ele></trkpt>
    <trkpt lat="37.201526" lon="31.870825"><ele>1787.1</ele></trkpt>
    <trkpt lat="37.201901" lon="31.870817"><ele>1790.6</ele></trkpt>
    <trkpt lat="37.202267" lon="31.870851"><ele>1794.2</ele></trkpt>
    <trkpt lat="37.202621" lon="31.870938"><ele>1797.9</ele></trkpt>
    <trkpt lat="37.202964" lon="31.871073"><ele>1801.7</ele></trkpt>
    <trkpt lat="37.203300" lon="31.871243"><ele>1805.6</ele></trkpt>
    <trkpt lat="37.203633" lon="31.871428"><ele>1809.5</ele></trkpt>
    <trkpt lat="37.203966" lon="31.871608"><ele>1813.4</ele></trkpt>
    <trkpt lat="37.204305" lon="31.871767"><ele>1817.3</ele></trkpt>
    <trkpt lat="37.204649" lon="31.871897"><ele>1821.2</ele></trkpt>
    <trkpt lat="37.205000" lon="31.872000"><ele>1825.0</ele></trkpt>
    <trkpt lat="37.205349" lon="31.871884"><ele>1823.5</ele></trkpt>
    <trkpt lat="37.205697" lon="31.871768"><ele>1822.0</ele></trkpt>
    <trkpt lat="37.206043" lon="31.871641"><ele>1820.6</ele></trkpt>
    <trkpt lat="37.206383" lon="31.871493"><ele>1819.3</ele></trkpt>
    <trkpt lat="37.206718" lon="31.871323"><ele>1818.0</ele></trkpt>
    <trkpt lat="37.207048" lon="31.871134"><ele>1816.8</ele></trkpt>
    <trkpt lat="37.207376" lon="31.870935"><ele>1815.7</ele></trkpt>
    <trkpt lat="37.207704" lon="31.870741"><ele>1814.6</ele></trkpt>
    <trkpt lat="37.208038" lon="31.870569"><ele>1813.5</ele></trkpt>
    <trkpt lat="37.208381" lon="31.870430"><ele>1812.5</ele></trkpt>
    <trkpt lat="37.208735" lon="31.870333"><ele>1811.4</ele></trkpt>
    <trkpt lat="37.209098" lon="31.870277"><ele>1810.4</ele></trkpt>
    <trkpt lat="37.209470" lon="31.870251"><ele>1809.3</ele></trkpt>
    <trkpt lat="37.209844" lon="31.870236"><ele>1808.3</ele></trkpt>
    <trkpt lat="37.210215" lon="31.870209"><ele>1807.1</ele></trkpt>
    <trkpt lat="37.210577" lon="31.870145"><ele>1805.9</ele></trkpt>
    <trkpt lat="37.210924" lon="31.870026"><ele>1804.6</ele></trkpt>
    <trkpt lat="37.211255" lon="31.869840"><ele>1803.2</ele></trkpt>
    <trkpt lat="37.211570" lon="31.869590"><ele>1801.7</ele></trkpt>
    <trkpt lat="37.211872" lon="31.869290"><ele>1800.1</ele></trkpt>
    <trkpt lat="37.212168" lon="31.868967"><ele>1798.3</ele></trkpt>
    <trkpt lat="37.212466" lon="31.868653"><ele>1796.5</ele></trkpt>
    <trkpt lat="37.212776" lon="31.868384"><ele>1794.6</ele></trkpt>
    <trkpt lat="37.213104" lon="31.868188"><ele>1792.5</ele></trkpt>
    <trkpt lat="37.213455" lon="31.868082"><ele>1790.4</ele></trkpt>
    <trkpt lat="37.213829" lon="31.868067"><ele>1788.2</ele></trkpt>
    <trkpt lat="37.214223" lon="31.868129"><ele>1786.0</ele></trkpt>
    <trkpt lat="37.214628" lon="31.868236"><ele>1783.8</ele></trkpt>
    <trkpt lat="37.215034" lon="31.868346"><ele>1781.5</ele></trkpt>
    <trkpt lat="37.215429" lon="31.868414"><ele>1779.3</ele></trkpt>
    <trkpt lat="37.215803" lon="31.868399"><ele>1777.2</ele></trkpt>
    <trkpt lat="37.216149" lon="31.868274"><ele>1775.1</ele></trkpt>
    <trkpt lat="37.216465" lon="31.868030"><ele>1773.2</ele></trkpt>
    <trkpt lat="37.216754" lon="31.867678"><ele>1771.3</ele></trkpt>
    <trkpt lat="37.217024" lon="31.867251"><ele>1769.6</ele></trkpt>
    <trkpt lat="37.217287" lon="31.866799"><ele>1768.1</ele></trkpt>
    <trkpt lat="37.217558" lon="31.866376"><ele>1766.8</ele></trkpt>
    <trkpt lat="37.217849" lon="31.866036"><ele>1765.6</ele></trkpt>
    <trkpt lat="37.218172" lon="31.865819"><ele>1764.7</ele></trkpt>
    <trkpt lat="37.218532" lon="31.865746"><ele>1763.9</ele></trkpt>
    <trkpt lat="37.218927" lon="31.865813"><ele>1763.3</ele></trkpt>
    <trkpt lat="37.219349" lon="31.865989"><ele>1762.8</ele></trkpt>
    <trkpt lat="37.219787" lon="31.866224"><ele>1762.5</ele></trkpt>
    <trkpt lat="37.220223" lon="31.866452"><ele>1762.4</ele></trkpt>
    <trkpt lat="37.220640" lon="31.866609"><ele>1762.3</ele></trkpt>
    <trkpt lat="37.221026" lon="31.866639"><ele>1762.3</ele></trkpt>
    <trkpt lat="37.221370" lon="31.866506"><ele>1762.3</ele></trkpt>
    <trkpt lat="37.221671" lon="31.866203"><ele>1762.3</ele></trkpt>
    <trkpt lat="37.221935" lon="31.865754"><ele>1762.2</ele></trkpt>
    <trkpt lat="37.222175" lon="31.865207"><ele>1762.1</ele></trkpt>
    <trkpt lat="37.222407" lon="31.864633"><ele>1761.8</ele></trkpt>
    <trkpt lat="37.222652" lon="31.864109"><ele>1761.4</ele></trkpt>
    <trkpt lat="37.222927" lon="31.863704"><ele>1760.8</ele></trkpt>
    <trkpt lat="37.223246" lon="31.863470"><ele>1759.9</ele></trkpt>
    <trkpt lat="37.223614" lon="31.863431"><ele>1758.9</ele></trkpt>
    <trkpt lat="37.224028" lon="31.863575"><ele>1757.6</ele></trkpt>
    <trkpt lat="37.224478" lon="31.863859"><ele>1756.0</ele></trkpt>
    <trkpt lat="37.224946" lon="31.864213"><ele>1754.2</ele></trkpt>
    <trkpt lat="37.225409" lon="31.864550"><ele>1752.1</ele></trkpt>
    <trkpt lat="37.225848" lon="31.864788"><ele>1749.7</ele></trkpt>
    <trkpt lat="37.226243" lon="31.864856"><ele>1747.1</ele></trkpt>
    <trkpt lat="37.226585" lon="31.864714"><ele>1744.3</ele></trkpt>
    <trkpt lat="37.226872" lon="31.864356"><ele>1741.3</ele></trkpt>
    <trkpt lat="37.227113" lon="31.863815"><ele>1738.2</ele></trkpt>
    <trkpt lat="37.227324" lon="31.863158"><ele>1735.0</ele></trkpt>
    <trkpt lat="37.227528" lon="31.862473"><ele>1731.7</ele></trkpt>
    <trkpt lat="37.227750" lon="31.861856"><ele>1728.4</ele></trkpt>
    <trkpt lat="37.228011" lon="31.861394"><ele>1725.2</ele></trkpt>
    <trkpt lat="37.228326" lon="31.861148"><ele>1722.0</ele></trkpt>
    <trkpt lat="37.228702" lon="31.861141"><ele>1719.0</ele></trkpt>
    <trkpt lat="37.229135" lon="31.861358"><ele>1716.2</ele></trkpt>
    <trkpt lat="37.229610" lon="31.861740"><ele>1713.6</ele></trkpt>
    <trkpt lat="37.230105" lon="31.862201"><ele>1711.3</ele></trkpt>
    <trkpt lat="37.230593" lon="31.862636"><ele>1709.2</ele></trkpt>
    <trkpt lat="37.231049" lon="31.862944"><ele>1707.5</ele></trkpt>
    <trkpt lat="37.231453" lon="31.863045"><ele>1706.1</ele></trkpt>
    <trkpt lat="37.231792" lon="31.862892"><ele>1705.0</ele></trkpt>
    <trkpt lat="37.232066" lon="31.862482"><ele>1704.3</ele></trkpt>
    <trkpt lat="37.232286" lon="31.861859"><ele>1703.8</ele></trkpt>
    <trkpt lat="37.232472" lon="31.861103"><ele>1703.7</ele></trkpt>
    <trkpt lat="37.232652" lon="31.860320"><ele>1703.9</ele></trkpt>
    <trkpt lat="37.232853" lon="31.859624"><ele>1704.4</ele></trkpt>
    <trkpt lat="37.233102" lon="31.859114"><ele>1705.0</ele></trkpt>
    <trkpt lat="37.233415" lon="31.858858"><ele>1705.8</ele></trkpt>
    <trkpt lat="37.233799" lon="31.858883"><ele>1706.7</ele></trkpt>
    <trkpt lat="37.234248" lon="31.859164"><ele>1707.6</ele></trkpt>
    <trkpt lat="37.234745" lon="31.859633"><ele>1708.5</ele></trkpt>
    <trkpt lat="37.235263" lon="31.860187"><ele>1709.4</ele></trkpt>
    <trkpt lat="37.235773" lon="31.860705"><ele>1710.1</ele></trkpt>
    <trkpt lat="37.236244" lon="31.861073"><ele>1710.6</ele></trkpt>
    <trkpt lat="37.236654" lon="31.861199"><ele>1710.9</ele></trkpt>
    <trkpt lat="37.236990" lon="31.861035"><ele>1711.0</ele></trkpt>
    <trkpt lat="37.237252" lon="31.860579"><ele>1710.7</ele></trkpt>
    <trkpt lat="37.237454" lon="31.859884"><ele>1710.0</ele></trkpt>
    <trkpt lat="37.237619" lon="31.859043"><ele>1709.0</ele></trkpt>
    <trkpt lat="37.237778" lon="31.858178"><ele>1707.5</ele></trkpt>
    <trkpt lat="37.237962" lon="31.857416"><ele>1705.7</ele></trkpt>
    <trkpt lat="37.238201" lon="31.856868"><ele>1703.5</ele></trkpt>
    <trkpt lat="37.238513" lon="31.856607"><ele>1700.9</ele></trkpt>
    <trkpt lat="37.238904" lon="31.856660"><ele>1697.9</ele></trkpt>
    <trkpt lat="37.239368" lon="31.856997"><ele>1694.7</ele></trkpt>
    <trkpt lat="37.239883" lon="31.857539"><ele>1691.1</ele></trkpt>
    <trkpt lat="37.240421" lon="31.858169"><ele>1687.4</ele></trkpt>
    <trkpt lat="37.240947" lon="31.858755"><ele>1683.5</ele></trkpt>
    <trkpt lat="37.241430" lon="31.859169"><ele>1679.4</ele></trkpt>
    <trkpt lat="37.241845" lon="31.859314"><ele>1675.4</ele></trkpt>
    <trkpt lat="37.242178" lon="31.859137"><ele>1671.4</ele></trkpt>
    <trkpt lat="37.242430" lon="31.858642"><ele>1667.4</ele></trkpt>
    <trkpt lat="37.242617" lon="31.857887"><ele>1663.7</ele></trkpt>
    <trkpt lat="37.242765" lon="31.856979"><ele>1660.1</ele></trkpt>
    <trkpt lat="37.242907" lon="31.856049"><ele>1656.9</ele></trkpt>
    <trkpt lat="37.243079" lon="31.855237"><ele>1653.9</ele></trkpt>
    <trkpt lat="37.243311" lon="31.854661"><ele>1651.4</ele></trkpt>
    <trkpt lat="37.243622" lon="31.854399"><ele>1649.2</ele></trkpt>
    <trkpt lat="37.244020" lon="31.854477"><ele>1647.5</ele></trkpt>
    <trkpt lat="37.244495" lon="31.854859"><ele>1646.2</ele></trkpt>
    <trkpt lat="37.245025" lon="31.855458"><ele>1645.4</ele></trkpt>
    <trkpt lat="37.245577" lon="31.856147"><ele>1645.0</ele></trkpt>
    <trkpt lat="37.246116" lon="31.856782"><ele>1645.0</ele></trkpt>
    <trkpt lat="37.246607" lon="31.857230"><ele>1645.4</ele></trkpt>
    <trkpt lat="37.247025" lon="31.857385"><ele>1646.1</ele></trkpt>
    <trkpt lat="37.247355" lon="31.857196"><ele>1647.1</ele></trkpt>
    <trkpt lat="37.247599" lon="31.856669"><ele>1648.3</ele></trkpt>
    <trkpt lat="37.247774" lon="31.855869"><ele>1649.7</ele></trkpt>
    <trkpt lat="37.247909" lon="31.854911"><ele>1651.2</ele></trkpt>
    <trkpt lat="37.248040" lon="31.853936"><ele>1652.7</ele></trkpt>
    <trkpt lat="37.248204" lon="31.853090"><ele>1654.1</ele></trkpt>
    <trkpt lat="37.248431" lon="31.852497"><ele>1655.5</ele></trkpt>
    <trkpt lat="37.248743" lon="31.852237"><ele>1656.6</ele></trkpt>
    <trkpt lat="37.249146" lon="31.852335"><ele>1657.5</ele></trkpt>
    <trkpt lat="37.249629" lon="31.852751"><ele>1658.1</ele></trkpt>
    <trkpt lat="37.250169" lon="31.853389"><ele>1658.3</ele></trkpt>
    <trkpt lat="37.250732" lon="31.854117"><ele>1658.1</ele></trkpt>
    <trkpt lat="37.251279" lon="31.854784"><ele>1657.5</ele></trkpt>
    <trkpt lat="37.251774" lon="31.855250"><ele>1656.4</ele></trkpt>
    <trkpt lat="37.252193" lon="31.855409"><ele>1654.8</ele></trkpt>
    <trkpt lat="37.252520" lon="31.855209"><ele>1652.8</ele></trkpt>
    <trkpt lat="37.252758" lon="31.854659"><ele>1650.3</ele></trkpt>
    <trkpt lat="37.252926" lon="31.853829"><ele>1647.4</ele></trkpt>
    <trkpt lat="37.253053" lon="31.852840"><ele>1644.2</ele></trkpt>
    <trkpt lat="37.253178" lon="31.851839"><ele>1640.5</ele></trkpt>
    <trkpt lat="37.253337" lon="31.850976"><ele>1636.6</ele></trkpt>
    <trkpt lat="37.253563" lon="31.850378"><ele>1632.5</ele></trkpt>
    <trkpt lat="37.253877" lon="31.850124"><ele>1628.2</ele></trkpt>
    <trkpt lat="37.254283" lon="31.850237"><ele>1623.8</ele></trkpt>
    <trkpt lat="37.254772" lon="31.850673"><ele>1619.4</ele></trkpt>
    <trkpt lat="37.255317" lon="31.851334"><ele>1615.1</ele></trkpt>
    <trkpt lat="37.255884" lon="31.852080"><ele>1610.9</ele></trkpt>
    <trkpt lat="37.256434" lon="31.852759"><ele>1606.9</ele></trkpt>
    <trkpt lat="37.256931" lon="31.853229"><ele>1603.2</ele></trkpt>
    <trkpt lat="37.257348" lon="31.853384"><ele>1599.8</ele></trkpt>
    <trkpt lat="37.257673" lon="31.853173"><ele>1596.8</ele></trkpt>
    <trkpt lat="37.257908" lon="31.852610"><ele>1594.3</ele></trkpt>
    <trkpt lat="37.258072" lon="31.851767"><ele>1592.2</ele></trkpt>
    <trkpt lat="37.258197" lon="31.850768"><ele>1590.5</ele></trkpt>
    <trkpt lat="37.258320" lon="31.849762"><ele>1589.3</ele></trkpt>
    <trkpt lat="37.258479" lon="31.848899"><ele>1588.6</ele></trkpt>
    <trkpt lat="37.258707" lon="31.848306"><ele>1588.4</ele></trkpt>
    <trkpt lat="37.259023" lon="31.848062"><ele>1588.6</ele></trkpt>
    <trkpt lat="37.259432" lon="31.848184"><ele>1589.1</ele></trkpt>
    <trkpt lat="37.259922" lon="31.848627"><ele>1590.0</ele></trkpt>
    <trkpt lat="37.260468" lon="31.849289"><ele>1591.2</ele></trkpt>
    <trkpt lat="37.261034" lon="31.850033"><ele>1592.6</ele></trkpt>
    <trkpt lat="37.261582" lon="31.850705"><ele>1594.1</ele></trkpt>
    <trkpt lat="37.262077" lon="31.851164"><ele>1595.7</ele></trkpt>
    <trkpt lat="37.262491" lon="31.851309"><ele>1597.3</ele></trkpt>
    <trkpt lat="37.262814" lon="31.851090"><ele>1598.8</ele></trkpt>
    <trkpt lat="37.263048" lon="31.850523"><ele>1600.2</ele></trkpt>
    <trkpt lat="37.263213" lon="31.849684"><ele>1601.3</ele></trkpt>
    <trkpt lat="37.263340" lon="31.848695"><ele>1602.2</ele></trkpt>
    <trkpt lat="37.263467" lon="31.847704"><ele>1602.7</ele></trkpt>
    <trkpt lat="37.263631" lon="31.846859"><ele>1602.9</ele></trkpt>
    <trkpt lat="37.263863" lon="31.846282"><ele>1602.6</ele></trkpt>
    <trkpt lat="37.264182" lon="31.846049"><ele>1601.9</ele></trkpt>
    <trkpt lat="37.264591" lon="31.846174"><ele>1600.7</ele></trkpt>
    <trkpt lat="37.265080" lon="31.846610"><ele>1599.0</ele></trkpt>
    <trkpt lat="37.265621" lon="31.847256"><ele>1596.9</ele></trkpt>
    <trkpt lat="37.266182" lon="31.847976"><ele>1594.4</ele></trkpt>
    <trkpt lat="37.266723" lon="31.848622"><ele>1591.4</ele></trkpt>
    <trkpt lat="37.267211" lon="31.849057"><ele>1588.1</ele></trkpt>
    <trkpt lat="37.267621" lon="31.849184"><ele>1584.5</ele></trkpt>
    <trkpt lat="37.267942" lon="31.848959"><ele>1580.6</ele></trkpt>
    <trkpt lat="37.268178" lon="31.848399"><ele>1576.5</ele></trkpt>
    <trkpt lat="37.268349" lon="31.847580"><ele>1572.3</ele></trkpt>
    <trkpt lat="37.268484" lon="31.846622"><ele>1568.1</ele></trkpt>
    <trkpt lat="37.268620" lon="31.845666"><ele>1563.9</ele></trkpt>
    <trkpt lat="37.268792" lon="31.844856"><ele>1559.7</ele></trkpt>
    <trkpt lat="37.269031" lon="31.844306"><ele>1555.8</ele></trkpt>
    <trkpt lat="37.269353" lon="31.844085"><ele>1552.0</ele></trkpt>
    <trkpt lat="37.269762" lon="31.844206"><ele>1548.5</ele></trkpt>
    <trkpt lat="37.270245" lon="31.844621"><ele>1545.4</ele></trkpt>
    <trkpt lat="37.270777" lon="31.845233"><ele>1542.6</ele></trkpt>
    <trkpt lat="37.271327" lon="31.845909"><ele>1540.2</ele></trkpt>
    <trkpt lat="37.271857" lon="31.846509"><ele>1538.2</ele></trkpt>
    <trkpt lat="37.272335" lon="31.846906"><ele>1536.7</ele></trkpt>
    <trkpt lat="37.272739" lon="31.847010"><ele>1535.6</ele></trkpt>
    <trkpt lat="37.273059" lon="31.846782"><ele>1534.9</ele></trkpt>
    <trkpt lat="37.273300" lon="31.846240"><ele>1534.7</ele></trkpt>
    <trkpt lat="37.273480" lon="31.845458"><ele>1534.8</ele></trkpt>
    <trkpt lat="37.273628" lon="31.844550"><ele>1535.2</ele></trkpt>
    <trkpt lat="37.273777" lon="31.843649"><ele>1535.9</ele></trkpt>
    <trkpt lat="37.273963" lon="31.842889"><ele>1536.8</ele></trkpt>
    <trkpt lat="37.274210" lon="31.842374"><ele>1537.9</ele></trkpt>
    <trkpt lat="37.274536" lon="31.842168"><ele>1539.1</ele></trkpt>
    <trkpt lat="37.274942" lon="31.842279"><ele>1540.3</ele></trkpt>
    <trkpt lat="37.275416" lon="31.842659"><ele>1541.5</ele></trkpt>
    <trkpt lat="37.275935" lon="31.843217"><ele>1542.6</ele></trkpt>
    <trkpt lat="37.276469" lon="31.843830"><ele>1543.5</ele></trkpt>
    <trkpt lat="37.276983" lon="31.844368"><ele>1544.2</ele></trkpt>
    <trkpt lat="37.277449" lon="31.844716"><ele>1544.7</ele></trkpt>
    <trkpt lat="37.277846" lon="31.844792"><ele>1544.8</ele></trkpt>
    <trkpt lat="37.278166" lon="31.844563"><ele>1544.6</ele></trkpt>
    <trkpt lat="37.278413" lon="31.844049"><ele>1544.1</ele></trkpt>
    <trkpt lat="37.278607" lon="31.843320"><ele>1543.2</ele></trkpt>
    <trkpt lat="37.278772" lon="31.842480"><ele>1541.8</ele></trkpt>
    <trkpt lat="37.278940" lon="31.841652"><ele>1540.1</ele></trkpt>
    <trkpt lat="37.279142" lon="31.840956"><ele>1538.1</ele></trkpt>
    <trkpt lat="37.279400" lon="31.840485"><ele>1535.6</ele></trkpt>
    <trkpt lat="37.279730" lon="31.840294"><ele>1532.9</ele></trkpt>
    <trkpt lat="37.280131" lon="31.840387"><ele>1529.9</ele></trkpt>
    <trkpt lat="37.280594" lon="31.840720"><ele>1526.7</ele></trkpt>
    <trkpt lat="37.281095" lon="31.841208"><ele>1523.2</ele></trkpt>
    <trkpt lat="37.281608" lon="31.841740"><ele>1519.7</ele></trkpt>
    <trkpt lat="37.282102" lon="31.842200"><ele>1516.1</ele></trkpt>
    <trkpt lat="37.282553" lon="31.842487"><ele>1512.4</ele></trkpt>
    <trkpt lat="37.282942" lon="31.842531"><ele>1508.9</ele></trkpt>
    <trkpt lat="37.283262" lon="31.842305"><ele>1505.4</ele></trkpt>
    <trkpt lat="37.283520" lon="31.841829"><ele>1502.0</ele></trkpt>
    <trkpt lat="37.283730" lon="31.841167"><ele>1498.9</ele></trkpt>
    <trkpt lat="37.283917" lon="31.840413"><ele>1496.0</ele></trkpt>
    <trkpt lat="37.284108" lon="31.839674"><ele>1493.3</ele></trkpt>
    <trkpt lat="37.284329" lon="31.839055"><ele>1491.0</ele></trkpt>
    <trkpt lat="37.284600" lon="31.838635"><ele>1488.9</ele></trkpt>
    <trkpt lat="37.284934" lon="31.838459"><ele>1487.2</ele></trkpt>
    <trkpt lat="37.285329" lon="31.838528"><ele>1485.8</ele></trkpt>
    <trkpt lat="37.285776" lon="31.838802"><ele>1484.7</ele></trkpt>
    <trkpt lat="37.286256" lon="31.839204"><ele>1484.0</ele></trkpt>
    <trkpt lat="37.286744" lon="31.839639"><ele>1483.5</ele></trkpt>
    <trkpt lat="37.287215" lon="31.840008"><ele>1483.2</ele></trkpt>
    <trkpt lat="37.287648" lon="31.840225"><ele>1483.2</ele></trkpt>
    <trkpt lat="37.288028" lon="31.840233"><ele>1483.4</ele></trkpt>
    <trkpt lat="37.288350" lon="31.840013"><ele>1483.6</ele></trkpt>
    <trkpt lat="37.288620" lon="31.839584"><ele>1484.0</ele></trkpt>
    <trkpt lat="37.288850" lon="31.839003"><ele>1484.4</ele></trkpt>
    <trkpt lat="37.289063" lon="31.838349"><ele>1484.8</ele></trkpt>
    <trkpt lat="37.289280" lon="31.837714"><ele>1485.1</ele></trkpt>
    <trkpt lat="37.289523" lon="31.837182"><ele>1485.4</ele></trkpt>
    <trkpt lat="37.289809" lon="31.836819"><ele>1485.5</ele></trkpt>
    <trkpt lat="37.290146" lon="31.836657"><ele>1485.5</ele></trkpt>
    <trkpt lat="37.290534" lon="31.836697"><ele>1485.2</ele></trkpt>
    <trkpt lat="37.290963" lon="31.836900"><ele>1484.8</ele></trkpt>
    <trkpt lat="37.291418" lon="31.837203"><ele>1484.0</ele></trkpt>
    <trkpt lat="37.291878" lon="31.837528"><ele>1483.1</ele></trkpt>
    <trkpt lat="37.292323" lon="31.837793"><ele>1481.9</ele></trkpt>
    <trkpt lat="37.292736" lon="31.837933"><ele>1480.4</ele></trkpt>
    <trkpt lat="37.293107" lon="31.837904"><ele>1478.7</ele></trkpt>
    <trkpt lat="37.293431" lon="31.837693"><ele>1476.8</ele></trkpt>
    <trkpt lat="37.293715" lon="31.837320"><ele>1474.7</ele></trkpt>
    <trkpt lat="37.293968" lon="31.836830"><ele>1472.4</ele></trkpt>
    <trkpt lat="37.294209" lon="31.836289"><ele>1470.0</ele></trkpt>
    <trkpt lat="37.294456" lon="31.835768"><ele>1467.5</ele></trkpt>
    <trkpt lat="37.294723" lon="31.835333"><ele>1464.8</ele></trkpt>
    <trkpt lat="37.295024" lon="31.835030"><ele>1462.2</ele></trkpt>
    <trkpt lat="37.295365" lon="31.834883"><ele>1459.5</ele></trkpt>
    <trkpt lat="37.295744" lon="31.834887"><ele>1456.9</ele></trkpt>
    <trkpt lat="37.296153" lon="31.835010"><ele>1454.3</ele></trkpt>
    <trkpt lat="37.296580" lon="31.835204"><ele>1451.8</ele></trkpt>
    <trkpt lat="37.297009" lon="31.835407"><ele>1449.4</ele></trkpt>
    <trkpt lat="37.297426" lon="31.835561"><ele>1447.1</ele></trkpt>
    <trkpt lat="37.297818" lon="31.835618"><ele>1445.0</ele></trkpt>
    <trkpt lat="37.298179" lon="31.835550"><ele>1443.1</ele></trkpt>
    <trkpt lat="37.298507" lon="31.835352"><ele>1441.3</ele></trkpt>
    <trkpt lat="37.298806" lon="31.835040"><ele>1439.7</ele></trkpt>
    <trkpt lat="37.299085" lon="31.834652"><ele>1438.3</ele></trkpt>
    <trkpt lat="37.299357" lon="31.834234"><ele>1437.0</ele></trkpt>
    <trkpt lat="37.299635" lon="31.833836"><ele>1435.9</ele></trkpt>
    <trkpt lat="37.299928" lon="31.833503"><ele>1434.9</ele></trkpt>
    <trkpt lat="37.300245" lon="31.833263"><ele>1434.1</ele></trkpt>
    <trkpt lat="37.300589" lon="31.833129"><ele>1433.3</ele></trkpt>
    <trkpt lat="37.300958" lon="31.833092"><ele>1432.6</ele></trkpt>
    <trkpt lat="37.301345" lon="31.833129"><ele>1431.9</ele></trkpt>
    <trkpt lat="37.301742" lon="31.833204"><ele>1431.3</ele></trkpt>
    <trkpt lat="37.302138" lon="31.833277"><ele>1430.6</ele></trkpt>
    <trkpt lat="37.302525" lon="31.833313"><ele>1429.9</ele></trkpt>
    <trkpt lat="37.302896" lon="31.833285"><ele>1429.2</ele></trkpt>
    <trkpt lat="37.303247" lon="31.833178"><ele>1428.4</ele></trkpt>
    <trkpt lat="37.303578" lon="31.832995"><ele>1427.6</ele></trkpt>
    <trkpt lat="37.303895" lon="31.832751"><ele>1426.6</ele></trkpt>
    <trkpt lat="37.304201" lon="31.832471"><ele>1425.6</ele></trkpt>
    <trkpt lat="37.304506" lon="31.832183"><ele>1424.5</ele></trkpt>
    <trkpt lat="37.304816" lon="31.831915"><ele>1423.2</ele></trkpt>
    <trkpt lat="37.305137" lon="31.831687"><ele>1421.9</ele></trkpt>
    <trkpt lat="37.305470" lon="31.831512"><ele>1420.5</ele></trkpt>
    <trkpt lat="37.305817" lon="31.831388"><ele>1419.0</ele></trkpt>
    <trkpt lat="37.306174" lon="31.831307"><ele>1417.4</ele></trkpt>
    <trkpt lat="37.306538" lon="31.831252"><ele>1415.8</ele></trkpt>
    <trkpt lat="37.306903" lon="31.831202"><ele>1414.2</ele></trkpt>
    <trkpt lat="37.307266" lon="31.831141"><ele>1412.5</ele></trkpt>
    <trkpt lat="37.307622" lon="31.831056"><ele>1410.8</ele></trkpt>
    <trkpt lat="37.307971" lon="31.830940"><ele>1409.2</ele></trkpt>
    <trkpt lat="37.308312" lon="31.830795"><ele>1407.5</ele></trkpt>
    <trkpt lat="37.308648" lon="31.830631"><ele>1405.9</ele></trkpt>
    <trkpt lat="37.308982" lon="31.830459"><ele>1404.3</ele></trkpt>
    <trkpt lat="37.309318" lon="31.830291"><ele>1402.8</ele></trkpt>
    <trkpt lat="37.309657" lon="31.830136"><ele>1401.4</ele></trkpt>
    <trkpt lat="37.310000" lon="31.830000"><ele>1400.0</ele></trkpt>
    <trkpt lat="37.310358" lon="31.830047"><ele>1399.0</ele></trkpt>
    <trkpt lat="37.310717" lon="31.830086"><ele>1398.0</ele></trkpt>
    <trkpt lat="37.311076" lon="31.830128"><ele>1397.0</ele></trkpt>
    <trkpt lat="37.311433" lon="31.830183"><ele>1395.9</ele></trkpt>
    <trkpt lat="37.311787" lon="31.830262"><ele>1394.7</ele></trkpt>
    <trkpt lat="37.312138" lon="31.830366"><ele>1393.6</ele></trkpt>
    <trkpt lat="37.312487" lon="31.830493"><ele>1392.4</ele></trkpt>
    <trkpt lat="37.312835" lon="31.830630"><ele>1391.3</ele></trkpt>
    <trkpt lat="37.313183" lon="31.830762"><ele>1390.2</ele></trkpt>
    <trkpt lat="37.313534" lon="31.830871"><ele>1389.1</ele></trkpt>
    <trkpt lat="37.313889" lon="31.830943"><ele>1388.1</ele></trkpt>
    <trkpt lat="37.314250" lon="31.830969"><ele>1387.2</ele></trkpt>
    <trkpt lat="37.314616" lon="31.830948"><ele>1386.3</ele></trkpt>
    <trkpt lat="37.314985" lon="31.830892"><ele>1385.6</ele></trkpt>
    <trkpt lat="37.315357" lon="31.830821"><ele>1384.9</ele></trkpt>
    <trkpt lat="37.315728" lon="31.830759"><ele>1384.3</ele></trkpt>
    <trkpt lat="37.316094" lon="31.830734"><ele>1383.8</ele></trkpt>
    <trkpt lat="37.316454" lon="31.830767"><ele>1383.4</ele></trkpt>
    <trkpt lat="37.316805" lon="31.830872"><ele>1383.0</ele></trkpt>
    <trkpt lat="37.317148" lon="31.831048"><ele>1382.7</ele></trkpt>
    <trkpt lat="37.317485" lon="31.831282"><ele>1382.5</ele></trkpt>
    <trkpt lat="37.317818" lon="31.831547"><ele>1382.3</ele></trkpt>
    <trkpt lat="37.318151" lon="31.831808"><ele>1382.1</ele></trkpt>
    <trkpt lat="37.318489" lon="31.832027"><ele>1381.8</ele></trkpt>
    <trkpt lat="37.318836" lon="31.832173"><ele>1381.5</ele></trkpt>
    <trkpt lat="37.319193" lon="31.832224"><ele>1381.2</ele></trkpt>
    <trkpt lat="37.319562" lon="31.832175"><ele>1380.8</ele></trkpt>
    <trkpt lat="37.319941" lon="31.832040"><ele>1380.2</ele></trkpt>
    <trkpt lat="37.320327" lon="31.831849"><ele>1379.6</ele></trkpt>
    <trkpt lat="37.320714" lon="31.831646"><ele>1378.8</ele></trkpt>
    <trkpt lat="37.321096" lon="31.831478"><ele>1377.8</ele></trkpt>
    <trkpt lat="37.321470" lon="31.831390"><ele>1376.7</ele></trkpt>
    <trkpt lat="37.321830" lon="31.831416"><ele>1375.5</ele></trkpt>
    <trkpt lat="37.322176" lon="31.831569"><ele>1374.0</ele></trkpt>
    <trkpt lat="37.322508" lon="31.831840"><ele>1372.5</ele></trkpt>
    <trkpt lat="37.322831" lon="31.832199"><ele>1370.8</ele></trkpt>
    <trkpt lat="37.323148" lon="31.832598"><ele>1368.9</ele></trkpt>
    <trkpt lat="37.323468" lon="31.832978"><ele>1367.0</ele></trkpt>
    <trkpt lat="37.323796" lon="31.833281"><ele>1364.9</ele></trkpt>
    <trkpt lat="37.324139" lon="31.833462"><ele>1362.8</ele></trkpt>
    <trkpt lat="37.324499" lon="31.833492"><ele>1360.7</ele></trkpt>
    <trkpt lat="37.324876" lon="31.833372"><ele>1358.6</ele></trkpt>
    <trkpt lat="37.325268" lon="31.833127"><ele>1356.6</ele></trkpt>
    <trkpt lat="37.325668" lon="31.832807"><ele>1354.6</ele></trkpt>
    <trkpt lat="37.326069" lon="31.832478"><ele>1352.7</ele></trkpt>
    <trkpt lat="37.326464" lon="31.832209"><ele>1351.0</ele></trkpt>
    <trkpt lat="37.326844" lon="31.832063"><ele>1349.4</ele></trkpt>
    <trkpt lat="37.327205" lon="31.832081"><ele>1348.1</ele></trkpt>
    <trkpt lat="37.327546" lon="31.832280"><ele>1346.9</ele></trkpt>
    <trkpt lat="37.327868" lon="31.832641"><ele>1346.0</ele></trkpt>
    <trkpt lat="37.328176" lon="31.833119"><ele>1345.3</ele></trkpt>
    <trkpt lat="37.328479" lon="31.833643"><ele>1344.8</ele></trkpt>
    <trkpt lat="37.328786" lon="31.834135"><ele>1344.6</ele></trkpt>
    <trkpt lat="37.329106" lon="31.834518"><ele>1344.6</ele></trkpt>
    <trkpt lat="37.329445" lon="31.834731"><ele>1344.8</ele></trkpt>
    <trkpt lat="37.329807" lon="31.834742"><ele>1345.2</ele></trkpt>
    <trkpt lat="37.330192" lon="31.834554"><ele>1345.8</ele></trkpt>
    <trkpt lat="37.330595" lon="31.834207"><ele>1346.5</ele></trkpt>
    <trkpt lat="37.331009" lon="31.833767"><ele>1347.3</ele></trkpt>
    <trkpt lat="37.331424" lon="31.833320"><ele>1348.1</ele></trkpt>
    <trkpt lat="37.331829" lon="31.832958"><ele>1348.9</ele></trkpt>
    <trkpt lat="37.332215" lon="31.832758"><ele>1349.7</ele></trkpt>
    <trkpt lat="37.332577" lon="31.832770"><ele>1350.4</ele></trkpt>
    <trkpt lat="37.332913" lon="31.833011"><ele>1351.0</ele></trkpt>
    <trkpt lat="37.333226" lon="31.833456"><ele>1351.4</ele></trkpt>
    <trkpt lat="37.333522" lon="31.834042"><ele>1351.6</ele></trkpt>
    <trkpt lat="37.333811" lon="31.834682"><ele>1351.5</ele></trkpt>
    <trkpt lat="37.334107" lon="31.835277"><ele>1351.2</ele></trkpt>
    <trkpt lat="37.334418" lon="31.835730"><ele>1350.5</ele></trkpt>
    <trkpt lat="37.334753" lon="31.835972"><ele>1349.6</ele></trkpt>
    <trkpt lat="37.335118" lon="31.835965"><ele>1348.4</ele></trkpt>
    <trkpt lat="37.335510" lon="31.835717"><ele>1346.8</ele></trkpt>
    <trkpt lat="37.335924" lon="31.835276"><ele>1344.9</ele></trkpt>
    <trkpt lat="37.336350" lon="31.834727"><ele>1342.8</ele></trkpt>
    <trkpt lat="37.336777" lon="31.834176"><ele>1340.4</ele></trkpt>
    <trkpt lat="37.337192" lon="31.833731"><ele>1337.8</ele></trkpt>
    <trkpt lat="37.337584" lon="31.833482"><ele>1335.0</ele></trkpt>
    <trkpt lat="37.337946" lon="31.833490"><ele>1332.0</ele></trkpt>
    <trkpt lat="37.338277" lon="31.833769"><ele>1329.0</ele></trkpt>
    <trkpt lat="37.338581" lon="31.834287"><ele>1325.9</ele></trkpt>
    <trkpt lat="37.338866" lon="31.834970"><ele>1322.8</ele></trkpt>
    <trkpt lat="37.339144" lon="31.835713"><ele>1319.8</ele></trkpt>
    <trkpt lat="37.339429" lon="31.836397"><ele>1317.0</ele></trkpt>
    <trkpt lat="37.339733" lon="31.836913"><ele>1314.3</ele></trkpt>
    <trkpt lat="37.340066" lon="31.837180"><ele>1311.9</ele></trkpt>
    <trkpt lat="37.340432" lon="31.837157"><ele>1309.7</ele></trkpt>
    <trkpt lat="37.340830" lon="31.836855"><ele>1307.8</ele></trkpt>
    <trkpt lat="37.341254" lon="31.836333"><ele>1306.3</ele></trkpt>
    <trkpt lat="37.341691" lon="31.835690"><ele>1305.1</ele></trkpt>
    <trkpt lat="37.342128" lon="31.835048"><ele>1304.3</ele></trkpt>
    <trkpt lat="37.342551" lon="31.834531"><ele>1303.9</ele></trkpt>
    <trkpt lat="37.342948" lon="31.834241"><ele>1303.9</ele></trkpt>
    <trkpt lat="37.343311" lon="31.834245"><ele>1304.2</ele></trkpt>
    <trkpt lat="37.343638" lon="31.834558"><ele>1304.8</ele></trkpt>
    <trkpt lat="37.343935" lon="31.835140"><ele>1305.7</ele></trkpt>
    <trkpt lat="37.344210" lon="31.835905"><ele>1306.9</ele></trkpt>
    <trkpt lat="37.344478" lon="31.836734"><ele>1308.3</ele></trkpt>
    <trkpt lat="37.344755" lon="31.837494"><ele>1309.9</ele></trkpt>
    <trkpt lat="37.345053" lon="31.838062"><ele>1311.5</ele></trkpt>
    <trkpt lat="37.345383" lon="31.838349"><ele>1313.2</ele></trkpt>
    <trkpt lat="37.345751" lon="31.838312"><ele>1314.8</ele></trkpt>
    <trkpt lat="37.346154" lon="31.837965"><ele>1316.3</ele></trkpt>
    <trkpt lat="37.346585" lon="31.837376"><ele>1317.6</ele></trkpt>
    <trkpt lat="37.347031" lon="31.836655"><ele>1318.8</ele></trkpt>
    <trkpt lat="37.347477" lon="31.835939"><ele>1319.6</ele></trkpt>
    <trkpt lat="37.347907" lon="31.835363"><ele>1320.2</ele></trkpt>
    <trkpt lat="37.348307" lon="31.835040"><ele>1320.3</ele></trkpt>
    <trkpt lat="37.348671" lon="31.835042"><ele>1320.1</ele></trkpt>
    <trkpt lat="37.348995" lon="31.835381"><ele>1319.5</ele></trkpt>
    <trkpt lat="37.349286" lon="31.836015"><ele>1318.4</ele></trkpt>
    <trkpt lat="37.349553" lon="31.836846"><ele>1316.9</ele></trkpt>
    <trkpt lat="37.349814" lon="31.837744"><ele>1315.0</ele></trkpt>
    <trkpt lat="37.350083" lon="31.838563"><ele>1312.7</ele></trkpt>
    <trkpt lat="37.350376" lon="31.839172"><ele>1310.1</ele></trkpt>
    <trkpt lat="37.350705" lon="31.839475"><ele>1307.1</ele></trkpt>
    <trkpt lat="37.351074" lon="31.839426"><ele>1303.8</ele></trkpt>
    <trkpt lat="37.351482" lon="31.839044"><ele>1300.4</ele></trkpt>
    <trkpt lat="37.351919" lon="31.838402"><ele>1296.8</ele></trkpt>
    <trkpt lat="37.352372" lon="31.837622"><ele>1293.1</ele></trkpt>
    <trkpt lat="37.352824" lon="31.836849"><ele>1289.3</ele></trkpt>
    <trkpt lat="37.353259" lon="31.836229"><ele>1285.7</ele></trkpt>
    <trkpt lat="37.353662" lon="31.835883"><ele>1282.1</ele></trkpt>
    <trkpt lat="37.354025" lon="31.835883"><ele>1278.8</ele></trkpt>
    <trkpt lat="37.354347" lon="31.836244"><ele>1275.7</ele></trkpt>
    <trkpt lat="37.354633" lon="31.836916"><ele>1272.9</ele></trkpt>
    <trkpt lat="37.354896" lon="31.837795"><ele>1270.5</ele></trkpt>
    <trkpt lat="37.355150" lon="31.838742"><ele>1268.5</ele></trkpt>
    <trkpt lat="37.355415" lon="31.839603"><ele>1266.9</ele></trkpt>
    <trkpt lat="37.355705" lon="31.840241"><ele>1265.8</ele></trkpt>
    <trkpt lat="37.356033" lon="31.840553"><ele>1265.1</ele></trkpt>
    <trkpt lat="37.356403" lon="31.840496"><ele>1264.9</ele></trkpt>
    <trkpt lat="37.356813" lon="31.840088"><ele>1265.1</ele></trkpt>
    <trkpt lat="37.357254" lon="31.839411"><ele>1265.8</ele></trkpt>
    <trkpt lat="37.357712" lon="31.838590"><ele>1266.8</ele></trkpt>
    <trkpt lat="37.358168" lon="31.837781"><ele>1268.1</ele></trkpt>
    <trkpt lat="37.358606" lon="31.837134"><ele>1269.8</ele></trkpt>
    <trkpt lat="37.359011" lon="31.836773"><ele>1271.6</ele></trkpt>
    <trkpt lat="37.359374" lon="31.836773"><ele>1273.6</ele></trkpt>
    <trkpt lat="37.359695" lon="31.837148"><ele>1275.7</ele></trkpt>
    <trkpt lat="37.359978" lon="31.837843"><ele>1277.7</ele></trkpt>
    <trkpt lat="37.360237" lon="31.838752"><ele>1279.7</ele></trkpt>
    <trkpt lat="37.360488" lon="31.839728"><ele>1281.6</ele></trkpt>
    <trkpt lat="37.360750" lon="31.840613"><ele>1283.2</ele></trkpt>
    <trkpt lat="37.361039" lon="31.841265"><ele>1284.6</ele></trkpt>
    <trkpt lat="37.361366" lon="31.841582"><ele>1285.6</ele></trkpt>
    <trkpt lat="37.361736" lon="31.841519"><ele>1286.3</ele></trkpt>
    <trkpt lat="37.362148" lon="31.841097"><ele>1286.5</ele></trkpt>
    <trkpt lat="37.362592" lon="31.840401"><ele>1286.3</ele></trkpt>
    <trkpt lat="37.363052" lon="31.839561"><ele>1285.6</ele></trkpt>
    <trkpt lat="37.363510" lon="31.838735"><ele>1284.4</ele></trkpt>
    <trkpt lat="37.363949" lon="31.838076"><ele>1282.8</ele></trkpt>
    <trkpt lat="37.364354" lon="31.837711"><ele>1280.7</ele></trkpt>
    <trkpt lat="37.364718" lon="31.837713"><ele>1278.2</ele></trkpt>
    <trkpt lat="37.365037" lon="31.838094"><ele>1275.3</ele></trkpt>
    <trkpt lat="37.365320" lon="31.838799"><ele>1272.1</ele></trkpt>
    <trkpt lat="37.365578" lon="31.839718"><ele>1268.6</ele></trkpt>
    <trkpt lat="37.365828" lon="31.840701"><ele>1264.9</ele></trkpt>
    <trkpt lat="37.366089" lon="31.841591"><ele>1261.1</ele></trkpt>
    <trkpt lat="37.366378" lon="31.842245"><ele>1257.2</ele></trkpt>
    <trkpt lat="37.366705" lon="31.842560"><ele>1253.3</ele></trkpt>
    <trkpt lat="37.367076" lon="31.842494"><ele>1249.5</ele></trkpt>
    <trkpt lat="37.367488" lon="31.842069"><ele>1245.8</ele></trkpt>
    <trkpt lat="37.367932" lon="31.841372"><ele>1242.4</ele></trkpt>
    <trkpt lat="37.368391" lon="31.840534"><ele>1239.3</ele></trkpt>
    <trkpt lat="37.368849" lon="31.839712"><ele>1236.5</ele></trkpt>
    <trkpt lat="37.369287" lon="31.839059"><ele>1234.1</ele></trkpt>
    <trkpt lat="37.369692" lon="31.838699"><ele>1232.1</ele></trkpt>
    <trkpt lat="37.370055" lon="31.838704"><ele>1230.6</ele></trkpt>
    <trkpt lat="37.370375" lon="31.839085"><ele>1229.5</ele></trkpt>
    <trkpt lat="37.370658" lon="31.839784"><ele>1228.9</ele></trkpt>
    <trkpt lat="37.370917" lon="31.840692"><ele>1228.8</ele></trkpt>
    <trkpt lat="37.371169" lon="31.841662"><ele>1229.1</ele></trkpt>
    <trkpt lat="37.371432" lon="31.842538"><ele>1229.8</ele></trkpt>
    <trkpt lat="37.371722" lon="31.843179"><ele>1230.9</ele></trkpt>
    <trkpt lat="37.372050" lon="31.843486"><ele>1232.3</ele></trkpt>
    <trkpt lat="37.372421" lon="31.843420"><ele>1233.9</ele></trkpt>
    <trkpt lat="37.372832" lon="31.843005"><ele>1235.8</ele></trkpt>
    <trkpt lat="37.373273" lon="31.842324"><ele>1237.8</ele></trkpt>
    <trkpt lat="37.373731" lon="31.841509"><ele>1239.8</ele></trkpt>
    <trkpt lat="37.374186" lon="31.840711"><ele>1241.8</ele></trkpt>
    <trkpt lat="37.374621" lon="31.840080"><ele>1243.7</ele></trkpt>
    <trkpt lat="37.375024" lon="31.839735"><ele>1245.5</ele></trkpt>
    <trkpt lat="37.375387" lon="31.839745"><ele>1247.0</ele></trkpt>
    <trkpt lat="37.375707" lon="31.840118"><ele>1248.2</ele></trkpt>
    <trkpt lat="37.375993" lon="31.840797"><ele>1249.1</ele></trkpt>
    <trkpt lat="37.376255" lon="31.841675"><ele>1249.6</ele></trkpt>
    <trkpt lat="37.376511" lon="31.842611"><ele>1249.7</ele></trkpt>
    <trkpt lat="37.376778" lon="31.843453"><ele>1249.4</ele></trkpt>
    <trkpt lat="37.377071" lon="31.844068"><ele>1248.6</ele></trkpt>
    <trkpt lat="37.377400" lon="31.844363"><ele>1247.4</ele></trkpt>
    <trkpt lat="37.377771" lon="31.844300"><ele>1245.7</ele></trkpt>
    <trkpt lat="37.378180" lon="31.843904"><ele>1243.7</ele></trkpt>
    <trkpt lat="37.378618" lon="31.843258"><ele>1241.2</ele></trkpt>
    <trkpt lat="37.379070" lon="31.842485"><ele>1238.4</ele></trkpt>
    <trkpt lat="37.379520" lon="31.841732"><ele>1235.4</ele></trkpt>
    <trkpt lat="37.379951" lon="31.841140"><ele>1232.0</ele></trkpt>
    <trkpt lat="37.380351" lon="31.840819"><ele>1228.6</ele></trkpt>
    <trkpt lat="37.380713" lon="31.840835"><ele>1225.0</ele></trkpt>
    <trkpt lat="37.381035" lon="31.841193"><ele>1221.4</ele></trkpt>
    <trkpt lat="37.381325" lon="31.841838"><ele>1217.8</ele></trkpt>
    <trkpt lat="37.381593" lon="31.842667"><ele>1214.3</ele></trkpt>
    <trkpt lat="37.381855" lon="31.843548"><ele>1211.0</ele></trkpt>
    <trkpt lat="37.382128" lon="31.844339"><ele>1207.9</ele></trkpt>
    <trkpt lat="37.382425" lon="31.844915"><ele>1205.1</ele></trkpt>
    <trkpt lat="37.382757" lon="31.845191"><ele>1202.6</ele></trkpt>
    <trkpt lat="37.383127" lon="31.845134"><ele>1200.4</ele></trkpt>
    <trkpt lat="37.383532" lon="31.844769"><ele>1198.6</ele></trkpt>
    <trkpt lat="37.383964" lon="31.844173"><ele>1197.3</ele></trkpt>
    <trkpt lat="37.384409" lon="31.843463"><ele>1196.3</ele></trkpt>
    <trkpt lat="37.384851" lon="31.842774"><ele>1195.7</ele></trkpt>
    <trkpt lat="37.385277" lon="31.842235"><ele>1195.6</ele></trkpt>
    <trkpt lat="37.385673" lon="31.841948"><ele>1195.8</ele></trkpt>
    <trkpt lat="37.386034" lon="31.841971"><ele>1196.3</ele></trkpt>
    <trkpt lat="37.386358" lon="31.842307"><ele>1197.1</ele></trkpt>
    <trkpt lat="37.386653" lon="31.842904"><ele>1198.2</ele></trkpt>
    <trkpt lat="37.386929" lon="31.843667"><ele>1199.5</ele></trkpt>
    <trkpt lat="37.387200" lon="31.844474"><ele>1200.9</ele></trkpt>
    <trkpt lat="37.387480" lon="31.845197"><ele>1202.4</ele></trkpt>
    <trkpt lat="37.387784" lon="31.845722"><ele>1203.9</ele></trkpt>
    <trkpt lat="37.388118" lon="31.845975"><ele>1205.3</ele></trkpt>
    <trkpt lat="37.388487" lon="31.845927"><ele>1206.7</ele></trkpt>
    <trkpt lat="37.388888" lon="31.845602"><ele>1207.9</ele></trkpt>
    <trkpt lat="37.389312" lon="31.845072"><ele>1208.9</ele></trkpt>
    <trkpt lat="37.389748" lon="31.844442"><ele>1209.7</ele></trkpt>
    <trkpt lat="37.390181" lon="31.843834"><ele>1210.1</ele></trkpt>
    <trkpt lat="37.390598" lon="31.843363"><ele>1210.3</ele></trkpt>
    <trkpt lat="37.390990" lon="31.843118"><ele>1210.1</ele></trkpt>
    <trkpt lat="37.391350" lon="31.843149"><ele>1209.6</ele></trkpt>
    <trkpt lat="37.391678" lon="31.843457"><ele>1208.7</ele></trkpt>
    <trkpt lat="37.391979" lon="31.843994"><ele>1207.4</ele></trkpt>
    <trkpt lat="37.392265" lon="31.844675"><ele>1205.9</ele></trkpt>
    <trkpt lat="37.392546" lon="31.845391"><ele>1204.0</ele></trkpt>
    <trkpt lat="37.392836" lon="31.846030"><ele>1201.9</ele></trkpt>
    <trkpt lat="37.393146" lon="31.846494"><ele>1199.5</ele></trkpt>
    <trkpt lat="37.393484" lon="31.846719"><ele>1196.9</ele></trkpt>
    <trkpt lat="37.393852" lon="31.846682"><ele>1194.2</ele></trkpt>
    <trkpt lat="37.394247" lon="31.846406"><ele>1191.4</ele></trkpt>
    <trkpt lat="37.394662" lon="31.845955"><ele>1188.5</ele></trkpt>
    <trkpt lat="37.395086" lon="31.845422"><ele>1185.6</ele></trkpt>
    <trkpt lat="37.395508" lon="31.844911"><ele>1182.8</ele></trkpt>
    <trkpt lat="37.395917" lon="31.844520"><ele>1180.0</ele></trkpt>
    <trkpt lat="37.396302" lon="31.844325"><ele>1177.4</ele></trkpt>
    <trkpt lat="37.396661" lon="31.844365"><ele>1175.0</ele></trkpt>
    <trkpt lat="37.396993" lon="31.844639"><ele>1172.8</ele></trkpt>
    <trkpt lat="37.397303" lon="31.845105"><ele>1170.9</ele></trkpt>
    <trkpt lat="37.397600" lon="31.845689"><ele>1169.2</ele></trkpt>
    <trkpt lat="37.397893" lon="31.846299"><ele>1167.8</ele></trkpt>
    <trkpt lat="37.398194" lon="31.846841"><ele>1166.6</ele></trkpt>
    <trkpt lat="37.398513" lon="31.847234"><ele>1165.8</ele></trkpt>
    <trkpt lat="37.398854" lon="31.847427"><ele>1165.2</ele></trkpt>
    <trkpt lat="37.399220" lon="31.847404"><ele>1164.9</ele></trkpt>
    <trkpt lat="37.399608" lon="31.847185"><ele>1164.8</ele></trkpt>
    <trkpt lat="37.400013" lon="31.846826"><ele>1164.9</ele></trkpt>
    <trkpt lat="37.400425" lon="31.846403"><ele>1165.2</ele></trkpt>
    <trkpt lat="37.400834" lon="31.846002"><ele>1165.6</ele></trkpt>
    <trkpt lat="37.401232" lon="31.845702"><ele>1166.1</ele></trkpt>
    <trkpt lat="37.401612" lon="31.845562"><ele>1166.7</ele></trkpt>
    <trkpt lat="37.401969" lon="31.845612"><ele>1167.3</ele></trkpt>
    <trkpt lat="37.402306" lon="31.845848"><ele>1167.9</ele></trkpt>
    <trkpt lat="37.402625" lon="31.846234"><ele>1168.5</ele></trkpt>
    <trkpt lat="37.402934" lon="31.846710"><ele>1168.9</ele></trkpt>
    <trkpt lat="37.403241" lon="31.847201"><ele>1169.2</ele></trkpt>
    <trkpt lat="37.403554" lon="31.847634"><ele>1169.4</ele></trkpt>
    <trkpt lat="37.403882" lon="31.847949"><ele>1169.4</ele></trkpt>
    <trkpt lat="37.404227" lon="31.848107"><ele>1169.2</ele></trkpt>
    <trkpt lat="37.404591" lon="31.848099"><ele>1168.8</ele></trkpt>
    <trkpt lat="37.404973" lon="31.847943"><ele>1168.2</ele></trkpt>
    <trkpt lat="37.405366" lon="31.847685"><ele>1167.5</ele></trkpt>
    <trkpt lat="37.405764" lon="31.847384"><ele>1166.5</ele></trkpt>
    <trkpt lat="37.406159" lon="31.847104"><ele>1165.3</ele></trkpt>
    <trkpt lat="37.406546" lon="31.846904"><ele>1163.9</ele></trkpt>
    <trkpt lat="37.406918" lon="31.846824"><ele>1162.4</ele></trkpt>
    <trkpt lat="37.407275" lon="31.846885"><ele>1160.8</ele></trkpt>
    <trkpt lat="37.407616" lon="31.847079"><ele>1159.1</ele></trkpt>
    <trkpt lat="37.407945" lon="31.847377"><ele>1157.2</ele></trkpt>
    <trkpt lat="37.408267" lon="31.847734"><ele>1155.4</ele></trkpt>
    <trkpt lat="37.408589" lon="31.848097"><ele>1153.5</ele></trkpt>
    <trkpt lat="37.408916" lon="31.848414"><ele>1151.7</ele></trkpt>
    <trkpt lat="37.409253" lon="31.848644"><ele>1149.8</ele></trkpt>
    <trkpt lat="37.409603" lon="31.848764"><ele>1148.1</ele></trkpt>
    <trkpt lat="37.409965" lon="31.848773"><ele>1146.4</ele></trkpt>
    <trkpt lat="37.410339" lon="31.848686"><ele>1144.8</ele></trkpt>
    <trkpt lat="37.410719" lon="31.848536"><ele>1143.3</ele></trkpt>
    <trkpt lat="37.411102" lon="31.848365"><ele>1142.0</ele></trkpt>
    <trkpt lat="37.411483" lon="31.848214"><ele>1140.7</ele></trkpt>
    <trkpt lat="37.411857" lon="31.848120"><ele>1139.6</ele></trkpt>
    <trkpt lat="37.412222" lon="31.848105"><ele>1138.7</ele></trkpt>
    <trkpt lat="37.412578" lon="31.848176"><ele>1137.8</ele></trkpt>
    <trkpt lat="37.412924" lon="31.848325"><ele>1137.0</ele></trkpt>
    <trkpt lat="37.413264" lon="31.848531"><ele>1136.4</ele></trkpt>
    <trkpt lat="37.413600" lon="31.848763"><ele>1135.8</ele></trkpt>
    <trkpt lat="37.413938" lon="31.848990"><ele>1135.3</ele></trkpt>
    <trkpt lat="37.414279" lon="31.849184"><ele>1134.8</ele></trkpt>
    <trkpt lat="37.414626" lon="31.849325"><ele>1134.4</ele></trkpt>
    <trkpt lat="37.414980" lon="31.849407"><ele>1134.0</ele></trkpt>
    <trkpt lat="37.415341" lon="31.849433"><ele>1133.5</ele></trkpt>
    <trkpt lat="37.415706" lon="31.849418"><ele>1133.1</ele></trkpt>
    <trkpt lat="37.416073" lon="31.849382"><ele>1132.5</ele></trkpt>
    <trkpt lat="37.416441" lon="31.849346"><ele>1132.0</ele></trkpt>
    <trkpt lat="37.416806" lon="31.849330"><ele>1131.4</ele></trkpt>
    <trkpt lat="37.417168" lon="31.849345"><ele>1130.7</ele></trkpt>
    <trkpt lat="37.417525" lon="31.849396"><ele>1129.9</ele></trkpt>
    <trkpt lat="37.417879" lon="31.849478"><ele>1129.1</ele></trkpt>
    <trkpt lat="37.418231" lon="31.849581"><ele>1128.2</ele></trkpt>
    <trkpt lat="37.418582" lon="31.849690"><ele>1127.2</ele></trkpt>
    <trkpt lat="37.418933" lon="31.849794"><ele>1126.2</ele></trkpt>
    <trkpt lat="37.419287" lon="31.849881"><ele>1125.2</ele></trkpt>
    <trkpt lat="37.419642" lon="31.849949"><ele>1124.1</ele></trkpt>
    <trkpt lat="37.420000" lon="31.850000"><ele>1123.0</ele></trkpt>
    <trkpt lat="37.419751" lon="31.850327"><ele>1123.2</ele></trkpt>
    <trkpt lat="37.419503" lon="31.850654"><ele>1123.4</ele></trkpt>
    <trkpt lat="37.419258" lon="31.850986"><ele>1123.5</ele></trkpt>
    <trkpt lat="37.419019" lon="31.851323"><ele>1123.7</ele></trkpt>
    <trkpt lat="37.418785" lon="31.851668"><ele>1123.8</ele></trkpt>
    <trkpt lat="37.418556" lon="31.852017"><ele>1123.9</ele></trkpt>
    <trkpt lat="37.418329" lon="31.852368"><ele>1124.0</ele></trkpt>
    <trkpt lat="37.418099" lon="31.852717"><ele>1124.1</ele></trkpt>
    <trkpt lat="37.417863" lon="31.853059"><ele>1124.1</ele></trkpt>
    <trkpt lat="37.417618" lon="31.853390"><ele>1124.1</ele></trkpt>
    <trkpt lat="37.417362" lon="31.853708"><ele>1124.0</ele></trkpt>
    <trkpt lat="37.417096" lon="31.854015"><ele>1124.0</ele></trkpt>
    <trkpt lat="37.416823" lon="31.854314"><ele>1123.9</ele></trkpt>
    <trkpt lat="37.416549" lon="31.854611"><ele>1123.8</ele></trkpt>
    <trkpt lat="37.416279" lon="31.854913"><ele>1123.7</ele></trkpt>
    <trkpt lat="37.416020" lon="31.855228"><ele>1123.6</ele></trkpt>
    <trkpt lat="37.415777" lon="31.855561"><ele>1123.5</ele></trkpt>
    <trkpt lat="37.415550" lon="31.855914"><ele>1123.5</ele></trkpt>
    <trkpt lat="37.415340" lon="31.856285"><ele>1123.5</ele></trkpt>
    <trkpt lat="37.415141" lon="31.856669"><ele>1123.5</ele></trkpt>
    <trkpt lat="37.414947" lon="31.857059"><ele>1123.5</ele></trkpt>
    <trkpt lat="37.414748" lon="31.857443"><ele>1123.6</ele></trkpt>
    <trkpt lat="37.414535" lon="31.857812"><ele>1123.8</ele></trkpt>
    <trkpt lat="37.414302" lon="31.858157"><ele>1124.0</ele></trkpt>
    <trkpt lat="37.414046" lon="31.858474"><ele>1124.2</ele></trkpt>
    <trkpt lat="37.413765" lon="31.858765"><ele>1124.5</ele></trkpt>
    <trkpt lat="37.413467" lon="31.859034"><ele>1124.9</ele></trkpt>
    <trkpt lat="37.413158" lon="31.859292"><ele>1125.3</ele></trkpt>
    <trkpt lat="37.412852" lon="31.859552"><ele>1125.7</ele></trkpt>
    <trkpt lat="37.412559" lon="31.859827"><ele>1126.2</ele></trkpt>
    <trkpt lat="37.412289" lon="31.860130"><ele>1126.7</ele></trkpt>
    <trkpt lat="37.412050" lon="31.860468"><ele>1127.3</ele></trkpt>
    <trkpt lat="37.411842" lon="31.860841"><ele>1127.8</ele></trkpt>
    <trkpt lat="37.411660" lon="31.861246"><ele>1128.3</ele></trkpt>
    <trkpt lat="37.411496" lon="31.861670"><ele>1128.8</ele></trkpt>
    <trkpt lat="37.411336" lon="31.862099"><ele>1129.3</ele></trkpt>
    <trkpt lat="37.411165" lon="31.862516"><ele>1129.7</ele></trkpt>
    <trkpt lat="37.410970" lon="31.862905"><ele>1130.1</ele></trkpt>
    <trkpt lat="37.410741" lon="31.863254"><ele>1130.4</ele></trkpt>
    <trkpt lat="37.410473" lon="31.863559"><ele>1130.6</ele></trkpt>
    <trkpt lat="37.410169" lon="31.863822"><ele>1130.8</ele></trkpt>
    <trkpt lat="37.409838" lon="31.864054"><ele>1130.8</ele></trkpt>
    <trkpt lat="37.409495" lon="31.864271"><ele>1130.8</ele></trkpt>
    <trkpt lat="37.409156" lon="31.864494"><ele>1130.7</ele></trkpt>
    <trkpt lat="37.408840" lon="31.864743"><ele>1130.5</ele></trkpt>
    <trkpt lat="37.408560" lon="31.865033"><ele>1130.2</ele></trkpt>
    <trkpt lat="37.408324" lon="31.865375"><ele>1129.8</ele></trkpt>
    <trkpt lat="37.408133" lon="31.865769"><ele>1129.4</ele></trkpt>
    <trkpt lat="37.407980" lon="31.866206"><ele>1128.9</ele></trkpt>
    <trkpt lat="37.407850" lon="31.866670"><ele>1128.3</ele></trkpt>
    <trkpt lat="37.407724" lon="31.867139"><ele>1127.8</ele></trkpt>
    <trkpt lat="37.407582" lon="31.867588"><ele>1127.2</ele></trkpt>
    <trkpt lat="37.407404" lon="31.867997"><ele>1126.7</ele></trkpt>
    <trkpt lat="37.407179" lon="31.868351"><ele>1126.1</ele></trkpt>
    <trkpt lat="37.406900" lon="31.868643"><ele>1125.6</ele></trkpt>
    <trkpt lat="37.406573" lon="31.868879"><ele>1125.2</ele></trkpt>
    <trkpt lat="37.406210" lon="31.869075"><ele>1124.9</ele></trkpt>
    <trkpt lat="37.405832" lon="31.869252"><ele>1124.6</ele></trkpt>
    <trkpt lat="37.405462" lon="31.869438"><ele>1124.5</ele></trkpt>
    <trkpt lat="37.405122" lon="31.869660"><ele>1124.4</ele></trkpt>
    <trkpt lat="37.404831" lon="31.869937"><ele>1124.5</ele></trkpt>
    <trkpt lat="37.404599" lon="31.870283"><ele>1124.8</ele></trkpt>
    <trkpt lat="37.404425" lon="31.870696"><ele>1125.1</ele></trkpt>
    <trkpt lat="37.404299" lon="31.871166"><ele>1125.6</ele></trkpt>
    <trkpt lat="37.404203" lon="31.871669"><ele>1126.2</ele></trkpt>
    <trkpt lat="37.404111" lon="31.872176"><ele>1126.9</ele></trkpt>
    <trkpt lat="37.403997" lon="31.872658"><ele>1127.7</ele></trkpt>
    <trkpt lat="37.403837" lon="31.873088"><ele>1128.5</ele></trkpt>
    <trkpt lat="37.403615" lon="31.873446"><ele>1129.5</ele></trkpt>
    <trkpt lat="37.403326" lon="31.873726"><ele>1130.5</ele></trkpt>
    <trkpt lat="37.402977" lon="31.873937"><ele>1131.5</ele></trkpt>
    <trkpt lat="37.402583" lon="31.874096"><ele>1132.5</ele></trkpt>
    <trkpt lat="37.402171" lon="31.874234"><ele>1133.5</ele></trkpt>
    <trkpt lat="37.401769" lon="31.874384"><ele>1134.5</ele></trkpt>
    <trkpt lat="37.401406" lon="31.874579"><ele>1135.4</ele></trkpt>
    <trkpt lat="37.401104" lon="31.874844"><ele>1136.2</ele></trkpt>
    <trkpt lat="37.400874" lon="31.875193"><ele>1136.9</ele></trkpt>
    <trkpt lat="37.400717" lon="31.875625"><ele>1137.4</ele></trkpt>
    <trkpt lat="37.400619" lon="31.876125"><ele>1137.9</ele></trkpt>
    <trkpt lat="37.400555" lon="31.876666"><ele>1138.1</ele></trkpt>
    <trkpt lat="37.400496" lon="31.877212"><ele>1138.2</ele></trkpt>
    <trkpt lat="37.400410" lon="31.877726"><ele>1138.2</ele></trkpt>
    <trkpt lat="37.400267" lon="31.878176"><ele>1137.9</ele></trkpt>
    <trkpt lat="37.400050" lon="31.878539"><ele>1137.6</ele></trkpt>
    <trkpt lat="37.399752" lon="31.878809"><ele>1137.0</ele></trkpt>
    <trkpt lat="37.399380" lon="31.878994"><ele>1136.3</ele></trkpt>
    <trkpt lat="37.398956" lon="31.879118"><ele>1135.5</ele></trkpt>
    <trkpt lat="37.398511" lon="31.879217"><ele>1134.6</ele></trkpt>
    <trkpt lat="37.398078" lon="31.879332"><ele>1133.7</ele></trkpt>
    <trkpt lat="37.397692" lon="31.879500"><ele>1132.6</ele></trkpt>
    <trkpt lat="37.397379" lon="31.879752"><ele>1131.6</ele></trkpt>
    <trkpt lat="37.397152" lon="31.880104"><ele>1130.5</ele></trkpt>
    <trkpt lat="37.397010" lon="31.880555"><ele>1129.5</ele></trkpt>
    <trkpt lat="37.396938" lon="31.881085"><ele>1128.6</ele></trkpt>
    <trkpt lat="37.396907" lon="31.881663"><ele>1127.7</ele></trkpt>
    <trkpt lat="37.396880" lon="31.882247"><ele>1127.0</ele></trkpt>
    <trkpt lat="37.396821" lon="31.882792"><ele>1126.4</ele></trkpt>
    <trkpt lat="37.396696" lon="31.883262"><ele>1125.9</ele></trkpt>
    <trkpt lat="37.396483" lon="31.883630"><ele>1125.6</ele></trkpt>
    <trkpt lat="37.396175" lon="31.883889"><ele>1125.6</ele></trkpt>
    <trkpt lat="37.395783" lon="31.884050"><ele>1125.7</ele></trkpt>
    <trkpt lat="37.395330" lon="31.884140"><ele>1126.0</ele></trkpt>
    <trkpt lat="37.394852" lon="31.884202"><ele>1126.6</ele></trkpt>
    <trkpt lat="37.394389" lon="31.884282"><ele>1127.3</ele></trkpt>
    <trkpt lat="37.393980" lon="31.884424"><ele>1128.2</ele></trkpt>
    <trkpt lat="37.393656" lon="31.884663"><ele>1129.3</ele></trkpt>
    <trkpt lat="37.393431" lon="31.885018"><ele>1130.5</ele></trkpt>
    <trkpt lat="37.393305" lon="31.885485"><ele>1131.8</ele></trkpt>
    <trkpt lat="37.393258" lon="31.886045"><ele>1133.2</ele></trkpt>
    <trkpt lat="37.393258" lon="31.886659"><ele>1134.7</ele></trkpt>
    <trkpt lat="37.393263" lon="31.887279"><ele>1136.2</ele></trkpt>
    <trkpt lat="37.393230" lon="31.887856"><ele>1137.7</ele></trkpt>
    <trkpt lat="37.393122" lon="31.888345"><ele>1139.2</ele></trkpt>
    <trkpt lat="37.392913" lon="31.888718"><ele>1140.5</ele></trkpt>
    <trkpt lat="37.392597" lon="31.888967"><ele>1141.8</ele></trkpt>
    <trkpt lat="37.392185" lon="31.889105"><ele>1142.9</ele></trkpt>
    <trkpt lat="37.391703" lon="31.889163"><ele>1143.9</ele></trkpt>
    <trkpt lat="37.391194" lon="31.889188"><ele>1144.6</ele></trkpt>
    <trkpt lat="37.390702" lon="31.889234"><ele>1145.1</ele></trkpt>
    <trkpt lat="37.390271" lon="31.889350"><ele>1145.4</ele></trkpt>
    <trkpt lat="37.389936" lon="31.889577"><ele>1145.5</ele></trkpt>
    <trkpt lat="37.389713" lon="31.889934"><ele>1145.3</ele></trkpt>
    <trkpt lat="37.389601" lon="31.890418"><ele>1144.9</ele></trkpt>
    <trkpt lat="37.389578" lon="31.891006"><ele>1144.3</ele></trkpt>
    <trkpt lat="37.389608" lon="31.891655"><ele>1143.5</ele></trkpt>
    <trkpt lat="37.389644" lon="31.892310"><ele>1142.4</ele></trkpt>
    <trkpt lat="37.389637" lon="31.892916"><ele>1141.2</ele></trkpt>
    <trkpt lat="37.389545" lon="31.893425"><ele>1139.9</ele></trkpt>
    <trkpt lat="37.389341" lon="31.893804"><ele>1138.5</ele></trkpt>
    <trkpt lat="37.389017" lon="31.894043"><ele>1137.0</ele></trkpt>
    <trkpt lat="37.388585" lon="31.894158"><ele>1135.4</ele></trkpt>
    <trkpt lat="37.388077" lon="31.894185"><ele>1133.9</ele></trkpt>
    <trkpt lat="37.387537" lon="31.894175"><ele>1132.5</ele></trkpt>
    <trkpt lat="37.387016" lon="31.894188"><ele>1131.2</ele></trkpt>
    <trkpt lat="37.386564" lon="31.894280"><ele>1129.9</ele></trkpt>
    <trkpt lat="37.386218" lon="31.894494"><ele>1128.9</ele></trkpt>
    <trkpt lat="37.385997" lon="31.894853"><ele>1128.1</ele></trkpt>
    <trkpt lat="37.385898" lon="31.895353"><ele>1127.4</ele></trkpt>
    <trkpt lat="37.385899" lon="31.895968"><ele>1127.1</ele></trkpt>
    <trkpt lat="37.385958" lon="31.896650"><ele>1127.0</ele></trkpt>
    <trkpt lat="37.386023" lon="31.897339"><ele>1127.1</ele></trkpt>
    <trkpt lat="37.386041" lon="31.897974"><ele>1127.6</ele></trkpt>
    <trkpt lat="37.385965" lon="31.898501"><ele>1128.3</ele></trkpt>
    <trkpt lat="37.385767" lon="31.898885"><ele>1129.2</ele></trkpt>
    <trkpt lat="37.385435" lon="31.899117"><ele>1130.4</ele></trkpt>
    <trkpt lat="37.384985" lon="31.899210"><ele>1131.8</ele></trkpt>
    <trkpt lat="37.384450" lon="31.899207"><ele>1133.4</ele></trkpt>
    <trkpt lat="37.383881" lon="31.899164"><ele>1135.2</ele></trkpt>
    <trkpt lat="37.383333" lon="31.899145"><ele>1137.0</ele></trkpt>
    <trkpt lat="37.382861" lon="31.899214"><ele>1138.9</ele></trkpt>
    <trkpt lat="37.382504" lon="31.899415"><ele>1140.9</ele></trkpt>
    <trkpt lat="37.382284" lon="31.899775"><ele>1142.8</ele></trkpt>
    <trkpt lat="37.382198" lon="31.900290"><ele>1144.7</ele></trkpt>
    <trkpt lat="37.382221" lon="31.900931"><ele>1146.4</ele></trkpt>
    <trkpt lat="37.382307" lon="31.901644"><ele>1148.0</ele></trkpt>
    <trkpt lat="37.382400" lon="31.902366"><ele>1149.4</ele></trkpt>
    <trkpt lat="37.382442" lon="31.903028"><ele>1150.6</ele></trkpt>
    <trkpt lat="37.382382" lon="31.903573"><ele>1151.5</ele></trkpt>
    <trkpt lat="37.382188" lon="31.903963"><ele>1152.1</ele></trkpt>
    <trkpt lat="37.381850" lon="31.904187"><ele>1152.5</ele></trkpt>
    <trkpt lat="37.381382" lon="31.904261"><ele>1152.5</ele></trkpt>
    <trkpt lat="37.380823" lon="31.904229"><ele>1152.2</ele></trkpt>
    <trkpt lat="37.380226" lon="31.904153"><ele>1151.7</ele></trkpt>
    <trkpt lat="37.379653" lon="31.904105"><ele>1150.8</ele></trkpt>
    <trkpt lat="37.379160" lon="31.904150"><ele>1149.7</ele></trkpt>
    <trkpt lat="37.378793" lon="31.904340"><ele>1148.3</ele></trkpt>
    <trkpt lat="37.378574" lon="31.904701"><ele>1146.8</ele></trkpt>
    <trkpt lat="37.378500" lon="31.905230"><ele>1145.1</ele></trkpt>
    <trkpt lat="37.378544" lon="31.905895"><ele>1143.2</ele></trkpt>
    <trkpt lat="37.378656" lon="31.906638"><ele>1141.3</ele></trkpt>
    <trkpt lat="37.378776" lon="31.907391"><ele>1139.4</ele></trkpt>
    <trkpt lat="37.378841" lon="31.908079"><ele>1137.5</ele></trkpt>
    <trkpt lat="37.378796" lon="31.908642"><ele>1135.7</ele></trkpt>
    <trkpt lat="37.378607" lon="31.909037"><ele>1134.0</ele></trkpt>
    <trkpt lat="37.378262" lon="31.909253"><ele>1132.4</ele></trkpt>
    <trkpt lat="37.377778" lon="31.909309"><ele>1131.1</ele></trkpt>
    <trkpt lat="37.377196" lon="31.909250"><ele>1130.1</ele></trkpt>
    <trkpt lat="37.376572" lon="31.909144"><ele>1129.3</ele></trkpt>
    <trkpt lat="37.375974" lon="31.909068"><ele>1128.8</ele></trkpt>
    <trkpt lat="37.375463" lon="31.909091"><ele>1128.7</ele></trkpt>
    <trkpt lat="37.375086" lon="31.909270"><ele>1128.9</ele></trkpt>
    <trkpt lat="37.374867" lon="31.909632"><ele>1129.4</ele></trkpt>
    <trkpt lat="37.374805" lon="31.910173"><ele>1130.2</ele></trkpt>
    <trkpt lat="37.374868" lon="31.910860"><ele>1131.4</ele></trkpt>
    <trkpt lat="37.375005" lon="31.911632"><ele>1132.9</ele></trkpt>
    <trkpt lat="37.375150" lon="31.912414"><ele>1134.6</ele></trkpt>
    <trkpt lat="37.375236" lon="31.913127"><ele>1136.5</ele></trkpt>
    <trkpt lat="37.375206" lon="31.913706"><ele>1138.6</ele></trkpt>
    <trkpt lat="37.375021" lon="31.914107"><ele>1140.8</ele></trkpt>
    <trkpt lat="37.374671" lon="31.914316"><ele>1143.1</ele></trkpt>
    <trkpt lat="37.374172" lon="31.914354"><ele>1145.5</ele></trkpt>
    <trkpt lat="37.373567" lon="31.914270"><ele>1147.8</ele></trkpt>
    <trkpt lat="37.372920" lon="31.914136"><ele>1150.0</ele></trkpt>
    <trkpt lat="37.372298" lon="31.914033"><ele>1152.1</ele></trkpt>
    <trkpt lat="37.371769" lon="31.914036"><ele>1153.9</ele></trkpt>
    <trkpt lat="37.371383" lon="31.914204"><ele>1155.6</ele></trkpt>
    <trkpt lat="37.371165" lon="31.914566"><ele>1156.9</ele></trkpt>
    <trkpt lat="37.371112" lon="31.915120"><ele>1158.0</ele></trkpt>
    <trkpt lat="37.371194" lon="31.915827"><ele>1158.7</ele></trkpt>
    <trkpt lat="37.371353" lon="31.916625"><ele>1159.1</ele></trkpt>
    <trkpt lat="37.371522" lon="31.917434"><ele>1159.1</ele></trkpt>
    <trkpt lat="37.371628" lon="31.918171"><ele>1158.8</ele></trkpt>
    <trkpt lat="37.371612" lon="31.918766"><ele>1158.1</ele></trkpt>
    <trkpt lat="37.371432" lon="31.919172"><ele>1157.0</ele></trkpt>
    <trkpt lat="37.371076" lon="31.919375"><ele>1155.7</ele></trkpt>
    <trkpt lat="37.370563" lon="31.919397"><ele>1154.0</ele></trkpt>
    <trkpt lat="37.369939" lon="31.919290"><ele>1152.2</ele></trkpt>
    <trkpt lat="37.369268" lon="31.919130"><ele>1150.1</ele></trkpt>
    <trkpt lat="37.368625" lon="31.919001"><ele>1147.9</ele></trkpt>
    <trkpt lat="37.368079" lon="31.918985"><ele>1145.7</ele></trkpt>
    <trkpt lat="37.367684" lon="31.919143"><ele>1143.4</ele></trkpt>
    <trkpt lat="37.367466" lon="31.919505"><ele>1141.1</ele></trkpt>
    <trkpt lat="37.367423" lon="31.920069"><ele>1139.0</ele></trkpt>
    <trkpt lat="37.367521" lon="31.920796"><ele>1137.0</ele></trkpt>
    <trkpt lat="37.367702" lon="31.921619"><ele>1135.2</ele></trkpt>
    <trkpt lat="37.367892" lon="31.922453"><ele>1133.7</ele></trkpt>
    <trkpt lat="37.368018" lon="31.923211"><ele>1132.4</ele></trkpt>
    <trkpt lat="37.368013" lon="31.923821"><ele>1131.5</ele></trkpt>
    <trkpt lat="37.367838" lon="31.924231"><ele>1131.0</ele></trkpt>
    <trkpt lat="37.367477" lon="31.924429"><ele>1130.8</ele></trkpt>
    <trkpt lat="37.366952" lon="31.924437"><ele>1131.0</ele></trkpt>
    <trkpt lat="37.366309" lon="31.924309"><ele>1131.6</ele></trkpt>
    <trkpt lat="37.365617" lon="31.924124"><ele>1132.6</ele></trkpt>
    <trkpt lat="37.364955" lon="31.923973"><ele>1133.9</ele></trkpt>
    <trkpt lat="37.364393" lon="31.923939"><ele>1135.6</ele></trkpt>
    <trkpt lat="37.363990" lon="31.924087"><ele>1137.6</ele></trkpt>
    <trkpt lat="37.363772" lon="31.924450"><ele>1139.8</ele></trkpt>
    <trkpt lat="37.363737" lon="31.925023"><ele>1142.2</ele></trkpt>
    <trkpt lat="37.363850" lon="31.925768"><ele>1144.7</ele></trkpt>
    <trkpt lat="37.364050" lon="31.926612"><ele>1147.3</ele></trkpt>
    <trkpt lat="37.364261" lon="31.927469"><ele>1150.0</ele></trkpt>
    <trkpt lat="37.364403" lon="31.928248"><ele>1152.6</ele></trkpt>
    <trkpt lat="37.364411" lon="31.928870"><ele>1155.1</ele></trkpt>
    <trkpt lat="37.364239" lon="31.929286"><ele>1157.4</ele></trkpt>
    <trkpt lat="37.363875" lon="31.929479"><ele>1159.6</ele></trkpt>
    <trkpt lat="37.363338" lon="31.929473"><ele>1161.4</ele></trkpt>
    <trkpt lat="37.362678" lon="31.929326"><ele>1162.9</ele></trkpt>
    <trkpt lat="37.361968" lon="31.929120"><ele>1164.1</ele></trkpt>
    <trkpt lat="37.361287" lon="31.928948"><ele>1164.9</ele></trkpt>
    <trkpt lat="37.360711" lon="31.928897"><ele>1165.3</ele></trkpt>
    <trkpt lat="37.360300" lon="31.929036"><ele>1165.3</ele></trkpt>
    <trkpt lat="37.360082" lon="31.929399"><ele>1164.9</ele></trkpt>
    <trkpt lat="37.360055" lon="31.929981"><ele>1164.1</ele></trkpt>
    <trkpt lat="37.360181" lon="31.930741"><ele>1162.9</ele></trkpt>
    <trkpt lat="37.360399" lon="31.931606"><ele>1161.3</ele></trkpt>
    <trkpt lat="37.360627" lon="31.932483"><ele>1159.5</ele></trkpt>
    <trkpt lat="37.360785" lon="31.933280"><ele>1157.4</ele></trkpt>
    <trkpt lat="37.360804" lon="31.933915"><ele>1155.0</ele></trkpt>
    <trkpt lat="37.360636" lon="31.934335"><ele>1152.6</ele></trkpt>
    <trkpt lat="37.360268" lon="31.934524"><ele>1150.0</ele></trkpt>
    <trkpt lat="37.359721" lon="31.934507"><ele>1147.5</ele></trkpt>
    <trkpt lat="37.359046" lon="31.934342"><ele>1145.0</ele></trkpt>
    <trkpt lat="37.358319" lon="31.934116"><ele>1142.5</ele></trkpt>
    <trkpt lat="37.357622" lon="31.933925"><ele>1140.3</ele></trkpt>
    <trkpt lat="37.357034" lon="31.933861"><ele>1138.3</ele></trkpt>
    <trkpt lat="37.356615" lon="31.933991"><ele>1136.6</ele></trkpt>
    <trkpt lat="37.356397" lon="31.934354"><ele>1135.2</ele></trkpt>
    <trkpt lat="37.356376" lon="31.934943"><ele>1134.2</ele></trkpt>
    <trkpt lat="37.356515" lon="31.935717"><ele>1133.6</ele></trkpt>
    <trkpt lat="37.356747" lon="31.936599"><ele>1133.4</ele></trkpt>
    <trkpt lat="37.356992" lon="31.937495"><ele>1133.6</ele></trkpt>
    <trkpt lat="37.357164" lon="31.938308"><ele>1134.3</ele></trkpt>
    <trkpt lat="37.357192" lon="31.938954"><ele>1135.4</ele></trkpt>
    <trkpt lat="37.357027" lon="31.939378"><ele>1136.8</ele></trkpt>
    <trkpt lat="37.356657" lon="31.939564"><ele>1138.7</ele></trkpt>
    <trkpt lat="37.356101" lon="31.939536"><ele>1140.8</ele></trkpt>
    <trkpt lat="37.355413" lon="31.939357"><ele>1143.2</ele></trkpt>
    <trkpt lat="37.354671" lon="31.939114"><ele>1145.9</ele></trkpt>
    <trkpt lat="37.353959" lon="31.938906"><ele>1148.7</ele></trkpt>
    <trkpt lat="37.353360" lon="31.938829"><ele>1151.5</ele></trkpt>
    <trkpt lat="37.352935" lon="31.938952"><ele>1154.4</ele></trkpt>
    <trkpt lat="37.352717" lon="31.939314"><ele>1157.3</ele></trkpt>
    <trkpt lat="37.352701" lon="31.939910"><ele>1160.0</ele></trkpt>
    <trkpt lat="37.352850" lon="31.940696"><ele>1162.5</ele></trkpt>
    <trkpt lat="37.353096" lon="31.941593"><ele>1164.8</ele></trkpt>
    <trkpt lat="37.353355" lon="31.942505"><ele>1166.8</ele></trkpt>
    <trkpt lat="37.353539" lon="31.943332"><ele>1168.5</ele></trkpt>
    <trkpt lat="37.353575" lon="31.943987"><ele>1169.7</ele></trkpt>
    <trkpt lat="37.353414" lon="31.944415"><ele>1170.6</ele></trkpt>
    <trkpt lat="37.353041" lon="31.944599"><ele>1171.0</ele></trkpt>
    <trkpt lat="37.352478" lon="31.944563"><ele>1171.0</ele></trkpt>
    <trkpt lat="37.351779" lon="31.944370"><ele>1170.5</ele></trkpt>
    <trkpt lat="37.351024" lon="31.944112"><ele>1169.6</ele></trkpt>
    <trkpt lat="37.350300" lon="31.943891"><ele>1168.3</ele></trkpt>
    <trkpt lat="37.349691" lon="31.943802"><ele>1166.6</ele></trkpt>
    <trkpt lat="37.349260" lon="31.943919"><ele>1164.6</ele></trkpt>
    <trkpt lat="37.349041" lon="31.944280"><ele>1162.3</ele></trkpt>
    <trkpt lat="37.349031" lon="31.944881"><ele>1159.8</ele></trkpt>
    <trkpt lat="37.349188" lon="31.945677"><ele>1157.1</ele></trkpt>
    <trkpt lat="37.349445" lon="31.946587"><ele>1154.4</ele></trkpt>
    <trkpt lat="37.349716" lon="31.947513"><ele>1151.6</ele></trkpt>
    <trkpt lat="37.349910" lon="31.948352"><ele>1148.9</ele></trkpt>
    <trkpt lat="37.349954" lon="31.949015"><ele>1146.3</ele></trkpt>
    <trkpt lat="37.349795" lon="31.949447"><ele>1143.9</ele></trkpt>
    <trkpt lat="37.349420" lon="31.949628"><ele>1141.8</ele></trkpt>
    <trkpt lat="37.348851" lon="31.949585"><ele>1139.9</ele></trkpt>
    <trkpt lat="37.348143" lon="31.949382"><ele>1138.5</ele></trkpt>
    <trkpt lat="37.347377" lon="31.949112"><ele>1137.4</ele></trkpt>
    <trkpt lat="37.346643" lon="31.948878"><ele>1136.7</ele></trkpt>
    <trkpt lat="37.346026" lon="31.948780"><ele>1136.5</ele></trkpt>
    <trkpt lat="37.345591" lon="31.948892"><ele>1136.8</ele></trkpt>
    <trkpt lat="37.345371" lon="31.949252"><ele>1137.5</ele></trkpt>
    <trkpt lat="37.345364" lon="31.949858"><ele>1138.6</ele></trkpt>
    <trkpt lat="37.345529" lon="31.950661"><ele>1140.2</ele></trkpt>
    <trkpt lat="37.345795" lon="31.951582"><ele>1142.1</ele></trkpt>
    <trkpt lat="37.346075" lon="31.952519"><ele>1144.4</ele></trkpt>
    <trkpt lat="37.346278" lon="31.953367"><ele>1147.0</ele></trkpt>
    <trkpt lat="37.346327" lon="31.954037"><ele>1149.8</ele></trkpt>
    <trkpt lat="37.346171" lon="31.954472"><ele>1152.7</ele></trkpt>
    <trkpt lat="37.345795" lon="31.954651"><ele>1155.7</ele></trkpt>
    <trkpt lat="37.345221" lon="31.954603"><ele>1158.8</ele></trkpt>
    <trkpt lat="37.344506" lon="31.954392"><ele>1161.8</ele></trkpt>
    <trkpt lat="37.343732" lon="31.954112"><ele>1164.6</ele></trkpt>
    <trkpt lat="37.342989" lon="31.953869"><ele>1167.3</ele></trkpt>
    <trkpt lat="37.342366" lon="31.953763"><ele>1169.7</ele></trkpt>
    <trkpt lat="37.341927" lon="31.953871"><ele>1171.8</ele></trkpt>
    <trkpt lat="37.341707" lon="31.954231"><ele>1173.5</ele></trkpt>
    <trkpt lat="37.341702" lon="31.954839"><ele>1174.8</ele></trkpt>
    <trkpt lat="37.341872" lon="31.955648"><ele>1175.7</ele></trkpt>
    <trkpt lat="37.342145" lon="31.956577"><ele>1176.1</ele></trkpt>
    <trkpt lat="37.342432" lon="31.957522"><ele>1176.1</ele></trkpt>
    <trkpt lat="37.342642" lon="31.958378"><ele>1175.6</ele></trkpt>
    <trkpt lat="37.342696" lon="31.959054"><ele>1174.6</ele></trkpt>
    <trkpt lat="37.342542" lon="31.959490"><ele>1173.3</ele></trkpt>
    <trkpt lat="37.342165" lon="31.959669"><ele>1171.5</ele></trkpt>
    <trkpt lat="37.341588" lon="31.959617"><ele>1169.4</ele></trkpt>
    <trkpt lat="37.340867" lon="31.959400"><ele>1167.0</ele></trkpt>
    <trkpt lat="37.340087" lon="31.959113"><ele>1164.4</ele></trkpt>
    <trkpt lat="37.339338" lon="31.958863"><ele>1161.6</ele></trkpt>
    <trkpt lat="37.338710" lon="31.958752"><ele>1158.7</ele></trkpt>
    <trkpt lat="37.338268" lon="31.958856"><ele>1155.9</ele></trkpt>
    <trkpt lat="37.338047" lon="31.959215"><ele>1153.0</ele></trkpt>
    <trkpt lat="37.338044" lon="31.959825"><ele>1150.4</ele></trkpt>
    <trkpt lat="37.338217" lon="31.960639"><ele>1147.9</ele></trkpt>
    <trkpt lat="37.338495" lon="31.961573"><ele>1145.6</ele></trkpt>
    <trkpt lat="37.338787" lon="31.962524"><ele>1143.7</ele></trkpt>
    <trkpt lat="37.339002" lon="31.963385"><ele>1142.2</ele></trkpt>
    <trkpt lat="37.339059" lon="31.964064"><ele>1141.1</ele></trkpt>
    <trkpt lat="37.338907" lon="31.964503"><ele>1140.4</ele></trkpt>
    <trkpt lat="37.338530" lon="31.964681"><ele>1140.2</ele></trkpt>
    <trkpt lat="37.337950" lon="31.964627"><ele>1140.5</ele></trkpt>
    <trkpt lat="37.337227" lon="31.964406"><ele>1141.2</ele></trkpt>
    <trkpt lat="37.336442" lon="31.964115"><ele>1142.4</ele></trkpt>
    <trkpt lat="37.335690" lon="31.963861"><ele>1144.0</ele></trkpt>
    <trkpt lat="37.335058" lon="31.963746"><ele>1146.0</ele></trkpt>
    <trkpt lat="37.334615" lon="31.963847"><ele>1148.4</ele></trkpt>
    <trkpt lat="37.334393" lon="31.964206"><ele>1151.0</ele></trkpt>
    <trkpt lat="37.334391" lon="31.964817"><ele>1153.8</ele></trkpt>
    <trkpt lat="37.334566" lon="31.965632"><ele>1156.9</ele></trkpt>
    <trkpt lat="37.334846" lon="31.966569"><ele>1160.0</ele></trkpt>
    <trkpt lat="37.335141" lon="31.967523"><ele>1163.1</ele></trkpt>
    <trkpt lat="37.335358" lon="31.968387"><ele>1166.1</ele></trkpt>
    <trkpt lat="37.335417" lon="31.969069"><ele>1169.0</ele></trkpt>
    <trkpt lat="37.335266" lon="31.969508"><ele>1171.8</ele></trkpt>
    <trkpt lat="37.334889" lon="31.969687"><ele>1174.2</ele></trkpt>
    <trkpt lat="37.334309" lon="31.969632"><ele>1176.3</ele></trkpt>
    <trkpt lat="37.333585" lon="31.969410"><ele>1178.1</ele></trkpt>
    <trkpt lat="37.332799" lon="31.969117"><ele>1179.4</ele></trkpt>
    <trkpt lat="37.332045" lon="31.968861"><ele>1180.3</ele></trkpt>
    <trkpt lat="37.331412" lon="31.968745"><ele>1180.7</ele></trkpt>
    <trkpt lat="37.330967" lon="31.968845"><ele>1180.6</ele></trkpt>
    <trkpt lat="37.330745" lon="31.969203"><ele>1180.1</ele></trkpt>
    <trkpt lat="37.330742" lon="31.969813"><ele>1179.1</ele></trkpt>
    <trkpt lat="37.330917" lon="31.970629"><ele>1177.7</ele></trkpt>
    <trkpt lat="37.331198" lon="31.971566"><ele>1176.0</ele></trkpt>
    <trkpt lat="37.331493" lon="31.972521"><ele>1173.8</ele></trkpt>
    <trkpt lat="37.331710" lon="31.973385"><ele>1171.4</ele></trkpt>
    <trkpt lat="37.331770" lon="31.974067"><ele>1168.7</ele></trkpt>
    <trkpt lat="37.331620" lon="31.974508"><ele>1165.9</ele></trkpt>
    <trkpt lat="37.331244" lon="31.974687"><ele>1163.1</ele></trkpt>
    <trkpt lat="37.330665" lon="31.974633"><ele>1160.2</ele></trkpt>
    <trkpt lat="37.329941" lon="31.974412"><ele>1157.3</ele></trkpt>
    <trkpt lat="37.329156" lon="31.974120"><ele>1154.6</ele></trkpt>
    <trkpt lat="37.328402" lon="31.973865"><ele>1152.1</ele></trkpt>
    <trkpt lat="37.327770" lon="31.973749"><ele>1149.9</ele></trkpt>
    <trkpt lat="37.327324" lon="31.973850"><ele>1148.0</ele></trkpt>
    <trkpt lat="37.327102" lon="31.974206"><ele>1146.5</ele></trkpt>
    <trkpt lat="37.327098" lon="31.974815"><ele>1145.4</ele></trkpt>
    <trkpt lat="37.327271" lon="31.975629"><ele>1144.7</ele></trkpt>
    <trkpt lat="37.327550" lon="31.976564"><ele>1144.5</ele></trkpt>
    <trkpt lat="37.327843" lon="31.977516"><ele>1144.8</ele></trkpt>
    <trkpt lat="37.328059" lon="31.978379"><ele>1145.5</ele></trkpt>
    <trkpt lat="37.328118" lon="31.979060"><ele>1146.7</ele></trkpt>
    <trkpt lat="37.327968" lon="31.979501"><ele>1148.3</ele></trkpt>
    <trkpt lat="37.327593" lon="31.979682"><ele>1150.3</ele></trkpt>
    <trkpt lat="37.327016" lon="31.979630"><ele>1152.7</ele></trkpt>
    <trkpt lat="37.326295" lon="31.979412"><ele>1155.3</ele></trkpt>
    <trkpt lat="37.325513" lon="31.979124"><ele>1158.1</ele></trkpt>
    <trkpt lat="37.324763" lon="31.978873"><ele>1161.1</ele></trkpt>
    <trkpt lat="37.324132" lon="31.978759"><ele>1164.2</ele></trkpt>
    <trkpt lat="37.323688" lon="31.978860"><ele>1167.3</ele></trkpt>
    <trkpt lat="37.323464" lon="31.979216"><ele>1170.3</ele></trkpt>
    <trkpt lat="37.323458" lon="31.979823"><ele>1173.2</ele></trkpt>
    <trkpt lat="37.323628" lon="31.980632"><ele>1175.9</ele></trkpt>
    <trkpt lat="37.323902" lon="31.981562"><ele>1178.3</ele></trkpt>
    <trkpt lat="37.324192" lon="31.982509"><ele>1180.4</ele></trkpt>
    <trkpt lat="37.324404" lon="31.983368"><ele>1182.1</ele></trkpt>
    <trkpt lat="37.324461" lon="31.984047"><ele>1183.4</ele></trkpt>
    <trkpt lat="37.324311" lon="31.984487"><ele>1184.3</ele></trkpt>
    <trkpt lat="37.323937" lon="31.984670"><ele>1184.7</ele></trkpt>
    <trkpt lat="37.323364" lon="31.984623"><ele>1184.6</ele></trkpt>
    <trkpt lat="37.322648" lon="31.984411"><ele>1184.1</ele></trkpt>
    <trkpt lat="37.321871" lon="31.984129"><ele>1183.1</ele></trkpt>
    <trkpt lat="37.321126" lon="31.983883"><ele>1181.8</ele></trkpt>
    <trkpt lat="37.320499" lon="31.983774"><ele>1180.0</ele></trkpt>
    <trkpt lat="37.320056" lon="31.983877"><ele>1177.9</ele></trkpt>
    <trkpt lat="37.319832" lon="31.984232"><ele>1175.5</ele></trkpt>
    <trkpt lat="37.319823" lon="31.984835"><ele>1172.9</ele></trkpt>
    <trkpt lat="37.319988" lon="31.985639"><ele>1170.2</ele></trkpt>
    <trkpt lat="37.320256" lon="31.986561"><ele>1167.4</ele></trkpt>
    <trkpt lat="37.320539" lon="31.987501"><ele>1164.5</ele></trkpt>
    <trkpt lat="37.320746" lon="31.988353"><ele>1161.8</ele></trkpt>
    <trkpt lat="37.320799" lon="31.989028"><ele>1159.1</ele></trkpt>
    <trkpt lat="37.320648" lon="31.989467"><ele>1156.7</ele></trkpt>
    <trkpt lat="37.320276" lon="31.989653"><ele>1154.5</ele></trkpt>
    <trkpt lat="37.319708" lon="31.989611"><ele>1152.7</ele></trkpt>
    <trkpt lat="37.318999" lon="31.989407"><ele>1151.2</ele></trkpt>
    <trkpt lat="37.318230" lon="31.989134"><ele>1150.2</ele></trkpt>
    <trkpt lat="37.317492" lon="31.988896"><ele>1149.5</ele></trkpt>
    <trkpt lat="37.316870" lon="31.988793"><ele>1149.4</ele></trkpt>
    <trkpt lat="37.316430" lon="31.988900"><ele>1149.6</ele></trkpt>
    <trkpt lat="37.316205" lon="31.989254"><ele>1150.4</ele></trkpt>
    <trkpt lat="37.316192" lon="31.989852"><ele>1151.5</ele></trkpt>
    <trkpt lat="37.316350" lon="31.990648"><ele>1153.1</ele></trkpt>
    <trkpt lat="37.316610" lon="31.991561"><ele>1155.1</ele></trkpt>
    <trkpt lat="37.316884" lon="31.992491"><ele>1157.3</ele></trkpt>
    <trkpt lat="37.317083" lon="31.993334"><ele>1159.9</ele></trkpt>
    <trkpt lat="37.317132" lon="31.994003"><ele>1162.6</ele></trkpt>
    <trkpt lat="37.316979" lon="31.994441"><ele>1165.5</ele></trkpt>
    <trkpt lat="37.316610" lon="31.994629"><ele>1168.5</ele></trkpt>
    <trkpt lat="37.316048" lon="31.994595"><ele>1171.5</ele></trkpt>
    <trkpt lat="37.315348" lon="31.994401"><ele>1174.4</ele></trkpt>
    <trkpt lat="37.314589" lon="31.994139"><ele>1177.1</ele></trkpt>
    <trkpt lat="37.313860" lon="31.993913"><ele>1179.7</ele></trkpt>
    <trkpt lat="37.313246" lon="31.993818"><ele>1182.0</ele></trkpt>
    <trkpt lat="37.312809" lon="31.993929"><ele>1184.0</ele></trkpt>
    <trkpt lat="37.312584" lon="31.994283"><ele>1185.7</ele></trkpt>
    <trkpt lat="37.312566" lon="31.994875"><ele>1186.9</ele></trkpt>
    <trkpt lat="37.312715" lon="31.995661"><ele>1187.7</ele></trkpt>
    <trkpt lat="37.312964" lon="31.996562"><ele>1188.1</ele></trkpt>
    <trkpt lat="37.313228" lon="31.997479"><ele>1188.0</ele></trkpt>
    <trkpt lat="37.313418" lon="31.998311"><ele>1187.5</ele></trkpt>
    <trkpt lat="37.313460" lon="31.998973"><ele>1186.6</ele></trkpt>
    <trkpt lat="37.313305" lon="31.999408"><ele>1185.3</ele></trkpt>
    <trkpt lat="37.312940" lon="31.999601"><ele>1183.6</ele></trkpt>
    <trkpt lat="37.312385" lon="31.999574"><ele>1181.6</ele></trkpt>
    <trkpt lat="37.311695" lon="31.999393"><ele>1179.3</ele></trkpt>
    <trkpt lat="37.310948" lon="31.999145"><ele>1176.9</ele></trkpt>
    <trkpt lat="37.310231" lon="31.998932"><ele>1174.3</ele></trkpt>
    <trkpt lat="37.309625" lon="31.998848"><ele>1171.6</ele></trkpt>
    <trkpt lat="37.309194" lon="31.998964"><ele>1169.0</ele></trkpt>
    <trkpt lat="37.308968" lon="31.999317"><ele>1166.3</ele></trkpt>
    <trkpt lat="37.308944" lon="31.999903"><ele>1163.9</ele></trkpt>
    <trkpt lat="37.309083" lon="32.000677"><ele>1161.6</ele></trkpt>
    <trkpt lat="37.309320" lon="32.001563"><ele>1159.6</ele></trkpt>
    <trkpt lat="37.309570" lon="32.002465"><ele>1157.9</ele></trkpt>
    <trkpt lat="37.309748" lon="32.003284"><ele>1156.5</ele></trkpt>
    <trkpt lat="37.309783" lon="32.003937"><ele>1155.5</ele></trkpt>
    <trkpt lat="37.309626" lon="32.004370"><ele>1154.9</ele></trkpt>
    <trkpt lat="37.309264" lon="32.004566"><ele>1154.8</ele></trkpt>
    <trkpt lat="37.308718" lon="32.004550"><ele>1155.1</ele></trkpt>
    <trkpt lat="37.308041" lon="32.004383"><ele>1155.8</ele></trkpt>
    <trkpt lat="37.307308" lon="32.004152"><ele>1156.9</ele></trkpt>
    <trkpt lat="37.306604" lon="32.003955"><ele>1158.4</ele></trkpt>
    <trkpt lat="37.306009" lon="32.003882"><ele>1160.2</ele></trkpt>
    <trkpt lat="37.305583" lon="32.004005"><ele>1162.3</ele></trkpt>
    <trkpt lat="37.305357" lon="32.004357"><ele>1164.7</ele></trkpt>
    <trkpt lat="37.305326" lon="32.004935"><ele>1167.3</ele></trkpt>
    <trkpt lat="37.305454" lon="32.005696"><ele>1170.0</ele></trkpt>
    <trkpt lat="37.305676" lon="32.006565"><ele>1172.8</ele></trkpt>
    <trkpt lat="37.305910" lon="32.007449"><ele>1175.6</ele></trkpt>
    <trkpt lat="37.306076" lon="32.008253"><ele>1178.3</ele></trkpt>
    <trkpt lat="37.306102" lon="32.008896"><ele>1180.8</ele></trkpt>
    <trkpt lat="37.305942" lon="32.009326"><ele>1183.2</ele></trkpt>
    <trkpt lat="37.305584" lon="32.009526"><ele>1185.4</ele></trkpt>
    <trkpt lat="37.305047" lon="32.009522"><ele>1187.2</ele></trkpt>
    <trkpt lat="37.304385" lon="32.009371"><ele>1188.7</ele></trkpt>
    <trkpt lat="37.303668" lon="32.009159"><ele>1189.9</ele></trkpt>
    <trkpt lat="37.302980" lon="32.008980"><ele>1190.6</ele></trkpt>
    <trkpt lat="37.302397" lon="32.008921"><ele>1191.0</ele></trkpt>
    <trkpt lat="37.301978" lon="32.009051"><ele>1190.9</ele></trkpt>
    <trkpt lat="37.301751" lon="32.009403"><ele>1190.4</ele></trkpt>
    <trkpt lat="37.301713" lon="32.009973"><ele>1189.6</ele></trkpt>
    <trkpt lat="37.301827" lon="32.010718"><ele>1188.4</ele></trkpt>
    <trkpt lat="37.302032" lon="32.011568"><ele>1186.8</ele></trkpt>
    <trkpt lat="37.302250" lon="32.012432"><ele>1185.0</ele></trkpt>
    <trkpt lat="37.302400" lon="32.013218"><ele>1182.9</ele></trkpt>
    <trkpt lat="37.302416" lon="32.013850"><ele>1180.7</ele></trkpt>
    <trkpt lat="37.302253" lon="32.014276"><ele>1178.3</ele></trkpt>
    <trkpt lat="37.301899" lon="32.014481"><ele>1175.9</ele></trkpt>
    <trkpt lat="37.301374" lon="32.014489"><ele>1173.4</ele></trkpt>
    <trkpt lat="37.300727" lon="32.014357"><ele>1171.1</ele></trkpt>
    <trkpt lat="37.300029" lon="32.014167"><ele>1168.8</ele></trkpt>
    <trkpt lat="37.299358" lon="32.014007"><ele>1166.8</ele></trkpt>
    <trkpt lat="37.298789" lon="32.013965"><ele>1165.0</ele></trkpt>
    <trkpt lat="37.298377" lon="32.014103"><ele>1163.4</ele></trkpt>
    <trkpt lat="37.298149" lon="32.014454"><ele>1162.2</ele></trkpt>
    <trkpt lat="37.298103" lon="32.015015"><ele>1161.3</ele></trkpt>
    <trkpt lat="37.298203" lon="32.015743"><ele>1160.9</ele></trkpt>
    <trkpt lat="37.298390" lon="32.016571"><ele>1160.7</ele></trkpt>
    <trkpt lat="37.298588" lon="32.017413"><ele>1161.0</ele></trkpt>
    <trkpt lat="37.298721" lon="32.018180"><ele>1161.7</ele></trkpt>
    <trkpt lat="37.298725" lon="32.018799"><ele>1162.7</ele></trkpt>
    <trkpt lat="37.298559" lon="32.019220"><ele>1164.1</ele></trkpt>
    <trkpt lat="37.298210" lon="32.019431"><ele>1165.7</ele></trkpt>
    <trkpt lat="37.297697" lon="32.019453"><ele>1167.7</ele></trkpt>
    <trkpt lat="37.297068" lon="32.019342"><ele>1169.8</ele></trkpt>
    <trkpt lat="37.296390" lon="32.019175"><ele>1172.2</ele></trkpt>
    <trkpt lat="37.295739" lon="32.019038"><ele>1174.6</ele></trkpt>
    <trkpt lat="37.295185" lon="32.019013"><ele>1177.1</ele></trkpt>
    <trkpt lat="37.294780" lon="32.019160"><ele>1179.6</ele></trkpt>
    <trkpt lat="37.294552" lon="32.019511"><ele>1182.0</ele></trkpt>
    <trkpt lat="37.294497" lon="32.020061"><ele>1184.3</ele></trkpt>
    <trkpt lat="37.294581" lon="32.020771"><ele>1186.4</ele></trkpt>
    <trkpt lat="37.294747" lon="32.021576"><ele>1188.4</ele></trkpt>
    <trkpt lat="37.294924" lon="32.022393"><ele>1190.0</ele></trkpt>
    <trkpt lat="37.295039" lon="32.023139"><ele>1191.3</ele></trkpt>
    <trkpt lat="37.295031" lon="32.023743"><ele>1192.4</ele></trkpt>
    <trkpt lat="37.294861" lon="32.024160"><ele>1193.0</ele></trkpt>
    <trkpt lat="37.294516" lon="32.024376"><ele>1193.3</ele></trkpt>
    <trkpt lat="37.294016" lon="32.024414"><ele>1193.3</ele></trkpt>
    <trkpt lat="37.293407" lon="32.024325"><ele>1192.8</ele></trkpt>
    <trkpt lat="37.292751" lon="32.024183"><ele>1192.1</ele></trkpt>
    <trkpt lat="37.292122" lon="32.024071"><ele>1191.0</ele></trkpt>
    <trkpt lat="37.291584" lon="32.024065"><ele>1189.7</ele></trkpt>
    <trkpt lat="37.291188" lon="32.024222"><ele>1188.0</ele></trkpt>
    <trkpt lat="37.290960" lon="32.024572"><ele>1186.2</ele></trkpt>
    <trkpt lat="37.290895" lon="32.025111"><ele>1184.3</ele></trkpt>
    <trkpt lat="37.290962" lon="32.025801"><ele>1182.2</ele></trkpt>
    <trkpt lat="37.291106" lon="32.026580"><ele>1180.1</ele></trkpt>
    <trkpt lat="37.291259" lon="32.027371"><ele>1178.0</ele></trkpt>
    <trkpt lat="37.291354" lon="32.028094"><ele>1175.9</ele></trkpt>
    <trkpt lat="37.291333" lon="32.028682"><ele>1174.0</ele></trkpt>
    <trkpt lat="37.291158" lon="32.029094"><ele>1172.2</ele></trkpt>
    <trkpt lat="37.290819" lon="32.029317"><ele>1170.7</ele></trkpt>
    <trkpt lat="37.290333" lon="32.029371"><ele>1169.4</ele></trkpt>
    <trkpt lat="37.289745" lon="32.029306"><ele>1168.4</ele></trkpt>
    <trkpt lat="37.289113" lon="32.029192"><ele>1167.6</ele></trkpt>
    <trkpt lat="37.288506" lon="32.029106"><ele>1167.2</ele></trkpt>
    <trkpt lat="37.287986" lon="32.029120"><ele>1167.2</ele></trkpt>
    <trkpt lat="37.287600" lon="32.029289"><ele>1167.4</ele></trkpt>
    <trkpt lat="37.287372" lon="32.029639"><ele>1168.0</ele></trkpt>
    <trkpt lat="37.287296" lon="32.030165"><ele>1169.0</ele></trkpt>
    <trkpt lat="37.287344" lon="32.030834"><ele>1170.2</ele></trkpt>
    <trkpt lat="37.287465" lon="32.031586"><ele>1171.6</ele></trkpt>
    <trkpt lat="37.287593" lon="32.032348"><ele>1173.3</ele></trkpt>
    <trkpt lat="37.287667" lon="32.033046"><ele>1175.2</ele></trkpt>
    <trkpt lat="37.287631" lon="32.033618"><ele>1177.2</ele></trkpt>
    <trkpt lat="37.287451" lon="32.034024"><ele>1179.3</ele></trkpt>
    <trkpt lat="37.287118" lon="32.034253"><ele>1181.4</ele></trkpt>
    <trkpt lat="37.286648" lon="32.034325"><ele>1183.6</ele></trkpt>
    <trkpt lat="37.286081" lon="32.034286"><ele>1185.6</ele></trkpt>
    <trkpt lat="37.285476" lon="32.034201"><ele>1187.6</ele></trkpt>
    <trkpt lat="37.284893" lon="32.034144"><ele>1189.4</ele></trkpt>
    <trkpt lat="37.284392" lon="32.034180"><ele>1191.0</ele></trkpt>
    <trkpt lat="37.284016" lon="32.034360"><ele>1192.4</ele></trkpt>
    <trkpt lat="37.283787" lon="32.034709"><ele>1193.6</ele></trkpt>
    <trkpt lat="37.283701" lon="32.035223"><ele>1194.4</ele></trkpt>
    <trkpt lat="37.283729" lon="32.035869"><ele>1195.0</ele></trkpt>
    <trkpt lat="37.283824" lon="32.036592"><ele>1195.2</ele></trkpt>
    <trkpt lat="37.283926" lon="32.037323"><ele>1195.2</ele></trkpt>
    <trkpt lat="37.283977" lon="32.037995"><ele>1194.8</ele></trkpt>
    <trkpt lat="37.283926" lon="32.038549"><ele>1194.2</ele></trkpt>
    <trkpt lat="37.283741" lon="32.038949"><ele>1193.3</ele></trkpt>
    <trkpt lat="37.283413" lon="32.039185"><ele>1192.2</ele></trkpt>
    <trkpt lat="37.282959" lon="32.039276"><ele>1190.8</ele></trkpt>
    <trkpt lat="37.282417" lon="32.039264"><ele>1189.3</ele></trkpt>
    <trkpt lat="37.281838" lon="32.039211"><ele>1187.7</ele></trkpt>
    <trkpt lat="37.281282" lon="32.039183"><ele>1186.0</ele></trkpt>
    <trkpt lat="37.280801" lon="32.039243"><ele>1184.3</ele></trkpt>
    <trkpt lat="37.280436" lon="32.039435"><ele>1182.6</ele></trkpt>
    <trkpt lat="37.280206" lon="32.039784"><ele>1180.9</ele></trkpt>
    <trkpt lat="37.280108" lon="32.040285"><ele>1179.4</ele></trkpt>
    <trkpt lat="37.280115" lon="32.040906"><ele>1177.9</ele></trkpt>
    <trkpt lat="37.280183" lon="32.041598"><ele>1176.7</ele></trkpt>
    <trkpt lat="37.280258" lon="32.042297"><ele>1175.7</ele></trkpt>
    <trkpt lat="37.280284" lon="32.042941"><ele>1174.9</ele></trkpt>
    <trkpt lat="37.280217" lon="32.043476"><ele>1174.3</ele></trkpt>
    <trkpt lat="37.280026" lon="32.043870"><ele>1174.0</ele></trkpt>
    <trkpt lat="37.279705" lon="32.044114"><ele>1174.0</ele></trkpt>
    <trkpt lat="37.279269" lon="32.044224"><ele>1174.3</ele></trkpt>
    <trkpt lat="37.278751" lon="32.044241"><ele>1174.8</ele></trkpt>
    <trkpt lat="37.278201" lon="32.044221"><ele>1175.6</ele></trkpt>
    <trkpt lat="37.277672" lon="32.044225"><ele>1176.6</ele></trkpt>
    <trkpt lat="37.277212" lon="32.044309"><ele>1177.8</ele></trkpt>
    <trkpt lat="37.276858" lon="32.044515"><ele>1179.2</ele></trkpt>
    <trkpt lat="37.276628" lon="32.044863"><ele>1180.7</ele></trkpt>
    <trkpt lat="37.276518" lon="32.045349"><ele>1182.4</ele></trkpt>
    <trkpt lat="37.276503" lon="32.045945"><ele>1184.1</ele></trkpt>
    <trkpt lat="37.276543" lon="32.046605"><ele>1185.8</ele></trkpt>
    <trkpt lat="37.276589" lon="32.047270"><ele>1187.5</ele></trkpt>
    <trkpt lat="37.276590" lon="32.047885"><ele>1189.2</ele></trkpt>
    <trkpt lat="37.276505" lon="32.048401"><ele>1190.7</ele></trkpt>
    <trkpt lat="37.276309" lon="32.048788"><ele>1192.2</ele></trkpt>
    <trkpt lat="37.275995" lon="32.049039"><ele>1193.5</ele></trkpt>
    <trkpt lat="37.275576" lon="32.049170"><ele>1194.6</ele></trkpt>
    <trkpt lat="37.275085" lon="32.049217"><ele>1195.5</ele></trkpt>
    <trkpt lat="37.274565" lon="32.049232"><ele>1196.1</ele></trkpt>
    <trkpt lat="37.274064" lon="32.049268"><ele>1196.6</ele></trkpt>
    <trkpt lat="37.273626" lon="32.049378"><ele>1196.8</ele></trkpt>
    <trkpt lat="37.273284" lon="32.049597"><ele>1196.7</ele></trkpt>
    <trkpt lat="37.273054" lon="32.049945"><ele>1196.5</ele></trkpt>
    <trkpt lat="37.272931" lon="32.050416"><ele>1196.0</ele></trkpt>
    <trkpt lat="37.272893" lon="32.050986"><ele>1195.3</ele></trkpt>
    <trkpt lat="37.272904" lon="32.051612"><ele>1194.4</ele></trkpt>
    <trkpt lat="37.272918" lon="32.052242"><ele>1193.4</ele></trkpt>
    <trkpt lat="37.272893" lon="32.052826"><ele>1192.3</ele></trkpt>
    <trkpt lat="37.272791" lon="32.053322"><ele>1191.1</ele></trkpt>
    <trkpt lat="37.272589" lon="32.053702"><ele>1189.8</ele></trkpt>
    <trkpt lat="37.272281" lon="32.053961"><ele>1188.5</ele></trkpt>
    <trkpt lat="37.271881" lon="32.054114"><ele>1187.2</ele></trkpt>
    <trkpt lat="37.271417" lon="32.054193"><ele>1186.0</ele></trkpt>
    <trkpt lat="37.270928" lon="32.054243"><ele>1184.9</ele></trkpt>
    <trkpt lat="37.270457" lon="32.054313"><ele>1183.8</ele></trkpt>
    <trkpt lat="37.270042" lon="32.054449"><ele>1182.9</ele></trkpt>
    <trkpt lat="37.269713" lon="32.054683"><ele>1182.2</ele></trkpt>
    <trkpt lat="37.269482" lon="32.055030"><ele>1181.7</ele></trkpt>
    <trkpt lat="37.269345" lon="32.055486"><ele>1181.3</ele></trkpt>
    <trkpt lat="37.269284" lon="32.056028"><ele>1181.1</ele></trkpt>
    <trkpt lat="37.269264" lon="32.056619"><ele>1181.2</ele></trkpt>
    <trkpt lat="37.269247" lon="32.057213"><ele>1181.4</ele></trkpt>
    <trkpt lat="37.269195" lon="32.057765"><ele>1181.9</ele></trkpt>
    <trkpt lat="37.269074" lon="32.058240"><ele>1182.5</ele></trkpt>
    <trkpt lat="37.268866" lon="32.058613"><ele>1183.3</ele></trkpt>
    <trkpt lat="37.268566" lon="32.058881"><ele>1184.2</ele></trkpt>
    <trkpt lat="37.268185" lon="32.059055"><ele>1185.3</ele></trkpt>
    <trkpt lat="37.267749" lon="32.059167"><ele>1186.4</ele></trkpt>
    <trkpt lat="37.267292" lon="32.059254"><ele>1187.6</ele></trkpt>
    <trkpt lat="37.266852" lon="32.059360"><ele>1188.9</ele></trkpt>
    <trkpt lat="37.266461" lon="32.059523"><ele>1190.2</ele></trkpt>
    <trkpt lat="37.266144" lon="32.059771"><ele>1191.4</ele></trkpt>
    <trkpt lat="37.265912" lon="32.060118"><ele>1192.6</ele></trkpt>
    <trkpt lat="37.265762" lon="32.060558"><ele>1193.7</ele></trkpt>
    <trkpt lat="37.265676" lon="32.061072"><ele>1194.8</ele></trkpt>
    <trkpt lat="37.265625" lon="32.061626"><ele>1195.7</ele></trkpt>
    <trkpt lat="37.265575" lon="32.062183"><ele>1196.5</ele></trkpt>
    <trkpt lat="37.265495" lon="32.062703"><ele>1197.1</ele></trkpt>
    <trkpt lat="37.265355" lon="32.063155"><ele>1197.6</ele></trkpt>
    <trkpt lat="37.265141" lon="32.063522"><ele>1197.9</ele></trkpt>
    <trkpt lat="37.264848" lon="32.063798"><ele>1198.0</ele></trkpt>
    <trkpt lat="37.264487" lon="32.063996"><ele>1198.0</ele></trkpt>
    <trkpt lat="37.264080" lon="32.064141"><ele>1197.8</ele></trkpt>
    <trkpt lat="37.263657" lon="32.064266"><ele>1197.5</ele></trkpt>
    <trkpt lat="37.263248" lon="32.064408"><ele>1197.0</ele></trkpt>
    <trkpt lat="37.262881" lon="32.064599"><ele>1196.5</ele></trkpt>
    <trkpt lat="37.262577" lon="32.064862"><ele>1195.8</ele></trkpt>
    <trkpt lat="37.262345" lon="32.065208"><ele>1195.1</ele></trkpt>
    <trkpt lat="37.262180" lon="32.065632"><ele>1194.3</ele></trkpt>
    <trkpt lat="37.262068" lon="32.066116"><ele>1193.5</ele></trkpt>
    <trkpt lat="37.261985" lon="32.066634"><ele>1192.7</ele></trkpt>
    <trkpt lat="37.261903" lon="32.067152"><ele>1191.9</ele></trkpt>
    <trkpt lat="37.261793" lon="32.067639"><ele>1191.1</ele></trkpt>
    <trkpt lat="37.261634" lon="32.068069"><ele>1190.5</ele></trkpt>
    <trkpt lat="37.261413" lon="32.068428"><ele>1189.9</ele></trkpt>
    <trkpt lat="37.261128" lon="32.068713"><ele>1189.4</ele></trkpt>
    <trkpt lat="37.260788" lon="32.068935"><ele>1189.0</ele></trkpt>
    <trkpt lat="37.260411" lon="32.069114"><ele>1188.7</ele></trkpt>
    <trkpt lat="37.260022" lon="32.069278"><ele>1188.5</ele></trkpt>
    <trkpt lat="37.259645" lon="32.069457"><ele>1188.5</ele></trkpt>
    <trkpt lat="37.259303" lon="32.069677"><ele>1188.6</ele></trkpt>
    <trkpt lat="37.259012" lon="32.069955"><ele>1188.8</ele></trkpt>
    <trkpt lat="37.258779" lon="32.070300"><ele>1189.2</ele></trkpt>
    <trkpt lat="37.258600" lon="32.070707"><ele>1189.6</ele></trkpt>
    <trkpt lat="37.258462" lon="32.071161"><ele>1190.2</ele></trkpt>
    <trkpt lat="37.258346" lon="32.071641"><ele>1190.8</ele></trkpt>
    <trkpt lat="37.258229" lon="32.072120"><ele>1191.5</ele></trkpt>
    <trkpt lat="37.258090" lon="32.072573"><ele>1192.2</ele></trkpt>
    <trkpt lat="37.257912" lon="32.072981"><ele>1193.0</ele></trkpt>
    <trkpt lat="37.257685" lon="32.073333"><ele>1193.8</ele></trkpt>
    <trkpt lat="37.257408" lon="32.073627"><ele>1194.5</ele></trkpt>
    <trkpt lat="37.257089" lon="32.073873"><ele>1195.3</ele></trkpt>
    <trkpt lat="37.256742" lon="32.074087"><ele>1196.0</ele></trkpt>
    <trkpt lat="37.256387" lon="32.074291"><ele>1196.7</ele></trkpt>
    <trkpt lat="37.256042" lon="32.074508"><ele>1197.2</ele></trkpt>
    <trkpt lat="37.255726" lon="32.074756"><ele>1197.8</ele></trkpt>
    <trkpt lat="37.255448" lon="32.075050"><ele>1198.2</ele></trkpt>
    <trkpt lat="37.255214" lon="32.075394"><ele>1198.6</ele></trkpt>
    <trkpt lat="37.255020" lon="32.075783"><ele>1198.8</ele></trkpt>
    <trkpt lat="37.254856" lon="32.076207"><ele>1199.0</ele></trkpt>
    <trkpt lat="37.254706" lon="32.076648"><ele>1199.1</ele></trkpt>
    <trkpt lat="37.254555" lon="32.077087"><ele>1199.1</ele></trkpt>
    <trkpt lat="37.254386" lon="32.077506"><ele>1199.0</ele></trkpt>
    <trkpt lat="37.254188" lon="32.077891"><ele>1198.8</ele></trkpt>
    <trkpt lat="37.253955" lon="32.078236"><ele>1198.6</ele></trkpt>
    <trkpt lat="37.253686" lon="32.078539"><ele>1198.4</ele></trkpt>
    <trkpt lat="37.253388" lon="32.078810"><ele>1198.1</ele></trkpt>
    <trkpt lat="37.253073" lon="32.079060"><ele>1197.8</ele></trkpt>
    <trkpt lat="37.252752" lon="32.079304"><ele>1197.5</ele></trkpt>
    <trkpt lat="37.252441" lon="32.079559"><ele>1197.2</ele></trkpt>
    <trkpt lat="37.252150" lon="32.079837"><ele>1196.9</ele></trkpt>
    <trkpt lat="37.251886" lon="32.080146"><ele>1196.6</ele></trkpt>
    <trkpt lat="37.251651" lon="32.080488"><ele>1196.3</ele></trkpt>
    <trkpt lat="37.251441" lon="32.080860"><ele>1196.1</ele></trkpt>
    <trkpt lat="37.251250" lon="32.081253"><ele>1196.0</ele></trkpt>
    <trkpt lat="37.251067" lon="32.081655"><ele>1195.9</ele></trkpt>
    <trkpt lat="37.250880" lon="32.082054"><ele>1195.8</ele></trkpt>
    <trkpt lat="37.250682" lon="32.082438"><ele>1195.8</ele></trkpt>
    <trkpt lat="37.250464" lon="32.082801"><ele>1195.9</ele></trkpt>
    <trkpt lat="37.250224" lon="32.083138"><ele>1196.0</ele></trkpt>
    <trkpt lat="37.249964" lon="32.083451"><ele>1196.2</ele></trkpt>
    <trkpt lat="37.249688" lon="32.083747"><ele>1196.4</ele></trkpt>
    <trkpt lat="37.249403" lon="32.084032"><ele>1196.6</ele></trkpt>
    <trkpt lat="37.249118" lon="32.084318"><ele>1196.9</ele></trkpt>
    <trkpt lat="37.248840" lon="32.084611"><ele>1197.2</ele></trkpt>
    <trkpt lat="37.248575" lon="32.084918"><ele>1197.5</ele></trkpt>
    <trkpt lat="37.248324" lon="32.085243"><ele>1197.8</ele></trkpt>
    <trkpt lat="37.248088" lon="32.085584"><ele>1198.1</ele></trkpt>
    <trkpt lat="37.247863" lon="32.085938"><ele>1198.4</ele></trkpt>
    <trkpt lat="37.247644" lon="32.086300"><ele>1198.7</ele></trkpt>
    <trkpt lat="37.247427" lon="32.086662"><ele>1198.9</ele></trkpt>
    <trkpt lat="37.247205" lon="32.087020"><ele>1199.1</ele></trkpt>
    <trkpt lat="37.246976" lon="32.087370"><ele>1199.3</ele></trkpt>
    <trkpt lat="37.246739" lon="32.087709"><ele>1199.5</ele></trkpt>
    <trkpt lat="37.246493" lon="32.088039"><ele>1199.6</ele></trkpt>
    <trkpt lat="37.246241" lon="32.088363"><ele>1199.8</ele></trkpt>
    <trkpt lat="37.245987" lon="32.088683"><ele>1199.8</ele></trkpt>
    <trkpt lat="37.245734" lon="32.089005"><ele>1199.9</ele></trkpt>
    <trkpt lat="37.245484" lon="32.089331"><ele>1199.9</ele></trkpt>
    <trkpt lat="37.245240" lon="32.089663"><ele>1200.0</ele></trkpt>
    <trkpt lat="37.245000" lon="32.090000"><ele>1200.0</ele></trkpt>
    <trkpt lat="37.244842" lon="32.090406"><ele>1200.0</ele></trkpt>
    <trkpt lat="37.244684" lon="32.090812"><ele>1199.9</ele></trkpt>
    <trkpt lat="37.244534" lon="32.091222"><ele>1199.8</ele></trkpt>
    <trkpt lat="37.244396" lon="32.091639"><ele>1199.7</ele></trkpt>
    <trkpt lat="37.244272" lon="32.092063"><ele>1199.6</ele></trkpt>
    <trkpt lat="37.244159" lon="32.092494"><ele>1199.4</ele></trkpt>
    <trkpt lat="37.244052" lon="32.092928"><ele>1199.1</ele></trkpt>
    <trkpt lat="37.243942" lon="32.093360"><ele>1198.8</ele></trkpt>
    <trkpt lat="37.243818" lon="32.093785"><ele>1198.5</ele></trkpt>
    <trkpt lat="37.243673" lon="32.094198"><ele>1198.1</ele></trkpt>
    <trkpt lat="37.243503" lon="32.094597"><ele>1197.6</ele></trkpt>
    <trkpt lat="37.243308" lon="32.094983"><ele>1197.1</ele></trkpt>
    <trkpt lat="37.243094" lon="32.095358"><ele>1196.5</ele></trkpt>
    <trkpt lat="37.242874" lon="32.095729"><ele>1196.0</ele></trkpt>
    <trkpt lat="37.242662" lon="32.096105"><ele>1195.4</ele></trkpt>
    <trkpt lat="37.242473" lon="32.096494"><ele>1194.8</ele></trkpt>
    <trkpt lat="37.242318" lon="32.096901"><ele>1194.3</ele></trkpt>
    <trkpt lat="37.242204" lon="32.097332"><ele>1193.8</ele></trkpt>
    <trkpt lat="37.242130" lon="32.097783"><ele>1193.3</ele></trkpt>
    <trkpt lat="37.242085" lon="32.098252"><ele>1192.9</ele></trkpt>
    <trkpt lat="37.242055" lon="32.098729"><ele>1192.6</ele></trkpt>
    <trkpt lat="37.242019" lon="32.099202"><ele>1192.3</ele></trkpt>
    <trkpt lat="37.241955" lon="32.099660"><ele>1192.2</ele></trkpt>
    <trkpt lat="37.241847" lon="32.100093"><ele>1192.1</ele></trkpt>
    <trkpt lat="37.241682" lon="32.100495"><ele>1192.2</ele></trkpt>
    <trkpt lat="37.241462" lon="32.100866"><ele>1192.4</ele></trkpt>
    <trkpt lat="37.241194" lon="32.101212"><ele>1192.6</ele></trkpt>
    <trkpt lat="37.240898" lon="32.101541"><ele>1193.0</ele></trkpt>
    <trkpt lat="37.240601" lon="32.101870"><ele>1193.4</ele></trkpt>
    <trkpt lat="37.240329" lon="32.102213"><ele>1193.9</ele></trkpt>
    <trkpt lat="37.240108" lon="32.102584"><ele>1194.5</ele></trkpt>
    <trkpt lat="37.239955" lon="32.102992"><ele>1195.1</ele></trkpt>
    <trkpt lat="37.239876" lon="32.103442"><ele>1195.7</ele></trkpt>
    <trkpt lat="37.239863" lon="32.103928"><ele>1196.3</ele></trkpt>
    <trkpt lat="37.239897" lon="32.104440"><ele>1196.8</ele></trkpt>
    <trkpt lat="37.239947" lon="32.104961"><ele>1197.3</ele></trkpt>
    <trkpt lat="37.239981" lon="32.105472"><ele>1197.8</ele></trkpt>
    <trkpt lat="37.239963" lon="32.105956"><ele>1198.1</ele></trkpt>
    <trkpt lat="37.239870" lon="32.106398"><ele>1198.3</ele></trkpt>
    <trkpt lat="37.239688" lon="32.106790"><ele>1198.3</ele></trkpt>
    <trkpt lat="37.239419" lon="32.107135"><ele>1198.2</ele></trkpt>
    <trkpt lat="37.239081" lon="32.107441"><ele>1198.0</ele></trkpt>
    <trkpt lat="37.238706" lon="32.107727"><ele>1197.6</ele></trkpt>
    <trkpt lat="37.238332" lon="32.108014"><ele>1197.0</ele></trkpt>
    <trkpt lat="37.238002" lon="32.108324"><ele>1196.2</ele></trkpt>
    <trkpt lat="37.237749" lon="32.108678"><ele>1195.3</ele></trkpt>
    <trkpt lat="37.237597" lon="32.109087"><ele>1194.2</ele></trkpt>
    <trkpt lat="37.237551" lon="32.109554"><ele>1193.0</ele></trkpt>
    <trkpt lat="37.237597" lon="32.110073"><ele>1191.8</ele></trkpt>
    <trkpt lat="37.237706" lon="32.110626"><ele>1190.4</ele></trkpt>
    <trkpt lat="37.237835" lon="32.111191"><ele>1189.0</ele></trkpt>
    <trkpt lat="37.237935" lon="32.111739"><ele>1187.5</ele></trkpt>
    <trkpt lat="37.237964" lon="32.112248"><ele>1186.1</ele></trkpt>
    <trkpt lat="37.237886" lon="32.112698"><ele>1184.7</ele></trkpt>
    <trkpt lat="37.237687" lon="32.113082"><ele>1183.4</ele></trkpt>
    <trkpt lat="37.237373" lon="32.113401"><ele>1182.2</ele></trkpt>
    <trkpt lat="37.236968" lon="32.113671"><ele>1181.1</ele></trkpt>
    <trkpt lat="37.236517" lon="32.113914"><ele>1180.2</ele></trkpt>
    <trkpt lat="37.236071" lon="32.114161"><ele>1179.5</ele></trkpt>
    <trkpt lat="37.235684" lon="32.114440"><ele>1179.0</ele></trkpt>
    <trkpt lat="37.235401" lon="32.114777"><ele>1178.7</ele></trkpt>
    <trkpt lat="37.235248" lon="32.115186"><ele>1178.7</ele></trkpt>
    <trkpt lat="37.235233" lon="32.115670"><ele>1178.9</ele></trkpt>
    <trkpt lat="37.235335" lon="32.116220"><ele>1179.3</ele></trkpt>
    <trkpt lat="37.235514" lon="32.116812"><ele>1180.0</ele></trkpt>
    <trkpt lat="37.235717" lon="32.117417"><ele>1180.8</ele></trkpt>
    <trkpt lat="37.235881" lon="32.118001"><ele>1181.9</ele></trkpt>
    <trkpt lat="37.235953" lon="32.118534"><ele>1183.1</ele></trkpt>
    <trkpt lat="37.235891" lon="32.118993"><ele>1184.4</ele></trkpt>
    <trkpt lat="37.235678" lon="32.119368"><ele>1185.8</ele></trkpt>
    <trkpt lat="37.235321" lon="32.119664"><ele>1187.3</ele></trkpt>
    <trkpt lat="37.234854" lon="32.119899"><ele>1188.7</ele></trkpt>
    <trkpt lat="37.234331" lon="32.120103"><ele>1190.2</ele></trkpt>
    <trkpt lat="37.233817" lon="32.120312"><ele>1191.5</ele></trkpt>
    <trkpt lat="37.233377" lon="32.120562"><ele>1192.8</ele></trkpt>
    <trkpt lat="37.233064" lon="32.120883"><ele>1193.9</ele></trkpt>
    <trkpt lat="37.232911" lon="32.121291"><ele>1194.8</ele></trkpt>
    <trkpt lat="37.232923" lon="32.121791"><ele>1195.4</ele></trkpt>
    <trkpt lat="37.233076" lon="32.122369"><ele>1195.9</ele></trkpt>
    <trkpt lat="37.233321" lon="32.122998"><ele>1196.0</ele></trkpt>
    <trkpt lat="37.233592" lon="32.123640"><ele>1195.9</ele></trkpt>
    <trkpt lat="37.233817" lon="32.124258"><ele>1195.4</ele></trkpt>
    <trkpt lat="37.233929" lon="32.124813"><ele>1194.7</ele></trkpt>
    <trkpt lat="37.233883" lon="32.125280"><ele>1193.6</ele></trkpt>
    <trkpt lat="37.233656" lon="32.125648"><ele>1192.3</ele></trkpt>
    <trkpt lat="37.233261" lon="32.125923"><ele>1190.8</ele></trkpt>
    <trkpt lat="37.232737" lon="32.126127"><ele>1189.0</ele></trkpt>
    <trkpt lat="37.232148" lon="32.126295"><ele>1187.0</ele></trkpt>
    <trkpt lat="37.231572" lon="32.126469"><ele>1184.9</ele></trkpt>
    <trkpt lat="37.231082" lon="32.126692"><ele>1182.7</ele></trkpt>
    <trkpt lat="37.230742" lon="32.126997"><ele>1180.5</ele></trkpt>
    <trkpt lat="37.230588" lon="32.127405"><ele>1178.2</ele></trkpt>
    <trkpt lat="37.230625" lon="32.127918"><ele>1176.1</ele></trkpt>
    <trkpt lat="37.230824" lon="32.128521"><ele>1174.0</ele></trkpt>
    <trkpt lat="37.231128" lon="32.129183"><ele>1172.0</ele></trkpt>
    <trkpt lat="37.231462" lon="32.129860"><ele>1170.3</ele></trkpt>
    <trkpt lat="37.231741" lon="32.130507"><ele>1168.8</ele></trkpt>
    <trkpt lat="37.231891" lon="32.131083"><ele>1167.6</ele></trkpt>
    <trkpt lat="37.231858" lon="32.131559"><ele>1166.7</ele></trkpt>
    <trkpt lat="37.231621" lon="32.131921"><ele>1166.1</ele></trkpt>
    <trkpt lat="37.231191" lon="32.132176"><ele>1165.9</ele></trkpt>
    <trkpt lat="37.230617" lon="32.132352"><ele>1166.1</ele></trkpt>
    <trkpt lat="37.229970" lon="32.132488"><ele>1166.5</ele></trkpt>
    <trkpt lat="37.229336" lon="32.132631"><ele>1167.4</ele></trkpt>
    <trkpt lat="37.228803" lon="32.132829"><ele>1168.5</ele></trkpt>
    <trkpt lat="37.228437" lon="32.133120"><ele>1169.9</ele></trkpt>
    <trkpt lat="37.228281" lon="32.133527"><ele>1171.6</ele></trkpt>
    <trkpt lat="37.228339" lon="32.134052"><ele>1173.5</ele></trkpt>
    <trkpt lat="37.228579" lon="32.134678"><ele>1175.5</ele></trkpt>
    <trkpt lat="37.228936" lon="32.135368"><ele>1177.7</ele></trkpt>
    <trkpt lat="37.229324" lon="32.136076"><ele>1179.8</ele></trkpt>
    <trkpt lat="37.229651" lon="32.136750"><ele>1182.0</ele></trkpt>
    <trkpt lat="37.229835" lon="32.137344"><ele>1184.1</ele></trkpt>
    <trkpt lat="37.229815" lon="32.137827"><ele>1186.1</ele></trkpt>
    <trkpt lat="37.229569" lon="32.138184"><ele>1187.9</ele></trkpt>
    <trkpt lat="37.229110" lon="32.138424"><ele>1189.4</ele></trkpt>
    <trkpt lat="37.228492" lon="32.138575"><ele>1190.7</ele></trkpt>
    <trkpt lat="37.227794" lon="32.138682"><ele>1191.6</ele></trkpt>
    <trkpt lat="37.227112" lon="32.138799"><ele>1192.2</ele></trkpt>
    <trkpt lat="37.226539" lon="32.138975"><ele>1192.4</ele></trkpt>
    <trkpt lat="37.226151" lon="32.139254"><ele>1192.2</ele></trkpt>
    <trkpt lat="37.225993" lon="32.139660"><ele>1191.6</ele></trkpt>
    <trkpt lat="37.226069" lon="32.140195"><ele>1190.6</ele></trkpt>
    <trkpt lat="37.226343" lon="32.140839"><ele>1189.2</ele></trkpt>
    <trkpt lat="37.226744" lon="32.141554"><ele>1187.5</ele></trkpt>
    <trkpt lat="37.227179" lon="32.142288"><ele>1185.5</ele></trkpt>
    <trkpt lat="37.227548" lon="32.142985"><ele>1183.1</ele></trkpt>
    <trkpt lat="37.227760" lon="32.143595"><ele>1180.6</ele></trkpt>
    <trkpt lat="37.227752" lon="32.144084"><ele>1177.9</ele></trkpt>
    <trkpt lat="37.227499" lon="32.144437"><ele>1175.1</ele></trkpt>
    <trkpt lat="37.227016" lon="32.144664"><ele>1172.2</ele></trkpt>
    <trkpt lat="37.226362" lon="32.144795"><ele>1169.4</ele></trkpt>
    <trkpt lat="37.225621" lon="32.144879"><ele>1166.7</ele></trkpt>
    <trkpt lat="37.224898" lon="32.144972"><ele>1164.1</ele></trkpt>
    <trkpt lat="37.224293" lon="32.145131"><ele>1161.7</ele></trkpt>
    <trkpt lat="37.223887" lon="32.145400"><ele>1159.6</ele></trkpt>
    <trkpt lat="37.223726" lon="32.145804"><ele>1157.8</ele></trkpt>
    <trkpt lat="37.223815" lon="32.146347"><ele>1156.4</ele></trkpt>
    <trkpt lat="37.224117" lon="32.147006"><ele>1155.4</ele></trkpt>
    <trkpt lat="37.224554" lon="32.147741"><ele>1154.8</ele></trkpt>
    <trkpt lat="37.225027" lon="32.148496"><ele>1154.6</ele></trkpt>
    <trkpt lat="37.225429" lon="32.149211"><ele>1154.9</ele></trkpt>
    <trkpt lat="37.225665" lon="32.149834"><ele>1155.6</ele></trkpt>
    <trkpt lat="37.225667" lon="32.150329"><ele>1156.7</ele></trkpt>
    <trkpt lat="37.225409" lon="32.150679"><ele>1158.1</ele></trkpt>
    <trkpt lat="37.224908" lon="32.150896"><ele>1160.0</ele></trkpt>
    <trkpt lat="37.224225" lon="32.151011"><ele>1162.1</ele></trkpt>
    <trkpt lat="37.223451" lon="32.151077"><ele>1164.4</ele></trkpt>
    <trkpt lat="37.222696" lon="32.151153"><ele>1166.9</ele></trkpt>
    <trkpt lat="37.222065" lon="32.151297"><ele>1169.5</ele></trkpt>
    <trkpt lat="37.221644" lon="32.151558"><ele>1172.2</ele></trkpt>
    <trkpt lat="37.221480" lon="32.151960"><ele>1174.8</ele></trkpt>
    <trkpt lat="37.221580" lon="32.152509"><ele>1177.3</ele></trkpt>
    <trkpt lat="37.221902" lon="32.153180"><ele>1179.7</ele></trkpt>
    <trkpt lat="37.222366" lon="32.153929"><ele>1181.8</ele></trkpt>
    <trkpt lat="37.222868" lon="32.154700"><ele>1183.6</ele></trkpt>
    <trkpt lat="37.223295" lon="32.155429"><ele>1185.1</ele></trkpt>
    <trkpt lat="37.223549" lon="32.156062"><ele>1186.2</ele></trkpt>
    <trkpt lat="37.223559" lon="32.156561"><ele>1186.8</ele></trkpt>
    <trkpt lat="37.223298" lon="32.156910"><ele>1187.0</ele></trkpt>
    <trkpt lat="37.222784" lon="32.157119"><ele>1186.8</ele></trkpt>
    <trkpt lat="37.222081" lon="32.157223"><ele>1186.1</ele></trkpt>
    <trkpt lat="37.221284" lon="32.157276"><ele>1184.9</ele></trkpt>
    <trkpt lat="37.220506" lon="32.157340"><ele>1183.3</ele></trkpt>
    <trkpt lat="37.219857" lon="32.157474"><ele>1181.4</ele></trkpt>
    <trkpt lat="37.219424" lon="32.157728"><ele>1179.0</ele></trkpt>
    <trkpt lat="37.219258" lon="32.158130"><ele>1176.4</ele></trkpt>
    <trkpt lat="37.219364" lon="32.158681"><ele>1173.6</ele></trkpt>
    <trkpt lat="37.219699" lon="32.159360"><ele>1170.5</ele></trkpt>
    <trkpt lat="37.220181" lon="32.160119"><ele>1167.4</ele></trkpt>
    <trkpt lat="37.220701" lon="32.160899"><ele>1164.2</ele></trkpt>
    <trkpt lat="37.221145" lon="32.161638"><ele>1161.1</ele></trkpt>
    <trkpt lat="37.221411" lon="32.162278"><ele>1158.1</ele></trkpt>
    <trkpt lat="37.221427" lon="32.162780"><ele>1155.3</ele></trkpt>
    <trkpt lat="37.221165" lon="32.163128"><ele>1152.7</ele></trkpt>
    <trkpt lat="37.220644" lon="32.163333"><ele>1150.4</ele></trkpt>
    <trkpt lat="37.219929" lon="32.163431"><ele>1148.5</ele></trkpt>
    <trkpt lat="37.219119" lon="32.163477"><ele>1147.0</ele></trkpt>
    <trkpt lat="37.218328" lon="32.163533"><ele>1146.0</ele></trkpt>
    <trkpt lat="37.217668" lon="32.163662"><ele>1145.4</ele></trkpt>
    <trkpt lat="37.217228" lon="32.163912"><ele>1145.2</ele></trkpt>
    <trkpt lat="37.217061" lon="32.164312"><ele>1145.6</ele></trkpt>
    <trkpt lat="37.217169" lon="32.164865"><ele>1146.4</ele></trkpt>
    <trkpt lat="37.217510" lon="32.165547"><ele>1147.6</ele></trkpt>
    <trkpt lat="37.217999" lon="32.166310"><ele>1149.2</ele></trkpt>
    <trkpt lat="37.218528" lon="32.167095"><ele>1151.2</ele></trkpt>
    <trkpt lat="37.218979" lon="32.167838"><ele>1153.5</ele></trkpt>
    <trkpt lat="37.219251" lon="32.168481"><ele>1156.0</ele></trkpt>
    <trkpt lat="37.219270" lon="32.168984"><ele>1158.7</ele></trkpt>
    <trkpt lat="37.219008" lon="32.169333"><ele>1161.5</ele></trkpt>
    <trkpt lat="37.218486" lon="32.169538"><ele>1164.3</ele></trkpt>
    <trkpt lat="37.217769" lon="32.169635"><ele>1167.1</ele></trkpt>
    <trkpt lat="37.216955" lon="32.169678"><ele>1169.7</ele></trkpt>
    <trkpt lat="37.216161" lon="32.169733"><ele>1172.2</ele></trkpt>
    <trkpt lat="37.215498" lon="32.169860"><ele>1174.3</ele></trkpt>
    <trkpt lat="37.215057" lon="32.170109"><ele>1176.2</ele></trkpt>
    <trkpt lat="37.214887" lon="32.170509"><ele>1177.7</ele></trkpt>
    <trkpt lat="37.214994" lon="32.171061"><ele>1178.8</ele></trkpt>
    <trkpt lat="37.215333" lon="32.171741"><ele>1179.5</ele></trkpt>
    <trkpt lat="37.215821" lon="32.172503"><ele>1179.6</ele></trkpt>
    <trkpt lat="37.216347" lon="32.173288"><ele>1179.4</ele></trkpt>
    <trkpt lat="37.216797" lon="32.174029"><ele>1178.6</ele></trkpt>
    <trkpt lat="37.217068" lon="32.174672"><ele>1177.4</ele></trkpt>
    <trkpt lat="37.217088" lon="32.175176"><ele>1175.8</ele></trkpt>
    <trkpt lat="37.216828" lon="32.175526"><ele>1173.7</ele></trkpt>
    <trkpt lat="37.216311" lon="32.175733"><ele>1171.4</ele></trkpt>
    <trkpt lat="37.215600" lon="32.175833"><ele>1168.7</ele></trkpt>
    <trkpt lat="37.214793" lon="32.175881"><ele>1165.8</ele></trkpt>
    <trkpt lat="37.214006" lon="32.175939"><ele>1162.7</ele></trkpt>
    <trkpt lat="37.213349" lon="32.176069"><ele>1159.6</ele></trkpt>
    <trkpt lat="37.212909" lon="32.176320"><ele>1156.4</ele></trkpt>
    <trkpt lat="37.212739" lon="32.176718"><ele>1153.3</ele></trkpt>
    <trkpt lat="37.212840" lon="32.177267"><ele>1150.3</ele></trkpt>
    <trkpt lat="37.213170" lon="32.177943"><ele>1147.6</ele></trkpt>
    <trkpt lat="37.213646" lon="32.178699"><ele>1145.0</ele></trkpt>
    <trkpt lat="37.214161" lon="32.179476"><ele>1142.8</ele></trkpt>
    <trkpt lat="37.214600" lon="32.180212"><ele>1141.0</ele></trkpt>
    <trkpt lat="37.214863" lon="32.180850"><ele>1139.5</ele></trkpt>
    <trkpt lat="37.214881" lon="32.181353"><ele>1138.5</ele></trkpt>
    <trkpt lat="37.214625" lon="32.181705"><ele>1138.0</ele></trkpt>
    <trkpt lat="37.214118" lon="32.181918"><ele>1137.9</ele></trkpt>
    <trkpt lat="37.213421" lon="32.182026"><ele>1138.3</ele></trkpt>
    <trkpt lat="37.212632" lon="32.182084"><ele>1139.1</ele></trkpt>
    <trkpt lat="37.211862" lon="32.182151"><ele>1140.3</ele></trkpt>
    <trkpt lat="37.211218" lon="32.182289"><ele>1141.9</ele></trkpt>
    <trkpt lat="37.210786" lon="32.182543"><ele>1143.8</ele></trkpt>
    <trkpt lat="37.210614" lon="32.182942"><ele>1146.0</ele></trkpt>
    <trkpt lat="37.210707" lon="32.183486"><ele>1148.4</ele></trkpt>
    <trkpt lat="37.211021" lon="32.184152"><ele>1150.9</ele></trkpt>
    <trkpt lat="37.211476" lon="32.184897"><ele>1153.6</ele></trkpt>
    <trkpt lat="37.211968" lon="32.185662"><ele>1156.2</ele></trkpt>
    <trkpt lat="37.212387" lon="32.186386"><ele>1158.8</ele></trkpt>
    <trkpt lat="37.212637" lon="32.187017"><ele>1161.2</ele></trkpt>
    <trkpt lat="37.212649" lon="32.187517"><ele>1163.5</ele></trkpt>
    <trkpt lat="37.212400" lon="32.187872"><ele>1165.5</ele></trkpt>
    <trkpt lat="37.211907" lon="32.188094"><ele>1167.2</ele></trkpt>
    <trkpt lat="37.211234" lon="32.188215"><ele>1168.6</ele></trkpt>
    <trkpt lat="37.210472" lon="32.188287"><ele>1169.5</ele></trkpt>
    <trkpt lat="37.209728" lon="32.188369"><ele>1170.1</ele></trkpt>
    <trkpt lat="37.209105" lon="32.188518"><ele>1170.2</ele></trkpt>
    <trkpt lat="37.208685" lon="32.188779"><ele>1169.9</ele></trkpt>
    <trkpt lat="37.208514" lon="32.189178"><ele>1169.1</ele></trkpt>
    <trkpt lat="37.208594" lon="32.189715"><ele>1168.0</ele></trkpt>
    <trkpt lat="37.208885" lon="32.190369"><ele>1166.4</ele></trkpt>
    <trkpt lat="37.209310" lon="32.191097"><ele>1164.5</ele></trkpt>
    <trkpt lat="37.209770" lon="32.191844"><ele>1162.4</ele></trkpt>
    <trkpt lat="37.210161" lon="32.192553"><ele>1159.9</ele></trkpt>
    <trkpt lat="37.210390" lon="32.193173"><ele>1157.3</ele></trkpt>
    <trkpt lat="37.210395" lon="32.193668"><ele>1154.5</ele></trkpt>
    <trkpt lat="37.210152" lon="32.194027"><ele>1151.7</ele></trkpt>
    <trkpt lat="37.209680" lon="32.194260"><ele>1148.8</ele></trkpt>
    <trkpt lat="37.209037" lon="32.194398"><ele>1146.1</ele></trkpt>
    <trkpt lat="37.208312" lon="32.194490"><ele>1143.4</ele></trkpt>
    <trkpt lat="37.207603" lon="32.194592"><ele>1140.9</ele></trkpt>
    <trkpt lat="37.207009" lon="32.194757"><ele>1138.7</ele></trkpt>
    <trkpt lat="37.206606" lon="32.195028"><ele>1136.8</ele></trkpt>
    <trkpt lat="37.206436" lon="32.195427"><ele>1135.2</ele></trkpt>
    <trkpt lat="37.206501" lon="32.195956"><ele>1134.0</ele></trkpt>
    <trkpt lat="37.206763" lon="32.196593"><ele>1133.1</ele></trkpt>
    <trkpt lat="37.207149" lon="32.197300"><ele>1132.6</ele></trkpt>
    <trkpt lat="37.207567" lon="32.198024"><ele>1132.6</ele></trkpt>
    <trkpt lat="37.207921" lon="32.198712"><ele>1132.9</ele></trkpt>
    <trkpt lat="37.208124" lon="32.199317"><ele>1133.6</ele></trkpt>
    <trkpt lat="37.208118" lon="32.199808"><ele>1134.6</ele></trkpt>
    <trkpt lat="37.207883" lon="32.200171"><ele>1136.0</ele></trkpt>
    <trkpt lat="37.207436" lon="32.200417"><ele>1137.6</ele></trkpt>
    <trkpt lat="37.206832" lon="32.200576"><ele>1139.5</ele></trkpt>
    <trkpt lat="37.206152" lon="32.200694"><ele>1141.5</ele></trkpt>
    <trkpt lat="37.205488" lon="32.200820"><ele>1143.6</ele></trkpt>
    <trkpt lat="37.204930" lon="32.201005"><ele>1145.8</ele></trkpt>
    <trkpt lat="37.204547" lon="32.201287"><ele>1147.9</ele></trkpt>
    <trkpt lat="37.204379" lon="32.201687"><ele>1150.0</ele></trkpt>
    <trkpt lat="37.204426" lon="32.202206"><ele>1152.0</ele></trkpt>
    <trkpt lat="37.204652" lon="32.202824"><ele>1153.8</ele></trkpt>
    <trkpt lat="37.204992" lon="32.203505"><ele>1155.4</ele></trkpt>
    <trkpt lat="37.205360" lon="32.204202"><ele>1156.7</ele></trkpt>
    <trkpt lat="37.205669" lon="32.204865"><ele>1157.8</ele></trkpt>
    <trkpt lat="37.205840" lon="32.205452"><ele>1158.5</ele></trkpt>
    <trkpt lat="37.205821" lon="32.205935"><ele>1158.8</ele></trkpt>
    <trkpt lat="37.205595" lon="32.206303"><ele>1158.8</ele></trkpt>
    <trkpt lat="37.205177" lon="32.206566"><ele>1158.5</ele></trkpt>
    <trkpt lat="37.204618" lon="32.206750"><ele>1157.8</ele></trkpt>
    <trkpt lat="37.203991" lon="32.206897"><ele>1156.8</ele></trkpt>
    <trkpt lat="37.203380" lon="32.207053"><ele>1155.5</ele></trkpt>
    <trkpt lat="37.202865" lon="32.207261"><ele>1153.9</ele></trkpt>
    <trkpt lat="37.202507" lon="32.207557"><ele>1152.1</ele></trkpt>
    <trkpt lat="37.202342" lon="32.207959"><ele>1150.2</ele></trkpt>
    <trkpt lat="37.202368" lon="32.208466"><ele>1148.0</ele></trkpt>
    <trkpt lat="37.202554" lon="32.209062"><ele>1145.8</ele></trkpt>
    <trkpt lat="37.202840" lon="32.209713"><ele>1143.6</ele></trkpt>
    <trkpt lat="37.203150" lon="32.210377"><ele>1141.4</ele></trkpt>
    <trkpt lat="37.203406" lon="32.211012"><ele>1139.2</ele></trkpt>
    <trkpt lat="37.203540" lon="32.211579"><ele>1137.2</ele></trkpt>
    <trkpt lat="37.203506" lon="32.212053"><ele>1135.3</ele></trkpt>
    <trkpt lat="37.203289" lon="32.212426"><ele>1133.6</ele></trkpt>
    <trkpt lat="37.202904" lon="32.212707"><ele>1132.1</ele></trkpt>
    <trkpt lat="37.202397" lon="32.212920"><ele>1130.9</ele></trkpt>
    <trkpt lat="37.201830" lon="32.213100"><ele>1130.0</ele></trkpt>
    <trkpt lat="37.201279" lon="32.213289"><ele>1129.4</ele></trkpt>
    <trkpt lat="37.200813" lon="32.213524"><ele>1129.0</ele></trkpt>
    <trkpt lat="37.200484" lon="32.213836"><ele>1129.0</ele></trkpt>
    <trkpt lat="37.200322" lon="32.214239"><ele>1129.2</ele></trkpt>
    <trkpt lat="37.200326" lon="32.214734"><ele>1129.7</ele></trkpt>
    <trkpt lat="37.200466" lon="32.215305"><ele>1130.5</ele></trkpt>
    <trkpt lat="37.200692" lon="32.215923"><ele>1131.4</ele></trkpt>
    <trkpt lat="37.200937" lon="32.216551"><ele>1132.6</ele></trkpt>
    <trkpt lat="37.201134" lon="32.217153"><ele>1133.8</ele></trkpt>
    <trkpt lat="37.201226" lon="32.217697"><ele>1135.2</ele></trkpt>
    <trkpt lat="37.201175" lon="32.218162"><ele>1136.7</ele></trkpt>
    <trkpt lat="37.200968" lon="32.218541"><ele>1138.1</ele></trkpt>
    <trkpt lat="37.200619" lon="32.218841"><ele>1139.6</ele></trkpt>
    <trkpt lat="37.200168" lon="32.219085"><ele>1140.9</ele></trkpt>
    <trkpt lat="37.199669" lon="32.219303"><ele>1142.2</ele></trkpt>
    <trkpt lat="37.199184" lon="32.219528"><ele>1143.3</ele></trkpt>
    <trkpt lat="37.198771" lon="32.219793"><ele>1144.3</ele></trkpt>
    <trkpt lat="37.198475" lon="32.220123"><ele>1145.1</ele></trkpt>
    <trkpt lat="37.198317" lon="32.220528"><ele>1145.6</ele></trkpt>
    <trkpt lat="37.198296" lon="32.221010"><ele>1146.0</ele></trkpt>
    <trkpt lat="37.198388" lon="32.221554"><ele>1146.1</ele></trkpt>
    <trkpt lat="37.198547" lon="32.222135"><ele>1146.0</ele></trkpt>
    <trkpt lat="37.198721" lon="32.222724"><ele>1145.6</ele></trkpt>
    <trkpt lat="37.198854" lon="32.223291"><ele>1145.0</ele></trkpt>
    <trkpt lat="37.198900" lon="32.223809"><ele>1144.3</ele></trkpt>
    <trkpt lat="37.198830" lon="32.224263"><ele>1143.3</ele></trkpt>
    <trkpt lat="37.198633" lon="32.224647"><ele>1142.2</ele></trkpt>
    <trkpt lat="37.198323" lon="32.224970"><ele>1141.0</ele></trkpt>
    <trkpt lat="37.197933" lon="32.225247"><ele>1139.6</ele></trkpt>
    <trkpt lat="37.197506" lon="32.225505"><ele>1138.2</ele></trkpt>
    <trkpt lat="37.197093" lon="32.225770"><ele>1136.8</ele></trkpt>
    <trkpt lat="37.196739" lon="32.226067"><ele>1135.4</ele></trkpt>
    <trkpt lat="37.196477" lon="32.226416"><ele>1134.0</ele></trkpt>
    <trkpt lat="37.196324" lon="32.226825"><ele>1132.7</ele></trkpt>
    <trkpt lat="37.196278" lon="32.227292"><ele>1131.4</ele></trkpt>
    <trkpt lat="37.196317" lon="32.227807"><ele>1130.3</ele></trkpt>
    <trkpt lat="37.196407" lon="32.228349"><ele>1129.3</ele></trkpt>
    <trkpt lat="37.196504" lon="32.228896"><ele>1128.4</ele></trkpt>
    <trkpt lat="37.196569" lon="32.229425"><ele>1127.7</ele></trkpt>
    <trkpt lat="37.196566" lon="32.229916"><ele>1127.2</ele></trkpt>
    <trkpt lat="37.196473" lon="32.230358"><ele>1126.9</ele></trkpt>
    <trkpt lat="37.196287" lon="32.230748"><ele>1126.7</ele></trkpt>
    <trkpt lat="37.196018" lon="32.231093"><ele>1126.6</ele></trkpt>
    <trkpt lat="37.195692" lon="32.231406"><ele>1126.7</ele></trkpt>
    <trkpt lat="37.195342" lon="32.231706"><ele>1127.0</ele></trkpt>
    <trkpt lat="37.195005" lon="32.232013"><ele>1127.3</ele></trkpt>
    <trkpt lat="37.194713" lon="32.232345"><ele>1127.8</ele></trkpt>
    <trkpt lat="37.194489" lon="32.232714"><ele>1128.3</ele></trkpt>
    <trkpt lat="37.194342" lon="32.233126"><ele>1128.9</ele></trkpt>
    <trkpt lat="37.194269" lon="32.233579"><ele>1129.4</ele></trkpt>
    <trkpt lat="37.194253" lon="32.234063"><ele>1130.0</ele></trkpt>
    <trkpt lat="37.194269" lon="32.234565"><ele>1130.6</ele></trkpt>
    <trkpt lat="37.194287" lon="32.235068"><ele>1131.1</ele></trkpt>
    <trkpt lat="37.194279" lon="32.235557"><ele>1131.6</ele></trkpt>
    <trkpt lat="37.194224" lon="32.236019"><ele>1132.0</ele></trkpt>
    <trkpt lat="37.194109" lon="32.236449"><ele>1132.3</ele></trkpt>
    <trkpt lat="37.193933" lon="32.236845"><ele>1132.5</ele></trkpt>
    <trkpt lat="37.193707" lon="32.237213"><ele>1132.6</ele></trkpt>
    <trkpt lat="37.193447" lon="32.237563"><ele>1132.7</ele></trkpt>
    <trkpt lat="37.193177" lon="32.237907"><ele>1132.6</ele></trkpt>
    <trkpt lat="37.192919" lon="32.238257"><ele>1132.4</ele></trkpt>
    <trkpt lat="37.192692" lon="32.238625"><ele>1132.1</ele></trkpt>
    <trkpt lat="37.192506" lon="32.239016"><ele>1131.7</ele></trkpt>
    <trkpt lat="37.192366" lon="32.239431"><ele>1131.3</ele></trkpt>
    <trkpt lat="37.192266" lon="32.239869"><ele>1130.8</ele></trkpt>
    <trkpt lat="37.192194" lon="32.240322"><ele>1130.3</ele></trkpt>
    <trkpt lat="37.192133" lon="32.240782"><ele>1129.8</ele></trkpt>
    <trkpt lat="37.192069" lon="32.241239"><ele>1129.2</ele></trkpt>
    <trkpt lat="37.191987" lon="32.241687"><ele>1128.6</ele></trkpt>
    <trkpt lat="37.191878" lon="32.242120"><ele>1128.1</ele></trkpt>
    <trkpt lat="37.191739" lon="32.242536"><ele>1127.6</ele></trkpt>
    <trkpt lat="37.191574" lon="32.242938"><ele>1127.1</ele></trkpt>
    <trkpt lat="37.191391" lon="32.243330"><ele>1126.7</ele></trkpt>
    <trkpt lat="37.191200" lon="32.243718"><ele>1126.3</ele></trkpt>
    <trkpt lat="37.191011" lon="32.244107"><ele>1125.9</ele></trkpt>
    <trkpt lat="37.190834" lon="32.244502"><ele>1125.7</ele></trkpt>
    <trkpt lat="37.190673" lon="32.244906"><ele>1125.5</ele></trkpt>
    <trkpt lat="37.190528" lon="32.245319"><ele>1125.3</ele></trkpt>
    <trkpt lat="37.190394" lon="32.245738"><ele>1125.2</ele></trkpt>
    <trkpt lat="37.190266" lon="32.246161"><ele>1125.1</ele></trkpt>
    <trkpt lat="37.190137" lon="32.246583"><ele>1125.0</ele></trkpt>
    <trkpt lat="37.190000" lon="32.247000"><ele>1125.0</ele></trkpt>
    </trkseg>
  </trk>
</gpx>
