<?xml version="1.0" encoding="UTF-8"?>
<gpx version="1.1" creator="tripplanner (sketch line from researched control points)" xmlns="http://www.topografix.com/GPX/1/1">
  <metadata>
    <name>taurus-taseli — Erdemli → Güzeloluk → Arslanköy → Mersin</name>
    <desc>115.0 km, 2600 m. Sketch line through researched control points, calibrated to 115 km / 2600 m of road — drawn, not routed.</desc>
  </metadata>
  <trk>
    <name>taurus-taseli — Erdemli → Güzeloluk → Arslanköy → Mersin</name>
    <trkseg>
    <trkpt lat="36.606000" lon="34.308000"><ele>25.0</ele></trkpt>
    <trkpt lat="36.606210" lon="34.307636"><ele>26.6</ele></trkpt>
    <trkpt lat="36.606410" lon="34.307261"><ele>28.3</ele></trkpt>
    <trkpt lat="36.606615" lon="34.306892"><ele>30.1</ele></trkpt>
    <trkpt lat="36.606841" lon="34.306543"><ele>31.9</ele></trkpt>
    <trkpt lat="36.607093" lon="34.306219"><ele>33.5</ele></trkpt>
    <trkpt lat="36.607363" lon="34.305911"><ele>35.0</ele></trkpt>
    <trkpt lat="36.607626" lon="34.305598"><ele>36.2</ele></trkpt>
    <trkpt lat="36.607858" lon="34.305254"><ele>37.1</ele></trkpt>
    <trkpt lat="36.608043" lon="34.304866"><ele>38.0</ele></trkpt>
    <trkpt lat="36.608186" lon="34.304437"><ele>38.7</ele></trkpt>
    <trkpt lat="36.608311" lon="34.303992"><ele>39.6</ele></trkpt>
    <trkpt lat="36.608459" lon="34.303568"><ele>40.8</ele></trkpt>
    <trkpt lat="36.608665" lon="34.303200"><ele>42.3</ele></trkpt>
    <trkpt lat="36.608944" lon="34.302901"><ele>44.3</ele></trkpt>
    <trkpt lat="36.609281" lon="34.302657"><ele>46.6</ele></trkpt>
    <trkpt lat="36.609634" lon="34.302429"><ele>49.3</ele></trkpt>
    <trkpt lat="36.609949" lon="34.302164"><ele>52.1</ele></trkpt>
    <trkpt lat="36.610179" lon="34.301820"><ele>54.9</ele></trkpt>
    <trkpt lat="36.610312" lon="34.301381"><ele>57.4</ele></trkpt>
    <trkpt lat="36.610370" lon="34.300872"><ele>59.4</ele></trkpt>
    <trkpt lat="36.610413" lon="34.300348"><ele>60.8</ele></trkpt>
    <trkpt lat="36.610511" lon="34.299877"><ele>61.5</ele></trkpt>
    <trkpt lat="36.610718" lon="34.299510"><ele>61.7</ele></trkpt>
    <trkpt lat="36.611049" lon="34.299261"><ele>61.4</ele></trkpt>
    <trkpt lat="36.611470" lon="34.299097"><ele>61.0</ele></trkpt>
    <trkpt lat="36.611904" lon="34.298946"><ele>60.8</ele></trkpt>
    <trkpt lat="36.612268" lon="34.298728"><ele>61.0</ele></trkpt>
    <trkpt lat="36.612496" lon="34.298381"><ele>61.9</ele></trkpt>
    <trkpt lat="36.612576" lon="34.297893"><ele>63.7</ele></trkpt>
    <trkpt lat="36.612553" lon="34.297306"><ele>66.4</ele></trkpt>
    <trkpt lat="36.612516" lon="34.296707"><ele>69.8</ele></trkpt>
    <trkpt lat="36.612567" lon="34.296191"><ele>73.6</ele></trkpt>
    <trkpt lat="36.612777" lon="34.295826"><ele>77.6</ele></trkpt>
    <trkpt lat="36.613159" lon="34.295626"><ele>81.4</ele></trkpt>
    <trkpt lat="36.613659" lon="34.295537"><ele>84.5</ele></trkpt>
    <trkpt lat="36.614172" lon="34.295461"><ele>86.7</ele></trkpt>
    <trkpt lat="36.614581" lon="34.295286"><ele>87.8</ele></trkpt>
    <trkpt lat="36.614806" lon="34.294937"><ele>87.9</ele></trkpt>
    <trkpt lat="36.614836" lon="34.294400"><ele>87.0</ele></trkpt>
    <trkpt lat="36.614735" lon="34.293740"><ele>85.6</ele></trkpt>
    <trkpt lat="36.614623" lon="34.293069"><ele>84.1</ele></trkpt>
    <trkpt lat="36.614630" lon="34.292510"><ele>82.9</ele></trkpt>
    <trkpt lat="36.614843" lon="34.292149"><ele>82.6</ele></trkpt>
    <trkpt lat="36.615275" lon="34.291996"><ele>83.3</ele></trkpt>
    <trkpt lat="36.615850" lon="34.291979"><ele>85.4</ele></trkpt>
    <trkpt lat="36.616435" lon="34.291972"><ele>88.7</ele></trkpt>
    <trkpt lat="36.616886" lon="34.291837"><ele>93.0</ele></trkpt>
    <trkpt lat="36.617108" lon="34.291484"><ele>98.0</ele></trkpt>
    <trkpt lat="36.617090" lon="34.290902"><ele>103.1</ele></trkpt>
    <trkpt lat="36.616917" lon="34.290172"><ele>107.7</ele></trkpt>
    <trkpt lat="36.616735" lon="34.289435"><ele>111.4</ele></trkpt>
    <trkpt lat="36.616701" lon="34.288838"><ele>113.8</ele></trkpt>
    <trkpt lat="36.616919" lon="34.288481"><ele>114.6</ele></trkpt>
    <trkpt lat="36.617396" lon="34.288371"><ele>114.0</ele></trkpt>
    <trkpt lat="36.618041" lon="34.288421"><ele>112.3</ele></trkpt>
    <trkpt lat="36.618693" lon="34.288477"><ele>109.9</ele></trkpt>
    <trkpt lat="36.619182" lon="34.288379"><ele>107.3</ele></trkpt>
    <trkpt lat="36.619400" lon="34.288022"><ele>105.3</ele></trkpt>
    <trkpt lat="36.619338" lon="34.287398"><ele>104.4</ele></trkpt>
    <trkpt lat="36.619097" lon="34.286604"><ele>105.0</ele></trkpt>
    <trkpt lat="36.618853" lon="34.285807"><ele>107.3</ele></trkpt>
    <trkpt lat="36.618783" lon="34.285176"><ele>111.2</ele></trkpt>
    <trkpt lat="36.619005" lon="34.284823"><ele>116.4</ele></trkpt>
    <trkpt lat="36.619525" lon="34.284754"><ele>122.4</ele></trkpt>
    <trkpt lat="36.620233" lon="34.284864"><ele>128.4</ele></trkpt>
    <trkpt lat="36.620944" lon="34.284977"><ele>133.8</ele></trkpt>
    <trkpt lat="36.621467" lon="34.284910"><ele>137.9</ele></trkpt>
    <trkpt lat="36.621680" lon="34.284548"><ele>140.4</ele></trkpt>
    <trkpt lat="36.621577" lon="34.283886"><ele>141.0</ele></trkpt>
    <trkpt lat="36.621278" lon="34.283036"><ele>139.9</ele></trkpt>
    <trkpt lat="36.620978" lon="34.282186"><ele>137.4</ele></trkpt>
    <trkpt lat="36.620877" lon="34.281525"><ele>134.1</ele></trkpt>
    <trkpt lat="36.621104" lon="34.281177"><ele>130.7</ele></trkpt>
    <trkpt lat="36.621662" lon="34.281144"><ele>128.0</ele></trkpt>
    <trkpt lat="36.622426" lon="34.281307"><ele>126.7</ele></trkpt>
    <trkpt lat="36.623188" lon="34.281468"><ele>127.2</ele></trkpt>
    <trkpt lat="36.623739" lon="34.281429"><ele>129.7</ele></trkpt>
    <trkpt lat="36.623946" lon="34.281062"><ele>134.2</ele></trkpt>
    <trkpt lat="36.623809" lon="34.280366"><ele>140.0</ele></trkpt>
    <trkpt lat="36.623458" lon="34.279468"><ele>146.7</ele></trkpt>
    <trkpt lat="36.623111" lon="34.278572"><ele>153.5</ele></trkpt>
    <trkpt lat="36.622985" lon="34.277888"><ele>159.5</ele></trkpt>
    <trkpt lat="36.623218" lon="34.277545"><ele>164.0</ele></trkpt>
    <trkpt lat="36.623808" lon="34.277543"><ele>166.5</ele></trkpt>
    <trkpt lat="36.624618" lon="34.277750"><ele>167.0</ele></trkpt>
    <trkpt lat="36.625422" lon="34.277952"><ele>165.4</ele></trkpt>
    <trkpt lat="36.625996" lon="34.277933"><ele>162.3</ele></trkpt>
    <trkpt lat="36.626198" lon="34.277561"><ele>158.3</ele></trkpt>
    <trkpt lat="36.626031" lon="34.276838"><ele>154.3</ele></trkpt>
    <trkpt lat="36.625638" lon="34.275899"><ele>151.1</ele></trkpt>
    <trkpt lat="36.625253" lon="34.274968"><ele>149.5</ele></trkpt>
    <trkpt lat="36.625108" lon="34.274265"><ele>150.0</ele></trkpt>
    <trkpt lat="36.625346" lon="34.273927"><ele>152.7</ele></trkpt>
    <trkpt lat="36.625963" lon="34.273950"><ele>157.4</ele></trkpt>
    <trkpt lat="36.626810" lon="34.274193"><ele>163.8</ele></trkpt>
    <trkpt lat="36.627647" lon="34.274426"><ele>171.1</ele></trkpt>
    <trkpt lat="36.628237" lon="34.274423"><ele>178.4</ele></trkpt>
    <trkpt lat="36.628434" lon="34.274046"><ele>184.8</ele></trkpt>
    <trkpt lat="36.628243" lon="34.273300"><ele>189.5</ele></trkpt>
    <trkpt lat="36.627819" lon="34.272331"><ele>192.1</ele></trkpt>
    <trkpt lat="36.627406" lon="34.271373"><ele>192.4</ele></trkpt>
    <trkpt lat="36.627248" lon="34.270658"><ele>190.5</ele></trkpt>
    <trkpt lat="36.627491" lon="34.270324"><ele>186.9</ele></trkpt>
    <trkpt lat="36.628128" lon="34.270367"><ele>182.5</ele></trkpt>
    <trkpt lat="36.629002" lon="34.270635"><ele>178.1</ele></trkpt>
    <trkpt lat="36.629862" lon="34.270890"><ele>174.6</ele></trkpt>
    <trkpt lat="36.630462" lon="34.270897"><ele>172.9</ele></trkpt>
    <trkpt lat="36.630654" lon="34.270515"><ele>173.3</ele></trkpt>
    <trkpt lat="36.630446" lon="34.269753"><ele>176.1</ele></trkpt>
    <trkpt lat="36.630000" lon="34.268763"><ele>181.2</ele></trkpt>
    <trkpt lat="36.629570" lon="34.267789"><ele>187.9</ele></trkpt>
    <trkpt lat="36.629404" lon="34.267066"><ele>195.5</ele></trkpt>
    <trkpt lat="36.629652" lon="34.266738"><ele>203.0</ele></trkpt>
    <trkpt lat="36.630303" lon="34.266793"><ele>209.6</ele></trkpt>
    <trkpt lat="36.631193" lon="34.267077"><ele>214.4</ele></trkpt>
    <trkpt lat="36.632065" lon="34.267344"><ele>217.0</ele></trkpt>
    <trkpt lat="36.632669" lon="34.267355"><ele>217.2</ele></trkpt>
    <trkpt lat="36.632857" lon="34.266969"><ele>215.1</ele></trkpt>
    <trkpt lat="36.632639" lon="34.266196"><ele>211.3</ele></trkpt>
    <trkpt lat="36.632182" lon="34.265196"><ele>206.7</ele></trkpt>
    <trkpt lat="36.631744" lon="34.264215"><ele>202.2</ele></trkpt>
    <trkpt lat="36.631578" lon="34.263492"><ele>198.6</ele></trkpt>
    <trkpt lat="36.631830" lon="34.263167"><ele>196.8</ele></trkpt>
    <trkpt lat="36.632487" lon="34.263229"><ele>197.3</ele></trkpt>
    <trkpt lat="36.633383" lon="34.263518"><ele>200.2</ele></trkpt>
    <trkpt lat="36.634257" lon="34.263786"><ele>205.3</ele></trkpt>
    <trkpt lat="36.634859" lon="34.263795"><ele>212.2</ele></trkpt>
    <trkpt lat="36.635042" lon="34.263406"><ele>219.8</ele></trkpt>
    <trkpt lat="36.634821" lon="34.262630"><ele>227.4</ele></trkpt>
    <trkpt lat="36.634365" lon="34.261630"><ele>234.0</ele></trkpt>
    <trkpt lat="36.633931" lon="34.260652"><ele>238.8</ele></trkpt>
    <trkpt lat="36.633769" lon="34.259934"><ele>241.3</ele></trkpt>
    <trkpt lat="36.634025" lon="34.259613"><ele>241.4</ele></trkpt>
    <trkpt lat="36.634682" lon="34.259675"><ele>239.3</ele></trkpt>
    <trkpt lat="36.635572" lon="34.259958"><ele>235.5</ele></trkpt>
    <trkpt lat="36.636437" lon="34.260218"><ele>231.0</ele></trkpt>
    <trkpt lat="36.637031" lon="34.260219"><ele>226.5</ele></trkpt>
    <trkpt lat="36.637211" lon="34.259826"><ele>223.0</ele></trkpt>
    <trkpt lat="36.636994" lon="34.259055"><ele>221.4</ele></trkpt>
    <trkpt lat="36.636548" lon="34.258065"><ele>221.9</ele></trkpt>
    <trkpt lat="36.636129" lon="34.257101"><ele>224.9</ele></trkpt>
    <trkpt lat="36.635979" lon="34.256393"><ele>230.0</ele></trkpt>
    <trkpt lat="36.636237" lon="34.256075"><ele>236.7</ele></trkpt>
    <trkpt lat="36.636887" lon="34.256129"><ele>244.1</ele></trkpt>
    <trkpt lat="36.637760" lon="34.256397"><ele>251.5</ele></trkpt>
    <trkpt lat="36.638606" lon="34.256638"><ele>257.9</ele></trkpt>
    <trkpt lat="36.639186" lon="34.256626"><ele>262.5</ele></trkpt>
    <trkpt lat="36.639363" lon="34.256231"><ele>264.9</ele></trkpt>
    <trkpt lat="36.639158" lon="34.255470"><ele>265.0</ele></trkpt>
    <trkpt lat="36.638734" lon="34.254502"><ele>263.0</ele></trkpt>
    <trkpt lat="36.638338" lon="34.253560"><ele>259.5</ele></trkpt>
    <trkpt lat="36.638205" lon="34.252869"><ele>255.2</ele></trkpt>
    <trkpt lat="36.638466" lon="34.252552"><ele>251.1</ele></trkpt>
    <trkpt lat="36.639100" lon="34.252593"><ele>248.0</ele></trkpt>
    <trkpt lat="36.639947" lon="34.252834"><ele>246.5</ele></trkpt>
    <trkpt lat="36.640763" lon="34.253048"><ele>247.2</ele></trkpt>
    <trkpt lat="36.641323" lon="34.253017"><ele>250.1</ele></trkpt>
    <trkpt lat="36.641499" lon="34.252620"><ele>255.0</ele></trkpt>
    <trkpt lat="36.641312" lon="34.251877"><ele>261.4</ele></trkpt>
    <trkpt lat="36.640920" lon="34.250939"><ele>268.4</ele></trkpt>
    <trkpt lat="36.640559" lon="34.250030"><ele>275.3</ele></trkpt>
    <trkpt lat="36.640448" lon="34.249360"><ele>281.3</ele></trkpt>
    <trkpt lat="36.640710" lon="34.249045"><ele>285.6</ele></trkpt>
    <trkpt lat="36.641323" lon="34.249064"><ele>287.9</ele></trkpt>
    <trkpt lat="36.642132" lon="34.249271"><ele>288.1</ele></trkpt>
    <trkpt lat="36.642910" lon="34.249448"><ele>286.3</ele></trkpt>
    <trkpt lat="36.643444" lon="34.249393"><ele>283.3</ele></trkpt>
    <trkpt lat="36.643620" lon="34.248995"><ele>279.5</ele></trkpt>
    <trkpt lat="36.643457" lon="34.248276"><ele>276.0</ele></trkpt>
    <trkpt lat="36.643108" lon="34.247378"><ele>273.4</ele></trkpt>
    <trkpt lat="36.642790" lon="34.246510"><ele>272.3</ele></trkpt>
    <trkpt lat="36.642707" lon="34.245867"><ele>273.1</ele></trkpt>
    <trkpt lat="36.642969" lon="34.245552"><ele>275.9</ele></trkpt>
    <trkpt lat="36.643554" lon="34.245544"><ele>280.5</ele></trkpt>
    <trkpt lat="36.644316" lon="34.245706"><ele>286.3</ele></trkpt>
    <trkpt lat="36.645046" lon="34.245837"><ele>292.7</ele></trkpt>
    <trkpt lat="36.645551" lon="34.245753"><ele>298.9</ele></trkpt>
    <trkpt lat="36.645726" lon="34.245356"><ele>304.3</ele></trkpt>
    <trkpt lat="36.645595" lon="34.244667"><ele>308.2</ele></trkpt>
    <trkpt lat="36.645297" lon="34.243818"><ele>310.3</ele></trkpt>
    <trkpt lat="36.645032" lon="34.243000"><ele>310.6</ele></trkpt>
    <trkpt lat="36.644981" lon="34.242387"><ele>309.3</ele></trkpt>
    <trkpt lat="36.645242" lon="34.242071"><ele>306.8</ele></trkpt>
    <trkpt lat="36.645792" lon="34.242031"><ele>303.9</ele></trkpt>
    <trkpt lat="36.646498" lon="34.242139"><ele>301.1</ele></trkpt>
    <trkpt lat="36.647172" lon="34.242217"><ele>299.2</ele></trkpt>
    <trkpt lat="36.647643" lon="34.242101"><ele>298.5</ele></trkpt>
    <trkpt lat="36.647820" lon="34.241705"><ele>299.5</ele></trkpt>
    <trkpt lat="36.647726" lon="34.241051"><ele>302.2</ele></trkpt>
    <trkpt lat="36.647488" lon="34.240260"><ele>306.3</ele></trkpt>
    <trkpt lat="36.647282" lon="34.239499"><ele>311.4</ele></trkpt>
    <trkpt lat="36.647267" lon="34.238920"><ele>316.9</ele></trkpt>
    <trkpt lat="36.647527" lon="34.238602"><ele>322.3</ele></trkpt>
    <trkpt lat="36.648036" lon="34.238524"><ele>326.9</ele></trkpt>
    <trkpt lat="36.648679" lon="34.238571"><ele>330.3</ele></trkpt>
    <trkpt lat="36.649290" lon="34.238589"><ele>332.2</ele></trkpt>
    <trkpt lat="36.649722" lon="34.238437"><ele>332.7</ele></trkpt>
    <trkpt lat="36.649902" lon="34.238043"><ele>331.9</ele></trkpt>
    <trkpt lat="36.649851" lon="34.237430"><ele>330.3</ele></trkpt>
    <trkpt lat="36.649681" lon="34.236703"><ele>328.3</ele></trkpt>
    <trkpt lat="36.649541" lon="34.236005"><ele>326.4</ele></trkpt>
    <trkpt lat="36.649566" lon="34.235464"><ele>325.3</ele></trkpt>
    <trkpt lat="36.649822" lon="34.235144"><ele>325.2</ele></trkpt>
    <trkpt lat="36.650287" lon="34.235022"><ele>326.4</ele></trkpt>
    <trkpt lat="36.650858" lon="34.235002"><ele>328.9</ele></trkpt>
    <trkpt lat="36.651400" lon="34.234954"><ele>332.4</ele></trkpt>
    <trkpt lat="36.651791" lon="34.234762"><ele>336.6</ele></trkpt>
    <trkpt lat="36.651974" lon="34.234372"><ele>341.1</ele></trkpt>
    <trkpt lat="36.651971" lon="34.233804"><ele>345.5</ele></trkpt>
    <trkpt lat="36.651874" lon="34.233147"><ele>349.2</ele></trkpt>
    <trkpt lat="36.651807" lon="34.232518"><ele>352.0</ele></trkpt>
    <trkpt lat="36.651874" lon="34.232018"><ele>353.7</ele></trkpt>
    <trkpt lat="36.652126" lon="34.231693"><ele>354.4</ele></trkpt>
    <trkpt lat="36.652541" lon="34.231524"><ele>354.3</ele></trkpt>
    <trkpt lat="36.653037" lon="34.231432"><ele>353.6</ele></trkpt>
    <trkpt lat="36.653504" lon="34.231312"><ele>352.7</ele></trkpt>
    <trkpt lat="36.653851" lon="34.231079"><ele>351.9</ele></trkpt>
    <trkpt lat="36.654039" lon="34.230693"><ele>351.7</ele></trkpt>
    <trkpt lat="36.654087" lon="34.230174"><ele>352.2</ele></trkpt>
    <trkpt lat="36.654069" lon="34.229593"><ele>353.6</ele></trkpt>
    <trkpt lat="36.654078" lon="34.229036"><ele>355.8</ele></trkpt>
    <trkpt lat="36.654190" lon="34.228578"><ele>358.7</ele></trkpt>
    <trkpt lat="36.654437" lon="34.228250"><ele>361.9</ele></trkpt>
    <trkpt lat="36.654800" lon="34.228030"><ele>365.3</ele></trkpt>
    <trkpt lat="36.655214" lon="34.227860"><ele>368.5</ele></trkpt>
    <trkpt lat="36.655602" lon="34.227666"><ele>371.2</ele></trkpt>
    <trkpt lat="36.655905" lon="34.227390"><ele>373.4</ele></trkpt>
    <trkpt lat="36.656097" lon="34.227009"><ele>375.0</ele></trkpt>
    <trkpt lat="36.656200" lon="34.226542"><ele>376.0</ele></trkpt>
    <trkpt lat="36.656265" lon="34.226039"><ele>376.5</ele></trkpt>
    <trkpt lat="36.656354" lon="34.225559"><ele>376.8</ele></trkpt>
    <trkpt lat="36.656512" lon="34.225145"><ele>377.1</ele></trkpt>
    <trkpt lat="36.656753" lon="34.224811"><ele>377.5</ele></trkpt>
    <trkpt lat="36.657060" lon="34.224538"><ele>378.3</ele></trkpt>
    <trkpt lat="36.657390" lon="34.224288"><ele>379.5</ele></trkpt>
    <trkpt lat="36.657698" lon="34.224017"><ele>381.1</ele></trkpt>
    <trkpt lat="36.657954" lon="34.223696"><ele>383.0</ele></trkpt>
    <trkpt lat="36.658152" lon="34.223321"><ele>385.1</ele></trkpt>
    <trkpt lat="36.658311" lon="34.222908"><ele>387.3</ele></trkpt>
    <trkpt lat="36.658462" lon="34.222486"><ele>389.4</ele></trkpt>
    <trkpt lat="36.658632" lon="34.222084"><ele>391.4</ele></trkpt>
    <trkpt lat="36.658837" lon="34.221715"><ele>393.2</ele></trkpt>
    <trkpt lat="36.659072" lon="34.221374"><ele>394.7</ele></trkpt>
    <trkpt lat="36.659322" lon="34.221047"><ele>396.1</ele></trkpt>
    <trkpt lat="36.659565" lon="34.220715"><ele>397.3</ele></trkpt>
    <trkpt lat="36.659791" lon="34.220365"><ele>398.6</ele></trkpt>
    <trkpt lat="36.660000" lon="34.220000"><ele>400.0</ele></trkpt>
    <trkpt lat="36.660295" lon="34.219742"><ele>403.6</ele></trkpt>
    <trkpt lat="36.660578" lon="34.219464"><ele>407.1</ele></trkpt>
    <trkpt lat="36.660839" lon="34.219151"><ele>410.3</ele></trkpt>
    <trkpt lat="36.661083" lon="34.218813"><ele>413.5</ele></trkpt>
    <trkpt lat="36.661328" lon="34.218476"><ele>416.9</ele></trkpt>
    <trkpt lat="36.661598" lon="34.218179"><ele>420.4</ele></trkpt>
    <trkpt lat="36.661909" lon="34.217945"><ele>424.2</ele></trkpt>
    <trkpt lat="36.662258" lon="34.217769"><ele>428.5</ele></trkpt>
    <trkpt lat="36.662621" lon="34.217616"><ele>433.0</ele></trkpt>
    <trkpt lat="36.662962" lon="34.217428"><ele>437.7</ele></trkpt>
    <trkpt lat="36.663249" lon="34.217157"><ele>442.5</ele></trkpt>
    <trkpt lat="36.663468" lon="34.216780"><ele>447.0</ele></trkpt>
    <trkpt lat="36.663634" lon="34.216321"><ele>451.1</ele></trkpt>
    <trkpt lat="36.663789" lon="34.215844"><ele>454.6</ele></trkpt>
    <trkpt lat="36.663986" lon="34.215432"><ele>457.6</ele></trkpt>
    <trkpt lat="36.664265" lon="34.215150"><ele>459.9</ele></trkpt>
    <trkpt lat="36.664640" lon="34.215014"><ele>461.8</ele></trkpt>
    <trkpt lat="36.665081" lon="34.214983"><ele>463.6</ele></trkpt>
    <trkpt lat="36.665531" lon="34.214964"><ele>465.5</ele></trkpt>
    <trkpt lat="36.665919" lon="34.214850"><ele>467.8</ele></trkpt>
    <trkpt lat="36.666196" lon="34.214563"><ele>470.9</ele></trkpt>
    <trkpt lat="36.666352" lon="34.214088"><ele>474.9</ele></trkpt>
    <trkpt lat="36.666428" lon="34.213488"><ele>479.8</ele></trkpt>
    <trkpt lat="36.666499" lon="34.212881"><ele>485.5</ele></trkpt>
    <trkpt lat="36.666650" lon="34.212399"><ele>491.7</ele></trkpt>
    <trkpt lat="36.666940" lon="34.212132"><ele>498.0</ele></trkpt>
    <trkpt lat="36.667376" lon="34.212093"><ele>504.1</ele></trkpt>
    <trkpt lat="36.667906" lon="34.212199"><ele>509.4</ele></trkpt>
    <trkpt lat="36.668437" lon="34.212306"><ele>513.7</ele></trkpt>
    <trkpt lat="36.668868" lon="34.212258"><ele>516.8</ele></trkpt>
    <trkpt lat="36.669134" lon="34.211954"><ele>518.7</ele></trkpt>
    <trkpt lat="36.669230" lon="34.211386"><ele>519.6</ele></trkpt>
    <trkpt lat="36.669220" lon="34.210654"><ele>520.0</ele></trkpt>
    <trkpt lat="36.669214" lon="34.209927"><ele>520.2</ele></trkpt>
    <trkpt lat="36.669326" lon="34.209382"><ele>520.9</ele></trkpt>
    <trkpt lat="36.669627" lon="34.209134"><ele>522.5</ele></trkpt>
    <trkpt lat="36.670121" lon="34.209183"><ele>525.4</ele></trkpt>
    <trkpt lat="36.670732" lon="34.209415"><ele>529.8</ele></trkpt>
    <trkpt lat="36.671335" lon="34.209635"><ele>535.7</ele></trkpt>
    <trkpt lat="36.671803" lon="34.209645"><ele>542.7</ele></trkpt>
    <trkpt lat="36.672057" lon="34.209323"><ele>550.4</ele></trkpt>
    <trkpt lat="36.672099" lon="34.208670"><ele>558.2</ele></trkpt>
    <trkpt lat="36.672013" lon="34.207820"><ele>565.3</ele></trkpt>
    <trkpt lat="36.671939" lon="34.206987"><ele>571.3</ele></trkpt>
    <trkpt lat="36.672017" lon="34.206390"><ele>575.7</ele></trkpt>
    <trkpt lat="36.672330" lon="34.206160"><ele>578.4</ele></trkpt>
    <trkpt lat="36.672875" lon="34.206289"><ele>579.4</ele></trkpt>
    <trkpt lat="36.673556" lon="34.206631"><ele>579.1</ele></trkpt>
    <trkpt lat="36.674222" lon="34.206948"><ele>578.1</ele></trkpt>
    <trkpt lat="36.674721" lon="34.207006"><ele>577.1</ele></trkpt>
    <trkpt lat="36.674963" lon="34.206665"><ele>576.8</ele></trkpt>
    <trkpt lat="36.674957" lon="34.205938"><ele>577.8</ele></trkpt>
    <trkpt lat="36.674807" lon="34.204986"><ele>580.7</ele></trkpt>
    <trkpt lat="36.674676" lon="34.204066"><ele>585.5</ele></trkpt>
    <trkpt lat="36.674727" lon="34.203427"><ele>592.2</ele></trkpt>
    <trkpt lat="36.675052" lon="34.203215"><ele>600.3</ele></trkpt>
    <trkpt lat="36.675641" lon="34.203413"><ele>609.1</ele></trkpt>
    <trkpt lat="36.676380" lon="34.203845"><ele>617.9</ele></trkpt>
    <trkpt lat="36.677096" lon="34.204240"><ele>625.9</ele></trkpt>
    <trkpt lat="36.677618" lon="34.204334"><ele>632.3</ele></trkpt>
    <trkpt lat="36.677849" lon="34.203976"><ele>636.8</ele></trkpt>
    <trkpt lat="36.677803" lon="34.203187"><ele>639.1</ele></trkpt>
    <trkpt lat="36.677602" lon="34.202156"><ele>639.4</ele></trkpt>
    <trkpt lat="36.677428" lon="34.201168"><ele>638.2</ele></trkpt>
    <trkpt lat="36.677459" lon="34.200499"><ele>636.3</ele></trkpt>
    <trkpt lat="36.677795" lon="34.200303"><ele>634.4</ele></trkpt>
    <trkpt lat="36.678419" lon="34.200556"><ele>633.4</ele></trkpt>
    <trkpt lat="36.679203" lon="34.201057"><ele>634.2</ele></trkpt>
    <trkpt lat="36.679954" lon="34.201507"><ele>637.0</ele></trkpt>
    <trkpt lat="36.680491" lon="34.201625"><ele>642.2</ele></trkpt>
    <trkpt lat="36.680712" lon="34.201251"><ele>649.4</ele></trkpt>
    <trkpt lat="36.680637" lon="34.200416"><ele>658.2</ele></trkpt>
    <trkpt lat="36.680399" lon="34.199328"><ele>667.8</ele></trkpt>
    <trkpt lat="36.680196" lon="34.198296"><ele>677.2</ele></trkpt>
    <trkpt lat="36.680216" lon="34.197609"><ele>685.7</ele></trkpt>
    <trkpt lat="36.680562" lon="34.197428"><ele>692.3</ele></trkpt>
    <trkpt lat="36.681210" lon="34.197719"><ele>696.8</ele></trkpt>
    <trkpt lat="36.682022" lon="34.198264"><ele>698.8</ele></trkpt>
    <trkpt lat="36.682795" lon="34.198748"><ele>698.7</ele></trkpt>
    <trkpt lat="36.683339" lon="34.198876"><ele>697.0</ele></trkpt>
    <trkpt lat="36.683552" lon="34.198489"><ele>694.5</ele></trkpt>
    <trkpt lat="36.683457" lon="34.197625"><ele>692.2</ele></trkpt>
    <trkpt lat="36.683198" lon="34.196505"><ele>691.0</ele></trkpt>
    <trkpt lat="36.682982" lon="34.195451"><ele>691.6</ele></trkpt>
    <trkpt lat="36.683000" lon="34.194761"><ele>694.5</ele></trkpt>
    <trkpt lat="36.683353" lon="34.194592"><ele>699.9</ele></trkpt>
    <trkpt lat="36.684014" lon="34.194902"><ele>707.4</ele></trkpt>
    <trkpt lat="36.684838" lon="34.195467"><ele>716.5</ele></trkpt>
    <trkpt lat="36.685617" lon="34.195960"><ele>726.3</ele></trkpt>
    <trkpt lat="36.686160" lon="34.196086"><ele>736.0</ele></trkpt>
    <trkpt lat="36.686366" lon="34.195688"><ele>744.5</ele></trkpt>
    <trkpt lat="36.686264" lon="34.194813"><ele>751.2</ele></trkpt>
    <trkpt lat="36.686002" lon="34.193687"><ele>755.5</ele></trkpt>
    <trkpt lat="36.685788" lon="34.192636"><ele>757.4</ele></trkpt>
    <trkpt lat="36.685811" lon="34.191954"><ele>757.1</ele></trkpt>
    <trkpt lat="36.686169" lon="34.191794"><ele>755.3</ele></trkpt>
    <trkpt lat="36.686832" lon="34.192107"><ele>752.8</ele></trkpt>
    <trkpt lat="36.687651" lon="34.192663"><ele>750.6</ele></trkpt>
    <trkpt lat="36.688420" lon="34.193142"><ele>749.5</ele></trkpt>
    <trkpt lat="36.688953" lon="34.193253"><ele>750.2</ele></trkpt>
    <trkpt lat="36.689155" lon="34.192849"><ele>753.3</ele></trkpt>
    <trkpt lat="36.689058" lon="34.191980"><ele>758.7</ele></trkpt>
    <trkpt lat="36.688809" lon="34.190876"><ele>766.2</ele></trkpt>
    <trkpt lat="36.688612" lon="34.189851"><ele>775.2</ele></trkpt>
    <trkpt lat="36.688649" lon="34.189191"><ele>784.8</ele></trkpt>
    <trkpt lat="36.689010" lon="34.189035"><ele>794.2</ele></trkpt>
    <trkpt lat="36.689662" lon="34.189330"><ele>802.4</ele></trkpt>
    <trkpt lat="36.690459" lon="34.189853"><ele>808.8</ele></trkpt>
    <trkpt lat="36.691204" lon="34.190294"><ele>813.0</ele></trkpt>
    <trkpt lat="36.691720" lon="34.190378"><ele>814.9</ele></trkpt>
    <trkpt lat="36.691920" lon="34.189972"><ele>814.8</ele></trkpt>
    <trkpt lat="36.691840" lon="34.189129"><ele>813.3</ele></trkpt>
    <trkpt lat="36.691621" lon="34.188071"><ele>811.3</ele></trkpt>
    <trkpt lat="36.691456" lon="34.187096"><ele>809.5</ele></trkpt>
    <trkpt lat="36.691513" lon="34.186468"><ele>808.9</ele></trkpt>
    <trkpt lat="36.691874" lon="34.186312"><ele>810.0</ele></trkpt>
    <trkpt lat="36.692504" lon="34.186573"><ele>813.2</ele></trkpt>
    <trkpt lat="36.693263" lon="34.187037"><ele>818.6</ele></trkpt>
    <trkpt lat="36.693969" lon="34.187417"><ele>825.8</ele></trkpt>
    <trkpt lat="36.694461" lon="34.187463"><ele>834.2</ele></trkpt>
    <trkpt lat="36.694663" lon="34.187059"><ele>843.1</ele></trkpt>
    <trkpt lat="36.694611" lon="34.186261"><ele>851.8</ele></trkpt>
    <trkpt lat="36.694437" lon="34.185273"><ele>859.3</ele></trkpt>
    <trkpt lat="36.694318" lon="34.184370"><ele>865.3</ele></trkpt>
    <trkpt lat="36.694402" lon="34.183783"><ele>869.3</ele></trkpt>
    <trkpt lat="36.694761" lon="34.183623"><ele>871.3</ele></trkpt>
    <trkpt lat="36.695356" lon="34.183831"><ele>871.7</ele></trkpt>
    <trkpt lat="36.696063" lon="34.184213"><ele>871.0</ele></trkpt>
    <trkpt lat="36.696717" lon="34.184512"><ele>869.9</ele></trkpt>
    <trkpt lat="36.697178" lon="34.184512"><ele>869.1</ele></trkpt>
    <trkpt lat="36.697384" lon="34.184115"><ele>869.2</ele></trkpt>
    <trkpt lat="36.697372" lon="34.183377"><ele>870.9</ele></trkpt>
    <trkpt lat="36.697258" lon="34.182483"><ele>874.3</ele></trkpt>
    <trkpt lat="36.697196" lon="34.181669"><ele>879.5</ele></trkpt>
    <trkpt lat="36.697314" lon="34.181134"><ele>886.0</ele></trkpt>
    <trkpt lat="36.697666" lon="34.180963"><ele>893.5</ele></trkpt>
    <trkpt lat="36.698217" lon="34.181103"><ele>901.3</ele></trkpt>
    <trkpt lat="36.698858" lon="34.181382"><ele>908.9</ele></trkpt>
    <trkpt lat="36.699449" lon="34.181583"><ele>915.5</ele></trkpt>
    <trkpt lat="36.699875" lon="34.181528"><ele>920.8</ele></trkpt>
    <trkpt lat="36.700089" lon="34.181143"><ele>924.5</ele></trkpt>
    <trkpt lat="36.700125" lon="34.180481"><ele>926.9</ele></trkpt>
    <trkpt lat="36.700084" lon="34.179699"><ele>928.0</ele></trkpt>
    <trkpt lat="36.700090" lon="34.178991"><ele>928.4</ele></trkpt>
    <trkpt lat="36.700244" lon="34.178514"><ele>928.6</ele></trkpt>
    <trkpt lat="36.700587" lon="34.178329"><ele>929.1</ele></trkpt>
    <trkpt lat="36.701085" lon="34.178386"><ele>930.3</ele></trkpt>
    <trkpt lat="36.701648" lon="34.178544"><ele>932.7</ele></trkpt>
    <trkpt lat="36.702167" lon="34.178633"><ele>936.3</ele></trkpt>
    <trkpt lat="36.702554" lon="34.178517"><ele>941.1</ele></trkpt>
    <trkpt lat="36.702779" lon="34.178149"><ele>946.8</ele></trkpt>
    <trkpt lat="36.702872" lon="34.177576"><ele>953.1</ele></trkpt>
    <trkpt lat="36.702913" lon="34.176922"><ele>959.4</ele></trkpt>
    <trkpt lat="36.702995" lon="34.176332"><ele>965.5</ele></trkpt>
    <trkpt lat="36.703190" lon="34.175917"><ele>970.9</ele></trkpt>
    <trkpt lat="36.703521" lon="34.175715"><ele>975.5</ele></trkpt>
    <trkpt lat="36.703959" lon="34.175677"><ele>979.1</ele></trkpt>
    <trkpt lat="36.704435" lon="34.175701"><ele>981.8</ele></trkpt>
    <trkpt lat="36.704874" lon="34.175666"><ele>983.9</ele></trkpt>
    <trkpt lat="36.705220" lon="34.175486"><ele>985.7</ele></trkpt>
    <trkpt lat="36.705458" lon="34.175138"><ele>987.4</ele></trkpt>
    <trkpt lat="36.705615" lon="34.174664"><ele>989.4</ele></trkpt>
    <trkpt lat="36.705746" lon="34.174150"><ele>992.0</ele></trkpt>
    <trkpt lat="36.705910" lon="34.173688"><ele>995.1</ele></trkpt>
    <trkpt lat="36.706147" lon="34.173339"><ele>998.9</ele></trkpt>
    <trkpt lat="36.706464" lon="34.173113"><ele>1003.2</ele></trkpt>
    <trkpt lat="36.706835" lon="34.172973"><ele>1007.9</ele></trkpt>
    <trkpt lat="36.707219" lon="34.172852"><ele>1012.7</ele></trkpt>
    <trkpt lat="36.707574" lon="34.172687"><ele>1017.4</ele></trkpt>
    <trkpt lat="36.707877" lon="34.172441"><ele>1021.9</ele></trkpt>
    <trkpt lat="36.708131" lon="34.172117"><ele>1026.0</ele></trkpt>
    <trkpt lat="36.708356" lon="34.171749"><ele>1029.7</ele></trkpt>
    <trkpt lat="36.708581" lon="34.171382"><ele>1033.1</ele></trkpt>
    <trkpt lat="36.708831" lon="34.171053"><ele>1036.4</ele></trkpt>
    <trkpt lat="36.709110" lon="34.170770"><ele>1039.6</ele></trkpt>
    <trkpt lat="36.709410" lon="34.170519"><ele>1042.9</ele></trkpt>
    <trkpt lat="36.709712" lon="34.170270"><ele>1046.3</ele></trkpt>
    <trkpt lat="36.710000" lon="34.170000"><ele>1050.0</ele></trkpt>
    <trkpt lat="36.710321" lon="34.169796"><ele>1052.4</ele></trkpt>
    <trkpt lat="36.710651" lon="34.169612"><ele>1054.6</ele></trkpt>
    <trkpt lat="36.710970" lon="34.169405"><ele>1056.9</ele></trkpt>
    <trkpt lat="36.711262" lon="34.169141"><ele>1059.4</ele></trkpt>
    <trkpt lat="36.711523" lon="34.168814"><ele>1062.3</ele></trkpt>
    <trkpt lat="36.711770" lon="34.168456"><ele>1065.5</ele></trkpt>
    <trkpt lat="36.712031" lon="34.168130"><ele>1069.1</ele></trkpt>
    <trkpt lat="36.712337" lon="34.167895"><ele>1073.0</ele></trkpt>
    <trkpt lat="36.712699" lon="34.167778"><ele>1076.9</ele></trkpt>
    <trkpt lat="36.713107" lon="34.167755"><ele>1080.6</ele></trkpt>
    <trkpt lat="36.713523" lon="34.167749"><ele>1083.8</ele></trkpt>
    <trkpt lat="36.713901" lon="34.167663"><ele>1086.3</ele></trkpt>
    <trkpt lat="36.714202" lon="34.167418"><ele>1088.1</ele></trkpt>
    <trkpt lat="36.714417" lon="34.166995"><ele>1089.2</ele></trkpt>
    <trkpt lat="36.714573" lon="34.166450"><ele>1089.8</ele></trkpt>
    <trkpt lat="36.714726" lon="34.165898"><ele>1090.2</ele></trkpt>
    <trkpt lat="36.714940" lon="34.165474"><ele>1090.8</ele></trkpt>
    <trkpt lat="36.715263" lon="34.165274"><ele>1092.0</ele></trkpt>
    <trkpt lat="36.715699" lon="34.165310"><ele>1094.1</ele></trkpt>
    <trkpt lat="36.716208" lon="34.165497"><ele>1097.3</ele></trkpt>
    <trkpt lat="36.716715" lon="34.165679"><ele>1101.6</ele></trkpt>
    <trkpt lat="36.717138" lon="34.165688"><ele>1106.9</ele></trkpt>
    <trkpt lat="36.717423" lon="34.165411"><ele>1112.7</ele></trkpt>
    <trkpt lat="36.717569" lon="34.164844"><ele>1118.7</ele></trkpt>
    <trkpt lat="36.717629" lon="34.164099"><ele>1124.3</ele></trkpt>
    <trkpt lat="36.717696" lon="34.163369"><ele>1129.0</ele></trkpt>
    <trkpt lat="36.717867" lon="34.162855"><ele>1132.4</ele></trkpt>
    <trkpt lat="36.718203" lon="34.162683"><ele>1134.2</ele></trkpt>
    <trkpt lat="36.718704" lon="34.162852"><ele>1134.7</ele></trkpt>
    <trkpt lat="36.719302" lon="34.163225"><ele>1133.9</ele></trkpt>
    <trkpt lat="36.719889" lon="34.163573"><ele>1132.5</ele></trkpt>
    <trkpt lat="36.720353" lon="34.163667"><ele>1131.0</ele></trkpt>
    <trkpt lat="36.720626" lon="34.163365"><ele>1130.1</ele></trkpt>
    <trkpt lat="36.720714" lon="34.162677"><ele>1130.4</ele></trkpt>
    <trkpt lat="36.720692" lon="34.161764"><ele>1132.3</ele></trkpt>
    <trkpt lat="36.720687" lon="34.160882"><ele>1136.1</ele></trkpt>
    <trkpt lat="36.720820" lon="34.160289"><ele>1141.6</ele></trkpt>
    <trkpt lat="36.721166" lon="34.160138"><ele>1148.5</ele></trkpt>
    <trkpt lat="36.721718" lon="34.160415"><ele>1156.1</ele></trkpt>
    <trkpt lat="36.722388" lon="34.160937"><ele>1163.7</ele></trkpt>
    <trkpt lat="36.723040" lon="34.161419"><ele>1170.6</ele></trkpt>
    <trkpt lat="36.723538" lon="34.161583"><ele>1176.0</ele></trkpt>
    <trkpt lat="36.723803" lon="34.161265"><ele>1179.5</ele></trkpt>
    <trkpt lat="36.723847" lon="34.160485"><ele>1180.9</ele></trkpt>
    <trkpt lat="36.723763" lon="34.159443"><ele>1180.3</ele></trkpt>
    <trkpt lat="36.723702" lon="34.158447"><ele>1178.3</ele></trkpt>
    <trkpt lat="36.723806" lon="34.157794"><ele>1175.4</ele></trkpt>
    <trkpt lat="36.724158" lon="34.157655"><ele>1172.6</ele></trkpt>
    <trkpt lat="36.724747" lon="34.158007"><ele>1170.7</ele></trkpt>
    <trkpt lat="36.725468" lon="34.158634"><ele>1170.4</ele></trkpt>
    <trkpt lat="36.726165" lon="34.159211"><ele>1172.3</ele></trkpt>
    <trkpt lat="36.726686" lon="34.159425"><ele>1176.4</ele></trkpt>
    <trkpt lat="36.726948" lon="34.159098"><ele>1182.7</ele></trkpt>
    <trkpt lat="36.726963" lon="34.158261"><ele>1190.5</ele></trkpt>
    <trkpt lat="36.726841" lon="34.157138"><ele>1199.2</ele></trkpt>
    <trkpt lat="36.726745" lon="34.156069"><ele>1207.8</ele></trkpt>
    <trkpt lat="36.726831" lon="34.155378"><ele>1215.3</ele></trkpt>
    <trkpt lat="36.727185" lon="34.155244"><ele>1221.1</ele></trkpt>
    <trkpt lat="36.727793" lon="34.155636"><ele>1224.6</ele></trkpt>
    <trkpt lat="36.728541" lon="34.156318"><ele>1225.8</ele></trkpt>
    <trkpt lat="36.729261" lon="34.156943"><ele>1224.7</ele></trkpt>
    <trkpt lat="36.729795" lon="34.157183"><ele>1222.0</ele></trkpt>
    <trkpt lat="36.730056" lon="34.156855"><ele>1218.6</ele></trkpt>
    <trkpt lat="36.730061" lon="34.155996"><ele>1215.3</ele></trkpt>
    <trkpt lat="36.729925" lon="34.154844"><ele>1213.0</ele></trkpt>
    <trkpt lat="36.729818" lon="34.153752"><ele>1212.6</ele></trkpt>
    <trkpt lat="36.729897" lon="34.153048"><ele>1214.4</ele></trkpt>
    <trkpt lat="36.730251" lon="34.152912"><ele>1218.7</ele></trkpt>
    <trkpt lat="36.730860" lon="34.153307"><ele>1225.2</ele></trkpt>
    <trkpt lat="36.731608" lon="34.153991"><ele>1233.3</ele></trkpt>
    <trkpt lat="36.732328" lon="34.154615"><ele>1242.1</ele></trkpt>
    <trkpt lat="36.732861" lon="34.154854"><ele>1250.7</ele></trkpt>
    <trkpt lat="36.733125" lon="34.154531"><ele>1258.3</ele></trkpt>
    <trkpt lat="36.733137" lon="34.153687"><ele>1264.0</ele></trkpt>
    <trkpt lat="36.733013" lon="34.152560"><ele>1267.4</ele></trkpt>
    <trkpt lat="36.732918" lon="34.151494"><ele>1268.5</ele></trkpt>
    <trkpt lat="36.733005" lon="34.150805"><ele>1267.5</ele></trkpt>
    <trkpt lat="36.733355" lon="34.150662"><ele>1265.1</ele></trkpt>
    <trkpt lat="36.733949" lon="34.151024"><ele>1261.9</ele></trkpt>
    <trkpt lat="36.734673" lon="34.151657"><ele>1259.0</ele></trkpt>
    <trkpt lat="36.735367" lon="34.152230"><ele>1257.1</ele></trkpt>
    <trkpt lat="36.735887" lon="34.152439"><ele>1257.0</ele></trkpt>
    <trkpt lat="36.736155" lon="34.152125"><ele>1259.0</ele></trkpt>
    <trkpt lat="36.736191" lon="34.151331"><ele>1263.2</ele></trkpt>
    <trkpt lat="36.736104" lon="34.150281"><ele>1269.3</ele></trkpt>
    <trkpt lat="36.736045" lon="34.149290"><ele>1276.8</ele></trkpt>
    <trkpt lat="36.736153" lon="34.148644"><ele>1284.9</ele></trkpt>
    <trkpt lat="36.736498" lon="34.148491"><ele>1292.7</ele></trkpt>
    <trkpt lat="36.737059" lon="34.148786"><ele>1299.5</ele></trkpt>
    <trkpt lat="36.737735" lon="34.149319"><ele>1304.7</ele></trkpt>
    <trkpt lat="36.738382" lon="34.149794"><ele>1307.9</ele></trkpt>
    <trkpt lat="36.738875" lon="34.149946"><ele>1309.2</ele></trkpt>
    <trkpt lat="36.739148" lon="34.149644"><ele>1308.8</ele></trkpt>
    <trkpt lat="36.739223" lon="34.148931"><ele>1307.3</ele></trkpt>
    <trkpt lat="36.739196" lon="34.148004"><ele>1305.3</ele></trkpt>
    <trkpt lat="36.739195" lon="34.147133"><ele>1303.6</ele></trkpt>
    <trkpt lat="36.739336" lon="34.146557"><ele>1302.8</ele></trkpt>
    <trkpt lat="36.739676" lon="34.146391"><ele>1303.4</ele></trkpt>
    <trkpt lat="36.740191" lon="34.146593"><ele>1305.7</ele></trkpt>
    <trkpt lat="36.740797" lon="34.146981"><ele>1309.6</ele></trkpt>
    <trkpt lat="36.741377" lon="34.147315"><ele>1314.9</ele></trkpt>
    <trkpt lat="36.741830" lon="34.147386"><ele>1321.1</ele></trkpt>
    <trkpt lat="36.742109" lon="34.147096"><ele>1327.6</ele></trkpt>
    <trkpt lat="36.742236" lon="34.146489"><ele>1333.9</ele></trkpt>
    <trkpt lat="36.742286" lon="34.145725"><ele>1339.3</ele></trkpt>
    <trkpt lat="36.742363" lon="34.145013"><ele>1343.6</ele></trkpt>
    <trkpt lat="36.742549" lon="34.144530"><ele>1346.5</ele></trkpt>
    <trkpt lat="36.742882" lon="34.144352"><ele>1348.2</ele></trkpt>
    <trkpt lat="36.743342" lon="34.144438"><ele>1348.8</ele></trkpt>
    <trkpt lat="36.743861" lon="34.144647"><ele>1348.8</ele></trkpt>
    <trkpt lat="36.744357" lon="34.144806"><ele>1348.7</ele></trkpt>
    <trkpt lat="36.744760" lon="34.144774"><ele>1348.8</ele></trkpt>
    <trkpt lat="36.745045" lon="34.144495"><ele>1349.6</ele></trkpt>
    <trkpt lat="36.745231" lon="34.144012"><ele>1351.3</ele></trkpt>
    <trkpt lat="36.745375" lon="34.143441"><ele>1353.9</ele></trkpt>
    <trkpt lat="36.745542" lon="34.142918"><ele>1357.5</ele></trkpt>
    <trkpt lat="36.745781" lon="34.142546"><ele>1361.6</ele></trkpt>
    <trkpt lat="36.746110" lon="34.142359"><ele>1366.0</ele></trkpt>
    <trkpt lat="36.746507" lon="34.142313"><ele>1370.5</ele></trkpt>
    <trkpt lat="36.746929" lon="34.142319"><ele>1374.6</ele></trkpt>
    <trkpt lat="36.747328" lon="34.142279"><ele>1378.3</ele></trkpt>
    <trkpt lat="36.747674" lon="34.142128"><ele>1381.3</ele></trkpt>
    <trkpt lat="36.747963" lon="34.141858"><ele>1383.8</ele></trkpt>
    <trkpt lat="36.748214" lon="34.141510"><ele>1386.0</ele></trkpt>
    <trkpt lat="36.748459" lon="34.141149"><ele>1387.9</ele></trkpt>
    <trkpt lat="36.748726" lon="34.140834"><ele>1389.8</ele></trkpt>
    <trkpt lat="36.749026" lon="34.140586"><ele>1391.9</ele></trkpt>
    <trkpt lat="36.749351" lon="34.140392"><ele>1394.3</ele></trkpt>
    <trkpt lat="36.749682" lon="34.140210"><ele>1397.0</ele></trkpt>
    <trkpt lat="36.750000" lon="34.140000"><ele>1400.0</ele></trkpt>
    <trkpt lat="36.750195" lon="34.140378"><ele>1400.2</ele></trkpt>
    <trkpt lat="36.750381" lon="34.140764"><ele>1400.4</ele></trkpt>
    <trkpt lat="36.750573" lon="34.141145"><ele>1400.7</ele></trkpt>
    <trkpt lat="36.750782" lon="34.141511"><ele>1401.1</ele></trkpt>
    <trkpt lat="36.751015" lon="34.141857"><ele>1401.7</ele></trkpt>
    <trkpt lat="36.751262" lon="34.142191"><ele>1402.4</ele></trkpt>
    <trkpt lat="36.751503" lon="34.142530"><ele>1403.2</ele></trkpt>
    <trkpt lat="36.751716" lon="34.142893"><ele>1404.0</ele></trkpt>
    <trkpt lat="36.751888" lon="34.143290"><ele>1404.6</ele></trkpt>
    <trkpt lat="36.752024" lon="34.143719"><ele>1404.9</ele></trkpt>
    <trkpt lat="36.752146" lon="34.144159"><ele>1405.0</ele></trkpt>
    <trkpt lat="36.752289" lon="34.144582"><ele>1404.8</ele></trkpt>
    <trkpt lat="36.752482" lon="34.144961"><ele>1404.4</ele></trkpt>
    <trkpt lat="36.752739" lon="34.145286"><ele>1403.8</ele></trkpt>
    <trkpt lat="36.753046" lon="34.145569"><ele>1403.2</ele></trkpt>
    <trkpt lat="36.753366" lon="34.145842"><ele>1402.9</ele></trkpt>
    <trkpt lat="36.753649" lon="34.146145"><ele>1402.9</ele></trkpt>
    <trkpt lat="36.753859" lon="34.146510"><ele>1403.3</ele></trkpt>
    <trkpt lat="36.753984" lon="34.146948"><ele>1404.2</ele></trkpt>
    <trkpt lat="36.754045" lon="34.147440"><ele>1405.5</ele></trkpt>
    <trkpt lat="36.754096" lon="34.147941"><ele>1407.2</ele></trkpt>
    <trkpt lat="36.754197" lon="34.148399"><ele>1408.9</ele></trkpt>
    <trkpt lat="36.754394" lon="34.148775"><ele>1410.6</ele></trkpt>
    <trkpt lat="36.754699" lon="34.149060"><ele>1411.9</ele></trkpt>
    <trkpt lat="36.755080" lon="34.149280"><ele>1412.6</ele></trkpt>
    <trkpt lat="36.755470" lon="34.149493"><ele>1412.8</ele></trkpt>
    <trkpt lat="36.755794" lon="34.149761"><ele>1412.2</ele></trkpt>
    <trkpt lat="36.756000" lon="34.150130"><ele>1411.1</ele></trkpt>
    <trkpt lat="36.756076" lon="34.150609"><ele>1409.7</ele></trkpt>
    <trkpt lat="36.756065" lon="34.151162"><ele>1408.1</ele></trkpt>
    <trkpt lat="36.756046" lon="34.151722"><ele>1406.7</ele></trkpt>
    <trkpt lat="36.756107" lon="34.152214"><ele>1405.8</ele></trkpt>
    <trkpt lat="36.756310" lon="34.152586"><ele>1405.7</ele></trkpt>
    <trkpt lat="36.756663" lon="34.152830"><ele>1406.3</ele></trkpt>
    <trkpt lat="36.757115" lon="34.152990"><ele>1407.8</ele></trkpt>
    <trkpt lat="36.757573" lon="34.153144"><ele>1410.0</ele></trkpt>
    <trkpt lat="36.757936" lon="34.153380"><ele>1412.7</ele></trkpt>
    <trkpt lat="36.758136" lon="34.153754"><ele>1415.4</ele></trkpt>
    <trkpt lat="36.758165" lon="34.154273"><ele>1417.9</ele></trkpt>
    <trkpt lat="36.758083" lon="34.154886"><ele>1419.7</ele></trkpt>
    <trkpt lat="36.757998" lon="34.155502"><ele>1420.6</ele></trkpt>
    <trkpt lat="36.758022" lon="34.156026"><ele>1420.5</ele></trkpt>
    <trkpt lat="36.758231" lon="34.156392"><ele>1419.3</ele></trkpt>
    <trkpt lat="36.758630" lon="34.156597"><ele>1417.4</ele></trkpt>
    <trkpt lat="36.759151" lon="34.156698"><ele>1415.0</ele></trkpt>
    <trkpt lat="36.759674" lon="34.156797"><ele>1412.4</ele></trkpt>
    <trkpt lat="36.760073" lon="34.157002"><ele>1410.3</ele></trkpt>
    <trkpt lat="36.760266" lon="34.157382"><ele>1408.9</ele></trkpt>
    <trkpt lat="36.760249" lon="34.157940"><ele>1408.6</ele></trkpt>
    <trkpt lat="36.760100" lon="34.158611"><ele>1409.5</ele></trkpt>
    <trkpt lat="36.759952" lon="34.159281"><ele>1411.6</ele></trkpt>
    <trkpt lat="36.759941" lon="34.159833"><ele>1414.7</ele></trkpt>
    <trkpt lat="36.760158" lon="34.160194"><ele>1418.2</ele></trkpt>
    <trkpt lat="36.760603" lon="34.160359"><ele>1421.9</ele></trkpt>
    <trkpt lat="36.761190" lon="34.160404"><ele>1425.1</ele></trkpt>
    <trkpt lat="36.761773" lon="34.160452"><ele>1427.3</ele></trkpt>
    <trkpt lat="36.762205" lon="34.160630"><ele>1428.3</ele></trkpt>
    <trkpt lat="36.762390" lon="34.161016"><ele>1428.0</ele></trkpt>
    <trkpt lat="36.762328" lon="34.161612"><ele>1426.3</ele></trkpt>
    <trkpt lat="36.762115" lon="34.162337"><ele>1423.5</ele></trkpt>
    <trkpt lat="36.761908" lon="34.163057"><ele>1420.2</ele></trkpt>
    <trkpt lat="36.761867" lon="34.163636"><ele>1416.8</ele></trkpt>
    <trkpt lat="36.762092" lon="34.163989"><ele>1414.0</ele></trkpt>
    <trkpt lat="36.762580" lon="34.164118"><ele>1412.2</ele></trkpt>
    <trkpt lat="36.763229" lon="34.164110"><ele>1411.8</ele></trkpt>
    <trkpt lat="36.763868" lon="34.164111"><ele>1413.0</ele></trkpt>
    <trkpt lat="36.764329" lon="34.164263"><ele>1415.6</ele></trkpt>
    <trkpt lat="36.764506" lon="34.164656"><ele>1419.4</ele></trkpt>
    <trkpt lat="36.764402" lon="34.165289"><ele>1423.8</ele></trkpt>
    <trkpt lat="36.764130" lon="34.166064"><ele>1428.2</ele></trkpt>
    <trkpt lat="36.763869" lon="34.166829"><ele>1432.1</ele></trkpt>
    <trkpt lat="36.763801" lon="34.167431"><ele>1434.7</ele></trkpt>
    <trkpt lat="36.764034" lon="34.167777"><ele>1435.8</ele></trkpt>
    <trkpt lat="36.764563" lon="34.167871"><ele>1435.2</ele></trkpt>
    <trkpt lat="36.765269" lon="34.167816"><ele>1433.0</ele></trkpt>
    <trkpt lat="36.765959" lon="34.167773"><ele>1429.6</ele></trkpt>
    <trkpt lat="36.766445" lon="34.167903"><ele>1425.4</ele></trkpt>
    <trkpt lat="36.766613" lon="34.168304"><ele>1421.3</ele></trkpt>
    <trkpt lat="36.766470" lon="34.168970"><ele>1417.9</ele></trkpt>
    <trkpt lat="36.766144" lon="34.169791"><ele>1415.7</ele></trkpt>
    <trkpt lat="36.765835" lon="34.170597"><ele>1415.3</ele></trkpt>
    <trkpt lat="36.765743" lon="34.171220"><ele>1416.7</ele></trkpt>
    <trkpt lat="36.765985" lon="34.171558"><ele>1419.8</ele></trkpt>
    <trkpt lat="36.766552" lon="34.171620"><ele>1424.2</ele></trkpt>
    <trkpt lat="36.767309" lon="34.171520"><ele>1429.4</ele></trkpt>
    <trkpt lat="36.768045" lon="34.171439"><ele>1434.5</ele></trkpt>
    <trkpt lat="36.768553" lon="34.171551"><ele>1438.9</ele></trkpt>
    <trkpt lat="36.768711" lon="34.171960"><ele>1441.9</ele></trkpt>
    <trkpt lat="36.768532" lon="34.172657"><ele>1443.0</ele></trkpt>
    <trkpt lat="36.768157" lon="34.173519"><ele>1442.2</ele></trkpt>
    <trkpt lat="36.767807" lon="34.174361"><ele>1439.5</ele></trkpt>
    <trkpt lat="36.767695" lon="34.175000"><ele>1435.4</ele></trkpt>
    <trkpt lat="36.767946" lon="34.175330"><ele>1430.7</ele></trkpt>
    <trkpt lat="36.768548" lon="34.175363"><ele>1425.9</ele></trkpt>
    <trkpt lat="36.769350" lon="34.175225"><ele>1422.0</ele></trkpt>
    <trkpt lat="36.770124" lon="34.175111"><ele>1419.6</ele></trkpt>
    <trkpt lat="36.770650" lon="34.175208"><ele>1419.1</ele></trkpt>
    <trkpt lat="36.770799" lon="34.175625"><ele>1420.7</ele></trkpt>
    <trkpt lat="36.770587" lon="34.176349"><ele>1424.2</ele></trkpt>
    <trkpt lat="36.770171" lon="34.177247"><ele>1429.2</ele></trkpt>
    <trkpt lat="36.769785" lon="34.178119"><ele>1435.0</ele></trkpt>
    <trkpt lat="36.769657" lon="34.178771"><ele>1440.7</ele></trkpt>
    <trkpt lat="36.769918" lon="34.179093"><ele>1445.4</ele></trkpt>
    <trkpt lat="36.770549" lon="34.179101"><ele>1448.6</ele></trkpt>
    <trkpt lat="36.771390" lon="34.178930"><ele>1449.8</ele></trkpt>
    <trkpt lat="36.772196" lon="34.178789"><ele>1448.8</ele></trkpt>
    <trkpt lat="36.772736" lon="34.178874"><ele>1445.7</ele></trkpt>
    <trkpt lat="36.772876" lon="34.179299"><ele>1441.2</ele></trkpt>
    <trkpt lat="36.772636" lon="34.180046"><ele>1435.9</ele></trkpt>
    <trkpt lat="36.772185" lon="34.180974"><ele>1430.7</ele></trkpt>
    <trkpt lat="36.771770" lon="34.181870"><ele>1426.4</ele></trkpt>
    <trkpt lat="36.771631" lon="34.182533"><ele>1423.8</ele></trkpt>
    <trkpt lat="36.771901" lon="34.182847"><ele>1423.3</ele></trkpt>
    <trkpt lat="36.772558" lon="34.182833"><ele>1425.1</ele></trkpt>
    <trkpt lat="36.773430" lon="34.182635"><ele>1429.0</ele></trkpt>
    <trkpt lat="36.774261" lon="34.182473"><ele>1434.4</ele></trkpt>
    <trkpt lat="36.774810" lon="34.182550"><ele>1440.6</ele></trkpt>
    <trkpt lat="36.774941" lon="34.182983"><ele>1446.6</ele></trkpt>
    <trkpt lat="36.774679" lon="34.183749"><ele>1451.7</ele></trkpt>
    <trkpt lat="36.774199" lon="34.184701"><ele>1455.0</ele></trkpt>
    <trkpt lat="36.773763" lon="34.185615"><ele>1456.2</ele></trkpt>
    <trkpt lat="36.773617" lon="34.186284"><ele>1455.0</ele></trkpt>
    <trkpt lat="36.773896" lon="34.186591"><ele>1451.7</ele></trkpt>
    <trkpt lat="36.774573" lon="34.186559"><ele>1446.8</ele></trkpt>
    <trkpt lat="36.775469" lon="34.186341"><ele>1441.1</ele></trkpt>
    <trkpt lat="36.776318" lon="34.186163"><ele>1435.6</ele></trkpt>
    <trkpt lat="36.776872" lon="34.186236"><ele>1431.1</ele></trkpt>
    <trkpt lat="36.776994" lon="34.186676"><ele>1428.4</ele></trkpt>
    <trkpt lat="36.776714" lon="34.187458"><ele>1428.0</ele></trkpt>
    <trkpt lat="36.776215" lon="34.188427"><ele>1429.9</ele></trkpt>
    <trkpt lat="36.775765" lon="34.189353"><ele>1434.0</ele></trkpt>
    <trkpt lat="36.775615" lon="34.190025"><ele>1439.7</ele></trkpt>
    <trkpt lat="36.775902" lon="34.190325"><ele>1446.1</ele></trkpt>
    <trkpt lat="36.776595" lon="34.190280"><ele>1452.4</ele></trkpt>
    <trkpt lat="36.777507" lon="34.190048"><ele>1457.6</ele></trkpt>
    <trkpt lat="36.778366" lon="34.189862"><ele>1461.0</ele></trkpt>
    <trkpt lat="36.778921" lon="34.189934"><ele>1462.1</ele></trkpt>
    <trkpt lat="36.779036" lon="34.190380"><ele>1460.8</ele></trkpt>
    <trkpt lat="36.778743" lon="34.191173"><ele>1457.3</ele></trkpt>
    <trkpt lat="36.778232" lon="34.192152"><ele>1452.2</ele></trkpt>
    <trkpt lat="36.777775" lon="34.193084"><ele>1446.4</ele></trkpt>
    <trkpt lat="36.777627" lon="34.193754"><ele>1440.7</ele></trkpt>
    <trkpt lat="36.777921" lon="34.194048"><ele>1436.2</ele></trkpt>
    <trkpt lat="36.778623" lon="34.193995"><ele>1433.5</ele></trkpt>
    <trkpt lat="36.779543" lon="34.193757"><ele>1433.1</ele></trkpt>
    <trkpt lat="36.780405" lon="34.193567"><ele>1435.1</ele></trkpt>
    <trkpt lat="36.780958" lon="34.193642"><ele>1439.3</ele></trkpt>
    <trkpt lat="36.781066" lon="34.194094"><ele>1445.1</ele></trkpt>
    <trkpt lat="36.780766" lon="34.194893"><ele>1451.6</ele></trkpt>
    <trkpt lat="36.780250" lon="34.195875"><ele>1458.0</ele></trkpt>
    <trkpt lat="36.779795" lon="34.196806"><ele>1463.2</ele></trkpt>
    <trkpt lat="36.779651" lon="34.197473"><ele>1466.6</ele></trkpt>
    <trkpt lat="36.779951" lon="34.197762"><ele>1467.6</ele></trkpt>
    <trkpt lat="36.780658" lon="34.197705"><ele>1466.2</ele></trkpt>
    <trkpt lat="36.781577" lon="34.197467"><ele>1462.6</ele></trkpt>
    <trkpt lat="36.782435" lon="34.197281"><ele>1457.5</ele></trkpt>
    <trkpt lat="36.782981" lon="34.197361"><ele>1451.7</ele></trkpt>
    <trkpt lat="36.783083" lon="34.197818"><ele>1446.1</ele></trkpt>
    <trkpt lat="36.782782" lon="34.198618"><ele>1441.6</ele></trkpt>
    <trkpt lat="36.782271" lon="34.199597"><ele>1438.9</ele></trkpt>
    <trkpt lat="36.781824" lon="34.200521"><ele>1438.6</ele></trkpt>
    <trkpt lat="36.781688" lon="34.201180"><ele>1440.7</ele></trkpt>
    <trkpt lat="36.781993" lon="34.201465"><ele>1444.9</ele></trkpt>
    <trkpt lat="36.782698" lon="34.201409"><ele>1450.7</ele></trkpt>
    <trkpt lat="36.783610" lon="34.201178"><ele>1457.1</ele></trkpt>
    <trkpt lat="36.784456" lon="34.201003"><ele>1463.4</ele></trkpt>
    <trkpt lat="36.784991" lon="34.201092"><ele>1468.4</ele></trkpt>
    <trkpt lat="36.785089" lon="34.201552"><ele>1471.7</ele></trkpt>
    <trkpt lat="36.784793" lon="34.202348"><ele>1472.6</ele></trkpt>
    <trkpt lat="36.784294" lon="34.203317"><ele>1471.2</ele></trkpt>
    <trkpt lat="36.783862" lon="34.204228"><ele>1467.7</ele></trkpt>
    <trkpt lat="36.783739" lon="34.204877"><ele>1462.7</ele></trkpt>
    <trkpt lat="36.784047" lon="34.205158"><ele>1457.0</ele></trkpt>
    <trkpt lat="36.784745" lon="34.205109"><ele>1451.6</ele></trkpt>
    <trkpt lat="36.785640" lon="34.204892"><ele>1447.3</ele></trkpt>
    <trkpt lat="36.786467" lon="34.204732"><ele>1444.9</ele></trkpt>
    <trkpt lat="36.786988" lon="34.204833"><ele>1444.6</ele></trkpt>
    <trkpt lat="36.787084" lon="34.205296"><ele>1446.7</ele></trkpt>
    <trkpt lat="36.786797" lon="34.206084"><ele>1450.8</ele></trkpt>
    <trkpt lat="36.786319" lon="34.207035"><ele>1456.4</ele></trkpt>
    <trkpt lat="36.785909" lon="34.207927"><ele>1462.6</ele></trkpt>
    <trkpt lat="36.785802" lon="34.208562"><ele>1468.5</ele></trkpt>
    <trkpt lat="36.786113" lon="34.208842"><ele>1473.3</ele></trkpt>
    <trkpt lat="36.786797" lon="34.208804"><ele>1476.3</ele></trkpt>
    <trkpt lat="36.787668" lon="34.208607"><ele>1477.2</ele></trkpt>
    <trkpt lat="36.788469" lon="34.208470"><ele>1475.8</ele></trkpt>
    <trkpt lat="36.788973" lon="34.208586"><ele>1472.5</ele></trkpt>
    <trkpt lat="36.789067" lon="34.209050"><ele>1467.7</ele></trkpt>
    <trkpt lat="36.788797" lon="34.209823"><ele>1462.4</ele></trkpt>
    <trkpt lat="36.788346" lon="34.210750"><ele>1457.4</ele></trkpt>
    <trkpt lat="36.787966" lon="34.211618"><ele>1453.4</ele></trkpt>
    <trkpt lat="36.787878" lon="34.212237"><ele>1451.2</ele></trkpt>
    <trkpt lat="36.788189" lon="34.212516"><ele>1451.1</ele></trkpt>
    <trkpt lat="36.788854" lon="34.212495"><ele>1453.1</ele></trkpt>
    <trkpt lat="36.789693" lon="34.212325"><ele>1457.0</ele></trkpt>
    <trkpt lat="36.790461" lon="34.212216"><ele>1462.2</ele></trkpt>
    <trkpt lat="36.790945" lon="34.212348"><ele>1468.0</ele></trkpt>
    <trkpt lat="36.791040" lon="34.212812"><ele>1473.4</ele></trkpt>
    <trkpt lat="36.790792" lon="34.213567"><ele>1477.9</ele></trkpt>
    <trkpt lat="36.790377" lon="34.214464"><ele>1480.6</ele></trkpt>
    <trkpt lat="36.790032" lon="34.215301"><ele>1481.4</ele></trkpt>
    <trkpt lat="36.789965" lon="34.215902"><ele>1480.1</ele></trkpt>
    <trkpt lat="36.790275" lon="34.216182"><ele>1477.0</ele></trkpt>
    <trkpt lat="36.790915" lon="34.216182"><ele>1472.7</ele></trkpt>
    <trkpt lat="36.791715" lon="34.216045"><ele>1467.9</ele></trkpt>
    <trkpt lat="36.792445" lon="34.215969"><ele>1463.4</ele></trkpt>
    <trkpt lat="36.792906" lon="34.216121"><ele>1459.9</ele></trkpt>
    <trkpt lat="36.793003" lon="34.216582"><ele>1457.9</ele></trkpt>
    <trkpt lat="36.792782" lon="34.217314"><ele>1457.9</ele></trkpt>
    <trkpt lat="36.792410" lon="34.218175"><ele>1459.8</ele></trkpt>
    <trkpt lat="36.792107" lon="34.218977"><ele>1463.4</ele></trkpt>
    <trkpt lat="36.792064" lon="34.219557"><ele>1468.1</ele></trkpt>
    <trkpt lat="36.792371" lon="34.219840"><ele>1473.3</ele></trkpt>
    <trkpt lat="36.792981" lon="34.219865"><ele>1478.2</ele></trkpt>
    <trkpt lat="36.793735" lon="34.219768"><ele>1482.1</ele></trkpt>
    <trkpt lat="36.794420" lon="34.219729"><ele>1484.5</ele></trkpt>
    <trkpt lat="36.794856" lon="34.219903"><ele>1485.1</ele></trkpt>
    <trkpt lat="36.794957" lon="34.220361"><ele>1484.0</ele></trkpt>
    <trkpt lat="36.794769" lon="34.221065"><ele>1481.3</ele></trkpt>
    <trkpt lat="36.794446" lon="34.221884"><ele>1477.5</ele></trkpt>
    <trkpt lat="36.794189" lon="34.222645"><ele>1473.4</ele></trkpt>
    <trkpt lat="36.794173" lon="34.223203"><ele>1469.5</ele></trkpt>
    <trkpt lat="36.794475" lon="34.223491"><ele>1466.6</ele></trkpt>
    <trkpt lat="36.795050" lon="34.223546"><ele>1465.0</ele></trkpt>
    <trkpt lat="36.795752" lon="34.223493"><ele>1465.1</ele></trkpt>
    <trkpt lat="36.796388" lon="34.223496"><ele>1466.9</ele></trkpt>
    <trkpt lat="36.796796" lon="34.223693"><ele>1470.0</ele></trkpt>
    <trkpt lat="36.796903" lon="34.224146"><ele>1474.1</ele></trkpt>
    <trkpt lat="36.796752" lon="34.224818"><ele>1478.5</ele></trkpt>
    <trkpt lat="36.796484" lon="34.225590"><ele>1482.7</ele></trkpt>
    <trkpt lat="36.796280" lon="34.226308"><ele>1486.0</ele></trkpt>
    <trkpt lat="36.796292" lon="34.226842"><ele>1488.0</ele></trkpt>
    <trkpt lat="36.796587" lon="34.227135"><ele>1488.6</ele></trkpt>
    <trkpt lat="36.797122" lon="34.227223"><ele>1487.6</ele></trkpt>
    <trkpt lat="36.797766" lon="34.227220"><ele>1485.4</ele></trkpt>
    <trkpt lat="36.798348" lon="34.227269"><ele>1482.3</ele></trkpt>
    <trkpt lat="36.798727" lon="34.227491"><ele>1479.0</ele></trkpt>
    <trkpt lat="36.798841" lon="34.227937"><ele>1475.9</ele></trkpt>
    <trkpt lat="36.798733" lon="34.228574"><ele>1473.6</ele></trkpt>
    <trkpt lat="36.798526" lon="34.229294"><ele>1472.5</ele></trkpt>
    <trkpt lat="36.798377" lon="34.229964"><ele>1472.7</ele></trkpt>
    <trkpt lat="36.798419" lon="34.230473"><ele>1474.2</ele></trkpt>
    <trkpt lat="36.798705" lon="34.230773"><ele>1476.8</ele></trkpt>
    <trkpt lat="36.799197" lon="34.230899"><ele>1480.2</ele></trkpt>
    <trkpt lat="36.799777" lon="34.230949"><ele>1483.7</ele></trkpt>
    <trkpt lat="36.800301" lon="34.231048"><ele>1487.1</ele></trkpt>
    <trkpt lat="36.800650" lon="34.231295"><ele>1489.7</ele></trkpt>
    <trkpt lat="36.800774" lon="34.231734"><ele>1491.3</ele></trkpt>
    <trkpt lat="36.800711" lon="34.232331"><ele>1491.7</ele></trkpt>
    <trkpt lat="36.800569" lon="34.232996"><ele>1491.0</ele></trkpt>
    <trkpt lat="36.800481" lon="34.233615"><ele>1489.3</ele></trkpt>
    <trkpt lat="36.800554" lon="34.234097"><ele>1487.1</ele></trkpt>
    <trkpt lat="36.800830" lon="34.234407"><ele>1484.6</ele></trkpt>
    <trkpt lat="36.801273" lon="34.234574"><ele>1482.4</ele></trkpt>
    <trkpt lat="36.801786" lon="34.234681"><ele>1480.8</ele></trkpt>
    <trkpt lat="36.802249" lon="34.234831"><ele>1480.1</ele></trkpt>
    <trkpt lat="36.802566" lon="34.235106"><ele>1480.4</ele></trkpt>
    <trkpt lat="36.802701" lon="34.235535"><ele>1481.7</ele></trkpt>
    <trkpt lat="36.802688" lon="34.236090"><ele>1483.7</ele></trkpt>
    <trkpt lat="36.802616" lon="34.236695"><ele>1486.3</ele></trkpt>
    <trkpt lat="36.802590" lon="34.237262"><ele>1488.9</ele></trkpt>
    <trkpt lat="36.802694" lon="34.237717"><ele>1491.3</ele></trkpt>
    <trkpt lat="36.802958" lon="34.238036"><ele>1493.2</ele></trkpt>
    <trkpt lat="36.803350" lon="34.238247"><ele>1494.3</ele></trkpt>
    <trkpt lat="36.803792" lon="34.238415"><ele>1494.7</ele></trkpt>
    <trkpt lat="36.804192" lon="34.238619"><ele>1494.2</ele></trkpt>
    <trkpt lat="36.804477" lon="34.238921"><ele>1493.2</ele></trkpt>
    <trkpt lat="36.804625" lon="34.239339"><ele>1491.8</ele></trkpt>
    <trkpt lat="36.804665" lon="34.239849"><ele>1490.3</ele></trkpt>
    <trkpt lat="36.804665" lon="34.240393"><ele>1489.1</ele></trkpt>
    <trkpt lat="36.804703" lon="34.240904"><ele>1488.2</ele></trkpt>
    <trkpt lat="36.804840" lon="34.241333"><ele>1488.0</ele></trkpt>
    <trkpt lat="36.805090" lon="34.241663"><ele>1488.4</ele></trkpt>
    <trkpt lat="36.805429" lon="34.241920"><ele>1489.4</ele></trkpt>
    <trkpt lat="36.805797" lon="34.242150"><ele>1490.7</ele></trkpt>
    <trkpt lat="36.806130" lon="34.242411"><ele>1492.4</ele></trkpt>
    <trkpt lat="36.806384" lon="34.242739"><ele>1494.0</ele></trkpt>
    <trkpt lat="36.806546" lon="34.243146"><ele>1495.4</ele></trkpt>
    <trkpt lat="36.806640" lon="34.243609"><ele>1496.5</ele></trkpt>
    <trkpt lat="36.806715" lon="34.244089"><ele>1497.2</ele></trkpt>
    <trkpt lat="36.806820" lon="34.244544"><ele>1497.4</ele></trkpt>
    <trkpt lat="36.806988" lon="34.244945"><ele>1497.3</ele></trkpt>
    <trkpt lat="36.807224" lon="34.245288"><ele>1496.9</ele></trkpt>
    <trkpt lat="36.807507" lon="34.245592"><ele>1496.5</ele></trkpt>
    <trkpt lat="36.807799" lon="34.245888"><ele>1496.0</ele></trkpt>
    <trkpt lat="36.808066" lon="34.246205"><ele>1495.8</ele></trkpt>
    <trkpt lat="36.808288" lon="34.246560"><ele>1495.7</ele></trkpt>
    <trkpt lat="36.808465" lon="34.246953"><ele>1496.0</ele></trkpt>
    <trkpt lat="36.808616" lon="34.247369"><ele>1496.5</ele></trkpt>
    <trkpt lat="36.808768" lon="34.247784"><ele>1497.1</ele></trkpt>
    <trkpt lat="36.808940" lon="34.248182"><ele>1497.8</ele></trkpt>
    <trkpt lat="36.809139" lon="34.248556"><ele>1498.5</ele></trkpt>
    <trkpt lat="36.809359" lon="34.248913"><ele>1499.1</ele></trkpt>
    <trkpt lat="36.809585" lon="34.249265"><ele>1499.5</ele></trkpt>
    <trkpt lat="36.809800" lon="34.249626"><ele>1499.8</ele></trkpt>
    <trkpt lat="36.810000" lon="34.250000"><ele>1500.0</ele></trkpt>
    <trkpt lat="36.810278" lon="34.250286"><ele>1500.1</ele></trkpt>
    <trkpt lat="36.810554" lon="34.250574"><ele>1500.1</ele></trkpt>
    <trkpt lat="36.810820" lon="34.250877"><ele>1500.0</ele></trkpt>
    <trkpt lat="36.811075" lon="34.251196"><ele>1499.9</ele></trkpt>
    <trkpt lat="36.811323" lon="34.251524"><ele>1499.6</ele></trkpt>
    <trkpt lat="36.811576" lon="34.251846"><ele>1499.2</ele></trkpt>
    <trkpt lat="36.811846" lon="34.252143"><ele>1498.8</ele></trkpt>
    <trkpt lat="36.812138" lon="34.252408"><ele>1498.5</ele></trkpt>
    <trkpt lat="36.812448" lon="34.252648"><ele>1498.2</ele></trkpt>
    <trkpt lat="36.812762" lon="34.252883"><ele>1498.2</ele></trkpt>
    <trkpt lat="36.813059" lon="34.253142"><ele>1498.4</ele></trkpt>
    <trkpt lat="36.813324" lon="34.253445"><ele>1498.8</ele></trkpt>
    <trkpt lat="36.813555" lon="34.253799"><ele>1499.4</ele></trkpt>
    <trkpt lat="36.813761" lon="34.254186"><ele>1500.0</ele></trkpt>
    <trkpt lat="36.813968" lon="34.254573"><ele>1500.6</ele></trkpt>
    <trkpt lat="36.814202" lon="34.254921"><ele>1501.0</ele></trkpt>
    <trkpt lat="36.814482" lon="34.255203"><ele>1501.1</ele></trkpt>
    <trkpt lat="36.814811" lon="34.255417"><ele>1500.9</ele></trkpt>
    <trkpt lat="36.815169" lon="34.255589"><ele>1500.3</ele></trkpt>
    <trkpt lat="36.815523" lon="34.255767"><ele>1499.3</ele></trkpt>
    <trkpt lat="36.815839" lon="34.255998"><ele>1498.2</ele></trkpt>
    <trkpt lat="36.816094" lon="34.256317"><ele>1497.1</ele></trkpt>
    <trkpt lat="36.816288" lon="34.256721"><ele>1496.1</ele></trkpt>
    <trkpt lat="36.816448" lon="34.257176"><ele>1495.4</ele></trkpt>
    <trkpt lat="36.816614" lon="34.257621"><ele>1495.1</ele></trkpt>
    <trkpt lat="36.816829" lon="34.257995"><ele>1495.4</ele></trkpt>
    <trkpt lat="36.817120" lon="34.258262"><ele>1496.1</ele></trkpt>
    <trkpt lat="36.817484" lon="34.258426"><ele>1497.2</ele></trkpt>
    <trkpt lat="36.817889" lon="34.258531"><ele>1498.6</ele></trkpt>
    <trkpt lat="36.818284" lon="34.258651"><ele>1500.0</ele></trkpt>
    <trkpt lat="36.818618" lon="34.258857"><ele>1501.2</ele></trkpt>
    <trkpt lat="36.818862" lon="34.259190"><ele>1501.9</ele></trkpt>
    <trkpt lat="36.819021" lon="34.259645"><ele>1502.1</ele></trkpt>
    <trkpt lat="36.819134" lon="34.260166"><ele>1501.6</ele></trkpt>
    <trkpt lat="36.819260" lon="34.260667"><ele>1500.4</ele></trkpt>
    <trkpt lat="36.819458" lon="34.261068"><ele>1498.8</ele></trkpt>
    <trkpt lat="36.819759" lon="34.261320"><ele>1496.9</ele></trkpt>
    <trkpt lat="36.820158" lon="34.261433"><ele>1495.0</ele></trkpt>
    <trkpt lat="36.820609" lon="34.261473"><ele>1493.4</ele></trkpt>
    <trkpt lat="36.821043" lon="34.261537"><ele>1492.4</ele></trkpt>
    <trkpt lat="36.821395" lon="34.261717"><ele>1492.1</ele></trkpt>
    <trkpt lat="36.821629" lon="34.262066"><ele>1492.6</ele></trkpt>
    <trkpt lat="36.821754" lon="34.262570"><ele>1493.8</ele></trkpt>
    <trkpt lat="36.821821" lon="34.263155"><ele>1495.7</ele></trkpt>
    <trkpt lat="36.821908" lon="34.263712"><ele>1497.9</ele></trkpt>
    <trkpt lat="36.822088" lon="34.264137"><ele>1500.0</ele></trkpt>
    <trkpt lat="36.822400" lon="34.264375"><ele>1501.7</ele></trkpt>
    <trkpt lat="36.822833" lon="34.264440"><ele>1502.8</ele></trkpt>
    <trkpt lat="36.823329" lon="34.264416"><ele>1503.0</ele></trkpt>
    <trkpt lat="36.823801" lon="34.264425"><ele>1502.2</ele></trkpt>
    <trkpt lat="36.824171" lon="34.264581"><ele>1500.6</ele></trkpt>
    <trkpt lat="36.824394" lon="34.264944"><ele>1498.2</ele></trkpt>
    <trkpt lat="36.824485" lon="34.265496"><ele>1495.6</ele></trkpt>
    <trkpt lat="36.824508" lon="34.266144"><ele>1493.0</ele></trkpt>
    <trkpt lat="36.824558" lon="34.266755"><ele>1490.8</ele></trkpt>
    <trkpt lat="36.824721" lon="34.267204"><ele>1489.4</ele></trkpt>
    <trkpt lat="36.825043" lon="34.267427"><ele>1489.1</ele></trkpt>
    <trkpt lat="36.825510" lon="34.267444"><ele>1489.9</ele></trkpt>
    <trkpt lat="36.826048" lon="34.267359"><ele>1491.6</ele></trkpt>
    <trkpt lat="36.826558" lon="34.267316"><ele>1494.2</ele></trkpt>
    <trkpt lat="36.826943" lon="34.267448"><ele>1497.1</ele></trkpt>
    <trkpt lat="36.827157" lon="34.267826"><ele>1499.9</ele></trkpt>
    <trkpt lat="36.827215" lon="34.268424"><ele>1502.2</ele></trkpt>
    <trkpt lat="36.827196" lon="34.269133"><ele>1503.6</ele></trkpt>
    <trkpt lat="36.827209" lon="34.269794"><ele>1503.8</ele></trkpt>
    <trkpt lat="36.827357" lon="34.270266"><ele>1502.8</ele></trkpt>
    <trkpt lat="36.827689" lon="34.270475"><ele>1500.6</ele></trkpt>
    <trkpt lat="36.828187" lon="34.270447"><ele>1497.7</ele></trkpt>
    <trkpt lat="36.828767" lon="34.270303"><ele>1494.3</ele></trkpt>
    <trkpt lat="36.829312" lon="34.270209"><ele>1491.0</ele></trkpt>
    <trkpt lat="36.829713" lon="34.270320"><ele>1488.3</ele></trkpt>
    <trkpt lat="36.829917" lon="34.270711"><ele>1486.6</ele></trkpt>
    <trkpt lat="36.829944" lon="34.271354"><ele>1486.2</ele></trkpt>
    <trkpt lat="36.829884" lon="34.272120"><ele>1487.3</ele></trkpt>
    <trkpt lat="36.829863" lon="34.272831"><ele>1489.5</ele></trkpt>
    <trkpt lat="36.829995" lon="34.273324"><ele>1492.7</ele></trkpt>
    <trkpt lat="36.830337" lon="34.273519"><ele>1496.3</ele></trkpt>
    <trkpt lat="36.830866" lon="34.273448"><ele>1499.8</ele></trkpt>
    <trkpt lat="36.831485" lon="34.273248"><ele>1502.6</ele></trkpt>
    <trkpt lat="36.832063" lon="34.273107"><ele>1504.2</ele></trkpt>
    <trkpt lat="36.832479" lon="34.273196"><ele>1504.5</ele></trkpt>
    <trkpt lat="36.832673" lon="34.273601"><ele>1503.2</ele></trkpt>
    <trkpt lat="36.832671" lon="34.274286"><ele>1500.6</ele></trkpt>
    <trkpt lat="36.832573" lon="34.275106"><ele>1497.0</ele></trkpt>
    <trkpt lat="36.832520" lon="34.275863"><ele>1493.0</ele></trkpt>
    <trkpt lat="36.832638" lon="34.276376"><ele>1489.1</ele></trkpt>
    <trkpt lat="36.832989" lon="34.276558"><ele>1485.9</ele></trkpt>
    <trkpt lat="36.833546" lon="34.276447"><ele>1483.9</ele></trkpt>
    <trkpt lat="36.834203" lon="34.276194"><ele>1483.6</ele></trkpt>
    <trkpt lat="36.834812" lon="34.276009"><ele>1484.8</ele></trkpt>
    <trkpt lat="36.835241" lon="34.276079"><ele>1487.5</ele></trkpt>
    <trkpt lat="36.835427" lon="34.276496"><ele>1491.2</ele></trkpt>
    <trkpt lat="36.835397" lon="34.277220"><ele>1495.5</ele></trkpt>
    <trkpt lat="36.835263" lon="34.278091"><ele>1499.5</ele></trkpt>
    <trkpt lat="36.835180" lon="34.278891"><ele>1502.8</ele></trkpt>
    <trkpt lat="36.835285" lon="34.279423"><ele>1504.7</ele></trkpt>
    <trkpt lat="36.835644" lon="34.279593"><ele>1505.0</ele></trkpt>
    <trkpt lat="36.836228" lon="34.279443"><ele>1503.5</ele></trkpt>
    <trkpt lat="36.836919" lon="34.279141"><ele>1500.5</ele></trkpt>
    <trkpt lat="36.837557" lon="34.278915"><ele>1496.3</ele></trkpt>
    <trkpt lat="36.837999" lon="34.278967"><ele>1491.7</ele></trkpt>
    <trkpt lat="36.838176" lon="34.279396"><ele>1487.2</ele></trkpt>
    <trkpt lat="36.838120" lon="34.280157"><ele>1483.6</ele></trkpt>
    <trkpt lat="36.837954" lon="34.281075"><ele>1481.5</ele></trkpt>
    <trkpt lat="36.837843" lon="34.281914"><ele>1481.1</ele></trkpt>
    <trkpt lat="36.837936" lon="34.282463"><ele>1482.5</ele></trkpt>
    <trkpt lat="36.838304" lon="34.282621"><ele>1485.6</ele></trkpt>
    <trkpt lat="36.838912" lon="34.282437"><ele>1489.8</ele></trkpt>
    <trkpt lat="36.839635" lon="34.282090"><ele>1494.6</ele></trkpt>
    <trkpt lat="36.840299" lon="34.281826"><ele>1499.2</ele></trkpt>
    <trkpt lat="36.840752" lon="34.281862"><ele>1502.9</ele></trkpt>
    <trkpt lat="36.840922" lon="34.282302"><ele>1505.0</ele></trkpt>
    <trkpt lat="36.840843" lon="34.283096"><ele>1505.3</ele></trkpt>
    <trkpt lat="36.840646" lon="34.284057"><ele>1503.6</ele></trkpt>
    <trkpt lat="36.840510" lon="34.284931"><ele>1500.2</ele></trkpt>
    <trkpt lat="36.840592" lon="34.285496"><ele>1495.6</ele></trkpt>
    <trkpt lat="36.840967" lon="34.285644"><ele>1490.4</ele></trkpt>
    <trkpt lat="36.841598" lon="34.285428"><ele>1485.5</ele></trkpt>
    <trkpt lat="36.842349" lon="34.285040"><ele>1481.5</ele></trkpt>
    <trkpt lat="36.843037" lon="34.284743"><ele>1479.2</ele></trkpt>
    <trkpt lat="36.843500" lon="34.284764"><ele>1478.8</ele></trkpt>
    <trkpt lat="36.843663" lon="34.285214"><ele>1480.4</ele></trkpt>
    <trkpt lat="36.843563" lon="34.286038"><ele>1483.8</ele></trkpt>
    <trkpt lat="36.843339" lon="34.287037"><ele>1488.5</ele></trkpt>
    <trkpt lat="36.843181" lon="34.287944"><ele>1493.8</ele></trkpt>
    <trkpt lat="36.843254" lon="34.288522"><ele>1498.8</ele></trkpt>
    <trkpt lat="36.843635" lon="34.288660"><ele>1502.8</ele></trkpt>
    <trkpt lat="36.844286" lon="34.288416"><ele>1505.1</ele></trkpt>
    <trkpt lat="36.845062" lon="34.287993"><ele>1505.4</ele></trkpt>
    <trkpt lat="36.845770" lon="34.287665"><ele>1503.5</ele></trkpt>
    <trkpt lat="36.846243" lon="34.287674"><ele>1499.8</ele></trkpt>
    <trkpt lat="36.846399" lon="34.288133"><ele>1494.8</ele></trkpt>
    <trkpt lat="36.846281" lon="34.288983"><ele>1489.2</ele></trkpt>
    <trkpt lat="36.846034" lon="34.290016"><ele>1483.9</ele></trkpt>
    <trkpt lat="36.845856" lon="34.290950"><ele>1479.7</ele></trkpt>
    <trkpt lat="36.845921" lon="34.291540"><ele>1477.1</ele></trkpt>
    <trkpt lat="36.846308" lon="34.291670"><ele>1476.7</ele></trkpt>
    <trkpt lat="36.846975" lon="34.291401"><ele>1478.5</ele></trkpt>
    <trkpt lat="36.847773" lon="34.290947"><ele>1482.2</ele></trkpt>
    <trkpt lat="36.848500" lon="34.290594"><ele>1487.2</ele></trkpt>
    <trkpt lat="36.848980" lon="34.290592"><ele>1492.9</ele></trkpt>
    <trkpt lat="36.849131" lon="34.291059"><ele>1498.2</ele></trkpt>
    <trkpt lat="36.848996" lon="34.291931"><ele>1502.5</ele></trkpt>
    <trkpt lat="36.848730" lon="34.292992"><ele>1504.9</ele></trkpt>
    <trkpt lat="36.848536" lon="34.293950"><ele>1505.2</ele></trkpt>
    <trkpt lat="36.848593" lon="34.294549"><ele>1503.2</ele></trkpt>
    <trkpt lat="36.848985" lon="34.294673"><ele>1499.3</ele></trkpt>
    <trkpt lat="36.849667" lon="34.294383"><ele>1494.0</ele></trkpt>
    <trkpt lat="36.850483" lon="34.293903"><ele>1488.1</ele></trkpt>
    <trkpt lat="36.851225" lon="34.293529"><ele>1482.4</ele></trkpt>
    <trkpt lat="36.851711" lon="34.293519"><ele>1478.0</ele></trkpt>
    <trkpt lat="36.851858" lon="34.293991"><ele>1475.3</ele></trkpt>
    <trkpt lat="36.851710" lon="34.294883"><ele>1474.9</ele></trkpt>
    <trkpt lat="36.851427" lon="34.295967"><ele>1476.8</ele></trkpt>
    <trkpt lat="36.851220" lon="34.296943"><ele>1480.7</ele></trkpt>
    <trkpt lat="36.851272" lon="34.297551"><ele>1486.0</ele></trkpt>
    <trkpt lat="36.851668" lon="34.297668"><ele>1491.9</ele></trkpt>
    <trkpt lat="36.852362" lon="34.297362"><ele>1497.5</ele></trkpt>
    <trkpt lat="36.853192" lon="34.296861"><ele>1501.9</ele></trkpt>
    <trkpt lat="36.853945" lon="34.296471"><ele>1504.5</ele></trkpt>
    <trkpt lat="36.854436" lon="34.296453"><ele>1504.8</ele></trkpt>
    <trkpt lat="36.854579" lon="34.296931"><ele>1502.7</ele></trkpt>
    <trkpt lat="36.854421" lon="34.297837"><ele>1498.6</ele></trkpt>
    <trkpt lat="36.854126" lon="34.298939"><ele>1493.1</ele></trkpt>
    <trkpt lat="36.853909" lon="34.299930"><ele>1486.9</ele></trkpt>
    <trkpt lat="36.853957" lon="34.300543"><ele>1481.1</ele></trkpt>
    <trkpt lat="36.854356" lon="34.300656"><ele>1476.5</ele></trkpt>
    <trkpt lat="36.855058" lon="34.300338"><ele>1473.7</ele></trkpt>
    <trkpt lat="36.855899" lon="34.299822"><ele>1473.3</ele></trkpt>
    <trkpt lat="36.856661" lon="34.299419"><ele>1475.3</ele></trkpt>
    <trkpt lat="36.857155" lon="34.299397"><ele>1479.3</ele></trkpt>
    <trkpt lat="36.857295" lon="34.299879"><ele>1484.8</ele></trkpt>
    <trkpt lat="36.857130" lon="34.300795"><ele>1490.9</ele></trkpt>
    <trkpt lat="36.856826" lon="34.301910"><ele>1496.7</ele></trkpt>
    <trkpt lat="36.856602" lon="34.302910"><ele>1501.2</ele></trkpt>
    <trkpt lat="36.856648" lon="34.303527"><ele>1503.8</ele></trkpt>
    <trkpt lat="36.857049" lon="34.303636"><ele>1504.1</ele></trkpt>
    <trkpt lat="36.857757" lon="34.303310"><ele>1502.0</ele></trkpt>
    <trkpt lat="36.858605" lon="34.302784"><ele>1497.8</ele></trkpt>
    <trkpt lat="36.859372" lon="34.302374"><ele>1492.1</ele></trkpt>
    <trkpt lat="36.859868" lon="34.302350"><ele>1485.8</ele></trkpt>
    <trkpt lat="36.860006" lon="34.302834"><ele>1479.9</ele></trkpt>
    <trkpt lat="36.859837" lon="34.303757"><ele>1475.2</ele></trkpt>
    <trkpt lat="36.859528" lon="34.304878"><ele>1472.5</ele></trkpt>
    <trkpt lat="36.859301" lon="34.305883"><ele>1472.1</ele></trkpt>
    <trkpt lat="36.859345" lon="34.306501"><ele>1474.1</ele></trkpt>
    <trkpt lat="36.859748" lon="34.306609"><ele>1478.2</ele></trkpt>
    <trkpt lat="36.860459" lon="34.306279"><ele>1483.7</ele></trkpt>
    <trkpt lat="36.861309" lon="34.305749"><ele>1489.9</ele></trkpt>
    <trkpt lat="36.862078" lon="34.305337"><ele>1495.7</ele></trkpt>
    <trkpt lat="36.862574" lon="34.305312"><ele>1500.3</ele></trkpt>
    <trkpt lat="36.862711" lon="34.305797"><ele>1502.9</ele></trkpt>
    <trkpt lat="36.862541" lon="34.306721"><ele>1503.2</ele></trkpt>
    <trkpt lat="36.862232" lon="34.307844"><ele>1501.0</ele></trkpt>
    <trkpt lat="36.862004" lon="34.308849"><ele>1496.8</ele></trkpt>
    <trkpt lat="36.862049" lon="34.309467"><ele>1491.1</ele></trkpt>
    <trkpt lat="36.862452" lon="34.309574"><ele>1484.8</ele></trkpt>
    <trkpt lat="36.863163" lon="34.309244"><ele>1478.9</ele></trkpt>
    <trkpt lat="36.864012" lon="34.308716"><ele>1474.2</ele></trkpt>
    <trkpt lat="36.864779" lon="34.308306"><ele>1471.4</ele></trkpt>
    <trkpt lat="36.865274" lon="34.308282"><ele>1471.0</ele></trkpt>
    <trkpt lat="36.865411" lon="34.308768"><ele>1473.1</ele></trkpt>
    <trkpt lat="36.865243" lon="34.309689"><ele>1477.2</ele></trkpt>
    <trkpt lat="36.864937" lon="34.310807"><ele>1482.7</ele></trkpt>
    <trkpt lat="36.864712" lon="34.311808"><ele>1488.8</ele></trkpt>
    <trkpt lat="36.864759" lon="34.312423"><ele>1494.6</ele></trkpt>
    <trkpt lat="36.865162" lon="34.312531"><ele>1499.1</ele></trkpt>
    <trkpt lat="36.865869" lon="34.312206"><ele>1501.7</ele></trkpt>
    <trkpt lat="36.866713" lon="34.311685"><ele>1501.9</ele></trkpt>
    <trkpt lat="36.867475" lon="34.311282"><ele>1499.8</ele></trkpt>
    <trkpt lat="36.867967" lon="34.311262"><ele>1495.6</ele></trkpt>
    <trkpt lat="36.868106" lon="34.311746"><ele>1490.0</ele></trkpt>
    <trkpt lat="36.867942" lon="34.312661"><ele>1483.8</ele></trkpt>
    <trkpt lat="36.867643" lon="34.313769"><ele>1477.9</ele></trkpt>
    <trkpt lat="36.867425" lon="34.314760"><ele>1473.4</ele></trkpt>
    <trkpt lat="36.867476" lon="34.315370"><ele>1470.7</ele></trkpt>
    <trkpt lat="36.867877" lon="34.315481"><ele>1470.3</ele></trkpt>
    <trkpt lat="36.868577" lon="34.315165"><ele>1472.3</ele></trkpt>
    <trkpt lat="36.869413" lon="34.314657"><ele>1476.3</ele></trkpt>
    <trkpt lat="36.870166" lon="34.314265"><ele>1481.7</ele></trkpt>
    <trkpt lat="36.870654" lon="34.314251"><ele>1487.7</ele></trkpt>
    <trkpt lat="36.870795" lon="34.314732"><ele>1493.3</ele></trkpt>
    <trkpt lat="36.870640" lon="34.315636"><ele>1497.7</ele></trkpt>
    <trkpt lat="36.870351" lon="34.316728"><ele>1500.2</ele></trkpt>
    <trkpt lat="36.870143" lon="34.317706"><ele>1500.4</ele></trkpt>
    <trkpt lat="36.870198" lon="34.318309"><ele>1498.3</ele></trkpt>
    <trkpt lat="36.870597" lon="34.318423"><ele>1494.3</ele></trkpt>
    <trkpt lat="36.871288" lon="34.318120"><ele>1488.8</ele></trkpt>
    <trkpt lat="36.872111" lon="34.317630"><ele>1482.8</ele></trkpt>
    <trkpt lat="36.872853" lon="34.317255"><ele>1477.2</ele></trkpt>
    <trkpt lat="36.873336" lon="34.317249"><ele>1472.8</ele></trkpt>
    <trkpt lat="36.873479" lon="34.317726"><ele>1470.2</ele></trkpt>
    <trkpt lat="36.873334" lon="34.318614"><ele>1469.8</ele></trkpt>
    <trkpt lat="36.873060" lon="34.319686"><ele>1471.8</ele></trkpt>
    <trkpt lat="36.872866" lon="34.320644"><ele>1475.6</ele></trkpt>
    <trkpt lat="36.872927" lon="34.321239"><ele>1480.8</ele></trkpt>
    <trkpt lat="36.873322" lon="34.321357"><ele>1486.6</ele></trkpt>
    <trkpt lat="36.874002" lon="34.321072"><ele>1491.9</ele></trkpt>
    <trkpt lat="36.874807" lon="34.320606"><ele>1496.1</ele></trkpt>
    <trkpt lat="36.875535" lon="34.320251"><ele>1498.5</ele></trkpt>
    <trkpt lat="36.876011" lon="34.320255"><ele>1498.7</ele></trkpt>
    <trkpt lat="36.876158" lon="34.320727"><ele>1496.7</ele></trkpt>
    <trkpt lat="36.876027" lon="34.321595"><ele>1492.8</ele></trkpt>
    <trkpt lat="36.875771" lon="34.322641"><ele>1487.6</ele></trkpt>
    <trkpt lat="36.875593" lon="34.323576"><ele>1481.9</ele></trkpt>
    <trkpt lat="36.875662" lon="34.324160"><ele>1476.6</ele></trkpt>
    <trkpt lat="36.876053" lon="34.324285"><ele>1472.4</ele></trkpt>
    <trkpt lat="36.876717" lon="34.324020"><ele>1469.9</ele></trkpt>
    <trkpt lat="36.877503" lon="34.323583"><ele>1469.6</ele></trkpt>
    <trkpt lat="36.878212" lon="34.323254"><ele>1471.5</ele></trkpt>
    <trkpt lat="36.878680" lon="34.323270"><ele>1475.1</ele></trkpt>
    <trkpt lat="36.878832" lon="34.323735"><ele>1480.0</ele></trkpt>
    <trkpt lat="36.878717" lon="34.324580"><ele>1485.4</ele></trkpt>
    <trkpt lat="36.878484" lon="34.325594"><ele>1490.4</ele></trkpt>
    <trkpt lat="36.878325" lon="34.326502"><ele>1494.3</ele></trkpt>
    <trkpt lat="36.878403" lon="34.327073"><ele>1496.5</ele></trkpt>
    <trkpt lat="36.878788" lon="34.327205"><ele>1496.6</ele></trkpt>
    <trkpt lat="36.879435" lon="34.326966"><ele>1494.8</ele></trkpt>
    <trkpt lat="36.880197" lon="34.326562"><ele>1491.1</ele></trkpt>
    <trkpt lat="36.880886" lon="34.326263"><ele>1486.3</ele></trkpt>
    <trkpt lat="36.881343" lon="34.326292"><ele>1481.0</ele></trkpt>
    <trkpt lat="36.881501" lon="34.326749"><ele>1476.0</ele></trkpt>
    <trkpt lat="36.881405" lon="34.327568"><ele>1472.2</ele></trkpt>
    <trkpt lat="36.881197" lon="34.328546"><ele>1470.0</ele></trkpt>
    <trkpt lat="36.881060" lon="34.329422"><ele>1469.7</ele></trkpt>
    <trkpt lat="36.881149" lon="34.329978"><ele>1471.4</ele></trkpt>
    <trkpt lat="36.881528" lon="34.330119"><ele>1474.7</ele></trkpt>
    <trkpt lat="36.882155" lon="34.329908"><ele>1479.2</ele></trkpt>
    <trkpt lat="36.882889" lon="34.329543"><ele>1484.1</ele></trkpt>
    <trkpt lat="36.883555" lon="34.329277"><ele>1488.7</ele></trkpt>
    <trkpt lat="36.884001" lon="34.329322"><ele>1492.3</ele></trkpt>
    <trkpt lat="36.884165" lon="34.329771"><ele>1494.3</ele></trkpt>
    <trkpt lat="36.884091" lon="34.330559"><ele>1494.4</ele></trkpt>
    <trkpt lat="36.883912" lon="34.331496"><ele>1492.7</ele></trkpt>
    <trkpt lat="36.883800" lon="34.332337"><ele>1489.3</ele></trkpt>
    <trkpt lat="36.883900" lon="34.332876"><ele>1484.9</ele></trkpt>
    <trkpt lat="36.884273" lon="34.333026"><ele>1480.1</ele></trkpt>
    <trkpt lat="36.884877" lon="34.332848"><ele>1475.7</ele></trkpt>
    <trkpt lat="36.885581" lon="34.332526"><ele>1472.2</ele></trkpt>
    <trkpt lat="36.886220" lon="34.332297"><ele>1470.2</ele></trkpt>
    <trkpt lat="36.886655" lon="34.332360"><ele>1469.9</ele></trkpt>
    <trkpt lat="36.886826" lon="34.332798"><ele>1471.5</ele></trkpt>
    <trkpt lat="36.886775" lon="34.333552"><ele>1474.5</ele></trkpt>
    <trkpt lat="36.886627" lon="34.334444"><ele>1478.5</ele></trkpt>
    <trkpt lat="36.886543" lon="34.335246"><ele>1482.9</ele></trkpt>
    <trkpt lat="36.886656" lon="34.335767"><ele>1487.0</ele></trkpt>
    <trkpt lat="36.887022" lon="34.335928"><ele>1490.1</ele></trkpt>
    <trkpt lat="36.887600" lon="34.335785"><ele>1491.8</ele></trkpt>
    <trkpt lat="36.888272" lon="34.335510"><ele>1491.9</ele></trkpt>
    <trkpt lat="36.888882" lon="34.335322"><ele>1490.4</ele></trkpt>
    <trkpt lat="36.889303" lon="34.335404"><ele>1487.4</ele></trkpt>
    <trkpt lat="36.889482" lon="34.335831"><ele>1483.5</ele></trkpt>
    <trkpt lat="36.889457" lon="34.336548"><ele>1479.3</ele></trkpt>
    <trkpt lat="36.889344" lon="34.337391"><ele>1475.4</ele></trkpt>
    <trkpt lat="36.889290" lon="34.338150"><ele>1472.3</ele></trkpt>
    <trkpt lat="36.889416" lon="34.338652"><ele>1470.6</ele></trkpt>
    <trkpt lat="36.889774" lon="34.338824"><ele>1470.4</ele></trkpt>
    <trkpt lat="36.890326" lon="34.338719"><ele>1471.7</ele></trkpt>
    <trkpt lat="36.890962" lon="34.338495"><ele>1474.4</ele></trkpt>
    <trkpt lat="36.891541" lon="34.338352"><ele>1477.8</ele></trkpt>
    <trkpt lat="36.891947" lon="34.338454"><ele>1481.6</ele></trkpt>
    <trkpt lat="36.892134" lon="34.338870"><ele>1485.1</ele></trkpt>
    <trkpt lat="36.892137" lon="34.339547"><ele>1487.8</ele></trkpt>
    <trkpt lat="36.892061" lon="34.340337"><ele>1489.2</ele></trkpt>
    <trkpt lat="36.892039" lon="34.341050"><ele>1489.3</ele></trkpt>
    <trkpt lat="36.892181" lon="34.341531"><ele>1487.9</ele></trkpt>
    <trkpt lat="36.892530" lon="34.341714"><ele>1485.4</ele></trkpt>
    <trkpt lat="36.893053" lon="34.341651"><ele>1482.1</ele></trkpt>
    <trkpt lat="36.893650" lon="34.341482"><ele>1478.5</ele></trkpt>
    <trkpt lat="36.894196" lon="34.341386"><ele>1475.2</ele></trkpt>
    <trkpt lat="36.894588" lon="34.341510"><ele>1472.6</ele></trkpt>
    <trkpt lat="36.894783" lon="34.341913"><ele>1471.2</ele></trkpt>
    <trkpt lat="36.894816" lon="34.342548"><ele>1471.0</ele></trkpt>
    <trkpt lat="36.894780" lon="34.343282"><ele>1472.2</ele></trkpt>
    <trkpt lat="36.894792" lon="34.343946"><ele>1474.3</ele></trkpt>
    <trkpt lat="36.894949" lon="34.344404"><ele>1477.2</ele></trkpt>
    <trkpt lat="36.895290" lon="34.344601"><ele>1480.3</ele></trkpt>
    <trkpt lat="36.895782" lon="34.344580"><ele>1483.1</ele></trkpt>
    <trkpt lat="36.896339" lon="34.344469"><ele>1485.3</ele></trkpt>
    <trkpt lat="36.896849" lon="34.344423"><ele>1486.5</ele></trkpt>
    <trkpt lat="36.897225" lon="34.344570"><ele>1486.5</ele></trkpt>
    <trkpt lat="36.897429" lon="34.344961"><ele>1485.3</ele></trkpt>
    <trkpt lat="36.897493" lon="34.345552"><ele>1483.3</ele></trkpt>
    <trkpt lat="36.897498" lon="34.346226"><ele>1480.6</ele></trkpt>
    <trkpt lat="36.897547" lon="34.346839"><ele>1477.7</ele></trkpt>
    <trkpt lat="36.897721" lon="34.347273"><ele>1475.1</ele></trkpt>
    <trkpt lat="36.898052" lon="34.347483"><ele>1473.1</ele></trkpt>
    <trkpt lat="36.898513" lon="34.347508"><ele>1471.9</ele></trkpt>
    <trkpt lat="36.899027" lon="34.347457"><ele>1471.8</ele></trkpt>
    <trkpt lat="36.899500" lon="34.347464"><ele>1472.7</ele></trkpt>
    <trkpt lat="36.899859" lon="34.347635"><ele>1474.4</ele></trkpt>
    <trkpt lat="36.900073" lon="34.348012"><ele>1476.6</ele></trkpt>
    <trkpt lat="36.900169" lon="34.348557"><ele>1479.0</ele></trkpt>
    <trkpt lat="36.900218" lon="34.349169"><ele>1481.1</ele></trkpt>
    <trkpt lat="36.900304" lon="34.349729"><ele>1482.7</ele></trkpt>
    <trkpt lat="36.900495" lon="34.350138"><ele>1483.6</ele></trkpt>
    <trkpt lat="36.900817" lon="34.350361"><ele>1483.5</ele></trkpt>
    <trkpt lat="36.901244" lon="34.350434"><ele>1482.6</ele></trkpt>
    <trkpt lat="36.901714" lon="34.350446"><ele>1481.0</ele></trkpt>
    <trkpt lat="36.902149" lon="34.350507"><ele>1479.0</ele></trkpt>
    <trkpt lat="36.902490" lon="34.350704"><ele>1476.9</ele></trkpt>
    <trkpt lat="36.902714" lon="34.351067"><ele>1475.0</ele></trkpt>
    <trkpt lat="36.902844" lon="34.351563"><ele>1473.6</ele></trkpt>
    <trkpt lat="36.902937" lon="34.352112"><ele>1472.8</ele></trkpt>
    <trkpt lat="36.903062" lon="34.352616"><ele>1472.7</ele></trkpt>
    <trkpt lat="36.903271" lon="34.353000"><ele>1473.4</ele></trkpt>
    <trkpt lat="36.903583" lon="34.353237"><ele>1474.5</ele></trkpt>
    <trkpt lat="36.903977" lon="34.353358"><ele>1476.1</ele></trkpt>
    <trkpt lat="36.904401" lon="34.353435"><ele>1477.7</ele></trkpt>
    <trkpt lat="36.904797" lon="34.353553"><ele>1479.1</ele></trkpt>
    <trkpt lat="36.905119" lon="34.353775"><ele>1480.1</ele></trkpt>
    <trkpt lat="36.905353" lon="34.354124"><ele>1480.6</ele></trkpt>
    <trkpt lat="36.905517" lon="34.354572"><ele>1480.5</ele></trkpt>
    <trkpt lat="36.905657" lon="34.355055"><ele>1479.8</ele></trkpt>
    <trkpt lat="36.905822" lon="34.355502"><ele>1478.8</ele></trkpt>
    <trkpt lat="36.906050" lon="34.355859"><ele>1477.5</ele></trkpt>
    <trkpt lat="36.906352" lon="34.356110"><ele>1476.2</ele></trkpt>
    <trkpt lat="36.906710" lon="34.356281"><ele>1475.0</ele></trkpt>
    <trkpt lat="36.907088" lon="34.356424"><ele>1474.2</ele></trkpt>
    <trkpt lat="36.907444" lon="34.356599"><ele>1473.7</ele></trkpt>
    <trkpt lat="36.907747" lon="34.356849"><ele>1473.7</ele></trkpt>
    <trkpt lat="36.907991" lon="34.357184"><ele>1474.1</ele></trkpt>
    <trkpt lat="36.908190" lon="34.357581"><ele>1474.7</ele></trkpt>
    <trkpt lat="36.908377" lon="34.357997"><ele>1475.5</ele></trkpt>
    <trkpt lat="36.908582" lon="34.358386"><ele>1476.3</ele></trkpt>
    <trkpt lat="36.908829" lon="34.358716"><ele>1477.0</ele></trkpt>
    <trkpt lat="36.909121" lon="34.358982"><ele>1477.4</ele></trkpt>
    <trkpt lat="36.909445" lon="34.359203"><ele>1477.5</ele></trkpt>
    <trkpt lat="36.909775" lon="34.359413"><ele>1477.4</ele></trkpt>
    <trkpt lat="36.910090" lon="34.359647"><ele>1477.0</ele></trkpt>
    <trkpt lat="36.910374" lon="34.359924"><ele>1476.5</ele></trkpt>
    <trkpt lat="36.910627" lon="34.360244"><ele>1475.9</ele></trkpt>
    <trkpt lat="36.910863" lon="34.360591"><ele>1475.4</ele></trkpt>
    <trkpt lat="36.911096" lon="34.360940"><ele>1475.0</ele></trkpt>
    <trkpt lat="36.911343" lon="34.361270"><ele>1474.8</ele></trkpt>
    <trkpt lat="36.911610" lon="34.361572"><ele>1474.7</ele></trkpt>
    <trkpt lat="36.911892" lon="34.361852"><ele>1474.7</ele></trkpt>
    <trkpt lat="36.912179" lon="34.362124"><ele>1474.9</ele></trkpt>
    <trkpt lat="36.912463" lon="34.362402"><ele>1475.0</ele></trkpt>
    <trkpt lat="36.912735" lon="34.362695"><ele>1475.0</ele></trkpt>
    <trkpt lat="36.913000" lon="34.363000"><ele>1475.0</ele></trkpt>
    <trkpt lat="36.912825" lon="34.363395"><ele>1473.2</ele></trkpt>
    <trkpt lat="36.912635" lon="34.363777"><ele>1471.6</ele></trkpt>
    <trkpt lat="36.912421" lon="34.364142"><ele>1470.0</ele></trkpt>
    <trkpt lat="36.912192" lon="34.364494"><ele>1468.4</ele></trkpt>
    <trkpt lat="36.911969" lon="34.364852"><ele>1466.6</ele></trkpt>
    <trkpt lat="36.911776" lon="34.365232"><ele>1464.6</ele></trkpt>
    <trkpt lat="36.911627" lon="34.365646"><ele>1462.3</ele></trkpt>
    <trkpt lat="36.911513" lon="34.366088"><ele>1459.8</ele></trkpt>
    <trkpt lat="36.911408" lon="34.366537"><ele>1457.1</ele></trkpt>
    <trkpt lat="36.911273" lon="34.366962"><ele>1454.5</ele></trkpt>
    <trkpt lat="36.911075" lon="34.367339"><ele>1452.1</ele></trkpt>
    <trkpt lat="36.910807" lon="34.367661"><ele>1449.9</ele></trkpt>
    <trkpt lat="36.910490" lon="34.367946"><ele>1448.2</ele></trkpt>
    <trkpt lat="36.910172" lon="34.368230"><ele>1446.9</ele></trkpt>
    <trkpt lat="36.909909" lon="34.368556"><ele>1446.1</ele></trkpt>
    <trkpt lat="36.909740" lon="34.368955"><ele>1445.5</ele></trkpt>
    <trkpt lat="36.909668" lon="34.369429"><ele>1445.1</ele></trkpt>
    <trkpt lat="36.909657" lon="34.369950"><ele>1444.4</ele></trkpt>
    <trkpt lat="36.909639" lon="34.370466"><ele>1443.5</ele></trkpt>
    <trkpt lat="36.909542" lon="34.370921"><ele>1441.9</ele></trkpt>
    <trkpt lat="36.909320" lon="34.371279"><ele>1439.6</ele></trkpt>
    <trkpt lat="36.908974" lon="34.371541"><ele>1436.7</ele></trkpt>
    <trkpt lat="36.908557" lon="34.371748"><ele>1433.2</ele></trkpt>
    <trkpt lat="36.908154" lon="34.371967"><ele>1429.3</ele></trkpt>
    <trkpt lat="36.907854" lon="34.372264"><ele>1425.4</ele></trkpt>
    <trkpt lat="36.907709" lon="34.372682"><ele>1421.8</ele></trkpt>
    <trkpt lat="36.907715" lon="34.373216"><ele>1418.8</ele></trkpt>
    <trkpt lat="36.907802" lon="34.373813"><ele>1416.6</ele></trkpt>
    <trkpt lat="36.907867" lon="34.374393"><ele>1415.3</ele></trkpt>
    <trkpt lat="36.907806" lon="34.374875"><ele>1415.0</ele></trkpt>
    <trkpt lat="36.907558" lon="34.375214"><ele>1415.3</ele></trkpt>
    <trkpt lat="36.907137" lon="34.375418"><ele>1416.1</ele></trkpt>
    <trkpt lat="36.906622" lon="34.375550"><ele>1416.9</ele></trkpt>
    <trkpt lat="36.906139" lon="34.375706"><ele>1417.2</ele></trkpt>
    <trkpt lat="36.905806" lon="34.375978"><ele>1416.7</ele></trkpt>
    <trkpt lat="36.905687" lon="34.376416"><ele>1415.2</ele></trkpt>
    <trkpt lat="36.905767" lon="34.377007"><ele>1412.4</ele></trkpt>
    <trkpt lat="36.905949" lon="34.377677"><ele>1408.6</ele></trkpt>
    <trkpt lat="36.906091" lon="34.378317"><ele>1403.9</ele></trkpt>
    <trkpt lat="36.906060" lon="34.378823"><ele>1398.8</ele></trkpt>
    <trkpt lat="36.905787" lon="34.379141"><ele>1393.8</ele></trkpt>
    <trkpt lat="36.905292" lon="34.379289"><ele>1389.3</ele></trkpt>
    <trkpt lat="36.904687" lon="34.379351"><ele>1385.8</ele></trkpt>
    <trkpt lat="36.904131" lon="34.379450"><ele>1383.6</ele></trkpt>
    <trkpt lat="36.903769" lon="34.379700"><ele>1382.8</ele></trkpt>
    <trkpt lat="36.903677" lon="34.380159"><ele>1383.3</ele></trkpt>
    <trkpt lat="36.903827" lon="34.380804"><ele>1384.7</ele></trkpt>
    <trkpt lat="36.904095" lon="34.381541"><ele>1386.7</ele></trkpt>
    <trkpt lat="36.904307" lon="34.382235"><ele>1388.5</ele></trkpt>
    <trkpt lat="36.904302" lon="34.382761"><ele>1389.7</ele></trkpt>
    <trkpt lat="36.904003" lon="34.383059"><ele>1389.6</ele></trkpt>
    <trkpt lat="36.903440" lon="34.383154"><ele>1388.0</ele></trkpt>
    <trkpt lat="36.902753" lon="34.383152"><ele>1384.9</ele></trkpt>
    <trkpt lat="36.902131" lon="34.383201"><ele>1380.2</ele></trkpt>
    <trkpt lat="36.901745" lon="34.383433"><ele>1374.5</ele></trkpt>
    <trkpt lat="36.901679" lon="34.383911"><ele>1368.3</ele></trkpt>
    <trkpt lat="36.901894" lon="34.384607"><ele>1362.3</ele></trkpt>
    <trkpt lat="36.902240" lon="34.385405"><ele>1357.1</ele></trkpt>
    <trkpt lat="36.902513" lon="34.386145"><ele>1353.2</ele></trkpt>
    <trkpt lat="36.902530" lon="34.386688"><ele>1351.0</ele></trkpt>
    <trkpt lat="36.902204" lon="34.386966"><ele>1350.7</ele></trkpt>
    <trkpt lat="36.901581" lon="34.387013"><ele>1351.9</ele></trkpt>
    <trkpt lat="36.900820" lon="34.386955"><ele>1354.3</ele></trkpt>
    <trkpt lat="36.900141" lon="34.386960"><ele>1357.2</ele></trkpt>
    <trkpt lat="36.899737" lon="34.387177"><ele>1360.0</ele></trkpt>
    <trkpt lat="36.899696" lon="34.387676"><ele>1361.8</ele></trkpt>
    <trkpt lat="36.899969" lon="34.388416"><ele>1362.0</ele></trkpt>
    <trkpt lat="36.900384" lon="34.389266"><ele>1360.4</ele></trkpt>
    <trkpt lat="36.900708" lon="34.390046"><ele>1356.8</ele></trkpt>
    <trkpt lat="36.900741" lon="34.390601"><ele>1351.5</ele></trkpt>
    <trkpt lat="36.900390" lon="34.390861"><ele>1345.0</ele></trkpt>
    <trkpt lat="36.899712" lon="34.390866"><ele>1337.9</ele></trkpt>
    <trkpt lat="36.898890" lon="34.390760"><ele>1331.1</ele></trkpt>
    <trkpt lat="36.898165" lon="34.390729"><ele>1325.3</ele></trkpt>
    <trkpt lat="36.897747" lon="34.390936"><ele>1321.1</ele></trkpt>
    <trkpt lat="36.897730" lon="34.391453"><ele>1319.0</ele></trkpt>
    <trkpt lat="36.898053" lon="34.392232"><ele>1319.1</ele></trkpt>
    <trkpt lat="36.898524" lon="34.393125"><ele>1320.9</ele></trkpt>
    <trkpt lat="36.898889" lon="34.393937"><ele>1324.1</ele></trkpt>
    <trkpt lat="36.898932" lon="34.394500"><ele>1327.8</ele></trkpt>
    <trkpt lat="36.898559" lon="34.394742"><ele>1331.1</ele></trkpt>
    <trkpt lat="36.897836" lon="34.394712"><ele>1333.4</ele></trkpt>
    <trkpt lat="36.896963" lon="34.394567"><ele>1333.9</ele></trkpt>
    <trkpt lat="36.896203" lon="34.394510"><ele>1332.2</ele></trkpt>
    <trkpt lat="36.895777" lon="34.394711"><ele>1328.3</ele></trkpt>
    <trkpt lat="36.895782" lon="34.395244"><ele>1322.4</ele></trkpt>
    <trkpt lat="36.896146" lon="34.396054"><ele>1315.2</ele></trkpt>
    <trkpt lat="36.896660" lon="34.396981"><ele>1307.5</ele></trkpt>
    <trkpt lat="36.897054" lon="34.397816"><ele>1300.2</ele></trkpt>
    <trkpt lat="36.897102" lon="34.398383"><ele>1294.0</ele></trkpt>
    <trkpt lat="36.896710" lon="34.398609"><ele>1289.7</ele></trkpt>
    <trkpt lat="36.895950" lon="34.398552"><ele>1287.7</ele></trkpt>
    <trkpt lat="36.895041" lon="34.398378"><ele>1288.0</ele></trkpt>
    <trkpt lat="36.894257" lon="34.398302"><ele>1290.3</ele></trkpt>
    <trkpt lat="36.893829" lon="34.398502"><ele>1294.0</ele></trkpt>
    <trkpt lat="36.893852" lon="34.399049"><ele>1298.2</ele></trkpt>
    <trkpt lat="36.894247" lon="34.399883"><ele>1301.9</ele></trkpt>
    <trkpt lat="36.894791" lon="34.400833"><ele>1304.4</ele></trkpt>
    <trkpt lat="36.895203" lon="34.401682"><ele>1305.0</ele></trkpt>
    <trkpt lat="36.895251" lon="34.402248"><ele>1303.2</ele></trkpt>
    <trkpt lat="36.894841" lon="34.402462"><ele>1299.0</ele></trkpt>
    <trkpt lat="36.894057" lon="34.402385"><ele>1292.9</ele></trkpt>
    <trkpt lat="36.893124" lon="34.402194"><ele>1285.3</ele></trkpt>
    <trkpt lat="36.892328" lon="34.402109"><ele>1277.2</ele></trkpt>
    <trkpt lat="36.891904" lon="34.402310"><ele>1269.6</ele></trkpt>
    <trkpt lat="36.891941" lon="34.402869"><ele>1263.3</ele></trkpt>
    <trkpt lat="36.892356" lon="34.403719"><ele>1259.1</ele></trkpt>
    <trkpt lat="36.892916" lon="34.404681"><ele>1257.2</ele></trkpt>
    <trkpt lat="36.893334" lon="34.405534"><ele>1257.7</ele></trkpt>
    <trkpt lat="36.893376" lon="34.406096"><ele>1260.2</ele></trkpt>
    <trkpt lat="36.892954" lon="34.406299"><ele>1264.1</ele></trkpt>
    <trkpt lat="36.892155" lon="34.406212"><ele>1268.5</ele></trkpt>
    <trkpt lat="36.891214" lon="34.406014"><ele>1272.4</ele></trkpt>
    <trkpt lat="36.890418" lon="34.405929"><ele>1274.9</ele></trkpt>
    <trkpt lat="36.890001" lon="34.406136"><ele>1275.4</ele></trkpt>
    <trkpt lat="36.890050" lon="34.406704"><ele>1273.5</ele></trkpt>
    <trkpt lat="36.890472" lon="34.407560"><ele>1269.2</ele></trkpt>
    <trkpt lat="36.891034" lon="34.408523"><ele>1262.9</ele></trkpt>
    <trkpt lat="36.891446" lon="34.409371"><ele>1255.2</ele></trkpt>
    <trkpt lat="36.891479" lon="34.409926"><ele>1247.1</ele></trkpt>
    <trkpt lat="36.891047" lon="34.410122"><ele>1239.5</ele></trkpt>
    <trkpt lat="36.890246" lon="34.410033"><ele>1233.3</ele></trkpt>
    <trkpt lat="36.889311" lon="34.409840"><ele>1229.1</ele></trkpt>
    <trkpt lat="36.888527" lon="34.409764"><ele>1227.4</ele></trkpt>
    <trkpt lat="36.888122" lon="34.409981"><ele>1227.9</ele></trkpt>
    <trkpt lat="36.888177" lon="34.410553"><ele>1230.5</ele></trkpt>
    <trkpt lat="36.888596" lon="34.411406"><ele>1234.3</ele></trkpt>
    <trkpt lat="36.889145" lon="34.412360"><ele>1238.6</ele></trkpt>
    <trkpt lat="36.889539" lon="34.413194"><ele>1242.3</ele></trkpt>
    <trkpt lat="36.889557" lon="34.413738"><ele>1244.7</ele></trkpt>
    <trkpt lat="36.889122" lon="34.413931"><ele>1245.0</ele></trkpt>
    <trkpt lat="36.888331" lon="34.413849"><ele>1243.0</ele></trkpt>
    <trkpt lat="36.887415" lon="34.413672"><ele>1238.7</ele></trkpt>
    <trkpt lat="36.886655" lon="34.413614"><ele>1232.4</ele></trkpt>
    <trkpt lat="36.886266" lon="34.413843"><ele>1225.0</ele></trkpt>
    <trkpt lat="36.886323" lon="34.414416"><ele>1217.1</ele></trkpt>
    <trkpt lat="36.886726" lon="34.415258"><ele>1209.8</ele></trkpt>
    <trkpt lat="36.887247" lon="34.416190"><ele>1203.9</ele></trkpt>
    <trkpt lat="36.887613" lon="34.417002"><ele>1200.0</ele></trkpt>
    <trkpt lat="36.887614" lon="34.417532"><ele>1198.3</ele></trkpt>
    <trkpt lat="36.887180" lon="34.417726"><ele>1198.9</ele></trkpt>
    <trkpt lat="36.886410" lon="34.417661"><ele>1201.2</ele></trkpt>
    <trkpt lat="36.885528" lon="34.417510"><ele>1204.7</ele></trkpt>
    <trkpt lat="36.884802" lon="34.417478"><ele>1208.6</ele></trkpt>
    <trkpt lat="36.884433" lon="34.417723"><ele>1211.9</ele></trkpt>
    <trkpt lat="36.884485" lon="34.418293"><ele>1213.8</ele></trkpt>
    <trkpt lat="36.884861" lon="34.419113"><ele>1213.9</ele></trkpt>
    <trkpt lat="36.885341" lon="34.420013"><ele>1211.8</ele></trkpt>
    <trkpt lat="36.885668" lon="34.420796"><ele>1207.5</ele></trkpt>
    <trkpt lat="36.885648" lon="34.421310"><ele>1201.6</ele></trkpt>
    <trkpt lat="36.885221" lon="34.421509"><ele>1194.6</ele></trkpt>
    <trkpt lat="36.884484" lon="34.421469"><ele>1187.3</ele></trkpt>
    <trkpt lat="36.883650" lon="34.421355"><ele>1180.6</ele></trkpt>
    <trkpt lat="36.882967" lon="34.421357"><ele>1175.2</ele></trkpt>
    <trkpt lat="36.882620" lon="34.421618"><ele>1171.6</ele></trkpt>
    <trkpt lat="36.882663" lon="34.422181"><ele>1170.0</ele></trkpt>
    <trkpt lat="36.883001" lon="34.422971"><ele>1170.3</ele></trkpt>
    <trkpt lat="36.883427" lon="34.423830"><ele>1172.3</ele></trkpt>
    <trkpt lat="36.883706" lon="34.424575"><ele>1175.2</ele></trkpt>
    <trkpt lat="36.883662" lon="34.425071"><ele>1178.4</ele></trkpt>
    <trkpt lat="36.883247" lon="34.425280"><ele>1181.0</ele></trkpt>
    <trkpt lat="36.882554" lon="34.425275"><ele>1182.3</ele></trkpt>
    <trkpt lat="36.881781" lon="34.425207"><ele>1182.0</ele></trkpt>
    <trkpt lat="36.881150" lon="34.425249"><ele>1179.9</ele></trkpt>
    <trkpt lat="36.880827" lon="34.425529"><ele>1175.9</ele></trkpt>
    <trkpt lat="36.880855" lon="34.426080"><ele>1170.5</ele></trkpt>
    <trkpt lat="36.881143" lon="34.426832"><ele>1164.2</ele></trkpt>
    <trkpt lat="36.881503" lon="34.427640"><ele>1157.7</ele></trkpt>
    <trkpt lat="36.881726" lon="34.428342"><ele>1151.8</ele></trkpt>
    <trkpt lat="36.881657" lon="34.428819"><ele>1147.0</ele></trkpt>
    <trkpt lat="36.881260" lon="34.429041"><ele>1143.8</ele></trkpt>
    <trkpt lat="36.880622" lon="34.429078"><ele>1142.3</ele></trkpt>
    <trkpt lat="36.879920" lon="34.429065"><ele>1142.3</ele></trkpt>
    <trkpt lat="36.879349" lon="34.429154"><ele>1143.7</ele></trkpt>
    <trkpt lat="36.879052" lon="34.429454"><ele>1145.8</ele></trkpt>
    <trkpt lat="36.879059" lon="34.429989"><ele>1148.0</ele></trkpt>
    <trkpt lat="36.879287" lon="34.430695"><ele>1149.7</ele></trkpt>
    <trkpt lat="36.879571" lon="34.431444"><ele>1150.3</ele></trkpt>
    <trkpt lat="36.879730" lon="34.432096"><ele>1149.6</ele></trkpt>
    <trkpt lat="36.879637" lon="34.432553"><ele>1147.4</ele></trkpt>
    <trkpt lat="36.879263" lon="34.432794"><ele>1143.8</ele></trkpt>
    <trkpt lat="36.878689" lon="34.432880"><ele>1139.0</ele></trkpt>
    <trkpt lat="36.878067" lon="34.432930"><ele>1133.7</ele></trkpt>
    <trkpt lat="36.877563" lon="34.433070"><ele>1128.3</ele></trkpt>
    <trkpt lat="36.877291" lon="34.433390"><ele>1123.4</ele></trkpt>
    <trkpt lat="36.877273" lon="34.433905"><ele>1119.4</ele></trkpt>
    <trkpt lat="36.877432" lon="34.434558"><ele>1116.6</ele></trkpt>
    <trkpt lat="36.877631" lon="34.435241"><ele>1115.1</ele></trkpt>
    <trkpt lat="36.877721" lon="34.435840"><ele>1114.7</ele></trkpt>
    <trkpt lat="36.877602" lon="34.436277"><ele>1115.3</ele></trkpt>
    <trkpt lat="36.877256" lon="34.436540"><ele>1116.3</ele></trkpt>
    <trkpt lat="36.876755" lon="34.436682"><ele>1117.4</ele></trkpt>
    <trkpt lat="36.876223" lon="34.436801"><ele>1118.0</ele></trkpt>
    <trkpt lat="36.875790" lon="34.436996"><ele>1117.9</ele></trkpt>
    <trkpt lat="36.875543" lon="34.437335"><ele>1116.7</ele></trkpt>
    <trkpt lat="36.875494" lon="34.437827"><ele>1114.5</ele></trkpt>
    <trkpt lat="36.875577" lon="34.438421"><ele>1111.3</ele></trkpt>
    <trkpt lat="36.875684" lon="34.439032"><ele>1107.4</ele></trkpt>
    <trkpt lat="36.875700" lon="34.439575"><ele>1103.2</ele></trkpt>
    <trkpt lat="36.875556" lon="34.439993"><ele>1099.1</ele></trkpt>
    <trkpt lat="36.875244" lon="34.440281"><ele>1095.3</ele></trkpt>
    <trkpt lat="36.874822" lon="34.440485"><ele>1092.1</ele></trkpt>
    <trkpt lat="36.874385" lon="34.440678"><ele>1089.8</ele></trkpt>
    <trkpt lat="36.874027" lon="34.440931"><ele>1088.2</ele></trkpt>
    <trkpt lat="36.873805" lon="34.441289"><ele>1087.4</ele></trkpt>
    <trkpt lat="36.873720" lon="34.441752"><ele>1087.0</ele></trkpt>
    <trkpt lat="36.873721" lon="34.442282"><ele>1086.9</ele></trkpt>
    <trkpt lat="36.873729" lon="34.442818"><ele>1086.7</ele></trkpt>
    <trkpt lat="36.873670" lon="34.443302"><ele>1086.1</ele></trkpt>
    <trkpt lat="36.873502" lon="34.443702"><ele>1085.1</ele></trkpt>
    <trkpt lat="36.873228" lon="34.444020"><ele>1083.4</ele></trkpt>
    <trkpt lat="36.872891" lon="34.444289"><ele>1081.3</ele></trkpt>
    <trkpt lat="36.872555" lon="34.444559"><ele>1078.6</ele></trkpt>
    <trkpt lat="36.872273" lon="34.444871"><ele>1075.8</ele></trkpt>
    <trkpt lat="36.872074" lon="34.445247"><ele>1072.8</ele></trkpt>
    <trkpt lat="36.871949" lon="34.445680"><ele>1069.9</ele></trkpt>
    <trkpt lat="36.871862" lon="34.446142"><ele>1067.4</ele></trkpt>
    <trkpt lat="36.871769" lon="34.446600"><ele>1065.1</ele></trkpt>
    <trkpt lat="36.871633" lon="34.447025"><ele>1063.2</ele></trkpt>
    <trkpt lat="36.871443" lon="34.447407"><ele>1061.6</ele></trkpt>
    <trkpt lat="36.871210" lon="34.447757"><ele>1060.2</ele></trkpt>
    <trkpt lat="36.870963" lon="34.448096"><ele>1058.8</ele></trkpt>
    <trkpt lat="36.870729" lon="34.448445"><ele>1057.4</ele></trkpt>
    <trkpt lat="36.870524" lon="34.448816"><ele>1055.8</ele></trkpt>
    <trkpt lat="36.870346" lon="34.449208"><ele>1054.0</ele></trkpt>
    <trkpt lat="36.870177" lon="34.449607"><ele>1052.1</ele></trkpt>
    <trkpt lat="36.870000" lon="34.450000"><ele>1050.0</ele></trkpt>
    <trkpt lat="36.869857" lon="34.450411"><ele>1047.2</ele></trkpt>
    <trkpt lat="36.869732" lon="34.450833"><ele>1044.3</ele></trkpt>
    <trkpt lat="36.869604" lon="34.451254"><ele>1041.2</ele></trkpt>
    <trkpt lat="36.869451" lon="34.451660"><ele>1037.9</ele></trkpt>
    <trkpt lat="36.869258" lon="34.452042"><ele>1034.4</ele></trkpt>
    <trkpt lat="36.869034" lon="34.452406"><ele>1030.8</ele></trkpt>
    <trkpt lat="36.868808" lon="34.452769"><ele>1027.1</ele></trkpt>
    <trkpt lat="36.868618" lon="34.453153"><ele>1023.6</ele></trkpt>
    <trkpt lat="36.868494" lon="34.453575"><ele>1020.4</ele></trkpt>
    <trkpt lat="36.868437" lon="34.454037"><ele>1017.5</ele></trkpt>
    <trkpt lat="36.868419" lon="34.454522"><ele>1015.1</ele></trkpt>
    <trkpt lat="36.868387" lon="34.454998"><ele>1013.1</ele></trkpt>
    <trkpt lat="36.868285" lon="34.455434"><ele>1011.3</ele></trkpt>
    <trkpt lat="36.868080" lon="34.455809"><ele>1009.5</ele></trkpt>
    <trkpt lat="36.867779" lon="34.456128"><ele>1007.6</ele></trkpt>
    <trkpt lat="36.867430" lon="34.456419"><ele>1005.3</ele></trkpt>
    <trkpt lat="36.867111" lon="34.456728"><ele>1002.4</ele></trkpt>
    <trkpt lat="36.866895" lon="34.457096"><ele>998.8</ele></trkpt>
    <trkpt lat="36.866819" lon="34.457547"><ele>994.5</ele></trkpt>
    <trkpt lat="36.866868" lon="34.458071"><ele>989.8</ele></trkpt>
    <trkpt lat="36.866972" lon="34.458628"><ele>984.7</ele></trkpt>
    <trkpt lat="36.867033" lon="34.459158"><ele>979.7</ele></trkpt>
    <trkpt lat="36.866959" lon="34.459611"><ele>975.0</ele></trkpt>
    <trkpt lat="36.866708" lon="34.459959"><ele>971.0</ele></trkpt>
    <trkpt lat="36.866304" lon="34.460217"><ele>967.9</ele></trkpt>
    <trkpt lat="36.865836" lon="34.460438"><ele>965.7</ele></trkpt>
    <trkpt lat="36.865425" lon="34.460693"><ele>964.4</ele></trkpt>
    <trkpt lat="36.865180" lon="34.461045"><ele>963.7</ele></trkpt>
    <trkpt lat="36.865147" lon="34.461521"><ele>963.4</ele></trkpt>
    <trkpt lat="36.865295" lon="34.462103"><ele>963.0</ele></trkpt>
    <trkpt lat="36.865516" lon="34.462727"><ele>962.1</ele></trkpt>
    <trkpt lat="36.865666" lon="34.463311"><ele>960.3</ele></trkpt>
    <trkpt lat="36.865622" lon="34.463780"><ele>957.3</ele></trkpt>
    <trkpt lat="36.865330" lon="34.464105"><ele>953.1</ele></trkpt>
    <trkpt lat="36.864832" lon="34.464308"><ele>947.8</ele></trkpt>
    <trkpt lat="36.864252" lon="34.464464"><ele>941.7</ele></trkpt>
    <trkpt lat="36.863754" lon="34.464667"><ele>935.2</ele></trkpt>
    <trkpt lat="36.863478" lon="34.465001"><ele>928.9</ele></trkpt>
    <trkpt lat="36.863483" lon="34.465499"><ele>923.3</ele></trkpt>
    <trkpt lat="36.863721" lon="34.466133"><ele>918.8</ele></trkpt>
    <trkpt lat="36.864048" lon="34.466821"><ele>915.7</ele></trkpt>
    <trkpt lat="36.864282" lon="34.467453"><ele>914.1</ele></trkpt>
    <trkpt lat="36.864269" lon="34.467941"><ele>913.7</ele></trkpt>
    <trkpt lat="36.863944" lon="34.468245"><ele>914.4</ele></trkpt>
    <trkpt lat="36.863361" lon="34.468400"><ele>915.4</ele></trkpt>
    <trkpt lat="36.862680" lon="34.468496"><ele>916.2</ele></trkpt>
    <trkpt lat="36.862102" lon="34.468652"><ele>916.1</ele></trkpt>
    <trkpt lat="36.861796" lon="34.468968"><ele>914.7</ele></trkpt>
    <trkpt lat="36.861831" lon="34.469484"><ele>911.7</ele></trkpt>
    <trkpt lat="36.862146" lon="34.470164"><ele>907.0</ele></trkpt>
    <trkpt lat="36.862568" lon="34.470907"><ele>900.8</ele></trkpt>
    <trkpt lat="36.862879" lon="34.471584"><ele>893.6</ele></trkpt>
    <trkpt lat="36.862895" lon="34.472089"><ele>885.9</ele></trkpt>
    <trkpt lat="36.862543" lon="34.472378"><ele>878.5</ele></trkpt>
    <trkpt lat="36.861890" lon="34.472491"><ele>872.1</ele></trkpt>
    <trkpt lat="36.861121" lon="34.472535"><ele>867.2</ele></trkpt>
    <trkpt lat="36.860471" lon="34.472650"><ele>864.1</ele></trkpt>
    <trkpt lat="36.860136" lon="34.472949"><ele>862.9</ele></trkpt>
    <trkpt lat="36.860193" lon="34.473478"><ele>863.4</ele></trkpt>
    <trkpt lat="36.860572" lon="34.474195"><ele>865.0</ele></trkpt>
    <trkpt lat="36.861075" lon="34.474985"><ele>867.1</ele></trkpt>
    <trkpt lat="36.861453" lon="34.475701"><ele>868.8</ele></trkpt>
    <trkpt lat="36.861497" lon="34.476223"><ele>869.5</ele></trkpt>
    <trkpt lat="36.861126" lon="34.476501"><ele>868.5</ele></trkpt>
    <trkpt lat="36.860416" lon="34.476580"><ele>865.5</ele></trkpt>
    <trkpt lat="36.859574" lon="34.476582"><ele>860.4</ele></trkpt>
    <trkpt lat="36.858864" lon="34.476661"><ele>853.5</ele></trkpt>
    <trkpt lat="36.858502" lon="34.476945"><ele>845.4</ele></trkpt>
    <trkpt lat="36.858575" lon="34.477483"><ele>836.9</ele></trkpt>
    <trkpt lat="36.859003" lon="34.478229"><ele>828.7</ele></trkpt>
    <trkpt lat="36.859570" lon="34.479056"><ele>821.6</ele></trkpt>
    <trkpt lat="36.860001" lon="34.479804"><ele>816.4</ele></trkpt>
    <trkpt lat="36.860071" lon="34.480340"><ele>813.3</ele></trkpt>
    <trkpt lat="36.859688" lon="34.480612"><ele>812.4</ele></trkpt>
    <trkpt lat="36.858936" lon="34.480666"><ele>813.4</ele></trkpt>
    <trkpt lat="36.858040" lon="34.480637"><ele>815.7</ele></trkpt>
    <trkpt lat="36.857282" lon="34.480688"><ele>818.5</ele></trkpt>
    <trkpt lat="36.856897" lon="34.480958"><ele>820.9</ele></trkpt>
    <trkpt lat="36.856978" lon="34.481500"><ele>822.1</ele></trkpt>
    <trkpt lat="36.857440" lon="34.482266"><ele>821.4</ele></trkpt>
    <trkpt lat="36.858053" lon="34.483120"><ele>818.4</ele></trkpt>
    <trkpt lat="36.858524" lon="34.483892"><ele>813.1</ele></trkpt>
    <trkpt lat="36.858614" lon="34.484440"><ele>805.8</ele></trkpt>
    <trkpt lat="36.858228" lon="34.484709"><ele>797.2</ele></trkpt>
    <trkpt lat="36.857450" lon="34.484749"><ele>788.1</ele></trkpt>
    <trkpt lat="36.856518" lon="34.484698"><ele>779.4</ele></trkpt>
    <trkpt lat="36.855727" lon="34.484730"><ele>772.0</ele></trkpt>
    <trkpt lat="36.855324" lon="34.484989"><ele>766.5</ele></trkpt>
    <trkpt lat="36.855405" lon="34.485532"><ele>763.4</ele></trkpt>
    <trkpt lat="36.855885" lon="34.486309"><ele>762.7</ele></trkpt>
    <trkpt lat="36.856524" lon="34.487178"><ele>763.9</ele></trkpt>
    <trkpt lat="36.857020" lon="34.487964"><ele>766.6</ele></trkpt>
    <trkpt lat="36.857126" lon="34.488521"><ele>769.7</ele></trkpt>
    <trkpt lat="36.856742" lon="34.488791"><ele>772.4</ele></trkpt>
    <trkpt lat="36.855955" lon="34.488826"><ele>773.8</ele></trkpt>
    <trkpt lat="36.855006" lon="34.488765"><ele>773.2</ele></trkpt>
    <trkpt lat="36.854199" lon="34.488788"><ele>770.3</ele></trkpt>
    <trkpt lat="36.853783" lon="34.489040"><ele>764.9</ele></trkpt>
    <trkpt lat="36.853859" lon="34.489579"><ele>757.6</ele></trkpt>
    <trkpt lat="36.854340" lon="34.490356"><ele>748.8</ele></trkpt>
    <trkpt lat="36.854984" lon="34.491229"><ele>739.5</ele></trkpt>
    <trkpt lat="36.855489" lon="34.492020"><ele>730.7</ele></trkpt>
    <trkpt lat="36.855604" lon="34.492583"><ele>723.2</ele></trkpt>
    <trkpt lat="36.855229" lon="34.492858"><ele>717.7</ele></trkpt>
    <trkpt lat="36.854449" lon="34.492897"><ele>714.5</ele></trkpt>
    <trkpt lat="36.853505" lon="34.492839"><ele>713.8</ele></trkpt>
    <trkpt lat="36.852698" lon="34.492861"><ele>715.0</ele></trkpt>
    <trkpt lat="36.852276" lon="34.493110"><ele>717.6</ele></trkpt>
    <trkpt lat="36.852340" lon="34.493643"><ele>720.7</ele></trkpt>
    <trkpt lat="36.852806" lon="34.494411"><ele>723.4</ele></trkpt>
    <trkpt lat="36.853436" lon="34.495275"><ele>724.7</ele></trkpt>
    <trkpt lat="36.853932" lon="34.496061"><ele>724.1</ele></trkpt>
    <trkpt lat="36.854049" lon="34.496625"><ele>721.2</ele></trkpt>
    <trkpt lat="36.853688" lon="34.496908"><ele>715.9</ele></trkpt>
    <trkpt lat="36.852931" lon="34.496960"><ele>708.7</ele></trkpt>
    <trkpt lat="36.852011" lon="34.496917"><ele>700.2</ele></trkpt>
    <trkpt lat="36.851221" lon="34.496949"><ele>691.2</ele></trkpt>
    <trkpt lat="36.850801" lon="34.497199"><ele>682.6</ele></trkpt>
    <trkpt lat="36.850849" lon="34.497722"><ele>675.3</ele></trkpt>
    <trkpt lat="36.851284" lon="34.498472"><ele>669.9</ele></trkpt>
    <trkpt lat="36.851880" lon="34.499317"><ele>666.7</ele></trkpt>
    <trkpt lat="36.852351" lon="34.500088"><ele>665.8</ele></trkpt>
    <trkpt lat="36.852463" lon="34.500648"><ele>666.7</ele></trkpt>
    <trkpt lat="36.852120" lon="34.500943"><ele>668.9</ele></trkpt>
    <trkpt lat="36.851400" lon="34.501017"><ele>671.6</ele></trkpt>
    <trkpt lat="36.850524" lon="34.500999"><ele>673.8</ele></trkpt>
    <trkpt lat="36.849768" lon="34.501051"><ele>674.8</ele></trkpt>
    <trkpt lat="36.849358" lon="34.501306"><ele>674.0</ele></trkpt>
    <trkpt lat="36.849386" lon="34.501818"><ele>671.1</ele></trkpt>
    <trkpt lat="36.849776" lon="34.502542"><ele>666.0</ele></trkpt>
    <trkpt lat="36.850319" lon="34.503355"><ele>659.3</ele></trkpt>
    <trkpt lat="36.850748" lon="34.504101"><ele>651.3</ele></trkpt>
    <trkpt lat="36.850845" lon="34.504654"><ele>642.9</ele></trkpt>
    <trkpt lat="36.850524" lon="34.504961"><ele>634.9</ele></trkpt>
    <trkpt lat="36.849856" lon="34.505065"><ele>628.1</ele></trkpt>
    <trkpt lat="36.849042" lon="34.505084"><ele>623.0</ele></trkpt>
    <trkpt lat="36.848336" lon="34.505165"><ele>619.8</ele></trkpt>
    <trkpt lat="36.847943" lon="34.505431"><ele>618.6</ele></trkpt>
    <trkpt lat="36.847948" lon="34.505929"><ele>619.0</ele></trkpt>
    <trkpt lat="36.848282" lon="34.506620"><ele>620.5</ele></trkpt>
    <trkpt lat="36.848754" lon="34.507391"><ele>622.3</ele></trkpt>
    <trkpt lat="36.849124" lon="34.508103"><ele>623.8</ele></trkpt>
    <trkpt lat="36.849200" lon="34.508643"><ele>624.1</ele></trkpt>
    <trkpt lat="36.848903" lon="34.508964"><ele>623.0</ele></trkpt>
    <trkpt lat="36.848297" lon="34.509105"><ele>620.1</ele></trkpt>
    <trkpt lat="36.847563" lon="34.509170"><ele>615.4</ele></trkpt>
    <trkpt lat="36.846922" lon="34.509290"><ele>609.2</ele></trkpt>
    <trkpt lat="36.846556" lon="34.509571"><ele>602.1</ele></trkpt>
    <trkpt lat="36.846536" lon="34.510054"><ele>594.7</ele></trkpt>
    <trkpt lat="36.846802" lon="34.510705"><ele>587.7</ele></trkpt>
    <trkpt lat="36.847186" lon="34.511426"><ele>581.6</ele></trkpt>
    <trkpt lat="36.847485" lon="34.512096"><ele>576.9</ele></trkpt>
    <trkpt lat="36.847531" lon="34.512618"><ele>573.8</ele></trkpt>
    <trkpt lat="36.847259" lon="34.512954"><ele>572.2</ele></trkpt>
    <trkpt lat="36.846726" lon="34.513137"><ele>571.9</ele></trkpt>
    <trkpt lat="36.846085" lon="34.513257"><ele>572.3</ele></trkpt>
    <trkpt lat="36.845523" lon="34.513423"><ele>573.0</ele></trkpt>
    <trkpt lat="36.845191" lon="34.513724"><ele>573.4</ele></trkpt>
    <trkpt lat="36.845145" lon="34.514193"><ele>572.9</ele></trkpt>
    <trkpt lat="36.845334" lon="34.514799"><ele>571.3</ele></trkpt>
    <trkpt lat="36.845619" lon="34.515461"><ele>568.3</ele></trkpt>
    <trkpt lat="36.845832" lon="34.516081"><ele>564.0</ele></trkpt>
    <trkpt lat="36.845840" lon="34.516581"><ele>558.6</ele></trkpt>
    <trkpt lat="36.845594" lon="34.516932"><ele>552.7</ele></trkpt>
    <trkpt lat="36.845141" lon="34.517162"><ele>546.5</ele></trkpt>
    <trkpt lat="36.844606" lon="34.517344"><ele>540.7</ele></trkpt>
    <trkpt lat="36.844135" lon="34.517563"><ele>535.6</ele></trkpt>
    <trkpt lat="36.843844" lon="34.517888"><ele>531.5</ele></trkpt>
    <trkpt lat="36.843774" lon="34.518342"><ele>528.4</ele></trkpt>
    <trkpt lat="36.843879" lon="34.518899"><ele>526.4</ele></trkpt>
    <trkpt lat="36.844054" lon="34.519497"><ele>525.2</ele></trkpt>
    <trkpt lat="36.844170" lon="34.520060"><ele>524.4</ele></trkpt>
    <trkpt lat="36.844133" lon="34.520534"><ele>523.8</ele></trkpt>
    <trkpt lat="36.843911" lon="34.520899"><ele>522.8</ele></trkpt>
    <trkpt lat="36.843545" lon="34.521180"><ele>521.3</ele></trkpt>
    <trkpt lat="36.843124" lon="34.521429"><ele>519.0</ele></trkpt>
    <trkpt lat="36.842754" lon="34.521708"><ele>515.9</ele></trkpt>
    <trkpt lat="36.842511" lon="34.522061"><ele>512.1</ele></trkpt>
    <trkpt lat="36.842417" lon="34.522501"><ele>507.7</ele></trkpt>
    <trkpt lat="36.842435" lon="34.523006"><ele>503.0</ele></trkpt>
    <trkpt lat="36.842491" lon="34.523534"><ele>498.3</ele></trkpt>
    <trkpt lat="36.842503" lon="34.524037"><ele>493.9</ele></trkpt>
    <trkpt lat="36.842415" lon="34.524480"><ele>489.9</ele></trkpt>
    <trkpt lat="36.842216" lon="34.524859"><ele>486.4</ele></trkpt>
    <trkpt lat="36.841938" lon="34.525192"><ele>483.5</ele></trkpt>
    <trkpt lat="36.841639" lon="34.525512"><ele>481.0</ele></trkpt>
    <trkpt lat="36.841377" lon="34.525854"><ele>478.8</ele></trkpt>
    <trkpt lat="36.841188" lon="34.526238"><ele>476.7</ele></trkpt>
    <trkpt lat="36.841072" lon="34.526665"><ele>474.6</ele></trkpt>
    <trkpt lat="36.841000" lon="34.527119"><ele>472.2</ele></trkpt>
    <trkpt lat="36.840933" lon="34.527574"><ele>469.5</ele></trkpt>
    <trkpt lat="36.840834" lon="34.528012"><ele>466.4</ele></trkpt>
    <trkpt lat="36.840690" lon="34.528423"><ele>463.2</ele></trkpt>
    <trkpt lat="36.840512" lon="34.528814"><ele>459.8</ele></trkpt>
    <trkpt lat="36.840324" lon="34.529199"><ele>456.4</ele></trkpt>
    <trkpt lat="36.840149" lon="34.529592"><ele>453.1</ele></trkpt>
    <trkpt lat="36.840000" lon="34.530000"><ele>450.0</ele></trkpt>
    <trkpt lat="36.839828" lon="34.530396"><ele>448.2</ele></trkpt>
    <trkpt lat="36.839658" lon="34.530793"><ele>446.2</ele></trkpt>
    <trkpt lat="36.839507" lon="34.531202"><ele>444.3</ele></trkpt>
    <trkpt lat="36.839382" lon="34.531626"><ele>442.3</ele></trkpt>
    <trkpt lat="36.839271" lon="34.532059"><ele>440.5</ele></trkpt>
    <trkpt lat="36.839152" lon="34.532487"><ele>438.9</ele></trkpt>
    <trkpt lat="36.839001" lon="34.532896"><ele>437.5</ele></trkpt>
    <trkpt lat="36.838803" lon="34.533276"><ele>436.3</ele></trkpt>
    <trkpt lat="36.838567" lon="34.533633"><ele>435.3</ele></trkpt>
    <trkpt lat="36.838320" lon="34.533984"><ele>434.3</ele></trkpt>
    <trkpt lat="36.838103" lon="34.534352"><ele>433.1</ele></trkpt>
    <trkpt lat="36.837949" lon="34.534759"><ele>431.6</ele></trkpt>
    <trkpt lat="36.837867" lon="34.535210"><ele>429.8</ele></trkpt>
    <trkpt lat="36.837838" lon="34.535692"><ele>427.6</ele></trkpt>
    <trkpt lat="36.837814" lon="34.536177"><ele>425.0</ele></trkpt>
    <trkpt lat="36.837739" lon="34.536632"><ele>422.1</ele></trkpt>
    <trkpt lat="36.837571" lon="34.537031"><ele>419.1</ele></trkpt>
    <trkpt lat="36.837305" lon="34.537369"><ele>416.2</ele></trkpt>
    <trkpt lat="36.836972" lon="34.537668"><ele>413.7</ele></trkpt>
    <trkpt lat="36.836641" lon="34.537968"><ele>411.6</ele></trkpt>
    <trkpt lat="36.836381" lon="34.538311"><ele>410.2</ele></trkpt>
    <trkpt lat="36.836243" lon="34.538727"><ele>409.3</ele></trkpt>
    <trkpt lat="36.836230" lon="34.539220"><ele>409.0</ele></trkpt>
    <trkpt lat="36.836296" lon="34.539759"><ele>409.1</ele></trkpt>
    <trkpt lat="36.836356" lon="34.540295"><ele>409.2</ele></trkpt>
    <trkpt lat="36.836322" lon="34.540774"><ele>409.0</ele></trkpt>
    <trkpt lat="36.836137" lon="34.541163"><ele>408.4</ele></trkpt>
    <trkpt lat="36.835802" lon="34.541460"><ele>407.1</ele></trkpt>
    <trkpt lat="36.835376" lon="34.541703"><ele>404.9</ele></trkpt>
    <trkpt lat="36.834962" lon="34.541952"><ele>401.9</ele></trkpt>
    <trkpt lat="36.834663" lon="34.542271"><ele>398.2</ele></trkpt>
    <trkpt lat="36.834543" lon="34.542699"><ele>394.1</ele></trkpt>
    <trkpt lat="36.834598" lon="34.543232"><ele>390.0</ele></trkpt>
    <trkpt lat="36.834755" lon="34.543827"><ele>386.3</ele></trkpt>
    <trkpt lat="36.834895" lon="34.544411"><ele>383.2</ele></trkpt>
    <trkpt lat="36.834899" lon="34.544914"><ele>381.1</ele></trkpt>
    <trkpt lat="36.834696" lon="34.545291"><ele>380.0</ele></trkpt>
    <trkpt lat="36.834294" lon="34.545548"><ele>379.9</ele></trkpt>
    <trkpt lat="36.833779" lon="34.545737"><ele>380.6</ele></trkpt>
    <trkpt lat="36.833288" lon="34.545939"><ele>381.8</ele></trkpt>
    <trkpt lat="36.832952" lon="34.546237"><ele>383.0</ele></trkpt>
    <trkpt lat="36.832851" lon="34.546675"><ele>383.7</ele></trkpt>
    <trkpt lat="36.832972" lon="34.547248"><ele>383.6</ele></trkpt>
    <trkpt lat="36.833216" lon="34.547895"><ele>382.3</ele></trkpt>
    <trkpt lat="36.833430" lon="34.548525"><ele>379.7</ele></trkpt>
    <trkpt lat="36.833468" lon="34.549048"><ele>376.0</ele></trkpt>
    <trkpt lat="36.833247" lon="34.549414"><ele>371.3</ele></trkpt>
    <trkpt lat="36.832780" lon="34.549632"><ele>366.2</ele></trkpt>
    <trkpt lat="36.832181" lon="34.549770"><ele>361.0</ele></trkpt>
    <trkpt lat="36.831618" lon="34.549929"><ele>356.5</ele></trkpt>
    <trkpt lat="36.831251" lon="34.550207"><ele>353.0</ele></trkpt>
    <trkpt lat="36.831168" lon="34.550657"><ele>350.8</ele></trkpt>
    <trkpt lat="36.831352" lon="34.551268"><ele>350.1</ele></trkpt>
    <trkpt lat="36.831676" lon="34.551964"><ele>350.7</ele></trkpt>
    <trkpt lat="36.831959" lon="34.552635"><ele>352.4</ele></trkpt>
    <trkpt lat="36.832027" lon="34.553176"><ele>354.6</ele></trkpt>
    <trkpt lat="36.831786" lon="34.553530"><ele>356.7</ele></trkpt>
    <trkpt lat="36.831260" lon="34.553712"><ele>358.2</ele></trkpt>
    <trkpt lat="36.830583" lon="34.553803"><ele>358.4</ele></trkpt>
    <trkpt lat="36.829955" lon="34.553923"><ele>357.2</ele></trkpt>
    <trkpt lat="36.829560" lon="34.554184"><ele>354.3</ele></trkpt>
    <trkpt lat="36.829497" lon="34.554646"><ele>349.8</ele></trkpt>
    <trkpt lat="36.829738" lon="34.555292"><ele>344.3</ele></trkpt>
    <trkpt lat="36.830137" lon="34.556033"><ele>338.2</ele></trkpt>
    <trkpt lat="36.830481" lon="34.556741"><ele>332.2</ele></trkpt>
    <trkpt lat="36.830574" lon="34.557297"><ele>327.0</ele></trkpt>
    <trkpt lat="36.830314" lon="34.557640"><ele>323.1</ele></trkpt>
    <trkpt lat="36.829732" lon="34.557788"><ele>320.9</ele></trkpt>
    <trkpt lat="36.828986" lon="34.557837"><ele>320.5</ele></trkpt>
    <trkpt lat="36.828301" lon="34.557922"><ele>321.8</ele></trkpt>
    <trkpt lat="36.827883" lon="34.558170"><ele>324.2</ele></trkpt>
    <trkpt lat="36.827839" lon="34.558643"><ele>327.3</ele></trkpt>
    <trkpt lat="36.828133" lon="34.559321"><ele>330.2</ele></trkpt>
    <trkpt lat="36.828597" lon="34.560101"><ele>332.3</ele></trkpt>
    <trkpt lat="36.828994" lon="34.560841"><ele>332.9</ele></trkpt>
    <trkpt lat="36.829108" lon="34.561409"><ele>331.6</ele></trkpt>
    <trkpt lat="36.828829" lon="34.561741"><ele>328.4</ele></trkpt>
    <trkpt lat="36.828197" lon="34.561859"><ele>323.4</ele></trkpt>
    <trkpt lat="36.827390" lon="34.561871"><ele>317.1</ele></trkpt>
    <trkpt lat="36.826656" lon="34.561927"><ele>310.2</ele></trkpt>
    <trkpt lat="36.826220" lon="34.562164"><ele>303.5</ele></trkpt>
    <trkpt lat="36.826194" lon="34.562648"><ele>297.8</ele></trkpt>
    <trkpt lat="36.826535" lon="34.563354"><ele>293.6</ele></trkpt>
    <trkpt lat="36.827055" lon="34.564168"><ele>291.4</ele></trkpt>
    <trkpt lat="36.827496" lon="34.564934"><ele>291.4</ele></trkpt>
    <trkpt lat="36.827625" lon="34.565513"><ele>293.1</ele></trkpt>
    <trkpt lat="36.827328" lon="34.565833"><ele>296.3</ele></trkpt>
    <trkpt lat="36.826653" lon="34.565925"><ele>300.0</ele></trkpt>
    <trkpt lat="36.825795" lon="34.565906"><ele>303.6</ele></trkpt>
    <trkpt lat="36.825022" lon="34.565939"><ele>306.1</ele></trkpt>
    <trkpt lat="36.824573" lon="34.566168"><ele>306.9</ele></trkpt>
    <trkpt lat="36.824565" lon="34.566662"><ele>305.6</ele></trkpt>
    <trkpt lat="36.824945" lon="34.567392"><ele>302.1</ele></trkpt>
    <trkpt lat="36.825511" lon="34.568234"><ele>296.6</ele></trkpt>
    <trkpt lat="36.825986" lon="34.569021"><ele>289.8</ele></trkpt>
    <trkpt lat="36.826126" lon="34.569605"><ele>282.3</ele></trkpt>
    <trkpt lat="36.825812" lon="34.569916"><ele>275.1</ele></trkpt>
    <trkpt lat="36.825101" lon="34.569986"><ele>269.0</ele></trkpt>
    <trkpt lat="36.824203" lon="34.569943"><ele>264.6</ele></trkpt>
    <trkpt lat="36.823400" lon="34.569958"><ele>262.5</ele></trkpt>
    <trkpt lat="36.822944" lon="34.570182"><ele>262.7</ele></trkpt>
    <trkpt lat="36.822952" lon="34.570686"><ele>264.9</ele></trkpt>
    <trkpt lat="36.823364" lon="34.571435"><ele>268.5</ele></trkpt>
    <trkpt lat="36.823965" lon="34.572299"><ele>272.7</ele></trkpt>
    <trkpt lat="36.824464" lon="34.573100"><ele>276.7</ele></trkpt>
    <trkpt lat="36.824609" lon="34.573688"><ele>279.5</ele></trkpt>
    <trkpt lat="36.824280" lon="34.573989"><ele>280.4</ele></trkpt>
    <trkpt lat="36.823541" lon="34.574042"><ele>279.0</ele></trkpt>
    <trkpt lat="36.822614" lon="34.573981"><ele>275.3</ele></trkpt>
    <trkpt lat="36.821792" lon="34.573985"><ele>269.5</ele></trkpt>
    <trkpt lat="36.821333" lon="34.574207"><ele>262.3</ele></trkpt>
    <trkpt lat="36.821355" lon="34.574720"><ele>254.4</ele></trkpt>
    <trkpt lat="36.821791" lon="34.575484"><ele>246.9</ele></trkpt>
    <trkpt lat="36.822415" lon="34.576361"><ele>240.6</ele></trkpt>
    <trkpt lat="36.822928" lon="34.577171"><ele>236.2</ele></trkpt>
    <trkpt lat="36.823073" lon="34.577758"><ele>234.2</ele></trkpt>
    <trkpt lat="36.822732" lon="34.578052"><ele>234.5</ele></trkpt>
    <trkpt lat="36.821973" lon="34.578094"><ele>237.0</ele></trkpt>
    <trkpt lat="36.821028" lon="34.578022"><ele>240.9</ele></trkpt>
    <trkpt lat="36.820198" lon="34.578020"><ele>245.3</ele></trkpt>
    <trkpt lat="36.819741" lon="34.578244"><ele>249.5</ele></trkpt>
    <trkpt lat="36.819775" lon="34.578764"><ele>252.3</ele></trkpt>
    <trkpt lat="36.820225" lon="34.579537"><ele>253.3</ele></trkpt>
    <trkpt lat="36.820861" lon="34.580421"><ele>251.8</ele></trkpt>
    <trkpt lat="36.821378" lon="34.581233"><ele>248.0</ele></trkpt>
    <trkpt lat="36.821518" lon="34.581817"><ele>242.0</ele></trkpt>
    <trkpt lat="36.821166" lon="34.582105"><ele>234.6</ele></trkpt>
    <trkpt lat="36.820398" lon="34.582140"><ele>226.7</ele></trkpt>
    <trkpt lat="36.819447" lon="34.582066"><ele>219.1</ele></trkpt>
    <trkpt lat="36.818618" lon="34.582065"><ele>212.8</ele></trkpt>
    <trkpt lat="36.818169" lon="34.582293"><ele>208.4</ele></trkpt>
    <trkpt lat="36.818211" lon="34.582819"><ele>206.5</ele></trkpt>
    <trkpt lat="36.818668" lon="34.583594"><ele>206.9</ele></trkpt>
    <trkpt lat="36.819303" lon="34.584478"><ele>209.4</ele></trkpt>
    <trkpt lat="36.819813" lon="34.585286"><ele>213.4</ele></trkpt>
    <trkpt lat="36.819943" lon="34.585865"><ele>217.9</ele></trkpt>
    <trkpt lat="36.819584" lon="34.586147"><ele>222.0</ele></trkpt>
    <trkpt lat="36.818814" lon="34.586182"><ele>224.7</ele></trkpt>
    <trkpt lat="36.817870" lon="34.586112"><ele>225.6</ele></trkpt>
    <trkpt lat="36.817054" lon="34.586118"><ele>224.0</ele></trkpt>
    <trkpt lat="36.816616" lon="34.586354"><ele>220.1</ele></trkpt>
    <trkpt lat="36.816664" lon="34.586883"><ele>214.1</ele></trkpt>
    <trkpt lat="36.817117" lon="34.587656"><ele>206.8</ele></trkpt>
    <trkpt lat="36.817740" lon="34.588532"><ele>199.0</ele></trkpt>
    <trkpt lat="36.818233" lon="34.589330"><ele>191.5</ele></trkpt>
    <trkpt lat="36.818349" lon="34.589900"><ele>185.4</ele></trkpt>
    <trkpt lat="36.817985" lon="34.590180"><ele>181.2</ele></trkpt>
    <trkpt lat="36.817224" lon="34.590220"><ele>179.4</ele></trkpt>
    <trkpt lat="36.816299" lon="34.590161"><ele>179.8</ele></trkpt>
    <trkpt lat="36.815504" lon="34.590181"><ele>182.3</ele></trkpt>
    <trkpt lat="36.815083" lon="34.590426"><ele>186.0</ele></trkpt>
    <trkpt lat="36.815133" lon="34.590957"><ele>190.3</ele></trkpt>
    <trkpt lat="36.815573" lon="34.591722"><ele>194.1</ele></trkpt>
    <trkpt lat="36.816171" lon="34.592583"><ele>196.6</ele></trkpt>
    <trkpt lat="36.816637" lon="34.593365"><ele>197.3</ele></trkpt>
    <trkpt lat="36.816736" lon="34.593924"><ele>195.6</ele></trkpt>
    <trkpt lat="36.816371" lon="34.594204"><ele>191.7</ele></trkpt>
    <trkpt lat="36.815628" lon="34.594255"><ele>185.9</ele></trkpt>
    <trkpt lat="36.814733" lon="34.594214"><ele>178.9</ele></trkpt>
    <trkpt lat="36.813970" lon="34.594253"><ele>171.4</ele></trkpt>
    <trkpt lat="36.813568" lon="34.594510"><ele>164.3</ele></trkpt>
    <trkpt lat="36.813618" lon="34.595039"><ele>158.5</ele></trkpt>
    <trkpt lat="36.814035" lon="34.595791"><ele>154.6</ele></trkpt>
    <trkpt lat="36.814596" lon="34.596631"><ele>152.8</ele></trkpt>
    <trkpt lat="36.815027" lon="34.597391"><ele>153.2</ele></trkpt>
    <trkpt lat="36.815104" lon="34.597937"><ele>155.4</ele></trkpt>
    <trkpt lat="36.814743" lon="34.598219"><ele>158.8</ele></trkpt>
    <trkpt lat="36.814027" lon="34.598286"><ele>162.6</ele></trkpt>
    <trkpt lat="36.813174" lon="34.598270"><ele>165.9</ele></trkpt>
    <trkpt lat="36.812451" lon="34.598333"><ele>168.0</ele></trkpt>
    <trkpt lat="36.812071" lon="34.598604"><ele>168.4</ele></trkpt>
    <trkpt lat="36.812116" lon="34.599131"><ele>166.6</ele></trkpt>
    <trkpt lat="36.812501" lon="34.599864"><ele>162.9</ele></trkpt>
    <trkpt lat="36.813016" lon="34.600674"><ele>157.4</ele></trkpt>
    <trkpt lat="36.813402" lon="34.601407"><ele>150.8</ele></trkpt>
    <trkpt lat="36.813455" lon="34.601939"><ele>143.9</ele></trkpt>
    <trkpt lat="36.813100" lon="34.602225"><ele>137.4</ele></trkpt>
    <trkpt lat="36.812421" lon="34.602314"><ele>132.2</ele></trkpt>
    <trkpt lat="36.811620" lon="34.602330"><ele>128.5</ele></trkpt>
    <trkpt lat="36.810945" lon="34.602423"><ele>126.9</ele></trkpt>
    <trkpt lat="36.810592" lon="34.602709"><ele>127.1</ele></trkpt>
    <trkpt lat="36.810627" lon="34.603230"><ele>128.9</ele></trkpt>
    <trkpt lat="36.810972" lon="34.603938"><ele>131.7</ele></trkpt>
    <trkpt lat="36.811429" lon="34.604714"><ele>134.8</ele></trkpt>
    <trkpt lat="36.811763" lon="34.605416"><ele>137.4</ele></trkpt>
    <trkpt lat="36.811789" lon="34.605932"><ele>139.0</ele></trkpt>
    <trkpt lat="36.811446" lon="34.606224"><ele>139.0</ele></trkpt>
    <trkpt lat="36.810811" lon="34.606340"><ele>137.1</ele></trkpt>
    <trkpt lat="36.810072" lon="34.606394"><ele>133.6</ele></trkpt>
    <trkpt lat="36.809454" lon="34.606520"><ele>128.6</ele></trkpt>
    <trkpt lat="36.809127" lon="34.606823"><ele>122.7</ele></trkpt>
    <trkpt lat="36.809150" lon="34.607337"><ele>116.6</ele></trkpt>
    <trkpt lat="36.809446" lon="34.608015"><ele>110.9</ele></trkpt>
    <trkpt lat="36.809836" lon="34.608751"><ele>106.2</ele></trkpt>
    <trkpt lat="36.810111" lon="34.609416"><ele>103.0</ele></trkpt>
    <trkpt lat="36.810109" lon="34.609915"><ele>101.4</ele></trkpt>
    <trkpt lat="36.809780" lon="34.610216"><ele>101.4</ele></trkpt>
    <trkpt lat="36.809198" lon="34.610365"><ele>102.6</ele></trkpt>
    <trkpt lat="36.808531" lon="34.610462"><ele>104.6</ele></trkpt>
    <trkpt lat="36.807975" lon="34.610625"><ele>106.9</ele></trkpt>
    <trkpt lat="36.807677" lon="34.610945"><ele>108.7</ele></trkpt>
    <trkpt lat="36.807683" lon="34.611449"><ele>109.5</ele></trkpt>
    <trkpt lat="36.807923" lon="34.612093"><ele>109.1</ele></trkpt>
    <trkpt lat="36.808237" lon="34.612783"><ele>107.2</ele></trkpt>
    <trkpt lat="36.808447" lon="34.613410"><ele>103.9</ele></trkpt>
    <trkpt lat="36.808416" lon="34.613891"><ele>99.6</ele></trkpt>
    <trkpt lat="36.808106" lon="34.614203"><ele>94.5</ele></trkpt>
    <trkpt lat="36.807584" lon="34.614388"><ele>89.3</ele></trkpt>
    <trkpt lat="36.806996" lon="34.614533"><ele>84.6</ele></trkpt>
    <trkpt lat="36.806507" lon="34.614737"><ele>80.6</ele></trkpt>
    <trkpt lat="36.806239" lon="34.615075"><ele>77.8</ele></trkpt>
    <trkpt lat="36.806225" lon="34.615566"><ele>76.3</ele></trkpt>
    <trkpt lat="36.806400" lon="34.616172"><ele>75.9</ele></trkpt>
    <trkpt lat="36.806632" lon="34.616812"><ele>76.5</ele></trkpt>
    <trkpt lat="36.806772" lon="34.617397"><ele>77.6</ele></trkpt>
    <trkpt lat="36.806712" lon="34.617860"><ele>78.8</ele></trkpt>
    <trkpt lat="36.806424" lon="34.618186"><ele>79.6</ele></trkpt>
    <trkpt lat="36.805969" lon="34.618411"><ele>79.7</ele></trkpt>
    <trkpt lat="36.805466" lon="34.618607"><ele>78.9</ele></trkpt>
    <trkpt lat="36.805049" lon="34.618855"><ele>76.9</ele></trkpt>
    <trkpt lat="36.804811" lon="34.619211"><ele>74.0</ele></trkpt>
    <trkpt lat="36.804772" lon="34.619688"><ele>70.4</ele></trkpt>
    <trkpt lat="36.804878" lon="34.620251"><ele>66.3</ele></trkpt>
    <trkpt lat="36.805022" lon="34.620838"><ele>62.2</ele></trkpt>
    <trkpt lat="36.805089" lon="34.621378"><ele>58.5</ele></trkpt>
    <trkpt lat="36.804998" lon="34.621824"><ele>55.3</ele></trkpt>
    <trkpt lat="36.804737" lon="34.622165"><ele>53.0</ele></trkpt>
    <trkpt lat="36.804353" lon="34.622434"><ele>51.5</ele></trkpt>
    <trkpt lat="36.803942" lon="34.622685"><ele>50.7</ele></trkpt>
    <trkpt lat="36.803599" lon="34.622978"><ele>50.5</ele></trkpt>
    <trkpt lat="36.803390" lon="34.623351"><ele>50.6</ele></trkpt>
    <trkpt lat="36.803324" lon="34.623811"><ele>50.6</ele></trkpt>
    <trkpt lat="36.803356" lon="34.624330"><ele>50.4</ele></trkpt>
    <trkpt lat="36.803407" lon="34.624861"><ele>49.7</ele></trkpt>
    <trkpt lat="36.803397" lon="34.625355"><ele>48.4</ele></trkpt>
    <trkpt lat="36.803278" lon="34.625783"><ele>46.4</ele></trkpt>
    <trkpt lat="36.803046" lon="34.626143"><ele>43.9</ele></trkpt>
    <trkpt lat="36.802739" lon="34.626457"><ele>41.1</ele></trkpt>
    <trkpt lat="36.802423" lon="34.626766"><ele>38.1</ele></trkpt>
    <trkpt lat="36.802156" lon="34.627105"><ele>35.2</ele></trkpt>
    <trkpt lat="36.801976" lon="34.627495"><ele>32.6</ele></trkpt>
    <trkpt lat="36.801879" lon="34.627937"><ele>30.3</ele></trkpt>
    <trkpt lat="36.801832" lon="34.628408"><ele>28.4</ele></trkpt>
    <trkpt lat="36.801787" lon="34.628881"><ele>26.9</ele></trkpt>
    <trkpt lat="36.801701" lon="34.629329"><ele>25.7</ele></trkpt>
    <trkpt lat="36.801554" lon="34.629740"><ele>24.6</ele></trkpt>
    <trkpt lat="36.801354" lon="34.630119"><ele>23.5</ele></trkpt>
    <trkpt lat="36.801127" lon="34.630482"><ele>22.4</ele></trkpt>
    <trkpt lat="36.800907" lon="34.630849"><ele>21.0</ele></trkpt>
    <trkpt lat="36.800718" lon="34.631234"><ele>19.5</ele></trkpt>
    <trkpt lat="36.800564" lon="34.631641"><ele>17.7</ele></trkpt>
    <trkpt lat="36.800434" lon="34.632062"><ele>15.8</ele></trkpt>
    <trkpt lat="36.800306" lon="34.632485"><ele>13.8</ele></trkpt>
    <trkpt lat="36.800163" lon="34.632898"><ele>11.8</ele></trkpt>
    <trkpt lat="36.800000" lon="34.633300"><ele>10.0</ele></trkpt>
    </trkseg>
  </trk>
</gpx>
