<?xml version="1.0" encoding="UTF-8"?>
<gpx version="1.1" creator="tripplanner (sketch line from researched control points)" xmlns="http://www.topografix.com/GPX/1/1">
  <metadata>
    <name>taurus-coast-cols — Antalya → Side → Alanya</name>
    <desc>135.0 km, 1046 m. Sketch line through researched control points, calibrated to 135 km / 1050 m of road — drawn, not routed.</desc>
  </metadata>
  <trk>
    <name>taurus-coast-cols — Antalya → Side → Alanya</name>
    <trkseg>
    <trkpt lat="36.884100" lon="30.705600"><ele>25.0</ele></trkpt>
    <trkpt lat="36.884272" lon="30.705995"><ele>25.0</ele></trkpt>
    <trkpt lat="36.884447" lon="30.706388"><ele>25.0</ele></trkpt>
    <trkpt lat="36.884624" lon="30.706779"><ele>25.1</ele></trkpt>
    <trkpt lat="36.884801" lon="30.707170"><ele>25.2</ele></trkpt>
    <trkpt lat="36.884978" lon="30.707562"><ele>25.3</ele></trkpt>
    <trkpt lat="36.885154" lon="30.707954"><ele>25.4</ele></trkpt>
    <trkpt lat="36.885328" lon="30.708348"><ele>25.6</ele></trkpt>
    <trkpt lat="36.885498" lon="30.708744"><ele>25.7</ele></trkpt>
    <trkpt lat="36.885664" lon="30.709142"><ele>25.8</ele></trkpt>
    <trkpt lat="36.885826" lon="30.709544"><ele>25.9</ele></trkpt>
    <trkpt lat="36.885985" lon="30.709948"><ele>26.0</ele></trkpt>
    <trkpt lat="36.886140" lon="30.710354"><ele>26.0</ele></trkpt>
    <trkpt lat="36.886294" lon="30.710761"><ele>26.0</ele></trkpt>
    <trkpt lat="36.886448" lon="30.711168"><ele>26.0</ele></trkpt>
    <trkpt lat="36.886603" lon="30.711574"><ele>25.9</ele></trkpt>
    <trkpt lat="36.886762" lon="30.711978"><ele>25.8</ele></trkpt>
    <trkpt lat="36.886926" lon="30.712378"><ele>25.6</ele></trkpt>
    <trkpt lat="36.887096" lon="30.712774"><ele>25.3</ele></trkpt>
    <trkpt lat="36.887274" lon="30.713165"><ele>25.0</ele></trkpt>
    <trkpt lat="36.887459" lon="30.713551"><ele>24.7</ele></trkpt>
    <trkpt lat="36.887650" lon="30.713933"><ele>24.4</ele></trkpt>
    <trkpt lat="36.887847" lon="30.714311"><ele>24.0</ele></trkpt>
    <trkpt lat="36.888048" lon="30.714686"><ele>23.6</ele></trkpt>
    <trkpt lat="36.888250" lon="30.715061"><ele>23.2</ele></trkpt>
    <trkpt lat="36.888450" lon="30.715436"><ele>22.8</ele></trkpt>
    <trkpt lat="36.888647" lon="30.715814"><ele>22.4</ele></trkpt>
    <trkpt lat="36.888838" lon="30.716196"><ele>22.1</ele></trkpt>
    <trkpt lat="36.889020" lon="30.716585"><ele>21.8</ele></trkpt>
    <trkpt lat="36.889191" lon="30.716980"><ele>21.6</ele></trkpt>
    <trkpt lat="36.889352" lon="30.717382"><ele>21.5</ele></trkpt>
    <trkpt lat="36.889502" lon="30.717792"><ele>21.4</ele></trkpt>
    <trkpt lat="36.889643" lon="30.718208"><ele>21.4</ele></trkpt>
    <trkpt lat="36.889775" lon="30.718629"><ele>21.5</ele></trkpt>
    <trkpt lat="36.889903" lon="30.719054"><ele>21.7</ele></trkpt>
    <trkpt lat="36.890029" lon="30.719480"><ele>21.9</ele></trkpt>
    <trkpt lat="36.890157" lon="30.719904"><ele>22.3</ele></trkpt>
    <trkpt lat="36.890290" lon="30.720325"><ele>22.7</ele></trkpt>
    <trkpt lat="36.890433" lon="30.720740"><ele>23.2</ele></trkpt>
    <trkpt lat="36.890587" lon="30.721147"><ele>23.8</ele></trkpt>
    <trkpt lat="36.890755" lon="30.721544"><ele>24.4</ele></trkpt>
    <trkpt lat="36.890938" lon="30.721932"><ele>25.1</ele></trkpt>
    <trkpt lat="36.891135" lon="30.722309"><ele>25.7</ele></trkpt>
    <trkpt lat="36.891346" lon="30.722678"><ele>26.4</ele></trkpt>
    <trkpt lat="36.891566" lon="30.723040"><ele>27.0</ele></trkpt>
    <trkpt lat="36.891793" lon="30.723398"><ele>27.6</ele></trkpt>
    <trkpt lat="36.892023" lon="30.723754"><ele>28.1</ele></trkpt>
    <trkpt lat="36.892251" lon="30.724111"><ele>28.6</ele></trkpt>
    <trkpt lat="36.892471" lon="30.724473"><ele>29.0</ele></trkpt>
    <trkpt lat="36.892681" lon="30.724842"><ele>29.2</ele></trkpt>
    <trkpt lat="36.892876" lon="30.725221"><ele>29.4</ele></trkpt>
    <trkpt lat="36.893054" lon="30.725612"><ele>29.4</ele></trkpt>
    <trkpt lat="36.893214" lon="30.726015"><ele>29.3</ele></trkpt>
    <trkpt lat="36.893355" lon="30.726431"><ele>29.0</ele></trkpt>
    <trkpt lat="36.893480" lon="30.726857"><ele>28.7</ele></trkpt>
    <trkpt lat="36.893592" lon="30.727293"><ele>28.2</ele></trkpt>
    <trkpt lat="36.893695" lon="30.727734"><ele>27.5</ele></trkpt>
    <trkpt lat="36.893794" lon="30.728178"><ele>26.8</ele></trkpt>
    <trkpt lat="36.893895" lon="30.728621"><ele>26.0</ele></trkpt>
    <trkpt lat="36.894003" lon="30.729059"><ele>25.1</ele></trkpt>
    <trkpt lat="36.894124" lon="30.729489"><ele>24.2</ele></trkpt>
    <trkpt lat="36.894262" lon="30.729906"><ele>23.2</ele></trkpt>
    <trkpt lat="36.894420" lon="30.730310"><ele>22.2</ele></trkpt>
    <trkpt lat="36.894600" lon="30.730700"><ele>21.3</ele></trkpt>
    <trkpt lat="36.894802" lon="30.731074"><ele>20.4</ele></trkpt>
    <trkpt lat="36.895024" lon="30.731436"><ele>19.5</ele></trkpt>
    <trkpt lat="36.895262" lon="30.731786"><ele>18.8</ele></trkpt>
    <trkpt lat="36.895512" lon="30.732128"><ele>18.2</ele></trkpt>
    <trkpt lat="36.895767" lon="30.732467"><ele>17.7</ele></trkpt>
    <trkpt lat="36.896021" lon="30.732806"><ele>17.3</ele></trkpt>
    <trkpt lat="36.896268" lon="30.733150"><ele>17.1</ele></trkpt>
    <trkpt lat="36.896501" lon="30.733504"><ele>17.1</ele></trkpt>
    <trkpt lat="36.896715" lon="30.733870"><ele>17.3</ele></trkpt>
    <trkpt lat="36.896906" lon="30.734252"><ele>17.6</ele></trkpt>
    <trkpt lat="36.897072" lon="30.734651"><ele>18.1</ele></trkpt>
    <trkpt lat="36.897213" lon="30.735067"><ele>18.7</ele></trkpt>
    <trkpt lat="36.897330" lon="30.735498"><ele>19.6</ele></trkpt>
    <trkpt lat="36.897428" lon="30.735943"><ele>20.5</ele></trkpt>
    <trkpt lat="36.897512" lon="30.736398"><ele>21.5</ele></trkpt>
    <trkpt lat="36.897587" lon="30.736858"><ele>22.7</ele></trkpt>
    <trkpt lat="36.897662" lon="30.737318"><ele>23.8</ele></trkpt>
    <trkpt lat="36.897745" lon="30.737774"><ele>25.0</ele></trkpt>
    <trkpt lat="36.897841" lon="30.738219"><ele>26.2</ele></trkpt>
    <trkpt lat="36.897959" lon="30.738651"><ele>27.4</ele></trkpt>
    <trkpt lat="36.898101" lon="30.739066"><ele>28.5</ele></trkpt>
    <trkpt lat="36.898271" lon="30.739462"><ele>29.5</ele></trkpt>
    <trkpt lat="36.898469" lon="30.739839"><ele>30.4</ele></trkpt>
    <trkpt lat="36.898694" lon="30.740198"><ele>31.1</ele></trkpt>
    <trkpt lat="36.898943" lon="30.740541"><ele>31.7</ele></trkpt>
    <trkpt lat="36.899208" lon="30.740873"><ele>32.0</ele></trkpt>
    <trkpt lat="36.899484" lon="30.741197"><ele>32.2</ele></trkpt>
    <trkpt lat="36.899762" lon="30.741520"><ele>32.2</ele></trkpt>
    <trkpt lat="36.900034" lon="30.741848"><ele>31.9</ele></trkpt>
    <trkpt lat="36.900292" lon="30.742185"><ele>31.5</ele></trkpt>
    <trkpt lat="36.900528" lon="30.742536"><ele>30.8</ele></trkpt>
    <trkpt lat="36.900738" lon="30.742905"><ele>30.0</ele></trkpt>
    <trkpt lat="36.900917" lon="30.743295"><ele>28.9</ele></trkpt>
    <trkpt lat="36.901066" lon="30.743706"><ele>27.8</ele></trkpt>
    <trkpt lat="36.901184" lon="30.744137"><ele>26.5</ele></trkpt>
    <trkpt lat="36.901275" lon="30.744586"><ele>25.1</ele></trkpt>
    <trkpt lat="36.901346" lon="30.745049"><ele>23.7</ele></trkpt>
    <trkpt lat="36.901404" lon="30.745521"><ele>22.2</ele></trkpt>
    <trkpt lat="36.901458" lon="30.745996"><ele>20.8</ele></trkpt>
    <trkpt lat="36.901517" lon="30.746467"><ele>19.4</ele></trkpt>
    <trkpt lat="36.901589" lon="30.746930"><ele>18.0</ele></trkpt>
    <trkpt lat="36.901683" lon="30.747377"><ele>16.9</ele></trkpt>
    <trkpt lat="36.901805" lon="30.747806"><ele>15.8</ele></trkpt>
    <trkpt lat="36.901958" lon="30.748213"><ele>15.0</ele></trkpt>
    <trkpt lat="36.902146" lon="30.748597"><ele>14.3</ele></trkpt>
    <trkpt lat="36.902367" lon="30.748959"><ele>13.8</ele></trkpt>
    <trkpt lat="36.902617" lon="30.749301"><ele>13.6</ele></trkpt>
    <trkpt lat="36.902891" lon="30.749627"><ele>13.7</ele></trkpt>
    <trkpt lat="36.903181" lon="30.749942"><ele>14.0</ele></trkpt>
    <trkpt lat="36.903478" lon="30.750253"><ele>14.5</ele></trkpt>
    <trkpt lat="36.903771" lon="30.750565"><ele>15.2</ele></trkpt>
    <trkpt lat="36.904052" lon="30.750886"><ele>16.2</ele></trkpt>
    <trkpt lat="36.904312" lon="30.751222"><ele>17.3</ele></trkpt>
    <trkpt lat="36.904544" lon="30.751576"><ele>18.6</ele></trkpt>
    <trkpt lat="36.904741" lon="30.751954"><ele>20.1</ele></trkpt>
    <trkpt lat="36.904903" lon="30.752355"><ele>21.6</ele></trkpt>
    <trkpt lat="36.905030" lon="30.752781"><ele>23.2</ele></trkpt>
    <trkpt lat="36.905123" lon="30.753229"><ele>24.8</ele></trkpt>
    <trkpt lat="36.905190" lon="30.753695"><ele>26.4</ele></trkpt>
    <trkpt lat="36.905238" lon="30.754173"><ele>27.9</ele></trkpt>
    <trkpt lat="36.905277" lon="30.754658"><ele>29.4</ele></trkpt>
    <trkpt lat="36.905316" lon="30.755143"><ele>30.7</ele></trkpt>
    <trkpt lat="36.905367" lon="30.755620"><ele>31.8</ele></trkpt>
    <trkpt lat="36.905438" lon="30.756083"><ele>32.7</ele></trkpt>
    <trkpt lat="36.905537" lon="30.756527"><ele>33.4</ele></trkpt>
    <trkpt lat="36.905671" lon="30.756947"><ele>33.8</ele></trkpt>
    <trkpt lat="36.905842" lon="30.757343"><ele>34.0</ele></trkpt>
    <trkpt lat="36.906052" lon="30.757712"><ele>33.9</ele></trkpt>
    <trkpt lat="36.906296" lon="30.758058"><ele>33.6</ele></trkpt>
    <trkpt lat="36.906570" lon="30.758384"><ele>32.9</ele></trkpt>
    <trkpt lat="36.906865" lon="30.758695"><ele>32.1</ele></trkpt>
    <trkpt lat="36.907174" lon="30.758998"><ele>31.0</ele></trkpt>
    <trkpt lat="36.907483" lon="30.759300"><ele>29.7</ele></trkpt>
    <trkpt lat="36.907784" lon="30.759607"><ele>28.2</ele></trkpt>
    <trkpt lat="36.908065" lon="30.759928"><ele>26.6</ele></trkpt>
    <trkpt lat="36.908319" lon="30.760268"><ele>24.9</ele></trkpt>
    <trkpt lat="36.908538" lon="30.760631"><ele>23.2</ele></trkpt>
    <trkpt lat="36.908718" lon="30.761020"><ele>21.4</ele></trkpt>
    <trkpt lat="36.908859" lon="30.761436"><ele>19.6</ele></trkpt>
    <trkpt lat="36.908962" lon="30.761877"><ele>18.0</ele></trkpt>
    <trkpt lat="36.909033" lon="30.762340"><ele>16.4</ele></trkpt>
    <trkpt lat="36.909080" lon="30.762820"><ele>15.0</ele></trkpt>
    <trkpt lat="36.909111" lon="30.763310"><ele>13.8</ele></trkpt>
    <trkpt lat="36.909138" lon="30.763803"><ele>12.8</ele></trkpt>
    <trkpt lat="36.909171" lon="30.764292"><ele>12.1</ele></trkpt>
    <trkpt lat="36.909223" lon="30.764768"><ele>11.6</ele></trkpt>
    <trkpt lat="36.909301" lon="30.765226"><ele>11.4</ele></trkpt>
    <trkpt lat="36.909413" lon="30.765661"><ele>11.5</ele></trkpt>
    <trkpt lat="36.909565" lon="30.766070"><ele>11.8</ele></trkpt>
    <trkpt lat="36.909757" lon="30.766451"><ele>12.5</ele></trkpt>
    <trkpt lat="36.909988" lon="30.766806"><ele>13.4</ele></trkpt>
    <trkpt lat="36.910254" lon="30.767137"><ele>14.5</ele></trkpt>
    <trkpt lat="36.910548" lon="30.767450"><ele>15.8</ele></trkpt>
    <trkpt lat="36.910859" lon="30.767750"><ele>17.4</ele></trkpt>
    <trkpt lat="36.911177" lon="30.768046"><ele>19.0</ele></trkpt>
    <trkpt lat="36.911492" lon="30.768345"><ele>20.8</ele></trkpt>
    <trkpt lat="36.911790" lon="30.768654"><ele>22.6</ele></trkpt>
    <trkpt lat="36.912063" lon="30.768980"><ele>24.4</ele></trkpt>
    <trkpt lat="36.912303" lon="30.769329"><ele>26.2</ele></trkpt>
    <trkpt lat="36.912504" lon="30.769705"><ele>27.9</ele></trkpt>
    <trkpt lat="36.912664" lon="30.770108"><ele>29.5</ele></trkpt>
    <trkpt lat="36.912783" lon="30.770538"><ele>30.9</ele></trkpt>
    <trkpt lat="36.912865" lon="30.770994"><ele>32.1</ele></trkpt>
    <trkpt lat="36.912918" lon="30.771469"><ele>33.1</ele></trkpt>
    <trkpt lat="36.912950" lon="30.771958"><ele>33.8</ele></trkpt>
    <trkpt lat="36.912973" lon="30.772455"><ele>34.3</ele></trkpt>
    <trkpt lat="36.912997" lon="30.772949"><ele>34.4</ele></trkpt>
    <trkpt lat="36.913034" lon="30.773435"><ele>34.3</ele></trkpt>
    <trkpt lat="36.913094" lon="30.773906"><ele>33.9</ele></trkpt>
    <trkpt lat="36.913187" lon="30.774354"><ele>33.2</ele></trkpt>
    <trkpt lat="36.913318" lon="30.774777"><ele>32.2</ele></trkpt>
    <trkpt lat="36.913490" lon="30.775171"><ele>31.0</ele></trkpt>
    <trkpt lat="36.913703" lon="30.775538"><ele>29.6</ele></trkpt>
    <trkpt lat="36.913955" lon="30.775879"><ele>28.1</ele></trkpt>
    <trkpt lat="36.914238" lon="30.776199"><ele>26.3</ele></trkpt>
    <trkpt lat="36.914544" lon="30.776503"><ele>24.5</ele></trkpt>
    <trkpt lat="36.914863" lon="30.776799"><ele>22.6</ele></trkpt>
    <trkpt lat="36.915183" lon="30.777094"><ele>20.8</ele></trkpt>
    <trkpt lat="36.915492" lon="30.777395"><ele>19.0</ele></trkpt>
    <trkpt lat="36.915780" lon="30.777712"><ele>17.2</ele></trkpt>
    <trkpt lat="36.916038" lon="30.778048"><ele>15.6</ele></trkpt>
    <trkpt lat="36.916259" lon="30.778410"><ele>14.2</ele></trkpt>
    <trkpt lat="36.916439" lon="30.778799"><ele>12.9</ele></trkpt>
    <trkpt lat="36.916578" lon="30.779217"><ele>11.9</ele></trkpt>
    <trkpt lat="36.916677" lon="30.779661"><ele>11.2</ele></trkpt>
    <trkpt lat="36.916744" lon="30.780127"><ele>10.7</ele></trkpt>
    <trkpt lat="36.916785" lon="30.780610"><ele>10.5</ele></trkpt>
    <trkpt lat="36.916811" lon="30.781103"><ele>10.6</ele></trkpt>
    <trkpt lat="36.916834" lon="30.781599"><ele>11.0</ele></trkpt>
    <trkpt lat="36.916864" lon="30.782090"><ele>11.7</ele></trkpt>
    <trkpt lat="36.916913" lon="30.782568"><ele>12.7</ele></trkpt>
    <trkpt lat="36.916990" lon="30.783027"><ele>13.8</ele></trkpt>
    <trkpt lat="36.917102" lon="30.783463"><ele>15.2</ele></trkpt>
    <trkpt lat="36.917254" lon="30.783871"><ele>16.7</ele></trkpt>
    <trkpt lat="36.917447" lon="30.784252"><ele>18.4</ele></trkpt>
    <trkpt lat="36.917679" lon="30.784606"><ele>20.2</ele></trkpt>
    <trkpt lat="36.917945" lon="30.784937"><ele>22.0</ele></trkpt>
    <trkpt lat="36.918239" lon="30.785249"><ele>23.8</ele></trkpt>
    <trkpt lat="36.918549" lon="30.785550"><ele>25.5</ele></trkpt>
    <trkpt lat="36.918867" lon="30.785847"><ele>27.2</ele></trkpt>
    <trkpt lat="36.919179" lon="30.786147"><ele>28.7</ele></trkpt>
    <trkpt lat="36.919475" lon="30.786458"><ele>30.1</ele></trkpt>
    <trkpt lat="36.919746" lon="30.786786"><ele>31.3</ele></trkpt>
    <trkpt lat="36.919983" lon="30.787136"><ele>32.2</ele></trkpt>
    <trkpt lat="36.920183" lon="30.787512"><ele>32.9</ele></trkpt>
    <trkpt lat="36.920342" lon="30.787916"><ele>33.3</ele></trkpt>
    <trkpt lat="36.920463" lon="30.788345"><ele>33.4</ele></trkpt>
    <trkpt lat="36.920548" lon="30.788799"><ele>33.3</ele></trkpt>
    <trkpt lat="36.920605" lon="30.789271"><ele>32.8</ele></trkpt>
    <trkpt lat="36.920643" lon="30.789756"><ele>32.1</ele></trkpt>
    <trkpt lat="36.920673" lon="30.790248"><ele>31.2</ele></trkpt>
    <trkpt lat="36.920704" lon="30.790738"><ele>30.1</ele></trkpt>
    <trkpt lat="36.920749" lon="30.791219"><ele>28.7</ele></trkpt>
    <trkpt lat="36.920816" lon="30.791684"><ele>27.2</ele></trkpt>
    <trkpt lat="36.920914" lon="30.792129"><ele>25.6</ele></trkpt>
    <trkpt lat="36.921048" lon="30.792550"><ele>23.9</ele></trkpt>
    <trkpt lat="36.921221" lon="30.792944"><ele>22.1</ele></trkpt>
    <trkpt lat="36.921432" lon="30.793313"><ele>20.4</ele></trkpt>
    <trkpt lat="36.921678" lon="30.793657"><ele>18.7</ele></trkpt>
    <trkpt lat="36.921952" lon="30.793983"><ele>17.1</ele></trkpt>
    <trkpt lat="36.922248" lon="30.794294"><ele>15.6</ele></trkpt>
    <trkpt lat="36.922554" lon="30.794598"><ele>14.3</ele></trkpt>
    <trkpt lat="36.922860" lon="30.794902"><ele>13.2</ele></trkpt>
    <trkpt lat="36.923157" lon="30.795213"><ele>12.3</ele></trkpt>
    <trkpt lat="36.923433" lon="30.795537"><ele>11.7</ele></trkpt>
    <trkpt lat="36.923682" lon="30.795879"><ele>11.3</ele></trkpt>
    <trkpt lat="36.923897" lon="30.796245"><ele>11.2</ele></trkpt>
    <trkpt lat="36.924076" lon="30.796635"><ele>11.3</ele></trkpt>
    <trkpt lat="36.924218" lon="30.797051"><ele>11.7</ele></trkpt>
    <trkpt lat="36.924325" lon="30.797489"><ele>12.3</ele></trkpt>
    <trkpt lat="36.924403" lon="30.797948"><ele>13.2</ele></trkpt>
    <trkpt lat="36.924460" lon="30.798420"><ele>14.2</ele></trkpt>
    <trkpt lat="36.924504" lon="30.798902"><ele>15.4</ele></trkpt>
    <trkpt lat="36.924545" lon="30.799385"><ele>16.8</ele></trkpt>
    <trkpt lat="36.924593" lon="30.799863"><ele>18.3</ele></trkpt>
    <trkpt lat="36.924659" lon="30.800330"><ele>19.8</ele></trkpt>
    <trkpt lat="36.924749" lon="30.800780"><ele>21.4</ele></trkpt>
    <trkpt lat="36.924870" lon="30.801210"><ele>23.0</ele></trkpt>
    <trkpt lat="36.925025" lon="30.801616"><ele>24.5</ele></trkpt>
    <trkpt lat="36.925216" lon="30.801998"><ele>25.9</ele></trkpt>
    <trkpt lat="36.925439" lon="30.802358"><ele>27.2</ele></trkpt>
    <trkpt lat="36.925692" lon="30.802699"><ele>28.3</ele></trkpt>
    <trkpt lat="36.925966" lon="30.803024"><ele>29.3</ele></trkpt>
    <trkpt lat="36.926254" lon="30.803340"><ele>30.0</ele></trkpt>
    <trkpt lat="36.926547" lon="30.803653"><ele>30.6</ele></trkpt>
    <trkpt lat="36.926835" lon="30.803970"><ele>30.9</ele></trkpt>
    <trkpt lat="36.927110" lon="30.804295"><ele>31.0</ele></trkpt>
    <trkpt lat="36.927362" lon="30.804635"><ele>30.8</ele></trkpt>
    <trkpt lat="36.927587" lon="30.804994"><ele>30.4</ele></trkpt>
    <trkpt lat="36.927781" lon="30.805375"><ele>29.8</ele></trkpt>
    <trkpt lat="36.927942" lon="30.805777"><ele>29.0</ele></trkpt>
    <trkpt lat="36.928071" lon="30.806201"><ele>28.1</ele></trkpt>
    <trkpt lat="36.928173" lon="30.806643"><ele>26.9</ele></trkpt>
    <trkpt lat="36.928252" lon="30.807101"><ele>25.7</ele></trkpt>
    <trkpt lat="36.928317" lon="30.807568"><ele>24.4</ele></trkpt>
    <trkpt lat="36.928375" lon="30.808040"><ele>23.0</ele></trkpt>
    <trkpt lat="36.928436" lon="30.808510"><ele>21.6</ele></trkpt>
    <trkpt lat="36.928508" lon="30.808972"><ele>20.2</ele></trkpt>
    <trkpt lat="36.928598" lon="30.809422"><ele>18.8</ele></trkpt>
    <trkpt lat="36.928713" lon="30.809856"><ele>17.6</ele></trkpt>
    <trkpt lat="36.928856" lon="30.810270"><ele>16.4</ele></trkpt>
    <trkpt lat="36.929029" lon="30.810664"><ele>15.4</ele></trkpt>
    <trkpt lat="36.929232" lon="30.811038"><ele>14.6</ele></trkpt>
    <trkpt lat="36.929461" lon="30.811395"><ele>13.9</ele></trkpt>
    <trkpt lat="36.929711" lon="30.811736"><ele>13.4</ele></trkpt>
    <trkpt lat="36.929976" lon="30.812068"><ele>13.2</ele></trkpt>
    <trkpt lat="36.930249" lon="30.812395"><ele>13.1</ele></trkpt>
    <trkpt lat="36.930521" lon="30.812722"><ele>13.2</ele></trkpt>
    <trkpt lat="36.930785" lon="30.813055"><ele>13.5</ele></trkpt>
    <trkpt lat="36.931033" lon="30.813398"><ele>14.0</ele></trkpt>
    <trkpt lat="36.931260" lon="30.813755"><ele>14.7</ele></trkpt>
    <trkpt lat="36.931463" lon="30.814129"><ele>15.5</ele></trkpt>
    <trkpt lat="36.931638" lon="30.814522"><ele>16.5</ele></trkpt>
    <trkpt lat="36.931787" lon="30.814932"><ele>17.5</ele></trkpt>
    <trkpt lat="36.931911" lon="30.815359"><ele>18.6</ele></trkpt>
    <trkpt lat="36.932015" lon="30.815800"><ele>19.7</ele></trkpt>
    <trkpt lat="36.932105" lon="30.816251"><ele>20.9</ele></trkpt>
    <trkpt lat="36.932186" lon="30.816707"><ele>22.0</ele></trkpt>
    <trkpt lat="36.932266" lon="30.817164"><ele>23.0</ele></trkpt>
    <trkpt lat="36.932353" lon="30.817617"><ele>24.0</ele></trkpt>
    <trkpt lat="36.932452" lon="30.818061"><ele>24.9</ele></trkpt>
    <trkpt lat="36.932568" lon="30.818493"><ele>25.7</ele></trkpt>
    <trkpt lat="36.932707" lon="30.818911"><ele>26.4</ele></trkpt>
    <trkpt lat="36.932868" lon="30.819313"><ele>26.9</ele></trkpt>
    <trkpt lat="36.933053" lon="30.819699"><ele>27.2</ele></trkpt>
    <trkpt lat="36.933260" lon="30.820070"><ele>27.4</ele></trkpt>
    <trkpt lat="36.933486" lon="30.820428"><ele>27.4</ele></trkpt>
    <trkpt lat="36.933726" lon="30.820777"><ele>27.2</ele></trkpt>
    <trkpt lat="36.933974" lon="30.821121"><ele>26.9</ele></trkpt>
    <trkpt lat="36.934223" lon="30.821463"><ele>26.5</ele></trkpt>
    <trkpt lat="36.934469" lon="30.821808"><ele>25.9</ele></trkpt>
    <trkpt lat="36.934705" lon="30.822159"><ele>25.2</ele></trkpt>
    <trkpt lat="36.934926" lon="30.822521"><ele>24.5</ele></trkpt>
    <trkpt lat="36.935130" lon="30.822894"><ele>23.6</ele></trkpt>
    <trkpt lat="36.935313" lon="30.823281"><ele>22.7</ele></trkpt>
    <trkpt lat="36.935476" lon="30.823682"><ele>21.8</ele></trkpt>
    <trkpt lat="36.935620" lon="30.824096"><ele>20.9</ele></trkpt>
    <trkpt lat="36.935748" lon="30.824521"><ele>20.1</ele></trkpt>
    <trkpt lat="36.935864" lon="30.824954"><ele>19.2</ele></trkpt>
    <trkpt lat="36.935971" lon="30.825392"><ele>18.5</ele></trkpt>
    <trkpt lat="36.936076" lon="30.825832"><ele>17.8</ele></trkpt>
    <trkpt lat="36.936184" lon="30.826271"><ele>17.2</ele></trkpt>
    <trkpt lat="36.936299" lon="30.826704"><ele>16.8</ele></trkpt>
    <trkpt lat="36.936426" lon="30.827129"><ele>16.4</ele></trkpt>
    <trkpt lat="36.936567" lon="30.827545"><ele>16.2</ele></trkpt>
    <trkpt lat="36.936724" lon="30.827950"><ele>16.0</ele></trkpt>
    <trkpt lat="36.936898" lon="30.828343"><ele>16.0</ele></trkpt>
    <trkpt lat="36.937088" lon="30.828726"><ele>16.2</ele></trkpt>
    <trkpt lat="36.937292" lon="30.829099"><ele>16.4</ele></trkpt>
    <trkpt lat="36.937506" lon="30.829466"><ele>16.7</ele></trkpt>
    <trkpt lat="36.937726" lon="30.829828"><ele>17.1</ele></trkpt>
    <trkpt lat="36.937950" lon="30.830188"><ele>17.6</ele></trkpt>
    <trkpt lat="36.938171" lon="30.830549"><ele>18.1</ele></trkpt>
    <trkpt lat="36.938388" lon="30.830914"><ele>18.6</ele></trkpt>
    <trkpt lat="36.938595" lon="30.831284"><ele>19.2</ele></trkpt>
    <trkpt lat="36.938791" lon="30.831663"><ele>19.8</ele></trkpt>
    <trkpt lat="36.938975" lon="30.832050"><ele>20.4</ele></trkpt>
    <trkpt lat="36.939146" lon="30.832445"><ele>20.9</ele></trkpt>
    <trkpt lat="36.939304" lon="30.832849"><ele>21.4</ele></trkpt>
    <trkpt lat="36.939452" lon="30.833260"><ele>21.9</ele></trkpt>
    <trkpt lat="36.939592" lon="30.833677"><ele>22.2</ele></trkpt>
    <trkpt lat="36.939727" lon="30.834097"><ele>22.5</ele></trkpt>
    <trkpt lat="36.939859" lon="30.834519"><ele>22.8</ele></trkpt>
    <trkpt lat="36.939993" lon="30.834939"><ele>22.9</ele></trkpt>
    <trkpt lat="36.940131" lon="30.835357"><ele>23.0</ele></trkpt>
    <trkpt lat="36.940275" lon="30.835771"><ele>23.0</ele></trkpt>
    <trkpt lat="36.940427" lon="30.836179"><ele>23.0</ele></trkpt>
    <trkpt lat="36.940588" lon="30.836581"><ele>22.8</ele></trkpt>
    <trkpt lat="36.940758" lon="30.836977"><ele>22.6</ele></trkpt>
    <trkpt lat="36.940937" lon="30.837367"><ele>22.4</ele></trkpt>
    <trkpt lat="36.941123" lon="30.837753"><ele>22.1</ele></trkpt>
    <trkpt lat="36.941315" lon="30.838134"><ele>21.8</ele></trkpt>
    <trkpt lat="36.941509" lon="30.838514"><ele>21.5</ele></trkpt>
    <trkpt lat="36.941705" lon="30.838893"><ele>21.2</ele></trkpt>
    <trkpt lat="36.941899" lon="30.839273"><ele>20.8</ele></trkpt>
    <trkpt lat="36.942091" lon="30.839654"><ele>20.5</ele></trkpt>
    <trkpt lat="36.942277" lon="30.840039"><ele>20.3</ele></trkpt>
    <trkpt lat="36.942459" lon="30.840427"><ele>20.0</ele></trkpt>
    <trkpt lat="36.942635" lon="30.840820"><ele>19.8</ele></trkpt>
    <trkpt lat="36.942805" lon="30.841216"><ele>19.6</ele></trkpt>
    <trkpt lat="36.942971" lon="30.841615"><ele>19.5</ele></trkpt>
    <trkpt lat="36.943133" lon="30.842016"><ele>19.4</ele></trkpt>
    <trkpt lat="36.943293" lon="30.842419"><ele>19.4</ele></trkpt>
    <trkpt lat="36.943452" lon="30.842822"><ele>19.4</ele></trkpt>
    <trkpt lat="36.943612" lon="30.843225"><ele>19.4</ele></trkpt>
    <trkpt lat="36.943774" lon="30.843627"><ele>19.5</ele></trkpt>
    <trkpt lat="36.943938" lon="30.844027"><ele>19.5</ele></trkpt>
    <trkpt lat="36.944106" lon="30.844425"><ele>19.6</ele></trkpt>
    <trkpt lat="36.944276" lon="30.844821"><ele>19.7</ele></trkpt>
    <trkpt lat="36.944449" lon="30.845215"><ele>19.8</ele></trkpt>
    <trkpt lat="36.944624" lon="30.845608"><ele>19.9</ele></trkpt>
    <trkpt lat="36.944800" lon="30.846000"><ele>20.0</ele></trkpt>
    <trkpt lat="36.944587" lon="30.846363"><ele>19.9</ele></trkpt>
    <trkpt lat="36.944375" lon="30.846726"><ele>19.9</ele></trkpt>
    <trkpt lat="36.944165" lon="30.847091"><ele>19.9</ele></trkpt>
    <trkpt lat="36.943957" lon="30.847458"><ele>19.9</ele></trkpt>
    <trkpt lat="36.943751" lon="30.847827"><ele>19.9</ele></trkpt>
    <trkpt lat="36.943548" lon="30.848198"><ele>20.0</ele></trkpt>
    <trkpt lat="36.943345" lon="30.848570"><ele>20.1</ele></trkpt>
    <trkpt lat="36.943144" lon="30.848943"><ele>20.2</ele></trkpt>
    <trkpt lat="36.942942" lon="30.849316"><ele>20.3</ele></trkpt>
    <trkpt lat="36.942739" lon="30.849688"><ele>20.5</ele></trkpt>
    <trkpt lat="36.942534" lon="30.850057"><ele>20.6</ele></trkpt>
    <trkpt lat="36.942326" lon="30.850424"><ele>20.7</ele></trkpt>
    <trkpt lat="36.942115" lon="30.850788"><ele>20.9</ele></trkpt>
    <trkpt lat="36.941899" lon="30.851148"><ele>21.0</ele></trkpt>
    <trkpt lat="36.941679" lon="30.851505"><ele>21.1</ele></trkpt>
    <trkpt lat="36.941456" lon="30.851858"><ele>21.2</ele></trkpt>
    <trkpt lat="36.941231" lon="30.852209"><ele>21.2</ele></trkpt>
    <trkpt lat="36.941004" lon="30.852559"><ele>21.2</ele></trkpt>
    <trkpt lat="36.940777" lon="30.852910"><ele>21.1</ele></trkpt>
    <trkpt lat="36.940552" lon="30.853262"><ele>21.0</ele></trkpt>
    <trkpt lat="36.940331" lon="30.853617"><ele>20.9</ele></trkpt>
    <trkpt lat="36.940114" lon="30.853976"><ele>20.7</ele></trkpt>
    <trkpt lat="36.939903" lon="30.854340"><ele>20.4</ele></trkpt>
    <trkpt lat="36.939699" lon="30.854711"><ele>20.1</ele></trkpt>
    <trkpt lat="36.939502" lon="30.855087"><ele>19.8</ele></trkpt>
    <trkpt lat="36.939311" lon="30.855469"><ele>19.5</ele></trkpt>
    <trkpt lat="36.939124" lon="30.855856"><ele>19.1</ele></trkpt>
    <trkpt lat="36.938941" lon="30.856245"><ele>18.7</ele></trkpt>
    <trkpt lat="36.938760" lon="30.856636"><ele>18.3</ele></trkpt>
    <trkpt lat="36.938577" lon="30.857026"><ele>18.0</ele></trkpt>
    <trkpt lat="36.938391" lon="30.857413"><ele>17.6</ele></trkpt>
    <trkpt lat="36.938200" lon="30.857795"><ele>17.3</ele></trkpt>
    <trkpt lat="36.938002" lon="30.858171"><ele>17.0</ele></trkpt>
    <trkpt lat="36.937795" lon="30.858538"><ele>16.8</ele></trkpt>
    <trkpt lat="36.937578" lon="30.858898"><ele>16.7</ele></trkpt>
    <trkpt lat="36.937352" lon="30.859249"><ele>16.6</ele></trkpt>
    <trkpt lat="36.937118" lon="30.859592"><ele>16.6</ele></trkpt>
    <trkpt lat="36.936877" lon="30.859929"><ele>16.7</ele></trkpt>
    <trkpt lat="36.936631" lon="30.860262"><ele>16.9</ele></trkpt>
    <trkpt lat="36.936383" lon="30.860594"><ele>17.1</ele></trkpt>
    <trkpt lat="36.936136" lon="30.860926"><ele>17.4</ele></trkpt>
    <trkpt lat="36.935894" lon="30.861262"><ele>17.8</ele></trkpt>
    <trkpt lat="36.935658" lon="30.861604"><ele>18.3</ele></trkpt>
    <trkpt lat="36.935432" lon="30.861955"><ele>18.8</ele></trkpt>
    <trkpt lat="36.935218" lon="30.862317"><ele>19.3</ele></trkpt>
    <trkpt lat="36.935016" lon="30.862689"><ele>19.9</ele></trkpt>
    <trkpt lat="36.934826" lon="30.863072"><ele>20.5</ele></trkpt>
    <trkpt lat="36.934647" lon="30.863465"><ele>21.1</ele></trkpt>
    <trkpt lat="36.934477" lon="30.863866"><ele>21.7</ele></trkpt>
    <trkpt lat="36.934313" lon="30.864273"><ele>22.2</ele></trkpt>
    <trkpt lat="36.934152" lon="30.864682"><ele>22.7</ele></trkpt>
    <trkpt lat="36.933991" lon="30.865091"><ele>23.1</ele></trkpt>
    <trkpt lat="36.933824" lon="30.865495"><ele>23.5</ele></trkpt>
    <trkpt lat="36.933649" lon="30.865891"><ele>23.7</ele></trkpt>
    <trkpt lat="36.933462" lon="30.866277"><ele>23.9</ele></trkpt>
    <trkpt lat="36.933261" lon="30.866651"><ele>23.9</ele></trkpt>
    <trkpt lat="36.933046" lon="30.867011"><ele>23.9</ele></trkpt>
    <trkpt lat="36.932816" lon="30.867358"><ele>23.7</ele></trkpt>
    <trkpt lat="36.932571" lon="30.867693"><ele>23.3</ele></trkpt>
    <trkpt lat="36.932316" lon="30.868017"><ele>22.9</ele></trkpt>
    <trkpt lat="36.932052" lon="30.868334"><ele>22.4</ele></trkpt>
    <trkpt lat="36.931784" lon="30.868647"><ele>21.8</ele></trkpt>
    <trkpt lat="36.931516" lon="30.868961"><ele>21.1</ele></trkpt>
    <trkpt lat="36.931254" lon="30.869279"><ele>20.3</ele></trkpt>
    <trkpt lat="36.931001" lon="30.869606"><ele>19.5</ele></trkpt>
    <trkpt lat="36.930761" lon="30.869944"><ele>18.6</ele></trkpt>
    <trkpt lat="36.930537" lon="30.870297"><ele>17.8</ele></trkpt>
    <trkpt lat="36.930331" lon="30.870666"><ele>16.9</ele></trkpt>
    <trkpt lat="36.930143" lon="30.871050"><ele>16.1</ele></trkpt>
    <trkpt lat="36.929971" lon="30.871450"><ele>15.4</ele></trkpt>
    <trkpt lat="36.929813" lon="30.871862"><ele>14.7</ele></trkpt>
    <trkpt lat="36.929665" lon="30.872283"><ele>14.1</ele></trkpt>
    <trkpt lat="36.929524" lon="30.872709"><ele>13.7</ele></trkpt>
    <trkpt lat="36.929382" lon="30.873136"><ele>13.3</ele></trkpt>
    <trkpt lat="36.929236" lon="30.873559"><ele>13.1</ele></trkpt>
    <trkpt lat="36.929080" lon="30.873972"><ele>13.1</ele></trkpt>
    <trkpt lat="36.928909" lon="30.874372"><ele>13.2</ele></trkpt>
    <trkpt lat="36.928720" lon="30.874757"><ele>13.5</ele></trkpt>
    <trkpt lat="36.928512" lon="30.875123"><ele>13.9</ele></trkpt>
    <trkpt lat="36.928283" lon="30.875471"><ele>14.4</ele></trkpt>
    <trkpt lat="36.928034" lon="30.875802"><ele>15.1</ele></trkpt>
    <trkpt lat="36.927769" lon="30.876118"><ele>15.9</ele></trkpt>
    <trkpt lat="36.927491" lon="30.876422"><ele>16.8</ele></trkpt>
    <trkpt lat="36.927206" lon="30.876720"><ele>17.7</ele></trkpt>
    <trkpt lat="36.926918" lon="30.877015"><ele>18.8</ele></trkpt>
    <trkpt lat="36.926635" lon="30.877315"><ele>19.8</ele></trkpt>
    <trkpt lat="36.926363" lon="30.877624"><ele>20.9</ele></trkpt>
    <trkpt lat="36.926105" lon="30.877947"><ele>21.9</ele></trkpt>
    <trkpt lat="36.925867" lon="30.878287"><ele>22.9</ele></trkpt>
    <trkpt lat="36.925652" lon="30.878647"><ele>23.8</ele></trkpt>
    <trkpt lat="36.925459" lon="30.879028"><ele>24.6</ele></trkpt>
    <trkpt lat="36.925288" lon="30.879429"><ele>25.2</ele></trkpt>
    <trkpt lat="36.925137" lon="30.879847"><ele>25.8</ele></trkpt>
    <trkpt lat="36.925001" lon="30.880278"><ele>26.1</ele></trkpt>
    <trkpt lat="36.924875" lon="30.880719"><ele>26.3</ele></trkpt>
    <trkpt lat="36.924753" lon="30.881162"><ele>26.3</ele></trkpt>
    <trkpt lat="36.924627" lon="30.881603"><ele>26.2</ele></trkpt>
    <trkpt lat="36.924491" lon="30.882034"><ele>25.8</ele></trkpt>
    <trkpt lat="36.924339" lon="30.882452"><ele>25.3</ele></trkpt>
    <trkpt lat="36.924166" lon="30.882850"><ele>24.6</ele></trkpt>
    <trkpt lat="36.923969" lon="30.883227"><ele>23.7</ele></trkpt>
    <trkpt lat="36.923747" lon="30.883582"><ele>22.7</ele></trkpt>
    <trkpt lat="36.923500" lon="30.883914"><ele>21.6</ele></trkpt>
    <trkpt lat="36.923231" lon="30.884226"><ele>20.4</ele></trkpt>
    <trkpt lat="36.922944" lon="30.884523"><ele>19.2</ele></trkpt>
    <trkpt lat="36.922645" lon="30.884808"><ele>17.9</ele></trkpt>
    <trkpt lat="36.922341" lon="30.885088"><ele>16.6</ele></trkpt>
    <trkpt lat="36.922038" lon="30.885371"><ele>15.4</ele></trkpt>
    <trkpt lat="36.921745" lon="30.885662"><ele>14.2</ele></trkpt>
    <trkpt lat="36.921469" lon="30.885967"><ele>13.1</ele></trkpt>
    <trkpt lat="36.921213" lon="30.886292"><ele>12.2</ele></trkpt>
    <trkpt lat="36.920983" lon="30.886639"><ele>11.4</ele></trkpt>
    <trkpt lat="36.920781" lon="30.887011"><ele>10.7</ele></trkpt>
    <trkpt lat="36.920606" lon="30.887408"><ele>10.3</ele></trkpt>
    <trkpt lat="36.920456" lon="30.887827"><ele>10.1</ele></trkpt>
    <trkpt lat="36.920326" lon="30.888264"><ele>10.1</ele></trkpt>
    <trkpt lat="36.920211" lon="30.888714"><ele>10.2</ele></trkpt>
    <trkpt lat="36.920104" lon="30.889171"><ele>10.7</ele></trkpt>
    <trkpt lat="36.919996" lon="30.889628"><ele>11.3</ele></trkpt>
    <trkpt lat="36.919880" lon="30.890077"><ele>12.1</ele></trkpt>
    <trkpt lat="36.919747" lon="30.890512"><ele>13.0</ele></trkpt>
    <trkpt lat="36.919593" lon="30.890928"><ele>14.2</ele></trkpt>
    <trkpt lat="36.919413" lon="30.891319"><ele>15.4</ele></trkpt>
    <trkpt lat="36.919203" lon="30.891684"><ele>16.8</ele></trkpt>
    <trkpt lat="36.918963" lon="30.892023"><ele>18.2</ele></trkpt>
    <trkpt lat="36.918696" lon="30.892337"><ele>19.6</ele></trkpt>
    <trkpt lat="36.918406" lon="30.892630"><ele>21.0</ele></trkpt>
    <trkpt lat="36.918098" lon="30.892908"><ele>22.4</ele></trkpt>
    <trkpt lat="36.917781" lon="30.893177"><ele>23.7</ele></trkpt>
    <trkpt lat="36.917462" lon="30.893445"><ele>24.9</ele></trkpt>
    <trkpt lat="36.917150" lon="30.893719"><ele>26.0</ele></trkpt>
    <trkpt lat="36.916853" lon="30.894006"><ele>26.8</ele></trkpt>
    <trkpt lat="36.916579" lon="30.894314"><ele>27.5</ele></trkpt>
    <trkpt lat="36.916331" lon="30.894645"><ele>27.9</ele></trkpt>
    <trkpt lat="36.916115" lon="30.895005"><ele>28.2</ele></trkpt>
    <trkpt lat="36.915930" lon="30.895392"><ele>28.2</ele></trkpt>
    <trkpt lat="36.915775" lon="30.895807"><ele>27.9</ele></trkpt>
    <trkpt lat="36.915646" lon="30.896245"><ele>27.4</ele></trkpt>
    <trkpt lat="36.915536" lon="30.896700"><ele>26.7</ele></trkpt>
    <trkpt lat="36.915439" lon="30.897167"><ele>25.8</ele></trkpt>
    <trkpt lat="36.915346" lon="30.897636"><ele>24.6</ele></trkpt>
    <trkpt lat="36.915248" lon="30.898101"><ele>23.3</ele></trkpt>
    <trkpt lat="36.915135" lon="30.898554"><ele>21.9</ele></trkpt>
    <trkpt lat="36.915000" lon="30.898987"><ele>20.4</ele></trkpt>
    <trkpt lat="36.914838" lon="30.899395"><ele>18.8</ele></trkpt>
    <trkpt lat="36.914644" lon="30.899774"><ele>17.2</ele></trkpt>
    <trkpt lat="36.914417" lon="30.900124"><ele>15.6</ele></trkpt>
    <trkpt lat="36.914157" lon="30.900445"><ele>14.1</ele></trkpt>
    <trkpt lat="36.913869" lon="30.900740"><ele>12.6</ele></trkpt>
    <trkpt lat="36.913559" lon="30.901016"><ele>11.3</ele></trkpt>
    <trkpt lat="36.913234" lon="30.901277"><ele>10.2</ele></trkpt>
    <trkpt lat="36.912902" lon="30.901534"><ele>9.2</ele></trkpt>
    <trkpt lat="36.912575" lon="30.901794"><ele>8.5</ele></trkpt>
    <trkpt lat="36.912260" lon="30.902065"><ele>7.9</ele></trkpt>
    <trkpt lat="36.911965" lon="30.902355"><ele>7.7</ele></trkpt>
    <trkpt lat="36.911699" lon="30.902669"><ele>7.7</ele></trkpt>
    <trkpt lat="36.911465" lon="30.903013"><ele>8.0</ele></trkpt>
    <trkpt lat="36.911266" lon="30.903388"><ele>8.5</ele></trkpt>
    <trkpt lat="36.911101" lon="30.903793"><ele>9.3</ele></trkpt>
    <trkpt lat="36.910966" lon="30.904226"><ele>10.3</ele></trkpt>
    <trkpt lat="36.910857" lon="30.904682"><ele>11.5</ele></trkpt>
    <trkpt lat="36.910765" lon="30.905153"><ele>12.8</ele></trkpt>
    <trkpt lat="36.910682" lon="30.905631"><ele>14.3</ele></trkpt>
    <trkpt lat="36.910597" lon="30.906109"><ele>16.0</ele></trkpt>
    <trkpt lat="36.910501" lon="30.906576"><ele>17.6</ele></trkpt>
    <trkpt lat="36.910385" lon="30.907026"><ele>19.3</ele></trkpt>
    <trkpt lat="36.910242" lon="30.907451"><ele>21.0</ele></trkpt>
    <trkpt lat="36.910067" lon="30.907847"><ele>22.7</ele></trkpt>
    <trkpt lat="36.909855" lon="30.908211"><ele>24.2</ele></trkpt>
    <trkpt lat="36.909608" lon="30.908543"><ele>25.6</ele></trkpt>
    <trkpt lat="36.909329" lon="30.908846"><ele>26.8</ele></trkpt>
    <trkpt lat="36.909021" lon="30.909124"><ele>27.7</ele></trkpt>
    <trkpt lat="36.908694" lon="30.909384"><ele>28.5</ele></trkpt>
    <trkpt lat="36.908356" lon="30.909634"><ele>29.0</ele></trkpt>
    <trkpt lat="36.908016" lon="30.909884"><ele>29.2</ele></trkpt>
    <trkpt lat="36.907686" lon="30.910141"><ele>29.2</ele></trkpt>
    <trkpt lat="36.907374" lon="30.910415"><ele>28.9</ele></trkpt>
    <trkpt lat="36.907088" lon="30.910713"><ele>28.3</ele></trkpt>
    <trkpt lat="36.906836" lon="30.911040"><ele>27.4</ele></trkpt>
    <trkpt lat="36.906619" lon="30.911399"><ele>26.4</ele></trkpt>
    <trkpt lat="36.906439" lon="30.911791"><ele>25.1</ele></trkpt>
    <trkpt lat="36.906294" lon="30.912215"><ele>23.6</ele></trkpt>
    <trkpt lat="36.906179" lon="30.912665"><ele>22.0</ele></trkpt>
    <trkpt lat="36.906086" lon="30.913135"><ele>20.2</ele></trkpt>
    <trkpt lat="36.906007" lon="30.913617"><ele>18.4</ele></trkpt>
    <trkpt lat="36.905931" lon="30.914103"><ele>16.6</ele></trkpt>
    <trkpt lat="36.905849" lon="30.914583"><ele>14.8</ele></trkpt>
    <trkpt lat="36.905750" lon="30.915047"><ele>13.1</ele></trkpt>
    <trkpt lat="36.905625" lon="30.915489"><ele>11.5</ele></trkpt>
    <trkpt lat="36.905468" lon="30.915902"><ele>10.1</ele></trkpt>
    <trkpt lat="36.905275" lon="30.916282"><ele>8.8</ele></trkpt>
    <trkpt lat="36.905044" lon="30.916629"><ele>7.7</ele></trkpt>
    <trkpt lat="36.904778" lon="30.916943"><ele>6.9</ele></trkpt>
    <trkpt lat="36.904479" lon="30.917229"><ele>6.4</ele></trkpt>
    <trkpt lat="36.904155" lon="30.917492"><ele>6.2</ele></trkpt>
    <trkpt lat="36.903815" lon="30.917741"><ele>6.2</ele></trkpt>
    <trkpt lat="36.903470" lon="30.917985"><ele>6.5</ele></trkpt>
    <trkpt lat="36.903128" lon="30.918232"><ele>7.1</ele></trkpt>
    <trkpt lat="36.902802" lon="30.918493"><ele>8.0</ele></trkpt>
    <trkpt lat="36.902499" lon="30.918775"><ele>9.1</ele></trkpt>
    <trkpt lat="36.902228" lon="30.919085"><ele>10.4</ele></trkpt>
    <trkpt lat="36.901992" lon="30.919428"><ele>11.9</ele></trkpt>
    <trkpt lat="36.901795" lon="30.919805"><ele>13.6</ele></trkpt>
    <trkpt lat="36.901635" lon="30.920215"><ele>15.3</ele></trkpt>
    <trkpt lat="36.901509" lon="30.920655"><ele>17.1</ele></trkpt>
    <trkpt lat="36.901410" lon="30.921119"><ele>19.0</ele></trkpt>
    <trkpt lat="36.901329" lon="30.921600"><ele>20.8</ele></trkpt>
    <trkpt lat="36.901257" lon="30.922089"><ele>22.5</ele></trkpt>
    <trkpt lat="36.901183" lon="30.922576"><ele>24.1</ele></trkpt>
    <trkpt lat="36.901096" lon="30.923052"><ele>25.6</ele></trkpt>
    <trkpt lat="36.900987" lon="30.923507"><ele>26.9</ele></trkpt>
    <trkpt lat="36.900848" lon="30.923936"><ele>27.9</ele></trkpt>
    <trkpt lat="36.900674" lon="30.924334"><ele>28.7</ele></trkpt>
    <trkpt lat="36.900462" lon="30.924697"><ele>29.2</ele></trkpt>
    <trkpt lat="36.900211" lon="30.925026"><ele>29.4</ele></trkpt>
    <trkpt lat="36.899926" lon="30.925323"><ele>29.3</ele></trkpt>
    <trkpt lat="36.899611" lon="30.925595"><ele>29.0</ele></trkpt>
    <trkpt lat="36.899276" lon="30.925848"><ele>28.3</ele></trkpt>
    <trkpt lat="36.898929" lon="30.926091"><ele>27.4</ele></trkpt>
    <trkpt lat="36.898583" lon="30.926334"><ele>26.3</ele></trkpt>
    <trkpt lat="36.898246" lon="30.926585"><ele>24.9</ele></trkpt>
    <trkpt lat="36.897929" lon="30.926855"><ele>23.4</ele></trkpt>
    <trkpt lat="36.897641" lon="30.927150"><ele>21.7</ele></trkpt>
    <trkpt lat="36.897387" lon="30.927476"><ele>19.9</ele></trkpt>
    <trkpt lat="36.897171" lon="30.927836"><ele>18.0</ele></trkpt>
    <trkpt lat="36.896994" lon="30.928230"><ele>16.1</ele></trkpt>
    <trkpt lat="36.896852" lon="30.928657"><ele>14.3</ele></trkpt>
    <trkpt lat="36.896741" lon="30.929111"><ele>12.5</ele></trkpt>
    <trkpt lat="36.896653" lon="30.929586"><ele>10.9</ele></trkpt>
    <trkpt lat="36.896579" lon="30.930072"><ele>9.4</ele></trkpt>
    <trkpt lat="36.896508" lon="30.930561"><ele>8.1</ele></trkpt>
    <trkpt lat="36.896428" lon="30.931044"><ele>7.1</ele></trkpt>
    <trkpt lat="36.896331" lon="30.931510"><ele>6.3</ele></trkpt>
    <trkpt lat="36.896208" lon="30.931953"><ele>5.8</ele></trkpt>
    <trkpt lat="36.896051" lon="30.932366"><ele>5.6</ele></trkpt>
    <trkpt lat="36.895858" lon="30.932746"><ele>5.6</ele></trkpt>
    <trkpt lat="36.895625" lon="30.933091"><ele>6.0</ele></trkpt>
    <trkpt lat="36.895357" lon="30.933404"><ele>6.6</ele></trkpt>
    <trkpt lat="36.895056" lon="30.933688"><ele>7.5</ele></trkpt>
    <trkpt lat="36.894731" lon="30.933950"><ele>8.6</ele></trkpt>
    <trkpt lat="36.894389" lon="30.934197"><ele>9.9</ele></trkpt>
    <trkpt lat="36.894043" lon="30.934440"><ele>11.5</ele></trkpt>
    <trkpt lat="36.893701" lon="30.934688"><ele>13.1</ele></trkpt>
    <trkpt lat="36.893375" lon="30.934949"><ele>14.9</ele></trkpt>
    <trkpt lat="36.893073" lon="30.935232"><ele>16.7</ele></trkpt>
    <trkpt lat="36.892803" lon="30.935543"><ele>18.5</ele></trkpt>
    <trkpt lat="36.892569" lon="30.935887"><ele>20.3</ele></trkpt>
    <trkpt lat="36.892373" lon="30.936265"><ele>22.0</ele></trkpt>
    <trkpt lat="36.892214" lon="30.936675"><ele>23.6</ele></trkpt>
    <trkpt lat="36.892087" lon="30.937115"><ele>25.0</ele></trkpt>
    <trkpt lat="36.891987" lon="30.937579"><ele>26.2</ele></trkpt>
    <trkpt lat="36.891904" lon="30.938058"><ele>27.2</ele></trkpt>
    <trkpt lat="36.891830" lon="30.938545"><ele>28.0</ele></trkpt>
    <trkpt lat="36.891752" lon="30.939029"><ele>28.4</ele></trkpt>
    <trkpt lat="36.891662" lon="30.939501"><ele>28.6</ele></trkpt>
    <trkpt lat="36.891550" lon="30.939954"><ele>28.5</ele></trkpt>
    <trkpt lat="36.891408" lon="30.940380"><ele>28.2</ele></trkpt>
    <trkpt lat="36.891232" lon="30.940776"><ele>27.5</ele></trkpt>
    <trkpt lat="36.891018" lon="30.941138"><ele>26.6</ele></trkpt>
    <trkpt lat="36.890768" lon="30.941467"><ele>25.5</ele></trkpt>
    <trkpt lat="36.890485" lon="30.941766"><ele>24.2</ele></trkpt>
    <trkpt lat="36.890174" lon="30.942041"><ele>22.7</ele></trkpt>
    <trkpt lat="36.889843" lon="30.942298"><ele>21.0</ele></trkpt>
    <trkpt lat="36.889502" lon="30.942547"><ele>19.3</ele></trkpt>
    <trkpt lat="36.889162" lon="30.942795"><ele>17.5</ele></trkpt>
    <trkpt lat="36.888832" lon="30.943053"><ele>15.7</ele></trkpt>
    <trkpt lat="36.888521" lon="30.943328"><ele>14.0</ele></trkpt>
    <trkpt lat="36.888238" lon="30.943628"><ele>12.3</ele></trkpt>
    <trkpt lat="36.887988" lon="30.943957"><ele>10.8</ele></trkpt>
    <trkpt lat="36.887774" lon="30.944318"><ele>9.4</ele></trkpt>
    <trkpt lat="36.887595" lon="30.944712"><ele>8.2</ele></trkpt>
    <trkpt lat="36.887451" lon="30.945135"><ele>7.3</ele></trkpt>
    <trkpt lat="36.887334" lon="30.945585"><ele>6.5</ele></trkpt>
    <trkpt lat="36.887239" lon="30.946052"><ele>6.1</ele></trkpt>
    <trkpt lat="36.887155" lon="30.946531"><ele>5.9</ele></trkpt>
    <trkpt lat="36.887074" lon="30.947011"><ele>6.0</ele></trkpt>
    <trkpt lat="36.886985" lon="30.947485"><ele>6.3</ele></trkpt>
    <trkpt lat="36.886879" lon="30.947943"><ele>6.9</ele></trkpt>
    <trkpt lat="36.886748" lon="30.948379"><ele>7.8</ele></trkpt>
    <trkpt lat="36.886586" lon="30.948788"><ele>8.8</ele></trkpt>
    <trkpt lat="36.886390" lon="30.949165"><ele>10.1</ele></trkpt>
    <trkpt lat="36.886158" lon="30.949511"><ele>11.5</ele></trkpt>
    <trkpt lat="36.885894" lon="30.949827"><ele>13.0</ele></trkpt>
    <trkpt lat="36.885600" lon="30.950118"><ele>14.6</ele></trkpt>
    <trkpt lat="36.885285" lon="30.950388"><ele>16.3</ele></trkpt>
    <trkpt lat="36.884955" lon="30.950647"><ele>18.0</ele></trkpt>
    <trkpt lat="36.884622" lon="30.950901"><ele>19.6</ele></trkpt>
    <trkpt lat="36.884293" lon="30.951161"><ele>21.1</ele></trkpt>
    <trkpt lat="36.883980" lon="30.951433"><ele>22.5</ele></trkpt>
    <trkpt lat="36.883688" lon="30.951725"><ele>23.8</ele></trkpt>
    <trkpt lat="36.883425" lon="30.952043"><ele>24.9</ele></trkpt>
    <trkpt lat="36.883195" lon="30.952390"><ele>25.8</ele></trkpt>
    <trkpt lat="36.882999" lon="30.952768"><ele>26.4</ele></trkpt>
    <trkpt lat="36.882835" lon="30.953174"><ele>26.8</ele></trkpt>
    <trkpt lat="36.882700" lon="30.953607"><ele>26.9</ele></trkpt>
    <trkpt lat="36.882588" lon="30.954060"><ele>26.8</ele></trkpt>
    <trkpt lat="36.882491" lon="30.954526"><ele>26.5</ele></trkpt>
    <trkpt lat="36.882400" lon="30.954998"><ele>25.9</ele></trkpt>
    <trkpt lat="36.882306" lon="30.955467"><ele>25.1</ele></trkpt>
    <trkpt lat="36.882201" lon="30.955926"><ele>24.0</ele></trkpt>
    <trkpt lat="36.882075" lon="30.956367"><ele>22.9</ele></trkpt>
    <trkpt lat="36.881924" lon="30.956784"><ele>21.5</ele></trkpt>
    <trkpt lat="36.881742" lon="30.957174"><ele>20.1</ele></trkpt>
    <trkpt lat="36.881527" lon="30.957536"><ele>18.6</ele></trkpt>
    <trkpt lat="36.881281" lon="30.957869"><ele>17.0</ele></trkpt>
    <trkpt lat="36.881007" lon="30.958177"><ele>15.4</ele></trkpt>
    <trkpt lat="36.880710" lon="30.958464"><ele>13.9</ele></trkpt>
    <trkpt lat="36.880396" lon="30.958736"><ele>12.5</ele></trkpt>
    <trkpt lat="36.880074" lon="30.959001"><ele>11.2</ele></trkpt>
    <trkpt lat="36.879754" lon="30.959267"><ele>10.0</ele></trkpt>
    <trkpt lat="36.879442" lon="30.959542"><ele>9.0</ele></trkpt>
    <trkpt lat="36.879148" lon="30.959832"><ele>8.2</ele></trkpt>
    <trkpt lat="36.878878" lon="30.960143"><ele>7.6</ele></trkpt>
    <trkpt lat="36.878635" lon="30.960479"><ele>7.2</ele></trkpt>
    <trkpt lat="36.878423" lon="30.960842"><ele>7.1</ele></trkpt>
    <trkpt lat="36.878241" lon="30.961232"><ele>7.2</ele></trkpt>
    <trkpt lat="36.878087" lon="30.961648"><ele>7.5</ele></trkpt>
    <trkpt lat="36.877955" lon="30.962083"><ele>8.0</ele></trkpt>
    <trkpt lat="36.877841" lon="30.962534"><ele>8.8</ele></trkpt>
    <trkpt lat="36.877736" lon="30.962993"><ele>9.7</ele></trkpt>
    <trkpt lat="36.877632" lon="30.963453"><ele>10.8</ele></trkpt>
    <trkpt lat="36.877521" lon="30.963907"><ele>11.9</ele></trkpt>
    <trkpt lat="36.877395" lon="30.964348"><ele>13.2</ele></trkpt>
    <trkpt lat="36.877249" lon="30.964770"><ele>14.6</ele></trkpt>
    <trkpt lat="36.877077" lon="30.965169"><ele>15.9</ele></trkpt>
    <trkpt lat="36.876876" lon="30.965543"><ele>17.3</ele></trkpt>
    <trkpt lat="36.876648" lon="30.965892"><ele>18.6</ele></trkpt>
    <trkpt lat="36.876393" lon="30.966216"><ele>19.9</ele></trkpt>
    <trkpt lat="36.876115" lon="30.966521"><ele>21.0</ele></trkpt>
    <trkpt lat="36.875820" lon="30.966810"><ele>22.0</ele></trkpt>
    <trkpt lat="36.875514" lon="30.967090"><ele>22.9</ele></trkpt>
    <trkpt lat="36.875206" lon="30.967367"><ele>23.6</ele></trkpt>
    <trkpt lat="36.874903" lon="30.967649"><ele>24.1</ele></trkpt>
    <trkpt lat="36.874612" lon="30.967942"><ele>24.3</ele></trkpt>
    <trkpt lat="36.874339" lon="30.968251"><ele>24.4</ele></trkpt>
    <trkpt lat="36.874090" lon="30.968581"><ele>24.3</ele></trkpt>
    <trkpt lat="36.873865" lon="30.968933"><ele>24.0</ele></trkpt>
    <trkpt lat="36.873667" lon="30.969309"><ele>23.5</ele></trkpt>
    <trkpt lat="36.873495" lon="30.969708"><ele>22.8</ele></trkpt>
    <trkpt lat="36.873344" lon="30.970126"><ele>22.0</ele></trkpt>
    <trkpt lat="36.873210" lon="30.970559"><ele>21.0</ele></trkpt>
    <trkpt lat="36.873087" lon="30.971002"><ele>20.0</ele></trkpt>
    <trkpt lat="36.872968" lon="30.971449"><ele>18.8</ele></trkpt>
    <trkpt lat="36.872846" lon="30.971893"><ele>17.6</ele></trkpt>
    <trkpt lat="36.872714" lon="30.972328"><ele>16.4</ele></trkpt>
    <trkpt lat="36.872567" lon="30.972750"><ele>15.2</ele></trkpt>
    <trkpt lat="36.872400" lon="30.973153"><ele>14.1</ele></trkpt>
    <trkpt lat="36.872209" lon="30.973536"><ele>13.0</ele></trkpt>
    <trkpt lat="36.871995" lon="30.973897"><ele>12.0</ele></trkpt>
    <trkpt lat="36.871757" lon="30.974237"><ele>11.1</ele></trkpt>
    <trkpt lat="36.871498" lon="30.974559"><ele>10.4</ele></trkpt>
    <trkpt lat="36.871223" lon="30.974866"><ele>9.8</ele></trkpt>
    <trkpt lat="36.870937" lon="30.975163"><ele>9.4</ele></trkpt>
    <trkpt lat="36.870646" lon="30.975456"><ele>9.1</ele></trkpt>
    <trkpt lat="36.870356" lon="30.975749"><ele>9.1</ele></trkpt>
    <trkpt lat="36.870074" lon="30.976050"><ele>9.2</ele></trkpt>
    <trkpt lat="36.869805" lon="30.976362"><ele>9.4</ele></trkpt>
    <trkpt lat="36.869553" lon="30.976690"><ele>9.8</ele></trkpt>
    <trkpt lat="36.869322" lon="30.977036"><ele>10.4</ele></trkpt>
    <trkpt lat="36.869112" lon="30.977402"><ele>11.1</ele></trkpt>
    <trkpt lat="36.868923" lon="30.977786"><ele>11.9</ele></trkpt>
    <trkpt lat="36.868754" lon="30.978187"><ele>12.7</ele></trkpt>
    <trkpt lat="36.868600" lon="30.978603"><ele>13.7</ele></trkpt>
    <trkpt lat="36.868457" lon="30.979028"><ele>14.6</ele></trkpt>
    <trkpt lat="36.868320" lon="30.979458"><ele>15.6</ele></trkpt>
    <trkpt lat="36.868182" lon="30.979889"><ele>16.6</ele></trkpt>
    <trkpt lat="36.868039" lon="30.980314"><ele>17.5</ele></trkpt>
    <trkpt lat="36.867885" lon="30.980729"><ele>18.3</ele></trkpt>
    <trkpt lat="36.867717" lon="30.981132"><ele>19.1</ele></trkpt>
    <trkpt lat="36.867531" lon="30.981518"><ele>19.8</ele></trkpt>
    <trkpt lat="36.867326" lon="30.981888"><ele>20.4</ele></trkpt>
    <trkpt lat="36.867102" lon="30.982241"><ele>20.8</ele></trkpt>
    <trkpt lat="36.866861" lon="30.982578"><ele>21.1</ele></trkpt>
    <trkpt lat="36.866606" lon="30.982903"><ele>21.2</ele></trkpt>
    <trkpt lat="36.866340" lon="30.983218"><ele>21.3</ele></trkpt>
    <trkpt lat="36.866068" lon="30.983528"><ele>21.1</ele></trkpt>
    <trkpt lat="36.865796" lon="30.983838"><ele>20.9</ele></trkpt>
    <trkpt lat="36.865527" lon="30.984151"><ele>20.5</ele></trkpt>
    <trkpt lat="36.865267" lon="30.984471"><ele>20.1</ele></trkpt>
    <trkpt lat="36.865020" lon="30.984803"><ele>19.5</ele></trkpt>
    <trkpt lat="36.864787" lon="30.985147"><ele>18.8</ele></trkpt>
    <trkpt lat="36.864570" lon="30.985506"><ele>18.1</ele></trkpt>
    <trkpt lat="36.864369" lon="30.985880"><ele>17.4</ele></trkpt>
    <trkpt lat="36.864184" lon="30.986267"><ele>16.6</ele></trkpt>
    <trkpt lat="36.864011" lon="30.986666"><ele>15.9</ele></trkpt>
    <trkpt lat="36.863848" lon="30.987073"><ele>15.1</ele></trkpt>
    <trkpt lat="36.863690" lon="30.987485"><ele>14.4</ele></trkpt>
    <trkpt lat="36.863534" lon="30.987898"><ele>13.7</ele></trkpt>
    <trkpt lat="36.863375" lon="30.988309"><ele>13.2</ele></trkpt>
    <trkpt lat="36.863209" lon="30.988714"><ele>12.7</ele></trkpt>
    <trkpt lat="36.863034" lon="30.989110"><ele>12.2</ele></trkpt>
    <trkpt lat="36.862847" lon="30.989496"><ele>11.9</ele></trkpt>
    <trkpt lat="36.862646" lon="30.989869"><ele>11.7</ele></trkpt>
    <trkpt lat="36.862432" lon="30.990231"><ele>11.6</ele></trkpt>
    <trkpt lat="36.862205" lon="30.990581"><ele>11.6</ele></trkpt>
    <trkpt lat="36.861967" lon="30.990921"><ele>11.7</ele></trkpt>
    <trkpt lat="36.861721" lon="30.991254"><ele>11.9</ele></trkpt>
    <trkpt lat="36.861470" lon="30.991583"><ele>12.1</ele></trkpt>
    <trkpt lat="36.861218" lon="30.991910"><ele>12.5</ele></trkpt>
    <trkpt lat="36.860967" lon="30.992239"><ele>12.9</ele></trkpt>
    <trkpt lat="36.860721" lon="30.992572"><ele>13.3</ele></trkpt>
    <trkpt lat="36.860483" lon="30.992912"><ele>13.8</ele></trkpt>
    <trkpt lat="36.860254" lon="30.993261"><ele>14.3</ele></trkpt>
    <trkpt lat="36.860036" lon="30.993618"><ele>14.8</ele></trkpt>
    <trkpt lat="36.859828" lon="30.993986"><ele>15.3</ele></trkpt>
    <trkpt lat="36.859631" lon="30.994362"><ele>15.8</ele></trkpt>
    <trkpt lat="36.859442" lon="30.994746"><ele>16.2</ele></trkpt>
    <trkpt lat="36.859260" lon="30.995136"><ele>16.6</ele></trkpt>
    <trkpt lat="36.859081" lon="30.995530"><ele>17.0</ele></trkpt>
    <trkpt lat="36.858904" lon="30.995925"><ele>17.2</ele></trkpt>
    <trkpt lat="36.858726" lon="30.996319"><ele>17.5</ele></trkpt>
    <trkpt lat="36.858545" lon="30.996709"><ele>17.6</ele></trkpt>
    <trkpt lat="36.858357" lon="30.997095"><ele>17.7</ele></trkpt>
    <trkpt lat="36.858163" lon="30.997474"><ele>17.7</ele></trkpt>
    <trkpt lat="36.857961" lon="30.997846"><ele>17.7</ele></trkpt>
    <trkpt lat="36.857751" lon="30.998211"><ele>17.5</ele></trkpt>
    <trkpt lat="36.857533" lon="30.998570"><ele>17.4</ele></trkpt>
    <trkpt lat="36.857310" lon="30.998923"><ele>17.2</ele></trkpt>
    <trkpt lat="36.857082" lon="30.999272"><ele>16.9</ele></trkpt>
    <trkpt lat="36.856851" lon="30.999619"><ele>16.7</ele></trkpt>
    <trkpt lat="36.856619" lon="30.999965"><ele>16.4</ele></trkpt>
    <trkpt lat="36.856389" lon="31.000311"><ele>16.1</ele></trkpt>
    <trkpt lat="36.856161" lon="31.000661"><ele>15.8</ele></trkpt>
    <trkpt lat="36.855937" lon="31.001014"><ele>15.5</ele></trkpt>
    <trkpt lat="36.855718" lon="31.001371"><ele>15.3</ele></trkpt>
    <trkpt lat="36.855504" lon="31.001732"><ele>15.0</ele></trkpt>
    <trkpt lat="36.855295" lon="31.002099"><ele>14.8</ele></trkpt>
    <trkpt lat="36.855091" lon="31.002469"><ele>14.6</ele></trkpt>
    <trkpt lat="36.854890" lon="31.002842"><ele>14.5</ele></trkpt>
    <trkpt lat="36.854691" lon="31.003218"><ele>14.4</ele></trkpt>
    <trkpt lat="36.854494" lon="31.003594"><ele>14.3</ele></trkpt>
    <trkpt lat="36.854296" lon="31.003970"><ele>14.3</ele></trkpt>
    <trkpt lat="36.854097" lon="31.004345"><ele>14.3</ele></trkpt>
    <trkpt lat="36.853896" lon="31.004719"><ele>14.4</ele></trkpt>
    <trkpt lat="36.853692" lon="31.005089"><ele>14.4</ele></trkpt>
    <trkpt lat="36.853486" lon="31.005458"><ele>14.5</ele></trkpt>
    <trkpt lat="36.853277" lon="31.005823"><ele>14.6</ele></trkpt>
    <trkpt lat="36.853065" lon="31.006187"><ele>14.7</ele></trkpt>
    <trkpt lat="36.852852" lon="31.006550"><ele>14.8</ele></trkpt>
    <trkpt lat="36.852638" lon="31.006911"><ele>14.8</ele></trkpt>
    <trkpt lat="36.852424" lon="31.007273"><ele>14.9</ele></trkpt>
    <trkpt lat="36.852211" lon="31.007636"><ele>15.0</ele></trkpt>
    <trkpt lat="36.852000" lon="31.008000"><ele>15.0</ele></trkpt>
    <trkpt lat="36.851943" lon="31.008443"><ele>15.0</ele></trkpt>
    <trkpt lat="36.851884" lon="31.008886"><ele>15.0</ele></trkpt>
    <trkpt lat="36.851822" lon="31.009328"><ele>15.0</ele></trkpt>
    <trkpt lat="36.851759" lon="31.009770"><ele>15.1</ele></trkpt>
    <trkpt lat="36.851695" lon="31.010212"><ele>15.1</ele></trkpt>
    <trkpt lat="36.851631" lon="31.010654"><ele>15.2</ele></trkpt>
    <trkpt lat="36.851569" lon="31.011096"><ele>15.4</ele></trkpt>
    <trkpt lat="36.851510" lon="31.011539"><ele>15.5</ele></trkpt>
    <trkpt lat="36.851455" lon="31.011983"><ele>15.6</ele></trkpt>
    <trkpt lat="36.851404" lon="31.012427"><ele>15.8</ele></trkpt>
    <trkpt lat="36.851358" lon="31.012873"><ele>15.9</ele></trkpt>
    <trkpt lat="36.851315" lon="31.013319"><ele>16.0</ele></trkpt>
    <trkpt lat="36.851276" lon="31.013765"><ele>16.1</ele></trkpt>
    <trkpt lat="36.851238" lon="31.014213"><ele>16.1</ele></trkpt>
    <trkpt lat="36.851200" lon="31.014660"><ele>16.1</ele></trkpt>
    <trkpt lat="36.851160" lon="31.015106"><ele>16.1</ele></trkpt>
    <trkpt lat="36.851116" lon="31.015552"><ele>16.0</ele></trkpt>
    <trkpt lat="36.851067" lon="31.015997"><ele>15.8</ele></trkpt>
    <trkpt lat="36.851011" lon="31.016440"><ele>15.6</ele></trkpt>
    <trkpt lat="36.850947" lon="31.016882"><ele>15.4</ele></trkpt>
    <trkpt lat="36.850876" lon="31.017323"><ele>15.1</ele></trkpt>
    <trkpt lat="36.850797" lon="31.017761"><ele>14.8</ele></trkpt>
    <trkpt lat="36.850712" lon="31.018199"><ele>14.5</ele></trkpt>
    <trkpt lat="36.850624" lon="31.018636"><ele>14.1</ele></trkpt>
    <trkpt lat="36.850534" lon="31.019073"><ele>13.7</ele></trkpt>
    <trkpt lat="36.850445" lon="31.019510"><ele>13.3</ele></trkpt>
    <trkpt lat="36.850361" lon="31.019948"><ele>12.9</ele></trkpt>
    <trkpt lat="36.850284" lon="31.020387"><ele>12.6</ele></trkpt>
    <trkpt lat="36.850215" lon="31.020828"><ele>12.2</ele></trkpt>
    <trkpt lat="36.850157" lon="31.021271"><ele>11.9</ele></trkpt>
    <trkpt lat="36.850111" lon="31.021716"><ele>11.7</ele></trkpt>
    <trkpt lat="36.850077" lon="31.022164"><ele>11.6</ele></trkpt>
    <trkpt lat="36.850052" lon="31.022614"><ele>11.5</ele></trkpt>
    <trkpt lat="36.850036" lon="31.023065"><ele>11.5</ele></trkpt>
    <trkpt lat="36.850025" lon="31.023517"><ele>11.5</ele></trkpt>
    <trkpt lat="36.850016" lon="31.023970"><ele>11.7</ele></trkpt>
    <trkpt lat="36.850005" lon="31.024423"><ele>11.9</ele></trkpt>
    <trkpt lat="36.849988" lon="31.024874"><ele>12.3</ele></trkpt>
    <trkpt lat="36.849962" lon="31.025323"><ele>12.7</ele></trkpt>
    <trkpt lat="36.849923" lon="31.025770"><ele>13.1</ele></trkpt>
    <trkpt lat="36.849870" lon="31.026214"><ele>13.7</ele></trkpt>
    <trkpt lat="36.849801" lon="31.026655"><ele>14.3</ele></trkpt>
    <trkpt lat="36.849717" lon="31.027093"><ele>14.9</ele></trkpt>
    <trkpt lat="36.849620" lon="31.027528"><ele>15.5</ele></trkpt>
    <trkpt lat="36.849511" lon="31.027961"><ele>16.2</ele></trkpt>
    <trkpt lat="36.849396" lon="31.028393"><ele>16.8</ele></trkpt>
    <trkpt lat="36.849277" lon="31.028823"><ele>17.4</ele></trkpt>
    <trkpt lat="36.849160" lon="31.029255"><ele>17.9</ele></trkpt>
    <trkpt lat="36.849051" lon="31.029688"><ele>18.3</ele></trkpt>
    <trkpt lat="36.848953" lon="31.030123"><ele>18.7</ele></trkpt>
    <trkpt lat="36.848870" lon="31.030561"><ele>19.0</ele></trkpt>
    <trkpt lat="36.848805" lon="31.031002"><ele>19.2</ele></trkpt>
    <trkpt lat="36.848760" lon="31.031448"><ele>19.2</ele></trkpt>
    <trkpt lat="36.848733" lon="31.031897"><ele>19.2</ele></trkpt>
    <trkpt lat="36.848724" lon="31.032350"><ele>19.0</ele></trkpt>
    <trkpt lat="36.848729" lon="31.032806"><ele>18.6</ele></trkpt>
    <trkpt lat="36.848744" lon="31.033263"><ele>18.2</ele></trkpt>
    <trkpt lat="36.848762" lon="31.033722"><ele>17.6</ele></trkpt>
    <trkpt lat="36.848780" lon="31.034180"><ele>17.0</ele></trkpt>
    <trkpt lat="36.848789" lon="31.034636"><ele>16.2</ele></trkpt>
    <trkpt lat="36.848786" lon="31.035090"><ele>15.4</ele></trkpt>
    <trkpt lat="36.848765" lon="31.035541"><ele>14.5</ele></trkpt>
    <trkpt lat="36.848723" lon="31.035987"><ele>13.6</ele></trkpt>
    <trkpt lat="36.848658" lon="31.036428"><ele>12.7</ele></trkpt>
    <trkpt lat="36.848570" lon="31.036866"><ele>11.7</ele></trkpt>
    <trkpt lat="36.848461" lon="31.037298"><ele>10.9</ele></trkpt>
    <trkpt lat="36.848335" lon="31.037728"><ele>10.0</ele></trkpt>
    <trkpt lat="36.848196" lon="31.038155"><ele>9.3</ele></trkpt>
    <trkpt lat="36.848051" lon="31.038580"><ele>8.7</ele></trkpt>
    <trkpt lat="36.847907" lon="31.039006"><ele>8.2</ele></trkpt>
    <trkpt lat="36.847770" lon="31.039433"><ele>7.8</ele></trkpt>
    <trkpt lat="36.847647" lon="31.039863"><ele>7.6</ele></trkpt>
    <trkpt lat="36.847543" lon="31.040297"><ele>7.5</ele></trkpt>
    <trkpt lat="36.847464" lon="31.040736"><ele>7.6</ele></trkpt>
    <trkpt lat="36.847410" lon="31.041180"><ele>7.8</ele></trkpt>
    <trkpt lat="36.847384" lon="31.041629"><ele>8.3</ele></trkpt>
    <trkpt lat="36.847382" lon="31.042084"><ele>8.8</ele></trkpt>
    <trkpt lat="36.847401" lon="31.042542"><ele>9.6</ele></trkpt>
    <trkpt lat="36.847435" lon="31.043004"><ele>10.4</ele></trkpt>
    <trkpt lat="36.847478" lon="31.043467"><ele>11.4</ele></trkpt>
    <trkpt lat="36.847523" lon="31.043930"><ele>12.4</ele></trkpt>
    <trkpt lat="36.847560" lon="31.044392"><ele>13.5</ele></trkpt>
    <trkpt lat="36.847583" lon="31.044852"><ele>14.7</ele></trkpt>
    <trkpt lat="36.847585" lon="31.045307"><ele>15.8</ele></trkpt>
    <trkpt lat="36.847561" lon="31.045756"><ele>16.9</ele></trkpt>
    <trkpt lat="36.847508" lon="31.046200"><ele>18.0</ele></trkpt>
    <trkpt lat="36.847424" lon="31.046638"><ele>19.0</ele></trkpt>
    <trkpt lat="36.847313" lon="31.047071"><ele>19.9</ele></trkpt>
    <trkpt lat="36.847176" lon="31.047498"><ele>20.6</ele></trkpt>
    <trkpt lat="36.847021" lon="31.047922"><ele>21.2</ele></trkpt>
    <trkpt lat="36.846854" lon="31.048343"><ele>21.6</ele></trkpt>
    <trkpt lat="36.846684" lon="31.048764"><ele>21.8</ele></trkpt>
    <trkpt lat="36.846520" lon="31.049186"><ele>21.9</ele></trkpt>
    <trkpt lat="36.846370" lon="31.049610"><ele>21.7</ele></trkpt>
    <trkpt lat="36.846242" lon="31.050039"><ele>21.3</ele></trkpt>
    <trkpt lat="36.846142" lon="31.050474"><ele>20.8</ele></trkpt>
    <trkpt lat="36.846073" lon="31.050915"><ele>20.0</ele></trkpt>
    <trkpt lat="36.846038" lon="31.051362"><ele>19.1</ele></trkpt>
    <trkpt lat="36.846035" lon="31.051816"><ele>18.0</ele></trkpt>
    <trkpt lat="36.846059" lon="31.052276"><ele>16.9</ele></trkpt>
    <trkpt lat="36.846107" lon="31.052740"><ele>15.6</ele></trkpt>
    <trkpt lat="36.846169" lon="31.053207"><ele>14.2</ele></trkpt>
    <trkpt lat="36.846236" lon="31.053675"><ele>12.8</ele></trkpt>
    <trkpt lat="36.846299" lon="31.054142"><ele>11.4</ele></trkpt>
    <trkpt lat="36.846349" lon="31.054607"><ele>10.1</ele></trkpt>
    <trkpt lat="36.846377" lon="31.055067"><ele>8.8</ele></trkpt>
    <trkpt lat="36.846375" lon="31.055521"><ele>7.6</ele></trkpt>
    <trkpt lat="36.846340" lon="31.055969"><ele>6.6</ele></trkpt>
    <trkpt lat="36.846269" lon="31.056409"><ele>5.7</ele></trkpt>
    <trkpt lat="36.846163" lon="31.056843"><ele>5.0</ele></trkpt>
    <trkpt lat="36.846025" lon="31.057270"><ele>4.5</ele></trkpt>
    <trkpt lat="36.845861" lon="31.057692"><ele>4.2</ele></trkpt>
    <trkpt lat="36.845679" lon="31.058110"><ele>4.2</ele></trkpt>
    <trkpt lat="36.845489" lon="31.058527"><ele>4.4</ele></trkpt>
    <trkpt lat="36.845301" lon="31.058944"><ele>4.8</ele></trkpt>
    <trkpt lat="36.845125" lon="31.059363"><ele>5.4</ele></trkpt>
    <trkpt lat="36.844971" lon="31.059787"><ele>6.3</ele></trkpt>
    <trkpt lat="36.844847" lon="31.060217"><ele>7.3</ele></trkpt>
    <trkpt lat="36.844758" lon="31.060654"><ele>8.5</ele></trkpt>
    <trkpt lat="36.844706" lon="31.061098"><ele>9.8</ele></trkpt>
    <trkpt lat="36.844693" lon="31.061550"><ele>11.3</ele></trkpt>
    <trkpt lat="36.844716" lon="31.062009"><ele>12.8</ele></trkpt>
    <trkpt lat="36.844767" lon="31.062474"><ele>14.3</ele></trkpt>
    <trkpt lat="36.844840" lon="31.062943"><ele>15.9</ele></trkpt>
    <trkpt lat="36.844924" lon="31.063415"><ele>17.4</ele></trkpt>
    <trkpt lat="36.845009" lon="31.063886"><ele>18.8</ele></trkpt>
    <trkpt lat="36.845083" lon="31.064356"><ele>20.1</ele></trkpt>
    <trkpt lat="36.845137" lon="31.064821"><ele>21.2</ele></trkpt>
    <trkpt lat="36.845160" lon="31.065280"><ele>22.1</ele></trkpt>
    <trkpt lat="36.845148" lon="31.065733"><ele>22.9</ele></trkpt>
    <trkpt lat="36.845096" lon="31.066177"><ele>23.4</ele></trkpt>
    <trkpt lat="36.845003" lon="31.066613"><ele>23.7</ele></trkpt>
    <trkpt lat="36.844872" lon="31.067041"><ele>23.7</ele></trkpt>
    <trkpt lat="36.844708" lon="31.067463"><ele>23.4</ele></trkpt>
    <trkpt lat="36.844519" lon="31.067880"><ele>22.9</ele></trkpt>
    <trkpt lat="36.844316" lon="31.068294"><ele>22.2</ele></trkpt>
    <trkpt lat="36.844109" lon="31.068707"><ele>21.2</ele></trkpt>
    <trkpt lat="36.843911" lon="31.069123"><ele>20.1</ele></trkpt>
    <trkpt lat="36.843732" lon="31.069541"><ele>18.7</ele></trkpt>
    <trkpt lat="36.843583" lon="31.069966"><ele>17.2</ele></trkpt>
    <trkpt lat="36.843469" lon="31.070398"><ele>15.6</ele></trkpt>
    <trkpt lat="36.843397" lon="31.070838"><ele>13.9</ele></trkpt>
    <trkpt lat="36.843368" lon="31.071287"><ele>12.2</ele></trkpt>
    <trkpt lat="36.843379" lon="31.071744"><ele>10.5</ele></trkpt>
    <trkpt lat="36.843427" lon="31.072208"><ele>8.9</ele></trkpt>
    <trkpt lat="36.843502" lon="31.072678"><ele>7.3</ele></trkpt>
    <trkpt lat="36.843595" lon="31.073151"><ele>5.9</ele></trkpt>
    <trkpt lat="36.843695" lon="31.073626"><ele>4.6</ele></trkpt>
    <trkpt lat="36.843789" lon="31.074099"><ele>3.6</ele></trkpt>
    <trkpt lat="36.843865" lon="31.074569"><ele>2.8</ele></trkpt>
    <trkpt lat="36.843914" lon="31.075033"><ele>2.2</ele></trkpt>
    <trkpt lat="36.843926" lon="31.075490"><ele>1.9</ele></trkpt>
    <trkpt lat="36.843896" lon="31.075939"><ele>1.9</ele></trkpt>
    <trkpt lat="36.843822" lon="31.076379"><ele>2.1</ele></trkpt>
    <trkpt lat="36.843706" lon="31.076810"><ele>2.6</ele></trkpt>
    <trkpt lat="36.843550" lon="31.077234"><ele>3.4</ele></trkpt>
    <trkpt lat="36.843363" lon="31.077651"><ele>4.4</ele></trkpt>
    <trkpt lat="36.843155" lon="31.078064"><ele>5.6</ele></trkpt>
    <trkpt lat="36.842938" lon="31.078475"><ele>7.1</ele></trkpt>
    <trkpt lat="36.842723" lon="31.078887"><ele>8.6</ele></trkpt>
    <trkpt lat="36.842524" lon="31.079302"><ele>10.3</ele></trkpt>
    <trkpt lat="36.842350" lon="31.079722"><ele>12.1</ele></trkpt>
    <trkpt lat="36.842213" lon="31.080149"><ele>13.9</ele></trkpt>
    <trkpt lat="36.842117" lon="31.080584"><ele>15.6</ele></trkpt>
    <trkpt lat="36.842066" lon="31.081029"><ele>17.3</ele></trkpt>
    <trkpt lat="36.842060" lon="31.081482"><ele>18.9</ele></trkpt>
    <trkpt lat="36.842095" lon="31.081944"><ele>20.4</ele></trkpt>
    <trkpt lat="36.842165" lon="31.082412"><ele>21.7</ele></trkpt>
    <trkpt lat="36.842258" lon="31.082886"><ele>22.8</ele></trkpt>
    <trkpt lat="36.842365" lon="31.083362"><ele>23.6</ele></trkpt>
    <trkpt lat="36.842472" lon="31.083838"><ele>24.1</ele></trkpt>
    <trkpt lat="36.842566" lon="31.084311"><ele>24.4</ele></trkpt>
    <trkpt lat="36.842636" lon="31.084780"><ele>24.4</ele></trkpt>
    <trkpt lat="36.842672" lon="31.085241"><ele>24.1</ele></trkpt>
    <trkpt lat="36.842666" lon="31.085695"><ele>23.6</ele></trkpt>
    <trkpt lat="36.842615" lon="31.086139"><ele>22.7</ele></trkpt>
    <trkpt lat="36.842518" lon="31.086575"><ele>21.6</ele></trkpt>
    <trkpt lat="36.842378" lon="31.087001"><ele>20.3</ele></trkpt>
    <trkpt lat="36.842201" lon="31.087421"><ele>18.8</ele></trkpt>
    <trkpt lat="36.841997" lon="31.087834"><ele>17.2</ele></trkpt>
    <trkpt lat="36.841777" lon="31.088245"><ele>15.4</ele></trkpt>
    <trkpt lat="36.841554" lon="31.088655"><ele>13.6</ele></trkpt>
    <trkpt lat="36.841340" lon="31.089067"><ele>11.7</ele></trkpt>
    <trkpt lat="36.841147" lon="31.089483"><ele>9.9</ele></trkpt>
    <trkpt lat="36.840988" lon="31.089906"><ele>8.1</ele></trkpt>
    <trkpt lat="36.840868" lon="31.090337"><ele>6.4</ele></trkpt>
    <trkpt lat="36.840794" lon="31.090776"><ele>4.9</ele></trkpt>
    <trkpt lat="36.840766" lon="31.091226"><ele>3.6</ele></trkpt>
    <trkpt lat="36.840783" lon="31.091683"><ele>2.5</ele></trkpt>
    <trkpt lat="36.840838" lon="31.092149"><ele>1.6</ele></trkpt>
    <trkpt lat="36.840924" lon="31.092621"><ele>1.0</ele></trkpt>
    <trkpt lat="36.841029" lon="31.093097"><ele>1.0</ele></trkpt>
    <trkpt lat="36.841140" lon="31.093573"><ele>1.0</ele></trkpt>
    <trkpt lat="36.841245" lon="31.094049"><ele>1.0</ele></trkpt>
    <trkpt lat="36.841331" lon="31.094521"><ele>1.5</ele></trkpt>
    <trkpt lat="36.841387" lon="31.094987"><ele>2.4</ele></trkpt>
    <trkpt lat="36.841404" lon="31.095445"><ele>3.4</ele></trkpt>
    <trkpt lat="36.841377" lon="31.095894"><ele>4.7</ele></trkpt>
    <trkpt lat="36.841303" lon="31.096334"><ele>6.2</ele></trkpt>
    <trkpt lat="36.841184" lon="31.096764"><ele>7.9</ele></trkpt>
    <trkpt lat="36.841024" lon="31.097187"><ele>9.6</ele></trkpt>
    <trkpt lat="36.840832" lon="31.097603"><ele>11.4</ele></trkpt>
    <trkpt lat="36.840618" lon="31.098015"><ele>13.3</ele></trkpt>
    <trkpt lat="36.840394" lon="31.098425"><ele>15.1</ele></trkpt>
    <trkpt lat="36.840173" lon="31.098836"><ele>16.8</ele></trkpt>
    <trkpt lat="36.839969" lon="31.099250"><ele>18.5</ele></trkpt>
    <trkpt lat="36.839791" lon="31.099669"><ele>20.0</ele></trkpt>
    <trkpt lat="36.839651" lon="31.100095"><ele>21.3</ele></trkpt>
    <trkpt lat="36.839553" lon="31.100530"><ele>22.3</ele></trkpt>
    <trkpt lat="36.839502" lon="31.100975"><ele>23.1</ele></trkpt>
    <trkpt lat="36.839496" lon="31.101428"><ele>23.7</ele></trkpt>
    <trkpt lat="36.839532" lon="31.101890"><ele>24.0</ele></trkpt>
    <trkpt lat="36.839602" lon="31.102359"><ele>23.9</ele></trkpt>
    <trkpt lat="36.839697" lon="31.102832"><ele>23.6</ele></trkpt>
    <trkpt lat="36.839804" lon="31.103308"><ele>23.1</ele></trkpt>
    <trkpt lat="36.839911" lon="31.103784"><ele>22.2</ele></trkpt>
    <trkpt lat="36.840006" lon="31.104258"><ele>21.1</ele></trkpt>
    <trkpt lat="36.840076" lon="31.104726"><ele>19.8</ele></trkpt>
    <trkpt lat="36.840112" lon="31.105188"><ele>18.3</ele></trkpt>
    <trkpt lat="36.840107" lon="31.105642"><ele>16.7</ele></trkpt>
    <trkpt lat="36.840057" lon="31.106086"><ele>14.9</ele></trkpt>
    <trkpt lat="36.839961" lon="31.106522"><ele>13.1</ele></trkpt>
    <trkpt lat="36.839823" lon="31.106949"><ele>11.3</ele></trkpt>
    <trkpt lat="36.839650" lon="31.107369"><ele>9.5</ele></trkpt>
    <trkpt lat="36.839449" lon="31.107784"><ele>7.8</ele></trkpt>
    <trkpt lat="36.839234" lon="31.108195"><ele>6.2</ele></trkpt>
    <trkpt lat="36.839015" lon="31.108606"><ele>4.7</ele></trkpt>
    <trkpt lat="36.838806" lon="31.109019"><ele>3.4</ele></trkpt>
    <trkpt lat="36.838618" lon="31.109436"><ele>2.4</ele></trkpt>
    <trkpt lat="36.838461" lon="31.109859"><ele>1.6</ele></trkpt>
    <trkpt lat="36.838344" lon="31.110291"><ele>1.0</ele></trkpt>
    <trkpt lat="36.838269" lon="31.110730"><ele>1.0</ele></trkpt>
    <trkpt lat="36.838239" lon="31.111179"><ele>1.0</ele></trkpt>
    <trkpt lat="36.838252" lon="31.111636"><ele>1.0</ele></trkpt>
    <trkpt lat="36.838301" lon="31.112101"><ele>1.6</ele></trkpt>
    <trkpt lat="36.838378" lon="31.112571"><ele>2.4</ele></trkpt>
    <trkpt lat="36.838474" lon="31.113044"><ele>3.4</ele></trkpt>
    <trkpt lat="36.838575" lon="31.113519"><ele>4.6</ele></trkpt>
    <trkpt lat="36.838669" lon="31.113993"><ele>6.0</ele></trkpt>
    <trkpt lat="36.838746" lon="31.114463"><ele>7.6</ele></trkpt>
    <trkpt lat="36.838795" lon="31.114927"><ele>9.2</ele></trkpt>
    <trkpt lat="36.838807" lon="31.115384"><ele>10.9</ele></trkpt>
    <trkpt lat="36.838779" lon="31.115833"><ele>12.6</ele></trkpt>
    <trkpt lat="36.838707" lon="31.116273"><ele>14.3</ele></trkpt>
    <trkpt lat="36.838593" lon="31.116705"><ele>15.9</ele></trkpt>
    <trkpt lat="36.838443" lon="31.117130"><ele>17.4</ele></trkpt>
    <trkpt lat="36.838263" lon="31.117548"><ele>18.7</ele></trkpt>
    <trkpt lat="36.838063" lon="31.117963"><ele>19.9</ele></trkpt>
    <trkpt lat="36.837855" lon="31.118376"><ele>20.9</ele></trkpt>
    <trkpt lat="36.837650" lon="31.118790"><ele>21.6</ele></trkpt>
    <trkpt lat="36.837459" lon="31.119206"><ele>22.1</ele></trkpt>
    <trkpt lat="36.837294" lon="31.119628"><ele>22.3</ele></trkpt>
    <trkpt lat="36.837161" lon="31.120056"><ele>22.3</ele></trkpt>
    <trkpt lat="36.837068" lon="31.120492"><ele>22.0</ele></trkpt>
    <trkpt lat="36.837015" lon="31.120936"><ele>21.4</ele></trkpt>
    <trkpt lat="36.837003" lon="31.121388"><ele>20.6</ele></trkpt>
    <trkpt lat="36.837028" lon="31.121848"><ele>19.6</ele></trkpt>
    <trkpt lat="36.837082" lon="31.122313"><ele>18.5</ele></trkpt>
    <trkpt lat="36.837158" lon="31.122783"><ele>17.1</ele></trkpt>
    <trkpt lat="36.837245" lon="31.123255"><ele>15.7</ele></trkpt>
    <trkpt lat="36.837331" lon="31.123727"><ele>14.1</ele></trkpt>
    <trkpt lat="36.837406" lon="31.124197"><ele>12.6</ele></trkpt>
    <trkpt lat="36.837460" lon="31.124662"><ele>11.0</ele></trkpt>
    <trkpt lat="36.837484" lon="31.125121"><ele>9.4</ele></trkpt>
    <trkpt lat="36.837472" lon="31.125574"><ele>7.9</ele></trkpt>
    <trkpt lat="36.837421" lon="31.126018"><ele>6.5</ele></trkpt>
    <trkpt lat="36.837331" lon="31.126455"><ele>5.3</ele></trkpt>
    <trkpt lat="36.837206" lon="31.126884"><ele>4.2</ele></trkpt>
    <trkpt lat="36.837050" lon="31.127308"><ele>3.3</ele></trkpt>
    <trkpt lat="36.836872" lon="31.127727"><ele>2.6</ele></trkpt>
    <trkpt lat="36.836682" lon="31.128144"><ele>2.2</ele></trkpt>
    <trkpt lat="36.836489" lon="31.128560"><ele>2.0</ele></trkpt>
    <trkpt lat="36.836305" lon="31.128978"><ele>2.0</ele></trkpt>
    <trkpt lat="36.836139" lon="31.129399"><ele>2.2</ele></trkpt>
    <trkpt lat="36.835999" lon="31.129826"><ele>2.7</ele></trkpt>
    <trkpt lat="36.835892" lon="31.130259"><ele>3.4</ele></trkpt>
    <trkpt lat="36.835821" lon="31.130699"><ele>4.3</ele></trkpt>
    <trkpt lat="36.835786" lon="31.131147"><ele>5.3</ele></trkpt>
    <trkpt lat="36.835785" lon="31.131602"><ele>6.5</ele></trkpt>
    <trkpt lat="36.835815" lon="31.132062"><ele>7.8</ele></trkpt>
    <trkpt lat="36.835867" lon="31.132527"><ele>9.1</ele></trkpt>
    <trkpt lat="36.835932" lon="31.132995"><ele>10.5</ele></trkpt>
    <trkpt lat="36.836002" lon="31.133463"><ele>11.9</ele></trkpt>
    <trkpt lat="36.836067" lon="31.133931"><ele>13.2</ele></trkpt>
    <trkpt lat="36.836117" lon="31.134395"><ele>14.5</ele></trkpt>
    <trkpt lat="36.836144" lon="31.134855"><ele>15.7</ele></trkpt>
    <trkpt lat="36.836142" lon="31.135310"><ele>16.8</ele></trkpt>
    <trkpt lat="36.836107" lon="31.135757"><ele>17.7</ele></trkpt>
    <trkpt lat="36.836038" lon="31.136198"><ele>18.5</ele></trkpt>
    <trkpt lat="36.835937" lon="31.136633"><ele>19.0</ele></trkpt>
    <trkpt lat="36.835807" lon="31.137061"><ele>19.4</ele></trkpt>
    <trkpt lat="36.835655" lon="31.137486"><ele>19.5</ele></trkpt>
    <trkpt lat="36.835489" lon="31.137907"><ele>19.5</ele></trkpt>
    <trkpt lat="36.835316" lon="31.138327"><ele>19.2</ele></trkpt>
    <trkpt lat="36.835146" lon="31.138748"><ele>18.8</ele></trkpt>
    <trkpt lat="36.834988" lon="31.139171"><ele>18.1</ele></trkpt>
    <trkpt lat="36.834849" lon="31.139598"><ele>17.3</ele></trkpt>
    <trkpt lat="36.834736" lon="31.140030"><ele>16.4</ele></trkpt>
    <trkpt lat="36.834651" lon="31.140468"><ele>15.4</ele></trkpt>
    <trkpt lat="36.834598" lon="31.140912"><ele>14.3</ele></trkpt>
    <trkpt lat="36.834575" lon="31.141361"><ele>13.1</ele></trkpt>
    <trkpt lat="36.834578" lon="31.141817"><ele>11.9</ele></trkpt>
    <trkpt lat="36.834604" lon="31.142276"><ele>10.7</ele></trkpt>
    <trkpt lat="36.834644" lon="31.142739"><ele>9.5</ele></trkpt>
    <trkpt lat="36.834691" lon="31.143203"><ele>8.4</ele></trkpt>
    <trkpt lat="36.834738" lon="31.143667"><ele>7.4</ele></trkpt>
    <trkpt lat="36.834776" lon="31.144129"><ele>6.5</ele></trkpt>
    <trkpt lat="36.834797" lon="31.144588"><ele>5.7</ele></trkpt>
    <trkpt lat="36.834797" lon="31.145043"><ele>5.1</ele></trkpt>
    <trkpt lat="36.834771" lon="31.145492"><ele>4.6</ele></trkpt>
    <trkpt lat="36.834718" lon="31.145936"><ele>4.3</ele></trkpt>
    <trkpt lat="36.834638" lon="31.146375"><ele>4.2</ele></trkpt>
    <trkpt lat="36.834533" lon="31.146809"><ele>4.2</ele></trkpt>
    <trkpt lat="36.834408" lon="31.147238"><ele>4.4</ele></trkpt>
    <trkpt lat="36.834268" lon="31.147665"><ele>4.8</ele></trkpt>
    <trkpt lat="36.834120" lon="31.148090"><ele>5.3</ele></trkpt>
    <trkpt lat="36.833971" lon="31.148515"><ele>5.9</ele></trkpt>
    <trkpt lat="36.833829" lon="31.148941"><ele>6.6</ele></trkpt>
    <trkpt lat="36.833700" lon="31.149370"><ele>7.5</ele></trkpt>
    <trkpt lat="36.833589" lon="31.149802"><ele>8.4</ele></trkpt>
    <trkpt lat="36.833500" lon="31.150239"><ele>9.3</ele></trkpt>
    <trkpt lat="36.833434" lon="31.150681"><ele>10.2</ele></trkpt>
    <trkpt lat="36.833393" lon="31.151127"><ele>11.2</ele></trkpt>
    <trkpt lat="36.833373" lon="31.151578"><ele>12.0</ele></trkpt>
    <trkpt lat="36.833372" lon="31.152032"><ele>12.9</ele></trkpt>
    <trkpt lat="36.833385" lon="31.152489"><ele>13.7</ele></trkpt>
    <trkpt lat="36.833406" lon="31.152948"><ele>14.3</ele></trkpt>
    <trkpt lat="36.833428" lon="31.153407"><ele>14.9</ele></trkpt>
    <trkpt lat="36.833446" lon="31.153866"><ele>15.3</ele></trkpt>
    <trkpt lat="36.833454" lon="31.154322"><ele>15.7</ele></trkpt>
    <trkpt lat="36.833448" lon="31.154775"><ele>15.8</ele></trkpt>
    <trkpt lat="36.833423" lon="31.155225"><ele>15.9</ele></trkpt>
    <trkpt lat="36.833378" lon="31.155670"><ele>15.8</ele></trkpt>
    <trkpt lat="36.833313" lon="31.156112"><ele>15.6</ele></trkpt>
    <trkpt lat="36.833229" lon="31.156550"><ele>15.3</ele></trkpt>
    <trkpt lat="36.833129" lon="31.156984"><ele>14.9</ele></trkpt>
    <trkpt lat="36.833016" lon="31.157417"><ele>14.4</ele></trkpt>
    <trkpt lat="36.832896" lon="31.157847"><ele>13.8</ele></trkpt>
    <trkpt lat="36.832774" lon="31.158277"><ele>13.1</ele></trkpt>
    <trkpt lat="36.832654" lon="31.158708"><ele>12.5</ele></trkpt>
    <trkpt lat="36.832542" lon="31.159140"><ele>11.8</ele></trkpt>
    <trkpt lat="36.832442" lon="31.159575"><ele>11.1</ele></trkpt>
    <trkpt lat="36.832356" lon="31.160013"><ele>10.4</ele></trkpt>
    <trkpt lat="36.832287" lon="31.160453"><ele>9.7</ele></trkpt>
    <trkpt lat="36.832233" lon="31.160897"><ele>9.1</ele></trkpt>
    <trkpt lat="36.832196" lon="31.161344"><ele>8.6</ele></trkpt>
    <trkpt lat="36.832172" lon="31.161794"><ele>8.1</ele></trkpt>
    <trkpt lat="36.832158" lon="31.162246"><ele>7.7</ele></trkpt>
    <trkpt lat="36.832150" lon="31.162699"><ele>7.4</ele></trkpt>
    <trkpt lat="36.832145" lon="31.163153"><ele>7.2</ele></trkpt>
    <trkpt lat="36.832138" lon="31.163606"><ele>7.1</ele></trkpt>
    <trkpt lat="36.832125" lon="31.164058"><ele>7.1</ele></trkpt>
    <trkpt lat="36.832104" lon="31.164508"><ele>7.1</ele></trkpt>
    <trkpt lat="36.832071" lon="31.164956"><ele>7.3</ele></trkpt>
    <trkpt lat="36.832027" lon="31.165402"><ele>7.5</ele></trkpt>
    <trkpt lat="36.831969" lon="31.165845"><ele>7.8</ele></trkpt>
    <trkpt lat="36.831900" lon="31.166286"><ele>8.1</ele></trkpt>
    <trkpt lat="36.831821" lon="31.166725"><ele>8.5</ele></trkpt>
    <trkpt lat="36.831733" lon="31.167162"><ele>8.9</ele></trkpt>
    <trkpt lat="36.831641" lon="31.167598"><ele>9.3</ele></trkpt>
    <trkpt lat="36.831548" lon="31.168034"><ele>9.7</ele></trkpt>
    <trkpt lat="36.831455" lon="31.168470"><ele>10.1</ele></trkpt>
    <trkpt lat="36.831367" lon="31.168907"><ele>10.4</ele></trkpt>
    <trkpt lat="36.831285" lon="31.169346"><ele>10.8</ele></trkpt>
    <trkpt lat="36.831211" lon="31.169785"><ele>11.1</ele></trkpt>
    <trkpt lat="36.831145" lon="31.170227"><ele>11.3</ele></trkpt>
    <trkpt lat="36.831088" lon="31.170670"><ele>11.5</ele></trkpt>
    <trkpt lat="36.831040" lon="31.171115"><ele>11.7</ele></trkpt>
    <trkpt lat="36.830998" lon="31.171561"><ele>11.8</ele></trkpt>
    <trkpt lat="36.830960" lon="31.172009"><ele>11.8</ele></trkpt>
    <trkpt lat="36.830926" lon="31.172456"><ele>11.8</ele></trkpt>
    <trkpt lat="36.830892" lon="31.172904"><ele>11.7</ele></trkpt>
    <trkpt lat="36.830856" lon="31.173352"><ele>11.6</ele></trkpt>
    <trkpt lat="36.830818" lon="31.173799"><ele>11.5</ele></trkpt>
    <trkpt lat="36.830775" lon="31.174245"><ele>11.3</ele></trkpt>
    <trkpt lat="36.830727" lon="31.174690"><ele>11.2</ele></trkpt>
    <trkpt lat="36.830674" lon="31.175134"><ele>11.0</ele></trkpt>
    <trkpt lat="36.830616" lon="31.175577"><ele>10.8</ele></trkpt>
    <trkpt lat="36.830554" lon="31.176019"><ele>10.6</ele></trkpt>
    <trkpt lat="36.830489" lon="31.176461"><ele>10.4</ele></trkpt>
    <trkpt lat="36.830422" lon="31.176902"><ele>10.3</ele></trkpt>
    <trkpt lat="36.830356" lon="31.177343"><ele>10.1</ele></trkpt>
    <trkpt lat="36.830290" lon="31.177785"><ele>10.0</ele></trkpt>
    <trkpt lat="36.830227" lon="31.178227"><ele>10.0</ele></trkpt>
    <trkpt lat="36.830166" lon="31.178669"><ele>9.9</ele></trkpt>
    <trkpt lat="36.830108" lon="31.179112"><ele>9.9</ele></trkpt>
    <trkpt lat="36.830053" lon="31.179556"><ele>10.0</ele></trkpt>
    <trkpt lat="36.830000" lon="31.180000"><ele>10.0</ele></trkpt>
    <trkpt lat="36.829870" lon="31.180419"><ele>9.9</ele></trkpt>
    <trkpt lat="36.829739" lon="31.180838"><ele>9.9</ele></trkpt>
    <trkpt lat="36.829610" lon="31.181257"><ele>9.8</ele></trkpt>
    <trkpt lat="36.829482" lon="31.181677"><ele>9.7</ele></trkpt>
    <trkpt lat="36.829356" lon="31.182098"><ele>9.6</ele></trkpt>
    <trkpt lat="36.829232" lon="31.182520"><ele>9.6</ele></trkpt>
    <trkpt lat="36.829111" lon="31.182943"><ele>9.5</ele></trkpt>
    <trkpt lat="36.828992" lon="31.183367"><ele>9.5</ele></trkpt>
    <trkpt lat="36.828875" lon="31.183792"><ele>9.5</ele></trkpt>
    <trkpt lat="36.828758" lon="31.184217"><ele>9.5</ele></trkpt>
    <trkpt lat="36.828640" lon="31.184642"><ele>9.5</ele></trkpt>
    <trkpt lat="36.828521" lon="31.185066"><ele>9.6</ele></trkpt>
    <trkpt lat="36.828399" lon="31.185489"><ele>9.7</ele></trkpt>
    <trkpt lat="36.828273" lon="31.185910"><ele>9.9</ele></trkpt>
    <trkpt lat="36.828143" lon="31.186329"><ele>10.0</ele></trkpt>
    <trkpt lat="36.828009" lon="31.186746"><ele>10.2</ele></trkpt>
    <trkpt lat="36.827870" lon="31.187161"><ele>10.4</ele></trkpt>
    <trkpt lat="36.827727" lon="31.187574"><ele>10.7</ele></trkpt>
    <trkpt lat="36.827582" lon="31.187985"><ele>10.9</ele></trkpt>
    <trkpt lat="36.827435" lon="31.188397"><ele>11.1</ele></trkpt>
    <trkpt lat="36.827289" lon="31.188808"><ele>11.3</ele></trkpt>
    <trkpt lat="36.827145" lon="31.189220"><ele>11.5</ele></trkpt>
    <trkpt lat="36.827005" lon="31.189635"><ele>11.7</ele></trkpt>
    <trkpt lat="36.826871" lon="31.190052"><ele>11.8</ele></trkpt>
    <trkpt lat="36.826744" lon="31.190472"><ele>11.9</ele></trkpt>
    <trkpt lat="36.826623" lon="31.190895"><ele>11.9</ele></trkpt>
    <trkpt lat="36.826510" lon="31.191322"><ele>11.9</ele></trkpt>
    <trkpt lat="36.826404" lon="31.191752"><ele>11.8</ele></trkpt>
    <trkpt lat="36.826303" lon="31.192185"><ele>11.7</ele></trkpt>
    <trkpt lat="36.826205" lon="31.192619"><ele>11.5</ele></trkpt>
    <trkpt lat="36.826109" lon="31.193054"><ele>11.3</ele></trkpt>
    <trkpt lat="36.826012" lon="31.193489"><ele>11.0</ele></trkpt>
    <trkpt lat="36.825911" lon="31.193921"><ele>10.7</ele></trkpt>
    <trkpt lat="36.825804" lon="31.194351"><ele>10.3</ele></trkpt>
    <trkpt lat="36.825688" lon="31.194777"><ele>9.9</ele></trkpt>
    <trkpt lat="36.825564" lon="31.195199"><ele>9.5</ele></trkpt>
    <trkpt lat="36.825429" lon="31.195615"><ele>9.0</ele></trkpt>
    <trkpt lat="36.825284" lon="31.196027"><ele>8.6</ele></trkpt>
    <trkpt lat="36.825130" lon="31.196435"><ele>8.2</ele></trkpt>
    <trkpt lat="36.824969" lon="31.196839"><ele>7.8</ele></trkpt>
    <trkpt lat="36.824802" lon="31.197241"><ele>7.5</ele></trkpt>
    <trkpt lat="36.824634" lon="31.197642"><ele>7.2</ele></trkpt>
    <trkpt lat="36.824467" lon="31.198044"><ele>6.9</ele></trkpt>
    <trkpt lat="36.824305" lon="31.198448"><ele>6.8</ele></trkpt>
    <trkpt lat="36.824151" lon="31.198855"><ele>6.7</ele></trkpt>
    <trkpt lat="36.824007" lon="31.199268"><ele>6.7</ele></trkpt>
    <trkpt lat="36.823875" lon="31.199686"><ele>6.7</ele></trkpt>
    <trkpt lat="36.823757" lon="31.200110"><ele>6.9</ele></trkpt>
    <trkpt lat="36.823651" lon="31.200541"><ele>7.2</ele></trkpt>
    <trkpt lat="36.823558" lon="31.200977"><ele>7.5</ele></trkpt>
    <trkpt lat="36.823473" lon="31.201418"><ele>7.9</ele></trkpt>
    <trkpt lat="36.823396" lon="31.201861"><ele>8.4</ele></trkpt>
    <trkpt lat="36.823321" lon="31.202306"><ele>8.9</ele></trkpt>
    <trkpt lat="36.823245" lon="31.202751"><ele>9.5</ele></trkpt>
    <trkpt lat="36.823164" lon="31.203193"><ele>10.2</ele></trkpt>
    <trkpt lat="36.823074" lon="31.203630"><ele>10.8</ele></trkpt>
    <trkpt lat="36.822971" lon="31.204062"><ele>11.5</ele></trkpt>
    <trkpt lat="36.822853" lon="31.204487"><ele>12.1</ele></trkpt>
    <trkpt lat="36.822720" lon="31.204904"><ele>12.7</ele></trkpt>
    <trkpt lat="36.822570" lon="31.205314"><ele>13.2</ele></trkpt>
    <trkpt lat="36.822406" lon="31.205717"><ele>13.7</ele></trkpt>
    <trkpt lat="36.822229" lon="31.206114"><ele>14.1</ele></trkpt>
    <trkpt lat="36.822045" lon="31.206507"><ele>14.4</ele></trkpt>
    <trkpt lat="36.821856" lon="31.206899"><ele>14.6</ele></trkpt>
    <trkpt lat="36.821667" lon="31.207290"><ele>14.7</ele></trkpt>
    <trkpt lat="36.821484" lon="31.207684"><ele>14.7</ele></trkpt>
    <trkpt lat="36.821312" lon="31.208083"><ele>14.6</ele></trkpt>
    <trkpt lat="36.821153" lon="31.208489"><ele>14.3</ele></trkpt>
    <trkpt lat="36.821012" lon="31.208902"><ele>13.9</ele></trkpt>
    <trkpt lat="36.820889" lon="31.209325"><ele>13.4</ele></trkpt>
    <trkpt lat="36.820785" lon="31.209756"><ele>12.9</ele></trkpt>
    <trkpt lat="36.820699" lon="31.210196"><ele>12.2</ele></trkpt>
    <trkpt lat="36.820627" lon="31.210642"><ele>11.4</ele></trkpt>
    <trkpt lat="36.820566" lon="31.211094"><ele>10.6</ele></trkpt>
    <trkpt lat="36.820512" lon="31.211548"><ele>9.8</ele></trkpt>
    <trkpt lat="36.820457" lon="31.212003"><ele>8.9</ele></trkpt>
    <trkpt lat="36.820397" lon="31.212455"><ele>8.1</ele></trkpt>
    <trkpt lat="36.820327" lon="31.212901"><ele>7.3</ele></trkpt>
    <trkpt lat="36.820241" lon="31.213341"><ele>6.5</ele></trkpt>
    <trkpt lat="36.820135" lon="31.213772"><ele>5.8</ele></trkpt>
    <trkpt lat="36.820009" lon="31.214192"><ele>5.2</ele></trkpt>
    <trkpt lat="36.819861" lon="31.214603"><ele>4.7</ele></trkpt>
    <trkpt lat="36.819692" lon="31.215004"><ele>4.3</ele></trkpt>
    <trkpt lat="36.819505" lon="31.215396"><ele>4.0</ele></trkpt>
    <trkpt lat="36.819306" lon="31.215782"><ele>3.9</ele></trkpt>
    <trkpt lat="36.819098" lon="31.216165"><ele>4.0</ele></trkpt>
    <trkpt lat="36.818889" lon="31.216546"><ele>4.2</ele></trkpt>
    <trkpt lat="36.818684" lon="31.216930"><ele>4.5</ele></trkpt>
    <trkpt lat="36.818491" lon="31.217320"><ele>5.0</ele></trkpt>
    <trkpt lat="36.818314" lon="31.217716"><ele>5.7</ele></trkpt>
    <trkpt lat="36.818158" lon="31.218123"><ele>6.4</ele></trkpt>
    <trkpt lat="36.818025" lon="31.218541"><ele>7.3</ele></trkpt>
    <trkpt lat="36.817917" lon="31.218970"><ele>8.2</ele></trkpt>
    <trkpt lat="36.817832" lon="31.219410"><ele>9.2</ele></trkpt>
    <trkpt lat="36.817768" lon="31.219860"><ele>10.3</ele></trkpt>
    <trkpt lat="36.817720" lon="31.220318"><ele>11.3</ele></trkpt>
    <trkpt lat="36.817682" lon="31.220780"><ele>12.4</ele></trkpt>
    <trkpt lat="36.817647" lon="31.221244"><ele>13.4</ele></trkpt>
    <trkpt lat="36.817609" lon="31.221706"><ele>14.3</ele></trkpt>
    <trkpt lat="36.817560" lon="31.222163"><ele>15.2</ele></trkpt>
    <trkpt lat="36.817493" lon="31.222612"><ele>15.9</ele></trkpt>
    <trkpt lat="36.817405" lon="31.223051"><ele>16.5</ele></trkpt>
    <trkpt lat="36.817291" lon="31.223477"><ele>16.9</ele></trkpt>
    <trkpt lat="36.817150" lon="31.223891"><ele>17.2</ele></trkpt>
    <trkpt lat="36.816983" lon="31.224292"><ele>17.3</ele></trkpt>
    <trkpt lat="36.816792" lon="31.224683"><ele>17.2</ele></trkpt>
    <trkpt lat="36.816582" lon="31.225064"><ele>17.0</ele></trkpt>
    <trkpt lat="36.816360" lon="31.225440"><ele>16.5</ele></trkpt>
    <trkpt lat="36.816132" lon="31.225813"><ele>15.9</ele></trkpt>
    <trkpt lat="36.815907" lon="31.226187"><ele>15.2</ele></trkpt>
    <trkpt lat="36.815691" lon="31.226566"><ele>14.2</ele></trkpt>
    <trkpt lat="36.815494" lon="31.226953"><ele>13.2</ele></trkpt>
    <trkpt lat="36.815319" lon="31.227351"><ele>12.1</ele></trkpt>
    <trkpt lat="36.815171" lon="31.227762"><ele>10.9</ele></trkpt>
    <trkpt lat="36.815053" lon="31.228186"><ele>9.7</ele></trkpt>
    <trkpt lat="36.814964" lon="31.228625"><ele>8.4</ele></trkpt>
    <trkpt lat="36.814901" lon="31.229075"><ele>7.2</ele></trkpt>
    <trkpt lat="36.814860" lon="31.229536"><ele>6.1</ele></trkpt>
    <trkpt lat="36.814835" lon="31.230004"><ele>5.0</ele></trkpt>
    <trkpt lat="36.814817" lon="31.230476"><ele>4.0</ele></trkpt>
    <trkpt lat="36.814798" lon="31.230947"><ele>3.2</ele></trkpt>
    <trkpt lat="36.814770" lon="31.231414"><ele>2.5</ele></trkpt>
    <trkpt lat="36.814726" lon="31.231874"><ele>2.0</ele></trkpt>
    <trkpt lat="36.814657" lon="31.232321"><ele>1.7</ele></trkpt>
    <trkpt lat="36.814560" lon="31.232756"><ele>1.6</ele></trkpt>
    <trkpt lat="36.814432" lon="31.233176"><ele>1.7</ele></trkpt>
    <trkpt lat="36.814272" lon="31.233581"><ele>2.0</ele></trkpt>
    <trkpt lat="36.814082" lon="31.233972"><ele>2.5</ele></trkpt>
    <trkpt lat="36.813868" lon="31.234351"><ele>3.2</ele></trkpt>
    <trkpt lat="36.813636" lon="31.234722"><ele>4.1</ele></trkpt>
    <trkpt lat="36.813394" lon="31.235088"><ele>5.2</ele></trkpt>
    <trkpt lat="36.813150" lon="31.235454"><ele>6.3</ele></trkpt>
    <trkpt lat="36.812914" lon="31.235823"><ele>7.6</ele></trkpt>
    <trkpt lat="36.812695" lon="31.236200"><ele>9.0</ele></trkpt>
    <trkpt lat="36.812499" lon="31.236588"><ele>10.4</ele></trkpt>
    <trkpt lat="36.812333" lon="31.236990"><ele>11.8</ele></trkpt>
    <trkpt lat="36.812200" lon="31.237408"><ele>13.1</ele></trkpt>
    <trkpt lat="36.812100" lon="31.237841"><ele>14.4</ele></trkpt>
    <trkpt lat="36.812033" lon="31.238289"><ele>15.7</ele></trkpt>
    <trkpt lat="36.811993" lon="31.238751"><ele>16.7</ele></trkpt>
    <trkpt lat="36.811975" lon="31.239222"><ele>17.7</ele></trkpt>
    <trkpt lat="36.811970" lon="31.239700"><ele>18.4</ele></trkpt>
    <trkpt lat="36.811968" lon="31.240179"><ele>19.0</ele></trkpt>
    <trkpt lat="36.811960" lon="31.240656"><ele>19.3</ele></trkpt>
    <trkpt lat="36.811936" lon="31.241125"><ele>19.4</ele></trkpt>
    <trkpt lat="36.811889" lon="31.241583"><ele>19.3</ele></trkpt>
    <trkpt lat="36.811812" lon="31.242026"><ele>18.9</ele></trkpt>
    <trkpt lat="36.811700" lon="31.242454"><ele>18.3</ele></trkpt>
    <trkpt lat="36.811553" lon="31.242865"><ele>17.5</ele></trkpt>
    <trkpt lat="36.811371" lon="31.243260"><ele>16.5</ele></trkpt>
    <trkpt lat="36.811159" lon="31.243640"><ele>15.4</ele></trkpt>
    <trkpt lat="36.810923" lon="31.244009"><ele>14.1</ele></trkpt>
    <trkpt lat="36.810670" lon="31.244370"><ele>12.6</ele></trkpt>
    <trkpt lat="36.810412" lon="31.244729"><ele>11.1</ele></trkpt>
    <trkpt lat="36.810158" lon="31.245090"><ele>9.6</ele></trkpt>
    <trkpt lat="36.809917" lon="31.245457"><ele>8.1</ele></trkpt>
    <trkpt lat="36.809700" lon="31.245835"><ele>6.6</ele></trkpt>
    <trkpt lat="36.809513" lon="31.246227"><ele>5.1</ele></trkpt>
    <trkpt lat="36.809362" lon="31.246636"><ele>3.8</ele></trkpt>
    <trkpt lat="36.809247" lon="31.247062"><ele>2.6</ele></trkpt>
    <trkpt lat="36.809170" lon="31.247506"><ele>1.6</ele></trkpt>
    <trkpt lat="36.809125" lon="31.247965"><ele>1.0</ele></trkpt>
    <trkpt lat="36.809108" lon="31.248437"><ele>1.0</ele></trkpt>
    <trkpt lat="36.809110" lon="31.248918"><ele>1.0</ele></trkpt>
    <trkpt lat="36.809120" lon="31.249403"><ele>1.0</ele></trkpt>
    <trkpt lat="36.809129" lon="31.249887"><ele>1.0</ele></trkpt>
    <trkpt lat="36.809125" lon="31.250366"><ele>1.0</ele></trkpt>
    <trkpt lat="36.809099" lon="31.250834"><ele>1.0</ele></trkpt>
    <trkpt lat="36.809044" lon="31.251288"><ele>1.8</ele></trkpt>
    <trkpt lat="36.808952" lon="31.251725"><ele>2.9</ele></trkpt>
    <trkpt lat="36.808822" lon="31.252144"><ele>4.2</ele></trkpt>
    <trkpt lat="36.808653" lon="31.252544"><ele>5.6</ele></trkpt>
    <trkpt lat="36.808448" lon="31.252928"><ele>7.2</ele></trkpt>
    <trkpt lat="36.808213" lon="31.253298"><ele>8.8</ele></trkpt>
    <trkpt lat="36.807957" lon="31.253657"><ele>10.4</ele></trkpt>
    <trkpt lat="36.807689" lon="31.254011"><ele>12.1</ele></trkpt>
    <trkpt lat="36.807420" lon="31.254365"><ele>13.7</ele></trkpt>
    <trkpt lat="36.807162" lon="31.254724"><ele>15.2</ele></trkpt>
    <trkpt lat="36.806924" lon="31.255092"><ele>16.7</ele></trkpt>
    <trkpt lat="36.806715" lon="31.255474"><ele>17.9</ele></trkpt>
    <trkpt lat="36.806542" lon="31.255873"><ele>19.0</ele></trkpt>
    <trkpt lat="36.806409" lon="31.256291"><ele>19.8</ele></trkpt>
    <trkpt lat="36.806317" lon="31.256727"><ele>20.5</ele></trkpt>
    <trkpt lat="36.806262" lon="31.257182"><ele>20.8</ele></trkpt>
    <trkpt lat="36.806240" lon="31.257652"><ele>20.9</ele></trkpt>
    <trkpt lat="36.806243" lon="31.258133"><ele>20.7</ele></trkpt>
    <trkpt lat="36.806260" lon="31.258621"><ele>20.3</ele></trkpt>
    <trkpt lat="36.806281" lon="31.259111"><ele>19.6</ele></trkpt>
    <trkpt lat="36.806294" lon="31.259597"><ele>18.7</ele></trkpt>
    <trkpt lat="36.806288" lon="31.260074"><ele>17.5</ele></trkpt>
    <trkpt lat="36.806253" lon="31.260538"><ele>16.1</ele></trkpt>
    <trkpt lat="36.806183" lon="31.260986"><ele>14.6</ele></trkpt>
    <trkpt lat="36.806073" lon="31.261414"><ele>13.0</ele></trkpt>
    <trkpt lat="36.805921" lon="31.261822"><ele>11.3</ele></trkpt>
    <trkpt lat="36.805729" lon="31.262212"><ele>9.5</ele></trkpt>
    <trkpt lat="36.805502" lon="31.262586"><ele>7.8</ele></trkpt>
    <trkpt lat="36.805247" lon="31.262946"><ele>6.1</ele></trkpt>
    <trkpt lat="36.804975" lon="31.263298"><ele>4.5</ele></trkpt>
    <trkpt lat="36.804697" lon="31.263648"><ele>3.0</ele></trkpt>
    <trkpt lat="36.804424" lon="31.263999"><ele>1.7</ele></trkpt>
    <trkpt lat="36.804168" lon="31.264359"><ele>1.0</ele></trkpt>
    <trkpt lat="36.803939" lon="31.264731"><ele>1.0</ele></trkpt>
    <trkpt lat="36.803744" lon="31.265120"><ele>1.0</ele></trkpt>
    <trkpt lat="36.803591" lon="31.265528"><ele>1.0</ele></trkpt>
    <trkpt lat="36.803479" lon="31.265956"><ele>1.0</ele></trkpt>
    <trkpt lat="36.803410" lon="31.266403"><ele>1.0</ele></trkpt>
    <trkpt lat="36.803377" lon="31.266868"><ele>1.0</ele></trkpt>
    <trkpt lat="36.803375" lon="31.267347"><ele>1.0</ele></trkpt>
    <trkpt lat="36.803394" lon="31.267836"><ele>1.0</ele></trkpt>
    <trkpt lat="36.803421" lon="31.268329"><ele>2.2</ele></trkpt>
    <trkpt lat="36.803446" lon="31.268821"><ele>3.6</ele></trkpt>
    <trkpt lat="36.803456" lon="31.269306"><ele>5.2</ele></trkpt>
    <trkpt lat="36.803442" lon="31.269779"><ele>6.9</ele></trkpt>
    <trkpt lat="36.803393" lon="31.270236"><ele>8.7</ele></trkpt>
    <trkpt lat="36.803304" lon="31.270675"><ele>10.5</ele></trkpt>
    <trkpt lat="36.803172" lon="31.271093"><ele>12.3</ele></trkpt>
    <trkpt lat="36.802997" lon="31.271490"><ele>14.0</ele></trkpt>
    <trkpt lat="36.802783" lon="31.271870"><ele>15.7</ele></trkpt>
    <trkpt lat="36.802536" lon="31.272234"><ele>17.2</ele></trkpt>
    <trkpt lat="36.802266" lon="31.272587"><ele>18.6</ele></trkpt>
    <trkpt lat="36.801984" lon="31.272935"><ele>19.7</ele></trkpt>
    <trkpt lat="36.801701" lon="31.273282"><ele>20.6</ele></trkpt>
    <trkpt lat="36.801431" lon="31.273635"><ele>21.3</ele></trkpt>
    <trkpt lat="36.801183" lon="31.273999"><ele>21.6</ele></trkpt>
    <trkpt lat="36.800968" lon="31.274378"><ele>21.7</ele></trkpt>
    <trkpt lat="36.800793" lon="31.274775"><ele>21.5</ele></trkpt>
    <trkpt lat="36.800661" lon="31.275193"><ele>21.0</ele></trkpt>
    <trkpt lat="36.800573" lon="31.275632"><ele>20.2</ele></trkpt>
    <trkpt lat="36.800525" lon="31.276090"><ele>19.2</ele></trkpt>
    <trkpt lat="36.800513" lon="31.276564"><ele>18.0</ele></trkpt>
    <trkpt lat="36.800526" lon="31.277050"><ele>16.5</ele></trkpt>
    <trkpt lat="36.800554" lon="31.277544"><ele>14.9</ele></trkpt>
    <trkpt lat="36.800586" lon="31.278039"><ele>13.2</ele></trkpt>
    <trkpt lat="36.800608" lon="31.278529"><ele>11.4</ele></trkpt>
    <trkpt lat="36.800610" lon="31.279010"><ele>9.5</ele></trkpt>
    <trkpt lat="36.800581" lon="31.279477"><ele>7.7</ele></trkpt>
    <trkpt lat="36.800513" lon="31.279925"><ele>5.9</ele></trkpt>
    <trkpt lat="36.800402" lon="31.280353"><ele>4.2</ele></trkpt>
    <trkpt lat="36.800247" lon="31.280760"><ele>2.6</ele></trkpt>
    <trkpt lat="36.800050" lon="31.281148"><ele>1.3</ele></trkpt>
    <trkpt lat="36.799816" lon="31.281518"><ele>1.0</ele></trkpt>
    <trkpt lat="36.799554" lon="31.281875"><ele>1.0</ele></trkpt>
    <trkpt lat="36.799274" lon="31.282223"><ele>1.0</ele></trkpt>
    <trkpt lat="36.798988" lon="31.282569"><ele>1.0</ele></trkpt>
    <trkpt lat="36.798708" lon="31.282917"><ele>1.0</ele></trkpt>
    <trkpt lat="36.798446" lon="31.283274"><ele>1.0</ele></trkpt>
    <trkpt lat="36.798213" lon="31.283645"><ele>1.0</ele></trkpt>
    <trkpt lat="36.798017" lon="31.284033"><ele>1.0</ele></trkpt>
    <trkpt lat="36.797864" lon="31.284441"><ele>1.0</ele></trkpt>
    <trkpt lat="36.797755" lon="31.284870"><ele>2.0</ele></trkpt>
    <trkpt lat="36.797688" lon="31.285319"><ele>3.4</ele></trkpt>
    <trkpt lat="36.797661" lon="31.285786"><ele>5.1</ele></trkpt>
    <trkpt lat="36.797664" lon="31.286267"><ele>6.8</ele></trkpt>
    <trkpt lat="36.797687" lon="31.286758"><ele>8.6</ele></trkpt>
    <trkpt lat="36.797719" lon="31.287254"><ele>10.5</ele></trkpt>
    <trkpt lat="36.797748" lon="31.287747"><ele>12.4</ele></trkpt>
    <trkpt lat="36.797762" lon="31.288234"><ele>14.1</ele></trkpt>
    <trkpt lat="36.797749" lon="31.288708"><ele>15.8</ele></trkpt>
    <trkpt lat="36.797700" lon="31.289165"><ele>17.4</ele></trkpt>
    <trkpt lat="36.797611" lon="31.289603"><ele>18.7</ele></trkpt>
    <trkpt lat="36.797477" lon="31.290021"><ele>19.9</ele></trkpt>
    <trkpt lat="36.797300" lon="31.290418"><ele>20.8</ele></trkpt>
    <trkpt lat="36.797084" lon="31.290796"><ele>21.4</ele></trkpt>
    <trkpt lat="36.796834" lon="31.291159"><ele>21.7</ele></trkpt>
    <trkpt lat="36.796562" lon="31.291511"><ele>21.8</ele></trkpt>
    <trkpt lat="36.796278" lon="31.291857"><ele>21.6</ele></trkpt>
    <trkpt lat="36.795994" lon="31.292204"><ele>21.0</ele></trkpt>
    <trkpt lat="36.795724" lon="31.292557"><ele>20.2</ele></trkpt>
    <trkpt lat="36.795477" lon="31.292921"><ele>19.2</ele></trkpt>
    <trkpt lat="36.795263" lon="31.293301"><ele>17.9</ele></trkpt>
    <trkpt lat="36.795089" lon="31.293699"><ele>16.5</ele></trkpt>
    <trkpt lat="36.794958" lon="31.294118"><ele>14.9</ele></trkpt>
    <trkpt lat="36.794871" lon="31.294557"><ele>13.1</ele></trkpt>
    <trkpt lat="36.794824" lon="31.295015"><ele>11.3</ele></trkpt>
    <trkpt lat="36.794812" lon="31.295489"><ele>9.5</ele></trkpt>
    <trkpt lat="36.794825" lon="31.295975"><ele>7.7</ele></trkpt>
    <trkpt lat="36.794852" lon="31.296468"><ele>5.9</ele></trkpt>
    <trkpt lat="36.794882" lon="31.296962"><ele>4.3</ele></trkpt>
    <trkpt lat="36.794902" lon="31.297452"><ele>2.8</ele></trkpt>
    <trkpt lat="36.794900" lon="31.297931"><ele>1.4</ele></trkpt>
    <trkpt lat="36.794868" lon="31.298396"><ele>1.0</ele></trkpt>
    <trkpt lat="36.794798" lon="31.298844"><ele>1.0</ele></trkpt>
    <trkpt lat="36.794686" lon="31.299271"><ele>1.0</ele></trkpt>
    <trkpt lat="36.794530" lon="31.299678"><ele>1.0</ele></trkpt>
    <trkpt lat="36.794333" lon="31.300065"><ele>1.0</ele></trkpt>
    <trkpt lat="36.794101" lon="31.300436"><ele>1.0</ele></trkpt>
    <trkpt lat="36.793842" lon="31.300795"><ele>1.0</ele></trkpt>
    <trkpt lat="36.793566" lon="31.301145"><ele>1.0</ele></trkpt>
    <trkpt lat="36.793285" lon="31.301493"><ele>1.0</ele></trkpt>
    <trkpt lat="36.793010" lon="31.301844"><ele>2.3</ele></trkpt>
    <trkpt lat="36.792754" lon="31.302204"><ele>3.7</ele></trkpt>
    <trkpt lat="36.792526" lon="31.302577"><ele>5.3</ele></trkpt>
    <trkpt lat="36.792334" lon="31.302966"><ele>7.0</ele></trkpt>
    <trkpt lat="36.792183" lon="31.303376"><ele>8.7</ele></trkpt>
    <trkpt lat="36.792075" lon="31.303805"><ele>10.5</ele></trkpt>
    <trkpt lat="36.792007" lon="31.304253"><ele>12.3</ele></trkpt>
    <trkpt lat="36.791976" lon="31.304719"><ele>14.0</ele></trkpt>
    <trkpt lat="36.791974" lon="31.305198"><ele>15.6</ele></trkpt>
    <trkpt lat="36.791990" lon="31.305685"><ele>17.0</ele></trkpt>
    <trkpt lat="36.792015" lon="31.306177"><ele>18.3</ele></trkpt>
    <trkpt lat="36.792035" lon="31.306667"><ele>19.4</ele></trkpt>
    <trkpt lat="36.792040" lon="31.307149"><ele>20.2</ele></trkpt>
    <trkpt lat="36.792020" lon="31.307620"><ele>20.8</ele></trkpt>
    <trkpt lat="36.791966" lon="31.308074"><ele>21.1</ele></trkpt>
    <trkpt lat="36.791873" lon="31.308511"><ele>21.1</ele></trkpt>
    <trkpt lat="36.791738" lon="31.308928"><ele>20.9</ele></trkpt>
    <trkpt lat="36.791563" lon="31.309325"><ele>20.4</ele></trkpt>
    <trkpt lat="36.791350" lon="31.309706"><ele>19.6</ele></trkpt>
    <trkpt lat="36.791108" lon="31.310072"><ele>18.6</ele></trkpt>
    <trkpt lat="36.790845" lon="31.310429"><ele>17.4</ele></trkpt>
    <trkpt lat="36.790572" lon="31.310780"><ele>16.0</ele></trkpt>
    <trkpt lat="36.790300" lon="31.311133"><ele>14.5</ele></trkpt>
    <trkpt lat="36.790041" lon="31.311491"><ele>12.9</ele></trkpt>
    <trkpt lat="36.789804" lon="31.311859"><ele>11.2</ele></trkpt>
    <trkpt lat="36.789598" lon="31.312243"><ele>9.5</ele></trkpt>
    <trkpt lat="36.789429" lon="31.312643"><ele>7.8</ele></trkpt>
    <trkpt lat="36.789300" lon="31.313063"><ele>6.2</ele></trkpt>
    <trkpt lat="36.789211" lon="31.313501"><ele>4.7</ele></trkpt>
    <trkpt lat="36.789159" lon="31.313957"><ele>3.3</ele></trkpt>
    <trkpt lat="36.789138" lon="31.314427"><ele>2.1</ele></trkpt>
    <trkpt lat="36.789139" lon="31.314908"><ele>1.1</ele></trkpt>
    <trkpt lat="36.789153" lon="31.315394"><ele>1.0</ele></trkpt>
    <trkpt lat="36.789168" lon="31.315881"><ele>1.0</ele></trkpt>
    <trkpt lat="36.789173" lon="31.316364"><ele>1.0</ele></trkpt>
    <trkpt lat="36.789159" lon="31.316838"><ele>1.0</ele></trkpt>
    <trkpt lat="36.789117" lon="31.317298"><ele>1.0</ele></trkpt>
    <trkpt lat="36.789040" lon="31.317742"><ele>1.0</ele></trkpt>
    <trkpt lat="36.788924" lon="31.318167"><ele>1.0</ele></trkpt>
    <trkpt lat="36.788770" lon="31.318575"><ele>1.9</ele></trkpt>
    <trkpt lat="36.788579" lon="31.318965"><ele>3.0</ele></trkpt>
    <trkpt lat="36.788357" lon="31.319341"><ele>4.3</ele></trkpt>
    <trkpt lat="36.788112" lon="31.319706"><ele>5.8</ele></trkpt>
    <trkpt lat="36.787852" lon="31.320064"><ele>7.3</ele></trkpt>
    <trkpt lat="36.787588" lon="31.320420"><ele>8.9</ele></trkpt>
    <trkpt lat="36.787331" lon="31.320779"><ele>10.5</ele></trkpt>
    <trkpt lat="36.787091" lon="31.321146"><ele>12.0</ele></trkpt>
    <trkpt lat="36.786876" lon="31.321526"><ele>13.5</ele></trkpt>
    <trkpt lat="36.786693" lon="31.321920"><ele>15.0</ele></trkpt>
    <trkpt lat="36.786546" lon="31.322331"><ele>16.2</ele></trkpt>
    <trkpt lat="36.786437" lon="31.322760"><ele>17.3</ele></trkpt>
    <trkpt lat="36.786364" lon="31.323205"><ele>18.3</ele></trkpt>
    <trkpt lat="36.786322" lon="31.323666"><ele>19.0</ele></trkpt>
    <trkpt lat="36.786304" lon="31.324137"><ele>19.5</ele></trkpt>
    <trkpt lat="36.786302" lon="31.324617"><ele>19.7</ele></trkpt>
    <trkpt lat="36.786306" lon="31.325099"><ele>19.7</ele></trkpt>
    <trkpt lat="36.786306" lon="31.325579"><ele>19.5</ele></trkpt>
    <trkpt lat="36.786293" lon="31.326052"><ele>19.0</ele></trkpt>
    <trkpt lat="36.786256" lon="31.326515"><ele>18.3</ele></trkpt>
    <trkpt lat="36.786190" lon="31.326965"><ele>17.5</ele></trkpt>
    <trkpt lat="36.786091" lon="31.327398"><ele>16.4</ele></trkpt>
    <trkpt lat="36.785956" lon="31.327815"><ele>15.2</ele></trkpt>
    <trkpt lat="36.785786" lon="31.328215"><ele>13.9</ele></trkpt>
    <trkpt lat="36.785586" lon="31.328601"><ele>12.5</ele></trkpt>
    <trkpt lat="36.785360" lon="31.328975"><ele>11.0</ele></trkpt>
    <trkpt lat="36.785118" lon="31.329341"><ele>9.6</ele></trkpt>
    <trkpt lat="36.784867" lon="31.329703"><ele>8.1</ele></trkpt>
    <trkpt lat="36.784618" lon="31.330067"><ele>6.8</ele></trkpt>
    <trkpt lat="36.784381" lon="31.330435"><ele>5.5</ele></trkpt>
    <trkpt lat="36.784163" lon="31.330813"><ele>4.3</ele></trkpt>
    <trkpt lat="36.783971" lon="31.331203"><ele>3.3</ele></trkpt>
    <trkpt lat="36.783811" lon="31.331607"><ele>2.5</ele></trkpt>
    <trkpt lat="36.783684" lon="31.332028"><ele>1.9</ele></trkpt>
    <trkpt lat="36.783590" lon="31.332464"><ele>1.4</ele></trkpt>
    <trkpt lat="36.783527" lon="31.332914"><ele>1.2</ele></trkpt>
    <trkpt lat="36.783488" lon="31.333376"><ele>1.2</ele></trkpt>
    <trkpt lat="36.783467" lon="31.333846"><ele>1.4</ele></trkpt>
    <trkpt lat="36.783456" lon="31.334321"><ele>1.9</ele></trkpt>
    <trkpt lat="36.783445" lon="31.334796"><ele>2.5</ele></trkpt>
    <trkpt lat="36.783426" lon="31.335267"><ele>3.3</ele></trkpt>
    <trkpt lat="36.783389" lon="31.335730"><ele>4.3</ele></trkpt>
    <trkpt lat="36.783330" lon="31.336182"><ele>5.3</ele></trkpt>
    <trkpt lat="36.783242" lon="31.336621"><ele>6.5</ele></trkpt>
    <trkpt lat="36.783122" lon="31.337045"><ele>7.8</ele></trkpt>
    <trkpt lat="36.782972" lon="31.337454"><ele>9.1</ele></trkpt>
    <trkpt lat="36.782792" lon="31.337850"><ele>10.4</ele></trkpt>
    <trkpt lat="36.782588" lon="31.338234"><ele>11.7</ele></trkpt>
    <trkpt lat="36.782366" lon="31.338610"><ele>12.9</ele></trkpt>
    <trkpt lat="36.782133" lon="31.338980"><ele>14.0</ele></trkpt>
    <trkpt lat="36.781897" lon="31.339350"><ele>15.0</ele></trkpt>
    <trkpt lat="36.781668" lon="31.339722"><ele>15.9</ele></trkpt>
    <trkpt lat="36.781453" lon="31.340101"><ele>16.6</ele></trkpt>
    <trkpt lat="36.781258" lon="31.340490"><ele>17.2</ele></trkpt>
    <trkpt lat="36.781089" lon="31.340890"><ele>17.6</ele></trkpt>
    <trkpt lat="36.780949" lon="31.341305"><ele>17.7</ele></trkpt>
    <trkpt lat="36.780837" lon="31.341732"><ele>17.7</ele></trkpt>
    <trkpt lat="36.780753" lon="31.342173"><ele>17.5</ele></trkpt>
    <trkpt lat="36.780693" lon="31.342625"><ele>17.1</ele></trkpt>
    <trkpt lat="36.780651" lon="31.343085"><ele>16.5</ele></trkpt>
    <trkpt lat="36.780621" lon="31.343551"><ele>15.8</ele></trkpt>
    <trkpt lat="36.780595" lon="31.344019"><ele>15.0</ele></trkpt>
    <trkpt lat="36.780564" lon="31.344485"><ele>14.0</ele></trkpt>
    <trkpt lat="36.780522" lon="31.344945"><ele>13.0</ele></trkpt>
    <trkpt lat="36.780463" lon="31.345397"><ele>11.9</ele></trkpt>
    <trkpt lat="36.780381" lon="31.345839"><ele>10.8</ele></trkpt>
    <trkpt lat="36.780273" lon="31.346268"><ele>9.6</ele></trkpt>
    <trkpt lat="36.780138" lon="31.346685"><ele>8.5</ele></trkpt>
    <trkpt lat="36.779978" lon="31.347089"><ele>7.5</ele></trkpt>
    <trkpt lat="36.779795" lon="31.347483"><ele>6.5</ele></trkpt>
    <trkpt lat="36.779594" lon="31.347869"><ele>5.7</ele></trkpt>
    <trkpt lat="36.779381" lon="31.348249"><ele>4.9</ele></trkpt>
    <trkpt lat="36.779163" lon="31.348627"><ele>4.3</ele></trkpt>
    <trkpt lat="36.778947" lon="31.349006"><ele>3.9</ele></trkpt>
    <trkpt lat="36.778740" lon="31.349389"><ele>3.6</ele></trkpt>
    <trkpt lat="36.778549" lon="31.349778"><ele>3.5</ele></trkpt>
    <trkpt lat="36.778376" lon="31.350178"><ele>3.5</ele></trkpt>
    <trkpt lat="36.778227" lon="31.350588"><ele>3.7</ele></trkpt>
    <trkpt lat="36.778102" lon="31.351009"><ele>4.0</ele></trkpt>
    <trkpt lat="36.778001" lon="31.351441"><ele>4.5</ele></trkpt>
    <trkpt lat="36.777920" lon="31.351884"><ele>5.1</ele></trkpt>
    <trkpt lat="36.777857" lon="31.352334"><ele>5.8</ele></trkpt>
    <trkpt lat="36.777806" lon="31.352790"><ele>6.6</ele></trkpt>
    <trkpt lat="36.777760" lon="31.353249"><ele>7.5</ele></trkpt>
    <trkpt lat="36.777714" lon="31.353707"><ele>8.4</ele></trkpt>
    <trkpt lat="36.777661" lon="31.354162"><ele>9.4</ele></trkpt>
    <trkpt lat="36.777596" lon="31.354612"><ele>10.3</ele></trkpt>
    <trkpt lat="36.777514" lon="31.355053"><ele>11.2</ele></trkpt>
    <trkpt lat="36.777412" lon="31.355485"><ele>12.1</ele></trkpt>
    <trkpt lat="36.777288" lon="31.355907"><ele>12.8</ele></trkpt>
    <trkpt lat="36.777143" lon="31.356320"><ele>13.5</ele></trkpt>
    <trkpt lat="36.776980" lon="31.356723"><ele>14.1</ele></trkpt>
    <trkpt lat="36.776800" lon="31.357118"><ele>14.6</ele></trkpt>
    <trkpt lat="36.776608" lon="31.357508"><ele>14.9</ele></trkpt>
    <trkpt lat="36.776411" lon="31.357896"><ele>15.2</ele></trkpt>
    <trkpt lat="36.776213" lon="31.358283"><ele>15.3</ele></trkpt>
    <trkpt lat="36.776019" lon="31.358672"><ele>15.2</ele></trkpt>
    <trkpt lat="36.775836" lon="31.359066"><ele>15.0</ele></trkpt>
    <trkpt lat="36.775667" lon="31.359466"><ele>14.7</ele></trkpt>
    <trkpt lat="36.775515" lon="31.359875"><ele>14.3</ele></trkpt>
    <trkpt lat="36.775381" lon="31.360292"><ele>13.8</ele></trkpt>
    <trkpt lat="36.775266" lon="31.360718"><ele>13.3</ele></trkpt>
    <trkpt lat="36.775168" lon="31.361152"><ele>12.6</ele></trkpt>
    <trkpt lat="36.775084" lon="31.361593"><ele>11.9</ele></trkpt>
    <trkpt lat="36.775011" lon="31.362039"><ele>11.2</ele></trkpt>
    <trkpt lat="36.774945" lon="31.362488"><ele>10.5</ele></trkpt>
    <trkpt lat="36.774879" lon="31.362937"><ele>9.8</ele></trkpt>
    <trkpt lat="36.774811" lon="31.363385"><ele>9.1</ele></trkpt>
    <trkpt lat="36.774734" lon="31.363829"><ele>8.4</ele></trkpt>
    <trkpt lat="36.774646" lon="31.364268"><ele>7.8</ele></trkpt>
    <trkpt lat="36.774544" lon="31.364700"><ele>7.3</ele></trkpt>
    <trkpt lat="36.774427" lon="31.365125"><ele>6.9</ele></trkpt>
    <trkpt lat="36.774293" lon="31.365542"><ele>6.6</ele></trkpt>
    <trkpt lat="36.774145" lon="31.365953"><ele>6.3</ele></trkpt>
    <trkpt lat="36.773985" lon="31.366357"><ele>6.2</ele></trkpt>
    <trkpt lat="36.773814" lon="31.366757"><ele>6.1</ele></trkpt>
    <trkpt lat="36.773638" lon="31.367155"><ele>6.2</ele></trkpt>
    <trkpt lat="36.773460" lon="31.367551"><ele>6.3</ele></trkpt>
    <trkpt lat="36.773285" lon="31.367949"><ele>6.6</ele></trkpt>
    <trkpt lat="36.773115" lon="31.368349"><ele>6.9</ele></trkpt>
    <trkpt lat="36.772954" lon="31.368754"><ele>7.2</ele></trkpt>
    <trkpt lat="36.772805" lon="31.369164"><ele>7.7</ele></trkpt>
    <trkpt lat="36.772669" lon="31.369580"><ele>8.2</ele></trkpt>
    <trkpt lat="36.772545" lon="31.370002"><ele>8.6</ele></trkpt>
    <trkpt lat="36.772433" lon="31.370429"><ele>9.2</ele></trkpt>
    <trkpt lat="36.772332" lon="31.370862"><ele>9.7</ele></trkpt>
    <trkpt lat="36.772239" lon="31.371298"><ele>10.2</ele></trkpt>
    <trkpt lat="36.772151" lon="31.371737"><ele>10.6</ele></trkpt>
    <trkpt lat="36.772064" lon="31.372176"><ele>11.1</ele></trkpt>
    <trkpt lat="36.771976" lon="31.372615"><ele>11.5</ele></trkpt>
    <trkpt lat="36.771884" lon="31.373052"><ele>11.8</ele></trkpt>
    <trkpt lat="36.771785" lon="31.373485"><ele>12.0</ele></trkpt>
    <trkpt lat="36.771677" lon="31.373915"><ele>12.2</ele></trkpt>
    <trkpt lat="36.771559" lon="31.374339"><ele>12.4</ele></trkpt>
    <trkpt lat="36.771432" lon="31.374760"><ele>12.4</ele></trkpt>
    <trkpt lat="36.771295" lon="31.375175"><ele>12.4</ele></trkpt>
    <trkpt lat="36.771150" lon="31.375587"><ele>12.4</ele></trkpt>
    <trkpt lat="36.770999" lon="31.375996"><ele>12.3</ele></trkpt>
    <trkpt lat="36.770844" lon="31.376404"><ele>12.1</ele></trkpt>
    <trkpt lat="36.770688" lon="31.376810"><ele>11.9</ele></trkpt>
    <trkpt lat="36.770532" lon="31.377217"><ele>11.6</ele></trkpt>
    <trkpt lat="36.770380" lon="31.377626"><ele>11.3</ele></trkpt>
    <trkpt lat="36.770234" lon="31.378037"><ele>11.1</ele></trkpt>
    <trkpt lat="36.770093" lon="31.378451"><ele>10.8</ele></trkpt>
    <trkpt lat="36.769959" lon="31.378868"><ele>10.5</ele></trkpt>
    <trkpt lat="36.769832" lon="31.379289"><ele>10.2</ele></trkpt>
    <trkpt lat="36.769712" lon="31.379713"><ele>9.9</ele></trkpt>
    <trkpt lat="36.769597" lon="31.380139"><ele>9.7</ele></trkpt>
    <trkpt lat="36.769487" lon="31.380567"><ele>9.5</ele></trkpt>
    <trkpt lat="36.769378" lon="31.380996"><ele>9.3</ele></trkpt>
    <trkpt lat="36.769270" lon="31.381425"><ele>9.1</ele></trkpt>
    <trkpt lat="36.769161" lon="31.381854"><ele>9.1</ele></trkpt>
    <trkpt lat="36.769050" lon="31.382282"><ele>9.0</ele></trkpt>
    <trkpt lat="36.768935" lon="31.382708"><ele>9.0</ele></trkpt>
    <trkpt lat="36.768815" lon="31.383132"><ele>9.0</ele></trkpt>
    <trkpt lat="36.768692" lon="31.383554"><ele>9.0</ele></trkpt>
    <trkpt lat="36.768564" lon="31.383974"><ele>9.1</ele></trkpt>
    <trkpt lat="36.768433" lon="31.384393"><ele>9.2</ele></trkpt>
    <trkpt lat="36.768300" lon="31.384810"><ele>9.3</ele></trkpt>
    <trkpt lat="36.768164" lon="31.385226"><ele>9.4</ele></trkpt>
    <trkpt lat="36.768029" lon="31.385643"><ele>9.5</ele></trkpt>
    <trkpt lat="36.767894" lon="31.386059"><ele>9.7</ele></trkpt>
    <trkpt lat="36.767760" lon="31.386477"><ele>9.8</ele></trkpt>
    <trkpt lat="36.767628" lon="31.386895"><ele>9.8</ele></trkpt>
    <trkpt lat="36.767499" lon="31.387314"><ele>9.9</ele></trkpt>
    <trkpt lat="36.767372" lon="31.387735"><ele>10.0</ele></trkpt>
    <trkpt lat="36.767247" lon="31.388156"><ele>10.0</ele></trkpt>
    <trkpt lat="36.767123" lon="31.388578"><ele>10.0</ele></trkpt>
    <trkpt lat="36.767000" lon="31.389000"><ele>10.0</ele></trkpt>
    <trkpt lat="36.767133" lon="31.389418"><ele>10.3</ele></trkpt>
    <trkpt lat="36.767270" lon="31.389834"><ele>10.7</ele></trkpt>
    <trkpt lat="36.767414" lon="31.390246"><ele>11.1</ele></trkpt>
    <trkpt lat="36.767565" lon="31.390655"><ele>11.6</ele></trkpt>
    <trkpt lat="36.767725" lon="31.391058"><ele>12.0</ele></trkpt>
    <trkpt lat="36.767892" lon="31.391458"><ele>12.5</ele></trkpt>
    <trkpt lat="36.768065" lon="31.391854"><ele>13.0</ele></trkpt>
    <trkpt lat="36.768240" lon="31.392249"><ele>13.5</ele></trkpt>
    <trkpt lat="36.768414" lon="31.392644"><ele>13.8</ele></trkpt>
    <trkpt lat="36.768584" lon="31.393042"><ele>14.1</ele></trkpt>
    <trkpt lat="36.768745" lon="31.393445"><ele>14.3</ele></trkpt>
    <trkpt lat="36.768894" lon="31.393855"><ele>14.4</ele></trkpt>
    <trkpt lat="36.769029" lon="31.394272"><ele>14.4</ele></trkpt>
    <trkpt lat="36.769149" lon="31.394697"><ele>14.2</ele></trkpt>
    <trkpt lat="36.769255" lon="31.395130"><ele>13.9</ele></trkpt>
    <trkpt lat="36.769348" lon="31.395570"><ele>13.5</ele></trkpt>
    <trkpt lat="36.769434" lon="31.396015"><ele>13.0</ele></trkpt>
    <trkpt lat="36.769515" lon="31.396461"><ele>12.4</ele></trkpt>
    <trkpt lat="36.769599" lon="31.396907"><ele>11.8</ele></trkpt>
    <trkpt lat="36.769691" lon="31.397348"><ele>11.0</ele></trkpt>
    <trkpt lat="36.769796" lon="31.397781"><ele>10.3</ele></trkpt>
    <trkpt lat="36.769920" lon="31.398204"><ele>9.6</ele></trkpt>
    <trkpt lat="36.770066" lon="31.398616"><ele>8.9</ele></trkpt>
    <trkpt lat="36.770235" lon="31.399014"><ele>8.2</ele></trkpt>
    <trkpt lat="36.770428" lon="31.399399"><ele>7.7</ele></trkpt>
    <trkpt lat="36.770641" lon="31.399773"><ele>7.3</ele></trkpt>
    <trkpt lat="36.770871" lon="31.400138"><ele>7.0</ele></trkpt>
    <trkpt lat="36.771111" lon="31.400497"><ele>6.9</ele></trkpt>
    <trkpt lat="36.771354" lon="31.400855"><ele>7.0</ele></trkpt>
    <trkpt lat="36.771592" lon="31.401215"><ele>7.3</ele></trkpt>
    <trkpt lat="36.771816" lon="31.401583"><ele>7.8</ele></trkpt>
    <trkpt lat="36.772019" lon="31.401963"><ele>8.5</ele></trkpt>
    <trkpt lat="36.772195" lon="31.402357"><ele>9.5</ele></trkpt>
    <trkpt lat="36.772341" lon="31.402768"><ele>10.6</ele></trkpt>
    <trkpt lat="36.772455" lon="31.403197"><ele>11.8</ele></trkpt>
    <trkpt lat="36.772538" lon="31.403643"><ele>13.2</ele></trkpt>
    <trkpt lat="36.772594" lon="31.404104"><ele>14.8</ele></trkpt>
    <trkpt lat="36.772629" lon="31.404576"><ele>16.4</ele></trkpt>
    <trkpt lat="36.772652" lon="31.405055"><ele>18.0</ele></trkpt>
    <trkpt lat="36.772672" lon="31.405535"><ele>19.6</ele></trkpt>
    <trkpt lat="36.772700" lon="31.406011"><ele>21.2</ele></trkpt>
    <trkpt lat="36.772744" lon="31.406478"><ele>22.7</ele></trkpt>
    <trkpt lat="36.772815" lon="31.406931"><ele>24.1</ele></trkpt>
    <trkpt lat="36.772919" lon="31.407365"><ele>25.4</ele></trkpt>
    <trkpt lat="36.773060" lon="31.407779"><ele>26.4</ele></trkpt>
    <trkpt lat="36.773239" lon="31.408172"><ele>27.2</ele></trkpt>
    <trkpt lat="36.773455" lon="31.408544"><ele>27.7</ele></trkpt>
    <trkpt lat="36.773703" lon="31.408899"><ele>28.0</ele></trkpt>
    <trkpt lat="36.773975" lon="31.409241"><ele>28.1</ele></trkpt>
    <trkpt lat="36.774262" lon="31.409574"><ele>27.8</ele></trkpt>
    <trkpt lat="36.774553" lon="31.409905"><ele>27.3</ele></trkpt>
    <trkpt lat="36.774836" lon="31.410241"><ele>26.5</ele></trkpt>
    <trkpt lat="36.775099" lon="31.410587"><ele>25.5</ele></trkpt>
    <trkpt lat="36.775333" lon="31.410950"><ele>24.2</ele></trkpt>
    <trkpt lat="36.775531" lon="31.411332"><ele>22.8</ele></trkpt>
    <trkpt lat="36.775688" lon="31.411737"><ele>21.3</ele></trkpt>
    <trkpt lat="36.775802" lon="31.412166"><ele>19.7</ele></trkpt>
    <trkpt lat="36.775876" lon="31.412617"><ele>18.0</ele></trkpt>
    <trkpt lat="36.775914" lon="31.413087"><ele>16.3</ele></trkpt>
    <trkpt lat="36.775925" lon="31.413573"><ele>14.7</ele></trkpt>
    <trkpt lat="36.775920" lon="31.414067"><ele>13.2</ele></trkpt>
    <trkpt lat="36.775911" lon="31.414564"><ele>11.8</ele></trkpt>
    <trkpt lat="36.775909" lon="31.415056"><ele>10.6</ele></trkpt>
    <trkpt lat="36.775926" lon="31.415538"><ele>9.6</ele></trkpt>
    <trkpt lat="36.775974" lon="31.416004"><ele>8.9</ele></trkpt>
    <trkpt lat="36.776058" lon="31.416448"><ele>8.5</ele></trkpt>
    <trkpt lat="36.776186" lon="31.416870"><ele>8.3</ele></trkpt>
    <trkpt lat="36.776356" lon="31.417267"><ele>8.5</ele></trkpt>
    <trkpt lat="36.776569" lon="31.417642"><ele>8.9</ele></trkpt>
    <trkpt lat="36.776818" lon="31.417996"><ele>9.7</ele></trkpt>
    <trkpt lat="36.777095" lon="31.418335"><ele>10.7</ele></trkpt>
    <trkpt lat="36.777389" lon="31.418664"><ele>11.9</ele></trkpt>
    <trkpt lat="36.777689" lon="31.418991"><ele>13.4</ele></trkpt>
    <trkpt lat="36.777982" lon="31.419321"><ele>15.1</ele></trkpt>
    <trkpt lat="36.778256" lon="31.419661"><ele>16.9</ele></trkpt>
    <trkpt lat="36.778503" lon="31.420017"><ele>18.8</ele></trkpt>
    <trkpt lat="36.778713" lon="31.420392"><ele>20.7</ele></trkpt>
    <trkpt lat="36.778882" lon="31.420790"><ele>22.6</ele></trkpt>
    <trkpt lat="36.779010" lon="31.421212"><ele>24.5</ele></trkpt>
    <trkpt lat="36.779097" lon="31.421655"><ele>26.4</ele></trkpt>
    <trkpt lat="36.779150" lon="31.422118"><ele>28.0</ele></trkpt>
    <trkpt lat="36.779175" lon="31.422595"><ele>29.5</ele></trkpt>
    <trkpt lat="36.779184" lon="31.423082"><ele>30.8</ele></trkpt>
    <trkpt lat="36.779187" lon="31.423572"><ele>31.9</ele></trkpt>
    <trkpt lat="36.779195" lon="31.424059"><ele>32.7</ele></trkpt>
    <trkpt lat="36.779219" lon="31.424537"><ele>33.3</ele></trkpt>
    <trkpt lat="36.779269" lon="31.425001"><ele>33.6</ele></trkpt>
    <trkpt lat="36.779351" lon="31.425447"><ele>33.6</ele></trkpt>
    <trkpt lat="36.779470" lon="31.425873"><ele>33.3</ele></trkpt>
    <trkpt lat="36.779626" lon="31.426279"><ele>32.9</ele></trkpt>
    <trkpt lat="36.779818" lon="31.426665"><ele>32.2</ele></trkpt>
    <trkpt lat="36.780041" lon="31.427033"><ele>31.3</ele></trkpt>
    <trkpt lat="36.780288" lon="31.427389"><ele>30.3</ele></trkpt>
    <trkpt lat="36.780549" lon="31.427736"><ele>29.1</ele></trkpt>
    <trkpt lat="36.780816" lon="31.428081"><ele>27.9</ele></trkpt>
    <trkpt lat="36.781079" lon="31.428428"><ele>26.7</ele></trkpt>
    <trkpt lat="36.781327" lon="31.428782"><ele>25.4</ele></trkpt>
    <trkpt lat="36.781555" lon="31.429148"><ele>24.2</ele></trkpt>
    <trkpt lat="36.781755" lon="31.429529"><ele>23.1</ele></trkpt>
    <trkpt lat="36.781926" lon="31.429927"><ele>22.0</ele></trkpt>
    <trkpt lat="36.782066" lon="31.430341"><ele>21.1</ele></trkpt>
    <trkpt lat="36.782177" lon="31.430771"><ele>20.4</ele></trkpt>
    <trkpt lat="36.782263" lon="31.431215"><ele>19.9</ele></trkpt>
    <trkpt lat="36.782331" lon="31.431669"><ele>19.5</ele></trkpt>
    <trkpt lat="36.782388" lon="31.432130"><ele>19.3</ele></trkpt>
    <trkpt lat="36.782441" lon="31.432592"><ele>19.4</ele></trkpt>
    <trkpt lat="36.782499" lon="31.433052"><ele>19.6</ele></trkpt>
    <trkpt lat="36.782567" lon="31.433506"><ele>20.0</ele></trkpt>
    <trkpt lat="36.782652" lon="31.433950"><ele>20.5</ele></trkpt>
    <trkpt lat="36.782757" lon="31.434384"><ele>21.2</ele></trkpt>
    <trkpt lat="36.782885" lon="31.434805"><ele>22.0</ele></trkpt>
    <trkpt lat="36.783034" lon="31.435214"><ele>22.8</ele></trkpt>
    <trkpt lat="36.783204" lon="31.435612"><ele>23.8</ele></trkpt>
    <trkpt lat="36.783389" lon="31.436002"><ele>24.7</ele></trkpt>
    <trkpt lat="36.783586" lon="31.436385"><ele>25.6</ele></trkpt>
    <trkpt lat="36.783788" lon="31.436765"><ele>26.6</ele></trkpt>
    <trkpt lat="36.783991" lon="31.437144"><ele>27.4</ele></trkpt>
    <trkpt lat="36.784190" lon="31.437527"><ele>28.2</ele></trkpt>
    <trkpt lat="36.784379" lon="31.437914"><ele>28.9</ele></trkpt>
    <trkpt lat="36.784556" lon="31.438307"><ele>29.5</ele></trkpt>
    <trkpt lat="36.784721" lon="31.438709"><ele>29.9</ele></trkpt>
    <trkpt lat="36.784871" lon="31.439117"><ele>30.3</ele></trkpt>
    <trkpt lat="36.785010" lon="31.439532"><ele>30.6</ele></trkpt>
    <trkpt lat="36.785139" lon="31.439952"><ele>30.7</ele></trkpt>
    <trkpt lat="36.785262" lon="31.440376"><ele>30.8</ele></trkpt>
    <trkpt lat="36.785382" lon="31.440801"><ele>30.7</ele></trkpt>
    <trkpt lat="36.785504" lon="31.441226"><ele>30.6</ele></trkpt>
    <trkpt lat="36.785629" lon="31.441649"><ele>30.5</ele></trkpt>
    <trkpt lat="36.785761" lon="31.442068"><ele>30.4</ele></trkpt>
    <trkpt lat="36.785900" lon="31.442482"><ele>30.2</ele></trkpt>
    <trkpt lat="36.786047" lon="31.442893"><ele>30.1</ele></trkpt>
    <trkpt lat="36.786200" lon="31.443300"><ele>30.0</ele></trkpt>
    <trkpt lat="36.785899" lon="31.443546"><ele>30.0</ele></trkpt>
    <trkpt lat="36.785597" lon="31.443791"><ele>30.0</ele></trkpt>
    <trkpt lat="36.785295" lon="31.444037"><ele>30.0</ele></trkpt>
    <trkpt lat="36.784995" lon="31.444285"><ele>29.9</ele></trkpt>
    <trkpt lat="36.784698" lon="31.444539"><ele>29.7</ele></trkpt>
    <trkpt lat="36.784404" lon="31.444798"><ele>29.5</ele></trkpt>
    <trkpt lat="36.784113" lon="31.445063"><ele>29.3</ele></trkpt>
    <trkpt lat="36.783825" lon="31.445335"><ele>28.9</ele></trkpt>
    <trkpt lat="36.783541" lon="31.445611"><ele>28.6</ele></trkpt>
    <trkpt lat="36.783258" lon="31.445890"><ele>28.2</ele></trkpt>
    <trkpt lat="36.782975" lon="31.446170"><ele>27.9</ele></trkpt>
    <trkpt lat="36.782690" lon="31.446447"><ele>27.5</ele></trkpt>
    <trkpt lat="36.782403" lon="31.446719"><ele>27.1</ele></trkpt>
    <trkpt lat="36.782111" lon="31.446982"><ele>26.8</ele></trkpt>
    <trkpt lat="36.781814" lon="31.447236"><ele>26.5</ele></trkpt>
    <trkpt lat="36.781511" lon="31.447478"><ele>26.3</ele></trkpt>
    <trkpt lat="36.781201" lon="31.447709"><ele>26.1</ele></trkpt>
    <trkpt lat="36.780885" lon="31.447929"><ele>26.0</ele></trkpt>
    <trkpt lat="36.780565" lon="31.448141"><ele>26.1</ele></trkpt>
    <trkpt lat="36.780242" lon="31.448347"><ele>26.2</ele></trkpt>
    <trkpt lat="36.779917" lon="31.448551"><ele>26.4</ele></trkpt>
    <trkpt lat="36.779595" lon="31.448759"><ele>26.7</ele></trkpt>
    <trkpt lat="36.779276" lon="31.448973"><ele>27.0</ele></trkpt>
    <trkpt lat="36.778964" lon="31.449199"><ele>27.5</ele></trkpt>
    <trkpt lat="36.778659" lon="31.449439"><ele>28.0</ele></trkpt>
    <trkpt lat="36.778364" lon="31.449697"><ele>28.6</ele></trkpt>
    <trkpt lat="36.778079" lon="31.449973"><ele>29.2</ele></trkpt>
    <trkpt lat="36.777804" lon="31.450266"><ele>29.9</ele></trkpt>
    <trkpt lat="36.777537" lon="31.450575"><ele>30.5</ele></trkpt>
    <trkpt lat="36.777276" lon="31.450895"><ele>31.2</ele></trkpt>
    <trkpt lat="36.777020" lon="31.451223"><ele>31.8</ele></trkpt>
    <trkpt lat="36.776764" lon="31.451552"><ele>32.3</ele></trkpt>
    <trkpt lat="36.776505" lon="31.451875"><ele>32.7</ele></trkpt>
    <trkpt lat="36.776240" lon="31.452188"><ele>33.0</ele></trkpt>
    <trkpt lat="36.775967" lon="31.452484"><ele>33.2</ele></trkpt>
    <trkpt lat="36.775681" lon="31.452759"><ele>33.3</ele></trkpt>
    <trkpt lat="36.775383" lon="31.453011"><ele>33.2</ele></trkpt>
    <trkpt lat="36.775071" lon="31.453238"><ele>33.0</ele></trkpt>
    <trkpt lat="36.774746" lon="31.453441"><ele>32.6</ele></trkpt>
    <trkpt lat="36.774410" lon="31.453624"><ele>32.1</ele></trkpt>
    <trkpt lat="36.774065" lon="31.453791"><ele>31.4</ele></trkpt>
    <trkpt lat="36.773715" lon="31.453949"><ele>30.6</ele></trkpt>
    <trkpt lat="36.773364" lon="31.454105"><ele>29.6</ele></trkpt>
    <trkpt lat="36.773017" lon="31.454267"><ele>28.6</ele></trkpt>
    <trkpt lat="36.772677" lon="31.454444"><ele>27.5</ele></trkpt>
    <trkpt lat="36.772349" lon="31.454641"><ele>26.3</ele></trkpt>
    <trkpt lat="36.772035" lon="31.454864"><ele>25.1</ele></trkpt>
    <trkpt lat="36.771738" lon="31.455117"><ele>23.9</ele></trkpt>
    <trkpt lat="36.771457" lon="31.455401"><ele>22.7</ele></trkpt>
    <trkpt lat="36.771193" lon="31.455715"><ele>21.6</ele></trkpt>
    <trkpt lat="36.770943" lon="31.456054"><ele>20.6</ele></trkpt>
    <trkpt lat="36.770703" lon="31.456413"><ele>19.7</ele></trkpt>
    <trkpt lat="36.770471" lon="31.456784"><ele>19.0</ele></trkpt>
    <trkpt lat="36.770240" lon="31.457158"><ele>18.4</ele></trkpt>
    <trkpt lat="36.770005" lon="31.457525"><ele>18.0</ele></trkpt>
    <trkpt lat="36.769762" lon="31.457877"><ele>17.8</ele></trkpt>
    <trkpt lat="36.769505" lon="31.458204"><ele>17.9</ele></trkpt>
    <trkpt lat="36.769232" lon="31.458501"><ele>18.1</ele></trkpt>
    <trkpt lat="36.768939" lon="31.458763"><ele>18.6</ele></trkpt>
    <trkpt lat="36.768627" lon="31.458989"><ele>19.3</ele></trkpt>
    <trkpt lat="36.768295" lon="31.459180"><ele>20.1</ele></trkpt>
    <trkpt lat="36.767946" lon="31.459340"><ele>21.2</ele></trkpt>
    <trkpt lat="36.767584" lon="31.459476"><ele>22.3</ele></trkpt>
    <trkpt lat="36.767214" lon="31.459597"><ele>23.6</ele></trkpt>
    <trkpt lat="36.766841" lon="31.459713"><ele>25.0</ele></trkpt>
    <trkpt lat="36.766472" lon="31.459834"><ele>26.4</ele></trkpt>
    <trkpt lat="36.766111" lon="31.459973"><ele>27.8</ele></trkpt>
    <trkpt lat="36.765765" lon="31.460138"><ele>29.2</ele></trkpt>
    <trkpt lat="36.765437" lon="31.460336"><ele>30.6</ele></trkpt>
    <trkpt lat="36.765131" lon="31.460573"><ele>31.8</ele></trkpt>
    <trkpt lat="36.764848" lon="31.460852"><ele>32.9</ele></trkpt>
    <trkpt lat="36.764586" lon="31.461170"><ele>33.8</ele></trkpt>
    <trkpt lat="36.764344" lon="31.461524"><ele>34.5</ele></trkpt>
    <trkpt lat="36.764117" lon="31.461905"><ele>35.0</ele></trkpt>
    <trkpt lat="36.763900" lon="31.462306"><ele>35.3</ele></trkpt>
    <trkpt lat="36.763688" lon="31.462714"><ele>35.3</ele></trkpt>
    <trkpt lat="36.763473" lon="31.463117"><ele>35.0</ele></trkpt>
    <trkpt lat="36.763249" lon="31.463503"><ele>34.5</ele></trkpt>
    <trkpt lat="36.763010" lon="31.463863"><ele>33.7</ele></trkpt>
    <trkpt lat="36.762751" lon="31.464186"><ele>32.7</ele></trkpt>
    <trkpt lat="36.762469" lon="31.464468"><ele>31.4</ele></trkpt>
    <trkpt lat="36.762163" lon="31.464705"><ele>30.0</ele></trkpt>
    <trkpt lat="36.761833" lon="31.464898"><ele>28.5</ele></trkpt>
    <trkpt lat="36.761481" lon="31.465052"><ele>26.8</ele></trkpt>
    <trkpt lat="36.761111" lon="31.465174"><ele>25.0</ele></trkpt>
    <trkpt lat="36.760729" lon="31.465274"><ele>23.2</ele></trkpt>
    <trkpt lat="36.760342" lon="31.465364"><ele>21.4</ele></trkpt>
    <trkpt lat="36.759956" lon="31.465456"><ele>19.6</ele></trkpt>
    <trkpt lat="36.759579" lon="31.465564"><ele>18.0</ele></trkpt>
    <trkpt lat="36.759217" lon="31.465700"><ele>16.5</ele></trkpt>
    <trkpt lat="36.758874" lon="31.465872"><ele>15.1</ele></trkpt>
    <trkpt lat="36.758556" lon="31.466087"><ele>14.0</ele></trkpt>
    <trkpt lat="36.758264" lon="31.466350"><ele>13.1</ele></trkpt>
    <trkpt lat="36.757997" lon="31.466659"><ele>12.5</ele></trkpt>
    <trkpt lat="36.757754" lon="31.467011"><ele>12.1</ele></trkpt>
    <trkpt lat="36.757530" lon="31.467398"><ele>12.0</ele></trkpt>
    <trkpt lat="36.757320" lon="31.467810"><ele>12.2</ele></trkpt>
    <trkpt lat="36.757117" lon="31.468235"><ele>12.7</ele></trkpt>
    <trkpt lat="36.756914" lon="31.468660"><ele>13.5</ele></trkpt>
    <trkpt lat="36.756704" lon="31.469071"><ele>14.5</ele></trkpt>
    <trkpt lat="36.756478" lon="31.469456"><ele>15.7</ele></trkpt>
    <trkpt lat="36.756233" lon="31.469804"><ele>17.2</ele></trkpt>
    <trkpt lat="36.755964" lon="31.470108"><ele>18.7</ele></trkpt>
    <trkpt lat="36.755668" lon="31.470364"><ele>20.4</ele></trkpt>
    <trkpt lat="36.755345" lon="31.470572"><ele>22.2</ele></trkpt>
    <trkpt lat="36.754998" lon="31.470735"><ele>24.0</ele></trkpt>
    <trkpt lat="36.754630" lon="31.470860"><ele>25.8</ele></trkpt>
    <trkpt lat="36.754247" lon="31.470957"><ele>27.5</ele></trkpt>
    <trkpt lat="36.753855" lon="31.471038"><ele>29.0</ele></trkpt>
    <trkpt lat="36.753463" lon="31.471118"><ele>30.5</ele></trkpt>
    <trkpt lat="36.753076" lon="31.471209"><ele>31.7</ele></trkpt>
    <trkpt lat="36.752703" lon="31.471325"><ele>32.7</ele></trkpt>
    <trkpt lat="36.752349" lon="31.471476"><ele>33.4</ele></trkpt>
    <trkpt lat="36.752019" lon="31.471670"><ele>33.9</ele></trkpt>
    <trkpt lat="36.751716" lon="31.471912"><ele>34.1</ele></trkpt>
    <trkpt lat="36.751439" lon="31.472203"><ele>34.0</ele></trkpt>
    <trkpt lat="36.751187" lon="31.472540"><ele>33.6</ele></trkpt>
    <trkpt lat="36.750958" lon="31.472916"><ele>32.9</ele></trkpt>
    <trkpt lat="36.750744" lon="31.473322"><ele>31.9</ele></trkpt>
    <trkpt lat="36.750540" lon="31.473745"><ele>30.7</ele></trkpt>
    <trkpt lat="36.750339" lon="31.474174"><ele>29.3</ele></trkpt>
    <trkpt lat="36.750133" lon="31.474593"><ele>27.7</ele></trkpt>
    <trkpt lat="36.749915" lon="31.474990"><ele>26.0</ele></trkpt>
    <trkpt lat="36.749679" lon="31.475354"><ele>24.2</ele></trkpt>
    <trkpt lat="36.749419" lon="31.475677"><ele>22.3</ele></trkpt>
    <trkpt lat="36.749135" lon="31.475954"><ele>20.4</ele></trkpt>
    <trkpt lat="36.748824" lon="31.476182"><ele>18.5</ele></trkpt>
    <trkpt lat="36.748488" lon="31.476365"><ele>16.8</ele></trkpt>
    <trkpt lat="36.748129" lon="31.476508"><ele>15.1</ele></trkpt>
    <trkpt lat="36.747754" lon="31.476620"><ele>13.6</ele></trkpt>
    <trkpt lat="36.747368" lon="31.476712"><ele>12.4</ele></trkpt>
    <trkpt lat="36.746979" lon="31.476798"><ele>11.3</ele></trkpt>
    <trkpt lat="36.746593" lon="31.476890"><ele>10.5</ele></trkpt>
    <trkpt lat="36.746217" lon="31.477001"><ele>10.0</ele></trkpt>
    <trkpt lat="36.745858" lon="31.477142"><ele>9.7</ele></trkpt>
    <trkpt lat="36.745520" lon="31.477322"><ele>9.7</ele></trkpt>
    <trkpt lat="36.745206" lon="31.477545"><ele>10.0</ele></trkpt>
    <trkpt lat="36.744918" lon="31.477815"><ele>10.6</ele></trkpt>
    <trkpt lat="36.744654" lon="31.478128"><ele>11.4</ele></trkpt>
    <trkpt lat="36.744411" lon="31.478481"><ele>12.4</ele></trkpt>
    <trkpt lat="36.744185" lon="31.478865"><ele>13.7</ele></trkpt>
    <trkpt lat="36.743971" lon="31.479269"><ele>15.0</ele></trkpt>
    <trkpt lat="36.743761" lon="31.479682"><ele>16.5</ele></trkpt>
    <trkpt lat="36.743550" lon="31.480091"><ele>18.1</ele></trkpt>
    <trkpt lat="36.743329" lon="31.480484"><ele>19.7</ele></trkpt>
    <trkpt lat="36.743094" lon="31.480851"><ele>21.2</ele></trkpt>
    <trkpt lat="36.742840" lon="31.481183"><ele>22.8</ele></trkpt>
    <trkpt lat="36.742564" lon="31.481474"><ele>24.2</ele></trkpt>
    <trkpt lat="36.742264" lon="31.481723"><ele>25.5</ele></trkpt>
    <trkpt lat="36.741941" lon="31.481930"><ele>26.7</ele></trkpt>
    <trkpt lat="36.741598" lon="31.482101"><ele>27.7</ele></trkpt>
    <trkpt lat="36.741238" lon="31.482241"><ele>28.4</ele></trkpt>
    <trkpt lat="36.740868" lon="31.482360"><ele>28.9</ele></trkpt>
    <trkpt lat="36.740491" lon="31.482470"><ele>29.2</ele></trkpt>
    <trkpt lat="36.740116" lon="31.482582"><ele>29.3</ele></trkpt>
    <trkpt lat="36.739747" lon="31.482706"><ele>29.1</ele></trkpt>
    <trkpt lat="36.739391" lon="31.482853"><ele>28.6</ele></trkpt>
    <trkpt lat="36.739052" lon="31.483030"><ele>28.0</ele></trkpt>
    <trkpt lat="36.738733" lon="31.483243"><ele>27.1</ele></trkpt>
    <trkpt lat="36.738434" lon="31.483495"><ele>26.1</ele></trkpt>
    <trkpt lat="36.738157" lon="31.483784"><ele>24.9</ele></trkpt>
    <trkpt lat="36.737898" lon="31.484107"><ele>23.6</ele></trkpt>
    <trkpt lat="36.737654" lon="31.484458"><ele>22.2</ele></trkpt>
    <trkpt lat="36.737421" lon="31.484829"><ele>20.8</ele></trkpt>
    <trkpt lat="36.737194" lon="31.485210"><ele>19.4</ele></trkpt>
    <trkpt lat="36.736967" lon="31.485591"><ele>17.9</ele></trkpt>
    <trkpt lat="36.736734" lon="31.485962"><ele>16.6</ele></trkpt>
    <trkpt lat="36.736492" lon="31.486314"><ele>15.3</ele></trkpt>
    <trkpt lat="36.736235" lon="31.486641"><ele>14.2</ele></trkpt>
    <trkpt lat="36.735961" lon="31.486937"><ele>13.2</ele></trkpt>
    <trkpt lat="36.735669" lon="31.487200"><ele>12.3</ele></trkpt>
    <trkpt lat="36.735358" lon="31.487430"><ele>11.7</ele></trkpt>
    <trkpt lat="36.735032" lon="31.487630"><ele>11.2</ele></trkpt>
    <trkpt lat="36.734692" lon="31.487806"><ele>10.9</ele></trkpt>
    <trkpt lat="36.734342" lon="31.487964"><ele>10.8</ele></trkpt>
    <trkpt lat="36.733987" lon="31.488112"><ele>10.9</ele></trkpt>
    <trkpt lat="36.733631" lon="31.488259"><ele>11.2</ele></trkpt>
    <trkpt lat="36.733279" lon="31.488414"><ele>11.6</ele></trkpt>
    <trkpt lat="36.732936" lon="31.488583"><ele>12.2</ele></trkpt>
    <trkpt lat="36.732604" lon="31.488774"><ele>12.9</ele></trkpt>
    <trkpt lat="36.732286" lon="31.488989"><ele>13.7</ele></trkpt>
    <trkpt lat="36.731982" lon="31.489232"><ele>14.5</ele></trkpt>
    <trkpt lat="36.731694" lon="31.489502"><ele>15.4</ele></trkpt>
    <trkpt lat="36.731419" lon="31.489796"><ele>16.3</ele></trkpt>
    <trkpt lat="36.731156" lon="31.490111"><ele>17.3</ele></trkpt>
    <trkpt lat="36.730900" lon="31.490440"><ele>18.1</ele></trkpt>
    <trkpt lat="36.730649" lon="31.490777"><ele>18.9</ele></trkpt>
    <trkpt lat="36.730399" lon="31.491116"><ele>19.7</ele></trkpt>
    <trkpt lat="36.730145" lon="31.491450"><ele>20.3</ele></trkpt>
    <trkpt lat="36.729885" lon="31.491771"><ele>20.8</ele></trkpt>
    <trkpt lat="36.729617" lon="31.492077"><ele>21.2</ele></trkpt>
    <trkpt lat="36.729338" lon="31.492363"><ele>21.4</ele></trkpt>
    <trkpt lat="36.729047" lon="31.492629"><ele>21.6</ele></trkpt>
    <trkpt lat="36.728745" lon="31.492874"><ele>21.6</ele></trkpt>
    <trkpt lat="36.728433" lon="31.493100"><ele>21.4</ele></trkpt>
    <trkpt lat="36.728112" lon="31.493311"><ele>21.2</ele></trkpt>
    <trkpt lat="36.727786" lon="31.493512"><ele>20.8</ele></trkpt>
    <trkpt lat="36.727456" lon="31.493707"><ele>20.4</ele></trkpt>
    <trkpt lat="36.727126" lon="31.493901"><ele>19.9</ele></trkpt>
    <trkpt lat="36.726799" lon="31.494100"><ele>19.3</ele></trkpt>
    <trkpt lat="36.726476" lon="31.494307"><ele>18.7</ele></trkpt>
    <trkpt lat="36.726160" lon="31.494526"><ele>18.1</ele></trkpt>
    <trkpt lat="36.725851" lon="31.494759"><ele>17.5</ele></trkpt>
    <trkpt lat="36.725550" lon="31.495005"><ele>16.9</ele></trkpt>
    <trkpt lat="36.725257" lon="31.495266"><ele>16.4</ele></trkpt>
    <trkpt lat="36.724970" lon="31.495538"><ele>15.8</ele></trkpt>
    <trkpt lat="36.724688" lon="31.495820"><ele>15.4</ele></trkpt>
    <trkpt lat="36.724409" lon="31.496107"><ele>15.0</ele></trkpt>
    <trkpt lat="36.724132" lon="31.496397"><ele>14.7</ele></trkpt>
    <trkpt lat="36.723854" lon="31.496685"><ele>14.4</ele></trkpt>
    <trkpt lat="36.723574" lon="31.496970"><ele>14.2</ele></trkpt>
    <trkpt lat="36.723290" lon="31.497248"><ele>14.1</ele></trkpt>
    <trkpt lat="36.723002" lon="31.497518"><ele>14.1</ele></trkpt>
    <trkpt lat="36.722709" lon="31.497780"><ele>14.1</ele></trkpt>
    <trkpt lat="36.722413" lon="31.498034"><ele>14.2</ele></trkpt>
    <trkpt lat="36.722112" lon="31.498282"><ele>14.3</ele></trkpt>
    <trkpt lat="36.721809" lon="31.498525"><ele>14.4</ele></trkpt>
    <trkpt lat="36.721505" lon="31.498766"><ele>14.6</ele></trkpt>
    <trkpt lat="36.721200" lon="31.499006"><ele>14.7</ele></trkpt>
    <trkpt lat="36.720897" lon="31.499248"><ele>14.8</ele></trkpt>
    <trkpt lat="36.720595" lon="31.499494"><ele>14.9</ele></trkpt>
    <trkpt lat="36.720296" lon="31.499745"><ele>15.0</ele></trkpt>
    <trkpt lat="36.720000" lon="31.500000"><ele>15.0</ele></trkpt>
    <trkpt lat="36.719763" lon="31.500337"><ele>15.1</ele></trkpt>
    <trkpt lat="36.719524" lon="31.500672"><ele>15.2</ele></trkpt>
    <trkpt lat="36.719284" lon="31.501007"><ele>15.4</ele></trkpt>
    <trkpt lat="36.719045" lon="31.501341"><ele>15.6</ele></trkpt>
    <trkpt lat="36.718807" lon="31.501677"><ele>15.8</ele></trkpt>
    <trkpt lat="36.718570" lon="31.502015"><ele>16.0</ele></trkpt>
    <trkpt lat="36.718336" lon="31.502356"><ele>16.3</ele></trkpt>
    <trkpt lat="36.718106" lon="31.502700"><ele>16.5</ele></trkpt>
    <trkpt lat="36.717878" lon="31.503047"><ele>16.8</ele></trkpt>
    <trkpt lat="36.717652" lon="31.503397"><ele>17.1</ele></trkpt>
    <trkpt lat="36.717429" lon="31.503749"><ele>17.3</ele></trkpt>
    <trkpt lat="36.717207" lon="31.504102"><ele>17.6</ele></trkpt>
    <trkpt lat="36.716984" lon="31.504454"><ele>17.8</ele></trkpt>
    <trkpt lat="36.716759" lon="31.504805"><ele>18.0</ele></trkpt>
    <trkpt lat="36.716532" lon="31.505152"><ele>18.1</ele></trkpt>
    <trkpt lat="36.716300" lon="31.505495"><ele>18.2</ele></trkpt>
    <trkpt lat="36.716063" lon="31.505833"><ele>18.2</ele></trkpt>
    <trkpt lat="36.715821" lon="31.506165"><ele>18.2</ele></trkpt>
    <trkpt lat="36.715574" lon="31.506491"><ele>18.1</ele></trkpt>
    <trkpt lat="36.715322" lon="31.506812"><ele>18.0</ele></trkpt>
    <trkpt lat="36.715066" lon="31.507129"><ele>17.9</ele></trkpt>
    <trkpt lat="36.714808" lon="31.507444"><ele>17.7</ele></trkpt>
    <trkpt lat="36.714550" lon="31.507758"><ele>17.5</ele></trkpt>
    <trkpt lat="36.714294" lon="31.508074"><ele>17.2</ele></trkpt>
    <trkpt lat="36.714041" lon="31.508395"><ele>16.9</ele></trkpt>
    <trkpt lat="36.713794" lon="31.508721"><ele>16.7</ele></trkpt>
    <trkpt lat="36.713554" lon="31.509055"><ele>16.4</ele></trkpt>
    <trkpt lat="36.713322" lon="31.509398"><ele>16.2</ele></trkpt>
    <trkpt lat="36.713098" lon="31.509750"><ele>16.0</ele></trkpt>
    <trkpt lat="36.712883" lon="31.510110"><ele>15.8</ele></trkpt>
    <trkpt lat="36.712674" lon="31.510478"><ele>15.7</ele></trkpt>
    <trkpt lat="36.712470" lon="31.510851"><ele>15.7</ele></trkpt>
    <trkpt lat="36.712269" lon="31.511227"><ele>15.7</ele></trkpt>
    <trkpt lat="36.712069" lon="31.511603"><ele>15.8</ele></trkpt>
    <trkpt lat="36.711865" lon="31.511977"><ele>16.1</ele></trkpt>
    <trkpt lat="36.711656" lon="31.512344"><ele>16.3</ele></trkpt>
    <trkpt lat="36.711439" lon="31.512703"><ele>16.7</ele></trkpt>
    <trkpt lat="36.711213" lon="31.513051"><ele>17.2</ele></trkpt>
    <trkpt lat="36.710975" lon="31.513388"><ele>17.7</ele></trkpt>
    <trkpt lat="36.710726" lon="31.513712"><ele>18.3</ele></trkpt>
    <trkpt lat="36.710466" lon="31.514024"><ele>19.0</ele></trkpt>
    <trkpt lat="36.710196" lon="31.514327"><ele>19.7</ele></trkpt>
    <trkpt lat="36.709920" lon="31.514622"><ele>20.5</ele></trkpt>
    <trkpt lat="36.709640" lon="31.514913"><ele>21.3</ele></trkpt>
    <trkpt lat="36.709360" lon="31.515204"><ele>22.0</ele></trkpt>
    <trkpt lat="36.709083" lon="31.515498"><ele>22.8</ele></trkpt>
    <trkpt lat="36.708813" lon="31.515799"><ele>23.5</ele></trkpt>
    <trkpt lat="36.708552" lon="31.516111"><ele>24.2</ele></trkpt>
    <trkpt lat="36.708305" lon="31.516437"><ele>24.8</ele></trkpt>
    <trkpt lat="36.708071" lon="31.516777"><ele>25.3</ele></trkpt>
    <trkpt lat="36.707851" lon="31.517133"><ele>25.7</ele></trkpt>
    <trkpt lat="36.707645" lon="31.517504"><ele>26.0</ele></trkpt>
    <trkpt lat="36.707451" lon="31.517888"><ele>26.2</ele></trkpt>
    <trkpt lat="36.707266" lon="31.518281"><ele>26.3</ele></trkpt>
    <trkpt lat="36.707086" lon="31.518680"><ele>26.2</ele></trkpt>
    <trkpt lat="36.706908" lon="31.519080"><ele>26.0</ele></trkpt>
    <trkpt lat="36.706725" lon="31.519476"><ele>25.7</ele></trkpt>
    <trkpt lat="36.706536" lon="31.519864"><ele>25.2</ele></trkpt>
    <trkpt lat="36.706334" lon="31.520240"><ele>24.7</ele></trkpt>
    <trkpt lat="36.706118" lon="31.520600"><ele>24.0</ele></trkpt>
    <trkpt lat="36.705885" lon="31.520942"><ele>23.3</ele></trkpt>
    <trkpt lat="36.705635" lon="31.521265"><ele>22.6</ele></trkpt>
    <trkpt lat="36.705369" lon="31.521570"><ele>21.8</ele></trkpt>
    <trkpt lat="36.705088" lon="31.521860"><ele>21.0</ele></trkpt>
    <trkpt lat="36.704795" lon="31.522137"><ele>20.2</ele></trkpt>
    <trkpt lat="36.704495" lon="31.522407"><ele>19.4</ele></trkpt>
    <trkpt lat="36.704194" lon="31.522675"><ele>18.7</ele></trkpt>
    <trkpt lat="36.703895" lon="31.522945"><ele>18.1</ele></trkpt>
    <trkpt lat="36.703605" lon="31.523225"><ele>17.6</ele></trkpt>
    <trkpt lat="36.703327" lon="31.523519"><ele>17.2</ele></trkpt>
    <trkpt lat="36.703066" lon="31.523830"><ele>17.0</ele></trkpt>
    <trkpt lat="36.702824" lon="31.524162"><ele>16.9</ele></trkpt>
    <trkpt lat="36.702602" lon="31.524515"><ele>16.9</ele></trkpt>
    <trkpt lat="36.702399" lon="31.524890"><ele>17.2</ele></trkpt>
    <trkpt lat="36.702214" lon="31.525283"><ele>17.6</ele></trkpt>
    <trkpt lat="36.702043" lon="31.525691"><ele>18.1</ele></trkpt>
    <trkpt lat="36.701881" lon="31.526109"><ele>18.8</ele></trkpt>
    <trkpt lat="36.701723" lon="31.526531"><ele>19.7</ele></trkpt>
    <trkpt lat="36.701562" lon="31.526950"><ele>20.7</ele></trkpt>
    <trkpt lat="36.701393" lon="31.527361"><ele>21.8</ele></trkpt>
    <trkpt lat="36.701210" lon="31.527757"><ele>23.0</ele></trkpt>
    <trkpt lat="36.701010" lon="31.528133"><ele>24.3</ele></trkpt>
    <trkpt lat="36.700788" lon="31.528486"><ele>25.5</ele></trkpt>
    <trkpt lat="36.700543" lon="31.528816"><ele>26.8</ele></trkpt>
    <trkpt lat="36.700276" lon="31.529121"><ele>28.1</ele></trkpt>
    <trkpt lat="36.699989" lon="31.529404"><ele>29.3</ele></trkpt>
    <trkpt lat="36.699686" lon="31.529669"><ele>30.4</ele></trkpt>
    <trkpt lat="36.699371" lon="31.529923"><ele>31.4</ele></trkpt>
    <trkpt lat="36.699050" lon="31.530170"><ele>32.3</ele></trkpt>
    <trkpt lat="36.698731" lon="31.530419"><ele>33.0</ele></trkpt>
    <trkpt lat="36.698419" lon="31.530676"><ele>33.6</ele></trkpt>
    <trkpt lat="36.698122" lon="31.530948"><ele>33.9</ele></trkpt>
    <trkpt lat="36.697844" lon="31.531241"><ele>34.1</ele></trkpt>
    <trkpt lat="36.697589" lon="31.531559"><ele>34.0</ele></trkpt>
    <trkpt lat="36.697358" lon="31.531903"><ele>33.8</ele></trkpt>
    <trkpt lat="36.697153" lon="31.532275"><ele>33.3</ele></trkpt>
    <trkpt lat="36.696971" lon="31.532671"><ele>32.7</ele></trkpt>
    <trkpt lat="36.696808" lon="31.533088"><ele>31.9</ele></trkpt>
    <trkpt lat="36.696659" lon="31.533519"><ele>30.9</ele></trkpt>
    <trkpt lat="36.696517" lon="31.533959"><ele>29.9</ele></trkpt>
    <trkpt lat="36.696375" lon="31.534399"><ele>28.7</ele></trkpt>
    <trkpt lat="36.696227" lon="31.534832"><ele>27.4</ele></trkpt>
    <trkpt lat="36.696064" lon="31.535249"><ele>26.2</ele></trkpt>
    <trkpt lat="36.695882" lon="31.535645"><ele>24.9</ele></trkpt>
    <trkpt lat="36.695675" lon="31.536015"><ele>23.7</ele></trkpt>
    <trkpt lat="36.695442" lon="31.536356"><ele>22.5</ele></trkpt>
    <trkpt lat="36.695181" lon="31.536668"><ele>21.5</ele></trkpt>
    <trkpt lat="36.694894" lon="31.536952"><ele>20.6</ele></trkpt>
    <trkpt lat="36.694586" lon="31.537212"><ele>19.8</ele></trkpt>
    <trkpt lat="36.694260" lon="31.537454"><ele>19.2</ele></trkpt>
    <trkpt lat="36.693926" lon="31.537686"><ele>18.9</ele></trkpt>
    <trkpt lat="36.693589" lon="31.537916"><ele>18.7</ele></trkpt>
    <trkpt lat="36.693258" lon="31.538152"><ele>18.8</ele></trkpt>
    <trkpt lat="36.692941" lon="31.538403"><ele>19.2</ele></trkpt>
    <trkpt lat="36.692644" lon="31.538676"><ele>19.7</ele></trkpt>
    <trkpt lat="36.692372" lon="31.538975"><ele>20.5</ele></trkpt>
    <trkpt lat="36.692128" lon="31.539305"><ele>21.5</ele></trkpt>
    <trkpt lat="36.691914" lon="31.539667"><ele>22.7</ele></trkpt>
    <trkpt lat="36.691728" lon="31.540059"><ele>24.1</ele></trkpt>
    <trkpt lat="36.691567" lon="31.540478"><ele>25.5</ele></trkpt>
    <trkpt lat="36.691424" lon="31.540917"><ele>27.1</ele></trkpt>
    <trkpt lat="36.691294" lon="31.541370"><ele>28.8</ele></trkpt>
    <trkpt lat="36.691168" lon="31.541826"><ele>30.5</ele></trkpt>
    <trkpt lat="36.691037" lon="31.542278"><ele>32.2</ele></trkpt>
    <trkpt lat="36.690894" lon="31.542716"><ele>33.8</ele></trkpt>
    <trkpt lat="36.690731" lon="31.543133"><ele>35.3</ele></trkpt>
    <trkpt lat="36.690542" lon="31.543522"><ele>36.8</ele></trkpt>
    <trkpt lat="36.690324" lon="31.543879"><ele>38.0</ele></trkpt>
    <trkpt lat="36.690074" lon="31.544203"><ele>39.1</ele></trkpt>
    <trkpt lat="36.689794" lon="31.544494"><ele>40.0</ele></trkpt>
    <trkpt lat="36.689487" lon="31.544756"><ele>40.6</ele></trkpt>
    <trkpt lat="36.689159" lon="31.544995"><ele>41.0</ele></trkpt>
    <trkpt lat="36.688815" lon="31.545217"><ele>41.1</ele></trkpt>
    <trkpt lat="36.688466" lon="31.545433"><ele>41.0</ele></trkpt>
    <trkpt lat="36.688119" lon="31.545652"><ele>40.6</ele></trkpt>
    <trkpt lat="36.687783" lon="31.545884"><ele>39.9</ele></trkpt>
    <trkpt lat="36.687467" lon="31.546136"><ele>39.1</ele></trkpt>
    <trkpt lat="36.687177" lon="31.546415"><ele>38.0</ele></trkpt>
    <trkpt lat="36.686916" lon="31.546728"><ele>36.7</ele></trkpt>
    <trkpt lat="36.686689" lon="31.547075"><ele>35.4</ele></trkpt>
    <trkpt lat="36.686493" lon="31.547457"><ele>33.9</ele></trkpt>
    <trkpt lat="36.686327" lon="31.547871"><ele>32.3</ele></trkpt>
    <trkpt lat="36.686185" lon="31.548310"><ele>30.7</ele></trkpt>
    <trkpt lat="36.686061" lon="31.548768"><ele>29.1</ele></trkpt>
    <trkpt lat="36.685944" lon="31.549236"><ele>27.6</ele></trkpt>
    <trkpt lat="36.685828" lon="31.549702"><ele>26.2</ele></trkpt>
    <trkpt lat="36.685701" lon="31.550158"><ele>24.9</ele></trkpt>
    <trkpt lat="36.685556" lon="31.550595"><ele>23.8</ele></trkpt>
    <trkpt lat="36.685386" lon="31.551004"><ele>22.9</ele></trkpt>
    <trkpt lat="36.685185" lon="31.551380"><ele>22.2</ele></trkpt>
    <trkpt lat="36.684951" lon="31.551720"><ele>21.8</ele></trkpt>
    <trkpt lat="36.684682" lon="31.552024"><ele>21.6</ele></trkpt>
    <trkpt lat="36.684383" lon="31.552294"><ele>21.8</ele></trkpt>
    <trkpt lat="36.684057" lon="31.552536"><ele>22.2</ele></trkpt>
    <trkpt lat="36.683712" lon="31.552756"><ele>22.8</ele></trkpt>
    <trkpt lat="36.683355" lon="31.552965"><ele>23.8</ele></trkpt>
    <trkpt lat="36.682997" lon="31.553172"><ele>25.0</ele></trkpt>
    <trkpt lat="36.682647" lon="31.553387"><ele>26.3</ele></trkpt>
    <trkpt lat="36.682314" lon="31.553621"><ele>27.9</ele></trkpt>
    <trkpt lat="36.682006" lon="31.553881"><ele>29.6</ele></trkpt>
    <trkpt lat="36.681727" lon="31.554174"><ele>31.5</ele></trkpt>
    <trkpt lat="36.681483" lon="31.554504"><ele>33.4</ele></trkpt>
    <trkpt lat="36.681274" lon="31.554871"><ele>35.3</ele></trkpt>
    <trkpt lat="36.681098" lon="31.555274"><ele>37.2</ele></trkpt>
    <trkpt lat="36.680950" lon="31.555707"><ele>39.1</ele></trkpt>
    <trkpt lat="36.680824" lon="31.556164"><ele>40.8</ele></trkpt>
    <trkpt lat="36.680711" lon="31.556635"><ele>42.4</ele></trkpt>
    <trkpt lat="36.680603" lon="31.557110"><ele>43.8</ele></trkpt>
    <trkpt lat="36.680488" lon="31.557579"><ele>44.9</ele></trkpt>
    <trkpt lat="36.680359" lon="31.558032"><ele>45.9</ele></trkpt>
    <trkpt lat="36.680206" lon="31.558460"><ele>46.5</ele></trkpt>
    <trkpt lat="36.680023" lon="31.558855"><ele>46.9</ele></trkpt>
    <trkpt lat="36.679805" lon="31.559214"><ele>47.0</ele></trkpt>
    <trkpt lat="36.679553" lon="31.559534"><ele>46.8</ele></trkpt>
    <trkpt lat="36.679266" lon="31.559818"><ele>46.3</ele></trkpt>
    <trkpt lat="36.678949" lon="31.560069"><ele>45.6</ele></trkpt>
    <trkpt lat="36.678608" lon="31.560294"><ele>44.6</ele></trkpt>
    <trkpt lat="36.678251" lon="31.560503"><ele>43.4</ele></trkpt>
    <trkpt lat="36.677888" lon="31.560704"><ele>42.0</ele></trkpt>
    <trkpt lat="36.677528" lon="31.560909"><ele>40.4</ele></trkpt>
    <trkpt lat="36.677182" lon="31.561129"><ele>38.8</ele></trkpt>
    <trkpt lat="36.676858" lon="31.561372"><ele>37.1</ele></trkpt>
    <trkpt lat="36.676563" lon="31.561647"><ele>35.3</ele></trkpt>
    <trkpt lat="36.676301" lon="31.561958"><ele>33.6</ele></trkpt>
    <trkpt lat="36.676075" lon="31.562307"><ele>32.0</ele></trkpt>
    <trkpt lat="36.675884" lon="31.562694"><ele>30.5</ele></trkpt>
    <trkpt lat="36.675725" lon="31.563115"><ele>29.1</ele></trkpt>
    <trkpt lat="36.675592" lon="31.563563"><ele>27.9</ele></trkpt>
    <trkpt lat="36.675476" lon="31.564032"><ele>27.0</ele></trkpt>
    <trkpt lat="36.675369" lon="31.564509"><ele>26.3</ele></trkpt>
    <trkpt lat="36.675261" lon="31.564985"><ele>25.9</ele></trkpt>
    <trkpt lat="36.675142" lon="31.565449"><ele>25.7</ele></trkpt>
    <trkpt lat="36.675003" lon="31.565892"><ele>25.9</ele></trkpt>
    <trkpt lat="36.674836" lon="31.566304"><ele>26.3</ele></trkpt>
    <trkpt lat="36.674636" lon="31.566682"><ele>27.1</ele></trkpt>
    <trkpt lat="36.674401" lon="31.567021"><ele>28.0</ele></trkpt>
    <trkpt lat="36.674130" lon="31.567322"><ele>29.3</ele></trkpt>
    <trkpt lat="36.673827" lon="31.567588"><ele>30.8</ele></trkpt>
    <trkpt lat="36.673496" lon="31.567824"><ele>32.4</ele></trkpt>
    <trkpt lat="36.673145" lon="31.568038"><ele>34.2</ele></trkpt>
    <trkpt lat="36.672783" lon="31.568242"><ele>36.1</ele></trkpt>
    <trkpt lat="36.672421" lon="31.568443"><ele>38.0</ele></trkpt>
    <trkpt lat="36.672067" lon="31.568655"><ele>40.0</ele></trkpt>
    <trkpt lat="36.671731" lon="31.568886"><ele>42.0</ele></trkpt>
    <trkpt lat="36.671421" lon="31.569144"><ele>43.8</ele></trkpt>
    <trkpt lat="36.671142" lon="31.569437"><ele>45.6</ele></trkpt>
    <trkpt lat="36.670899" lon="31.569768"><ele>47.1</ele></trkpt>
    <trkpt lat="36.670691" lon="31.570136"><ele>48.5</ele></trkpt>
    <trkpt lat="36.670517" lon="31.570541"><ele>49.7</ele></trkpt>
    <trkpt lat="36.670371" lon="31.570976"><ele>50.6</ele></trkpt>
    <trkpt lat="36.670246" lon="31.571434"><ele>51.2</ele></trkpt>
    <trkpt lat="36.670135" lon="31.571907"><ele>51.6</ele></trkpt>
    <trkpt lat="36.670027" lon="31.572383"><ele>51.6</ele></trkpt>
    <trkpt lat="36.669912" lon="31.572852"><ele>51.4</ele></trkpt>
    <trkpt lat="36.669782" lon="31.573304"><ele>50.9</ele></trkpt>
    <trkpt lat="36.669628" lon="31.573730"><ele>50.2</ele></trkpt>
    <trkpt lat="36.669444" lon="31.574124"><ele>49.2</ele></trkpt>
    <trkpt lat="36.669225" lon="31.574482"><ele>48.0</ele></trkpt>
    <trkpt lat="36.668972" lon="31.574802"><ele>46.6</ele></trkpt>
    <trkpt lat="36.668685" lon="31.575085"><ele>45.1</ele></trkpt>
    <trkpt lat="36.668369" lon="31.575337"><ele>43.4</ele></trkpt>
    <trkpt lat="36.668030" lon="31.575565"><ele>41.8</ele></trkpt>
    <trkpt lat="36.667676" lon="31.575776"><ele>40.1</ele></trkpt>
    <trkpt lat="36.667317" lon="31.575981"><ele>38.4</ele></trkpt>
    <trkpt lat="36.666961" lon="31.576191"><ele>36.9</ele></trkpt>
    <trkpt lat="36.666619" lon="31.576416"><ele>35.4</ele></trkpt>
    <trkpt lat="36.666299" lon="31.576663"><ele>34.1</ele></trkpt>
    <trkpt lat="36.666007" lon="31.576941"><ele>33.0</ele></trkpt>
    <trkpt lat="36.665747" lon="31.577254"><ele>32.2</ele></trkpt>
    <trkpt lat="36.665522" lon="31.577604"><ele>31.5</ele></trkpt>
    <trkpt lat="36.665330" lon="31.577990"><ele>31.2</ele></trkpt>
    <trkpt lat="36.665167" lon="31.578407"><ele>31.1</ele></trkpt>
    <trkpt lat="36.665029" lon="31.578850"><ele>31.2</ele></trkpt>
    <trkpt lat="36.664907" lon="31.579311"><ele>31.7</ele></trkpt>
    <trkpt lat="36.664793" lon="31.579781"><ele>32.4</ele></trkpt>
    <trkpt lat="36.664676" lon="31.580248"><ele>33.4</ele></trkpt>
    <trkpt lat="36.664549" lon="31.580703"><ele>34.6</ele></trkpt>
    <trkpt lat="36.664402" lon="31.581137"><ele>36.0</ele></trkpt>
    <trkpt lat="36.664230" lon="31.581544"><ele>37.5</ele></trkpt>
    <trkpt lat="36.664026" lon="31.581917"><ele>39.2</ele></trkpt>
    <trkpt lat="36.663790" lon="31.582255"><ele>41.0</ele></trkpt>
    <trkpt lat="36.663521" lon="31.582558"><ele>42.8</ele></trkpt>
    <trkpt lat="36.663223" lon="31.582829"><ele>44.6</ele></trkpt>
    <trkpt lat="36.662899" lon="31.583074"><ele>46.4</ele></trkpt>
    <trkpt lat="36.662559" lon="31.583300"><ele>48.1</ele></trkpt>
    <trkpt lat="36.662209" lon="31.583515"><ele>49.7</ele></trkpt>
    <trkpt lat="36.661858" lon="31.583731"><ele>51.1</ele></trkpt>
    <trkpt lat="36.661517" lon="31.583955"><ele>52.3</ele></trkpt>
    <trkpt lat="36.661192" lon="31.584198"><ele>53.4</ele></trkpt>
    <trkpt lat="36.660891" lon="31.584466"><ele>54.2</ele></trkpt>
    <trkpt lat="36.660618" lon="31.584765"><ele>54.7</ele></trkpt>
    <trkpt lat="36.660377" lon="31.585098"><ele>55.0</ele></trkpt>
    <trkpt lat="36.660167" lon="31.585464"><ele>55.1</ele></trkpt>
    <trkpt lat="36.659986" lon="31.585862"><ele>54.8</ele></trkpt>
    <trkpt lat="36.659830" lon="31.586286"><ele>54.4</ele></trkpt>
    <trkpt lat="36.659692" lon="31.586731"><ele>53.7</ele></trkpt>
    <trkpt lat="36.659566" lon="31.587186"><ele>52.8</ele></trkpt>
    <trkpt lat="36.659441" lon="31.587645"><ele>51.8</ele></trkpt>
    <trkpt lat="36.659310" lon="31.588096"><ele>50.5</ele></trkpt>
    <trkpt lat="36.659165" lon="31.588532"><ele>49.2</ele></trkpt>
    <trkpt lat="36.658999" lon="31.588945"><ele>47.8</ele></trkpt>
    <trkpt lat="36.658806" lon="31.589331"><ele>46.4</ele></trkpt>
    <trkpt lat="36.658585" lon="31.589684"><ele>44.9</ele></trkpt>
    <trkpt lat="36.658333" lon="31.590006"><ele>43.6</ele></trkpt>
    <trkpt lat="36.658053" lon="31.590297"><ele>42.2</ele></trkpt>
    <trkpt lat="36.657748" lon="31.590561"><ele>41.0</ele></trkpt>
    <trkpt lat="36.657425" lon="31.590806"><ele>40.0</ele></trkpt>
    <trkpt lat="36.657090" lon="31.591037"><ele>39.1</ele></trkpt>
    <trkpt lat="36.656751" lon="31.591265"><ele>38.4</ele></trkpt>
    <trkpt lat="36.656416" lon="31.591497"><ele>37.9</ele></trkpt>
    <trkpt lat="36.656093" lon="31.591741"><ele>37.6</ele></trkpt>
    <trkpt lat="36.655788" lon="31.592006"><ele>37.6</ele></trkpt>
    <trkpt lat="36.655507" lon="31.592296"><ele>37.8</ele></trkpt>
    <trkpt lat="36.655253" lon="31.592615"><ele>38.2</ele></trkpt>
    <trkpt lat="36.655027" lon="31.592964"><ele>38.9</ele></trkpt>
    <trkpt lat="36.654828" lon="31.593342"><ele>39.7</ele></trkpt>
    <trkpt lat="36.654653" lon="31.593746"><ele>40.8</ele></trkpt>
    <trkpt lat="36.654497" lon="31.594170"><ele>41.9</ele></trkpt>
    <trkpt lat="36.654353" lon="31.594607"><ele>43.2</ele></trkpt>
    <trkpt lat="36.654214" lon="31.595051"><ele>44.6</ele></trkpt>
    <trkpt lat="36.654074" lon="31.595492"><ele>46.1</ele></trkpt>
    <trkpt lat="36.653924" lon="31.595922"><ele>47.6</ele></trkpt>
    <trkpt lat="36.653758" lon="31.596336"><ele>49.1</ele></trkpt>
    <trkpt lat="36.653571" lon="31.596727"><ele>50.5</ele></trkpt>
    <trkpt lat="36.653359" lon="31.597092"><ele>51.9</ele></trkpt>
    <trkpt lat="36.653122" lon="31.597429"><ele>53.2</ele></trkpt>
    <trkpt lat="36.652859" lon="31.597738"><ele>54.3</ele></trkpt>
    <trkpt lat="36.652574" lon="31.598024"><ele>55.3</ele></trkpt>
    <trkpt lat="36.652271" lon="31.598289"><ele>56.1</ele></trkpt>
    <trkpt lat="36.651954" lon="31.598541"><ele>56.7</ele></trkpt>
    <trkpt lat="36.651631" lon="31.598786"><ele>57.1</ele></trkpt>
    <trkpt lat="36.651309" lon="31.599032"><ele>57.3</ele></trkpt>
    <trkpt lat="36.650994" lon="31.599285"><ele>57.4</ele></trkpt>
    <trkpt lat="36.650692" lon="31.599553"><ele>57.2</ele></trkpt>
    <trkpt lat="36.650409" lon="31.599840"><ele>56.8</ele></trkpt>
    <trkpt lat="36.650147" lon="31.600151"><ele>56.3</ele></trkpt>
    <trkpt lat="36.649909" lon="31.600487"><ele>55.7</ele></trkpt>
    <trkpt lat="36.649694" lon="31.600847"><ele>54.9</ele></trkpt>
    <trkpt lat="36.649500" lon="31.601231"><ele>54.0</ele></trkpt>
    <trkpt lat="36.649323" lon="31.601633"><ele>53.0</ele></trkpt>
    <trkpt lat="36.649160" lon="31.602049"><ele>52.0</ele></trkpt>
    <trkpt lat="36.649003" lon="31.602473"><ele>50.9</ele></trkpt>
    <trkpt lat="36.648847" lon="31.602897"><ele>49.9</ele></trkpt>
    <trkpt lat="36.648685" lon="31.603316"><ele>48.9</ele></trkpt>
    <trkpt lat="36.648513" lon="31.603723"><ele>48.0</ele></trkpt>
    <trkpt lat="36.648325" lon="31.604113"><ele>47.2</ele></trkpt>
    <trkpt lat="36.648119" lon="31.604483"><ele>46.5</ele></trkpt>
    <trkpt lat="36.647892" lon="31.604831"><ele>45.9</ele></trkpt>
    <trkpt lat="36.647644" lon="31.605156"><ele>45.5</ele></trkpt>
    <trkpt lat="36.647376" lon="31.605461"><ele>45.2</ele></trkpt>
    <trkpt lat="36.647093" lon="31.605748"><ele>45.1</ele></trkpt>
    <trkpt lat="36.646797" lon="31.606022"><ele>45.1</ele></trkpt>
    <trkpt lat="36.646494" lon="31.606289"><ele>45.4</ele></trkpt>
    <trkpt lat="36.646189" lon="31.606553"><ele>45.7</ele></trkpt>
    <trkpt lat="36.645888" lon="31.606821"><ele>46.3</ele></trkpt>
    <trkpt lat="36.645596" lon="31.607099"><ele>46.9</ele></trkpt>
    <trkpt lat="36.645317" lon="31.607391"><ele>47.7</ele></trkpt>
    <trkpt lat="36.645053" lon="31.607700"><ele>48.5</ele></trkpt>
    <trkpt lat="36.644807" lon="31.608028"><ele>49.5</ele></trkpt>
    <trkpt lat="36.644580" lon="31.608375"><ele>50.4</ele></trkpt>
    <trkpt lat="36.644369" lon="31.608741"><ele>51.5</ele></trkpt>
    <trkpt lat="36.644173" lon="31.609122"><ele>52.5</ele></trkpt>
    <trkpt lat="36.643989" lon="31.609516"><ele>53.5</ele></trkpt>
    <trkpt lat="36.643811" lon="31.609917"><ele>54.4</ele></trkpt>
    <trkpt lat="36.643636" lon="31.610320"><ele>55.3</ele></trkpt>
    <trkpt lat="36.643458" lon="31.610721"><ele>56.2</ele></trkpt>
    <trkpt lat="36.643273" lon="31.611115"><ele>56.9</ele></trkpt>
    <trkpt lat="36.643078" lon="31.611497"><ele>57.5</ele></trkpt>
    <trkpt lat="36.642870" lon="31.611866"><ele>58.0</ele></trkpt>
    <trkpt lat="36.642648" lon="31.612218"><ele>58.4</ele></trkpt>
    <trkpt lat="36.642409" lon="31.612554"><ele>58.7</ele></trkpt>
    <trkpt lat="36.642157" lon="31.612875"><ele>58.8</ele></trkpt>
    <trkpt lat="36.641892" lon="31.613182"><ele>58.8</ele></trkpt>
    <trkpt lat="36.641617" lon="31.613478"><ele>58.7</ele></trkpt>
    <trkpt lat="36.641335" lon="31.613768"><ele>58.5</ele></trkpt>
    <trkpt lat="36.641051" lon="31.614055"><ele>58.2</ele></trkpt>
    <trkpt lat="36.640769" lon="31.614343"><ele>57.9</ele></trkpt>
    <trkpt lat="36.640492" lon="31.614637"><ele>57.4</ele></trkpt>
    <trkpt lat="36.640222" lon="31.614939"><ele>57.0</ele></trkpt>
    <trkpt lat="36.639963" lon="31.615253"><ele>56.5</ele></trkpt>
    <trkpt lat="36.639716" lon="31.615580"><ele>55.9</ele></trkpt>
    <trkpt lat="36.639482" lon="31.615919"><ele>55.4</ele></trkpt>
    <trkpt lat="36.639259" lon="31.616272"><ele>54.9</ele></trkpt>
    <trkpt lat="36.639046" lon="31.616635"><ele>54.5</ele></trkpt>
    <trkpt lat="36.638841" lon="31.617007"><ele>54.1</ele></trkpt>
    <trkpt lat="36.638642" lon="31.617385"><ele>53.8</ele></trkpt>
    <trkpt lat="36.638445" lon="31.617765"><ele>53.5</ele></trkpt>
    <trkpt lat="36.638247" lon="31.618144"><ele>53.3</ele></trkpt>
    <trkpt lat="36.638045" lon="31.618519"><ele>53.2</ele></trkpt>
    <trkpt lat="36.637837" lon="31.618888"><ele>53.2</ele></trkpt>
    <trkpt lat="36.637621" lon="31.619248"><ele>53.2</ele></trkpt>
    <trkpt lat="36.637397" lon="31.619598"><ele>53.4</ele></trkpt>
    <trkpt lat="36.637163" lon="31.619939"><ele>53.6</ele></trkpt>
    <trkpt lat="36.636920" lon="31.620270"><ele>53.9</ele></trkpt>
    <trkpt lat="36.636669" lon="31.620593"><ele>54.2</ele></trkpt>
    <trkpt lat="36.636413" lon="31.620909"><ele>54.6</ele></trkpt>
    <trkpt lat="36.636153" lon="31.621222"><ele>55.1</ele></trkpt>
    <trkpt lat="36.635892" lon="31.621533"><ele>55.5</ele></trkpt>
    <trkpt lat="36.635631" lon="31.621844"><ele>56.0</ele></trkpt>
    <trkpt lat="36.635373" lon="31.622159"><ele>56.5</ele></trkpt>
    <trkpt lat="36.635119" lon="31.622478"><ele>57.0</ele></trkpt>
    <trkpt lat="36.634871" lon="31.622803"><ele>57.4</ele></trkpt>
    <trkpt lat="36.634629" lon="31.623135"><ele>57.8</ele></trkpt>
    <trkpt lat="36.634393" lon="31.623474"><ele>58.2</ele></trkpt>
    <trkpt lat="36.634163" lon="31.623819"><ele>58.6</ele></trkpt>
    <trkpt lat="36.633938" lon="31.624168"><ele>58.9</ele></trkpt>
    <trkpt lat="36.633716" lon="31.624522"><ele>59.1</ele></trkpt>
    <trkpt lat="36.633496" lon="31.624878"><ele>59.4</ele></trkpt>
    <trkpt lat="36.633277" lon="31.625234"><ele>59.5</ele></trkpt>
    <trkpt lat="36.633056" lon="31.625589"><ele>59.6</ele></trkpt>
    <trkpt lat="36.632834" lon="31.625942"><ele>59.7</ele></trkpt>
    <trkpt lat="36.632608" lon="31.626291"><ele>59.8</ele></trkpt>
    <trkpt lat="36.632379" lon="31.626637"><ele>59.8</ele></trkpt>
    <trkpt lat="36.632146" lon="31.626979"><ele>59.8</ele></trkpt>
    <trkpt lat="36.631910" lon="31.627317"><ele>59.8</ele></trkpt>
    <trkpt lat="36.631671" lon="31.627652"><ele>59.8</ele></trkpt>
    <trkpt lat="36.631431" lon="31.627986"><ele>59.7</ele></trkpt>
    <trkpt lat="36.631190" lon="31.628319"><ele>59.7</ele></trkpt>
    <trkpt lat="36.630949" lon="31.628652"><ele>59.7</ele></trkpt>
    <trkpt lat="36.630709" lon="31.628986"><ele>59.8</ele></trkpt>
    <trkpt lat="36.630470" lon="31.629321"><ele>59.8</ele></trkpt>
    <trkpt lat="36.630234" lon="31.629660"><ele>59.9</ele></trkpt>
    <trkpt lat="36.630000" lon="31.630000"><ele>60.0</ele></trkpt>
    <trkpt lat="36.629830" lon="31.630394"><ele>60.5</ele></trkpt>
    <trkpt lat="36.629656" lon="31.630785"><ele>60.9</ele></trkpt>
    <trkpt lat="36.629480" lon="31.631175"><ele>61.2</ele></trkpt>
    <trkpt lat="36.629305" lon="31.631566"><ele>61.5</ele></trkpt>
    <trkpt lat="36.629135" lon="31.631960"><ele>61.7</ele></trkpt>
    <trkpt lat="36.628973" lon="31.632358"><ele>61.8</ele></trkpt>
    <trkpt lat="36.628820" lon="31.632763"><ele>62.0</ele></trkpt>
    <trkpt lat="36.628678" lon="31.633174"><ele>62.2</ele></trkpt>
    <trkpt lat="36.628546" lon="31.633591"><ele>62.4</ele></trkpt>
    <trkpt lat="36.628422" lon="31.634014"><ele>62.7</ele></trkpt>
    <trkpt lat="36.628304" lon="31.634440"><ele>63.0</ele></trkpt>
    <trkpt lat="36.628187" lon="31.634867"><ele>63.5</ele></trkpt>
    <trkpt lat="36.628068" lon="31.635292"><ele>64.1</ele></trkpt>
    <trkpt lat="36.627941" lon="31.635712"><ele>64.8</ele></trkpt>
    <trkpt lat="36.627802" lon="31.636125"><ele>65.6</ele></trkpt>
    <trkpt lat="36.627647" lon="31.636529"><ele>66.6</ele></trkpt>
    <trkpt lat="36.627475" lon="31.636921"><ele>67.7</ele></trkpt>
    <trkpt lat="36.627284" lon="31.637302"><ele>68.9</ele></trkpt>
    <trkpt lat="36.627075" lon="31.637671"><ele>70.3</ele></trkpt>
    <trkpt lat="36.626851" lon="31.638032"><ele>71.7</ele></trkpt>
    <trkpt lat="36.626617" lon="31.638386"><ele>73.2</ele></trkpt>
    <trkpt lat="36.626378" lon="31.638737"><ele>74.7</ele></trkpt>
    <trkpt lat="36.626141" lon="31.639089"><ele>76.3</ele></trkpt>
    <trkpt lat="36.625913" lon="31.639447"><ele>77.8</ele></trkpt>
    <trkpt lat="36.625700" lon="31.639814"><ele>79.3</ele></trkpt>
    <trkpt lat="36.625508" lon="31.640194"><ele>80.7</ele></trkpt>
    <trkpt lat="36.625342" lon="31.640590"><ele>82.0</ele></trkpt>
    <trkpt lat="36.625202" lon="31.641003"><ele>83.2</ele></trkpt>
    <trkpt lat="36.625090" lon="31.641432"><ele>84.1</ele></trkpt>
    <trkpt lat="36.625003" lon="31.641878"><ele>84.9</ele></trkpt>
    <trkpt lat="36.624935" lon="31.642335"><ele>85.5</ele></trkpt>
    <trkpt lat="36.624881" lon="31.642801"><ele>85.8</ele></trkpt>
    <trkpt lat="36.624832" lon="31.643270"><ele>85.9</ele></trkpt>
    <trkpt lat="36.624780" lon="31.643736"><ele>85.8</ele></trkpt>
    <trkpt lat="36.624714" lon="31.644195"><ele>85.5</ele></trkpt>
    <trkpt lat="36.624627" lon="31.644641"><ele>85.0</ele></trkpt>
    <trkpt lat="36.624513" lon="31.645069"><ele>84.4</ele></trkpt>
    <trkpt lat="36.624365" lon="31.645476"><ele>83.5</ele></trkpt>
    <trkpt lat="36.624182" lon="31.645862"><ele>82.6</ele></trkpt>
    <trkpt lat="36.623965" lon="31.646227"><ele>81.6</ele></trkpt>
    <trkpt lat="36.623718" lon="31.646572"><ele>80.6</ele></trkpt>
    <trkpt lat="36.623445" lon="31.646903"><ele>79.6</ele></trkpt>
    <trkpt lat="36.623156" lon="31.647223"><ele>78.6</ele></trkpt>
    <trkpt lat="36.622861" lon="31.647539"><ele>77.8</ele></trkpt>
    <trkpt lat="36.622570" lon="31.647857"><ele>77.1</ele></trkpt>
    <trkpt lat="36.622294" lon="31.648185"><ele>76.5</ele></trkpt>
    <trkpt lat="36.622043" lon="31.648529"><ele>76.2</ele></trkpt>
    <trkpt lat="36.621824" lon="31.648892"><ele>76.1</ele></trkpt>
    <trkpt lat="36.621643" lon="31.649279"><ele>76.3</ele></trkpt>
    <trkpt lat="36.621503" lon="31.649691"><ele>76.7</ele></trkpt>
    <trkpt lat="36.621401" lon="31.650127"><ele>77.5</ele></trkpt>
    <trkpt lat="36.621335" lon="31.650586"><ele>78.5</ele></trkpt>
    <trkpt lat="36.621297" lon="31.651062"><ele>79.8</ele></trkpt>
    <trkpt lat="36.621278" lon="31.651549"><ele>81.4</ele></trkpt>
    <trkpt lat="36.621267" lon="31.652042"><ele>83.2</ele></trkpt>
    <trkpt lat="36.621252" lon="31.652532"><ele>85.2</ele></trkpt>
    <trkpt lat="36.621222" lon="31.653012"><ele>87.3</ele></trkpt>
    <trkpt lat="36.621166" lon="31.653477"><ele>89.6</ele></trkpt>
    <trkpt lat="36.621076" lon="31.653920"><ele>92.0</ele></trkpt>
    <trkpt lat="36.620946" lon="31.654339"><ele>94.4</ele></trkpt>
    <trkpt lat="36.620774" lon="31.654732"><ele>96.8</ele></trkpt>
    <trkpt lat="36.620560" lon="31.655098"><ele>99.1</ele></trkpt>
    <trkpt lat="36.620309" lon="31.655442"><ele>101.4</ele></trkpt>
    <trkpt lat="36.620028" lon="31.655766"><ele>103.4</ele></trkpt>
    <trkpt lat="36.619726" lon="31.656078"><ele>105.3</ele></trkpt>
    <trkpt lat="36.619415" lon="31.656384"><ele>107.0</ele></trkpt>
    <trkpt lat="36.619106" lon="31.656692"><ele>108.3</ele></trkpt>
    <trkpt lat="36.618812" lon="31.657009"><ele>109.5</ele></trkpt>
    <trkpt lat="36.618543" lon="31.657341"><ele>110.3</ele></trkpt>
    <trkpt lat="36.618306" lon="31.657694"><ele>110.8</ele></trkpt>
    <trkpt lat="36.618109" lon="31.658070"><ele>111.1</ele></trkpt>
    <trkpt lat="36.617953" lon="31.658473"><ele>111.0</ele></trkpt>
    <trkpt lat="36.617838" lon="31.658901"><ele>110.7</ele></trkpt>
    <trkpt lat="36.617759" lon="31.659351"><ele>110.2</ele></trkpt>
    <trkpt lat="36.617710" lon="31.659820"><ele>109.5</ele></trkpt>
    <trkpt lat="36.617682" lon="31.660302"><ele>108.6</ele></trkpt>
    <trkpt lat="36.617663" lon="31.660790"><ele>107.5</ele></trkpt>
    <trkpt lat="36.617644" lon="31.661277"><ele>106.4</ele></trkpt>
    <trkpt lat="36.617611" lon="31.661756"><ele>105.3</ele></trkpt>
    <trkpt lat="36.617557" lon="31.662222"><ele>104.2</ele></trkpt>
    <trkpt lat="36.617472" lon="31.662668"><ele>103.1</ele></trkpt>
    <trkpt lat="36.617353" lon="31.663094"><ele>102.1</ele></trkpt>
    <trkpt lat="36.617196" lon="31.663495"><ele>101.3</ele></trkpt>
    <trkpt lat="36.617002" lon="31.663874"><ele>100.6</ele></trkpt>
    <trkpt lat="36.616775" lon="31.664233"><ele>100.1</ele></trkpt>
    <trkpt lat="36.616522" lon="31.664575"><ele>99.9</ele></trkpt>
    <trkpt lat="36.616250" lon="31.664905"><ele>99.9</ele></trkpt>
    <trkpt lat="36.615969" lon="31.665230"><ele>100.1</ele></trkpt>
    <trkpt lat="36.615688" lon="31.665555"><ele>100.6</ele></trkpt>
    <trkpt lat="36.615418" lon="31.665887"><ele>101.3</ele></trkpt>
    <trkpt lat="36.615166" lon="31.666230"><ele>102.2</ele></trkpt>
    <trkpt lat="36.614939" lon="31.666588"><ele>103.4</ele></trkpt>
    <trkpt lat="36.614742" lon="31.666965"><ele>104.7</ele></trkpt>
    <trkpt lat="36.614575" lon="31.667361"><ele>106.2</ele></trkpt>
    <trkpt lat="36.614438" lon="31.667775"><ele>107.8</ele></trkpt>
    <trkpt lat="36.614328" lon="31.668206"><ele>109.5</ele></trkpt>
    <trkpt lat="36.614239" lon="31.668651"><ele>111.2</ele></trkpt>
    <trkpt lat="36.614165" lon="31.669104"><ele>112.9</ele></trkpt>
    <trkpt lat="36.614097" lon="31.669561"><ele>114.7</ele></trkpt>
    <trkpt lat="36.614029" lon="31.670018"><ele>116.4</ele></trkpt>
    <trkpt lat="36.613952" lon="31.670469"><ele>117.9</ele></trkpt>
    <trkpt lat="36.613860" lon="31.670912"><ele>119.4</ele></trkpt>
    <trkpt lat="36.613750" lon="31.671343"><ele>120.8</ele></trkpt>
    <trkpt lat="36.613618" lon="31.671760"><ele>122.0</ele></trkpt>
    <trkpt lat="36.613463" lon="31.672163"><ele>123.0</ele></trkpt>
    <trkpt lat="36.613287" lon="31.672554"><ele>123.9</ele></trkpt>
    <trkpt lat="36.613094" lon="31.672933"><ele>124.6</ele></trkpt>
    <trkpt lat="36.612887" lon="31.673304"><ele>125.2</ele></trkpt>
    <trkpt lat="36.612671" lon="31.673669"><ele>125.7</ele></trkpt>
    <trkpt lat="36.612453" lon="31.674033"><ele>126.0</ele></trkpt>
    <trkpt lat="36.612238" lon="31.674399"><ele>126.2</ele></trkpt>
    <trkpt lat="36.612030" lon="31.674769"><ele>126.3</ele></trkpt>
    <trkpt lat="36.611832" lon="31.675146"><ele>126.3</ele></trkpt>
    <trkpt lat="36.611648" lon="31.675530"><ele>126.4</ele></trkpt>
    <trkpt lat="36.611477" lon="31.675924"><ele>126.4</ele></trkpt>
    <trkpt lat="36.611319" lon="31.676325"><ele>126.4</ele></trkpt>
    <trkpt lat="36.611171" lon="31.676732"><ele>126.5</ele></trkpt>
    <trkpt lat="36.611031" lon="31.677145"><ele>126.6</ele></trkpt>
    <trkpt lat="36.610895" lon="31.677560"><ele>126.8</ele></trkpt>
    <trkpt lat="36.610760" lon="31.677975"><ele>127.1</ele></trkpt>
    <trkpt lat="36.610621" lon="31.678388"><ele>127.5</ele></trkpt>
    <trkpt lat="36.610477" lon="31.678798"><ele>128.0</ele></trkpt>
    <trkpt lat="36.610326" lon="31.679204"><ele>128.6</ele></trkpt>
    <trkpt lat="36.610166" lon="31.679604"><ele>129.3</ele></trkpt>
    <trkpt lat="36.610000" lon="31.680000"><ele>130.0</ele></trkpt>
    <trkpt lat="36.609910" lon="31.680437"><ele>128.7</ele></trkpt>
    <trkpt lat="36.609823" lon="31.680875"><ele>127.3</ele></trkpt>
    <trkpt lat="36.609737" lon="31.681313"><ele>125.9</ele></trkpt>
    <trkpt lat="36.609645" lon="31.681749"><ele>124.5</ele></trkpt>
    <trkpt lat="36.609543" lon="31.682182"><ele>123.2</ele></trkpt>
    <trkpt lat="36.609430" lon="31.682610"><ele>121.9</ele></trkpt>
    <trkpt lat="36.609302" lon="31.683032"><ele>120.6</ele></trkpt>
    <trkpt lat="36.609160" lon="31.683449"><ele>119.5</ele></trkpt>
    <trkpt lat="36.609006" lon="31.683861"><ele>118.5</ele></trkpt>
    <trkpt lat="36.608843" lon="31.684269"><ele>117.7</ele></trkpt>
    <trkpt lat="36.608678" lon="31.684677"><ele>117.0</ele></trkpt>
    <trkpt lat="36.608516" lon="31.685086"><ele>116.5</ele></trkpt>
    <trkpt lat="36.608364" lon="31.685499"><ele>116.1</ele></trkpt>
    <trkpt lat="36.608228" lon="31.685918"><ele>115.9</ele></trkpt>
    <trkpt lat="36.608113" lon="31.686345"><ele>115.8</ele></trkpt>
    <trkpt lat="36.608023" lon="31.686782"><ele>115.8</ele></trkpt>
    <trkpt lat="36.607957" lon="31.687228"><ele>115.9</ele></trkpt>
    <trkpt lat="36.607916" lon="31.687684"><ele>116.0</ele></trkpt>
    <trkpt lat="36.607894" lon="31.688148"><ele>116.1</ele></trkpt>
    <trkpt lat="36.607886" lon="31.688616"><ele>116.2</ele></trkpt>
    <trkpt lat="36.607883" lon="31.689087"><ele>116.2</ele></trkpt>
    <trkpt lat="36.607877" lon="31.689557"><ele>116.1</ele></trkpt>
    <trkpt lat="36.607858" lon="31.690021"><ele>115.8</ele></trkpt>
    <trkpt lat="36.607818" lon="31.690477"><ele>115.3</ele></trkpt>
    <trkpt lat="36.607748" lon="31.690922"><ele>114.7</ele></trkpt>
    <trkpt lat="36.607644" lon="31.691353"><ele>113.8</ele></trkpt>
    <trkpt lat="36.607504" lon="31.691771"><ele>112.6</ele></trkpt>
    <trkpt lat="36.607328" lon="31.692175"><ele>111.2</ele></trkpt>
    <trkpt lat="36.607121" lon="31.692566"><ele>109.5</ele></trkpt>
    <trkpt lat="36.606890" lon="31.692948"><ele>107.6</ele></trkpt>
    <trkpt lat="36.606644" lon="31.693324"><ele>105.5</ele></trkpt>
    <trkpt lat="36.606394" lon="31.693699"><ele>103.2</ele></trkpt>
    <trkpt lat="36.606152" lon="31.694077"><ele>100.7</ele></trkpt>
    <trkpt lat="36.605930" lon="31.694463"><ele>98.1</ele></trkpt>
    <trkpt lat="36.605739" lon="31.694861"><ele>95.4</ele></trkpt>
    <trkpt lat="36.605585" lon="31.695273"><ele>92.7</ele></trkpt>
    <trkpt lat="36.605474" lon="31.695701"><ele>90.0</ele></trkpt>
    <trkpt lat="36.605407" lon="31.696147"><ele>87.4</ele></trkpt>
    <trkpt lat="36.605381" lon="31.696609"><ele>84.9</ele></trkpt>
    <trkpt lat="36.605391" lon="31.697085"><ele>82.5</ele></trkpt>
    <trkpt lat="36.605428" lon="31.697571"><ele>80.4</ele></trkpt>
    <trkpt lat="36.605479" lon="31.698063"><ele>78.5</ele></trkpt>
    <trkpt lat="36.605533" lon="31.698555"><ele>76.9</ele></trkpt>
    <trkpt lat="36.605575" lon="31.699044"><ele>75.6</ele></trkpt>
    <trkpt lat="36.605594" lon="31.699523"><ele>74.6</ele></trkpt>
    <trkpt lat="36.605579" lon="31.699989"><ele>73.9</ele></trkpt>
    <trkpt lat="36.605522" lon="31.700438"><ele>73.6</ele></trkpt>
    <trkpt lat="36.605419" lon="31.700870"><ele>73.5</ele></trkpt>
    <trkpt lat="36.605271" lon="31.701285"><ele>73.6</ele></trkpt>
    <trkpt lat="36.605080" lon="31.701682"><ele>74.0</ele></trkpt>
    <trkpt lat="36.604853" lon="31.702066"><ele>74.5</ele></trkpt>
    <trkpt lat="36.604601" lon="31.702440"><ele>75.3</ele></trkpt>
    <trkpt lat="36.604336" lon="31.702809"><ele>76.1</ele></trkpt>
    <trkpt lat="36.604070" lon="31.703178"><ele>76.9</ele></trkpt>
    <trkpt lat="36.603817" lon="31.703552"><ele>77.7</ele></trkpt>
    <trkpt lat="36.603588" lon="31.703935"><ele>78.5</ele></trkpt>
    <trkpt lat="36.603392" lon="31.704330"><ele>79.2</ele></trkpt>
    <trkpt lat="36.603236" lon="31.704742"><ele>79.7</ele></trkpt>
    <trkpt lat="36.603123" lon="31.705170"><ele>80.0</ele></trkpt>
    <trkpt lat="36.603052" lon="31.705614"><ele>80.1</ele></trkpt>
    <trkpt lat="36.603019" lon="31.706073"><ele>80.0</ele></trkpt>
    <trkpt lat="36.603016" lon="31.706544"><ele>79.5</ele></trkpt>
    <trkpt lat="36.603035" lon="31.707023"><ele>78.9</ele></trkpt>
    <trkpt lat="36.603063" lon="31.707505"><ele>77.9</ele></trkpt>
    <trkpt lat="36.603089" lon="31.707987"><ele>76.7</ele></trkpt>
    <trkpt lat="36.603103" lon="31.708465"><ele>75.2</ele></trkpt>
    <trkpt lat="36.603095" lon="31.708933"><ele>73.5</ele></trkpt>
    <trkpt lat="36.603058" lon="31.709391"><ele>71.7</ele></trkpt>
    <trkpt lat="36.602988" lon="31.709835"><ele>69.7</ele></trkpt>
    <trkpt lat="36.602883" lon="31.710267"><ele>67.5</ele></trkpt>
    <trkpt lat="36.602746" lon="31.710685"><ele>65.3</ele></trkpt>
    <trkpt lat="36.602581" lon="31.711093"><ele>63.1</ele></trkpt>
    <trkpt lat="36.602394" lon="31.711492"><ele>60.9</ele></trkpt>
    <trkpt lat="36.602195" lon="31.711887"><ele>58.8</ele></trkpt>
    <trkpt lat="36.601992" lon="31.712280"><ele>56.7</ele></trkpt>
    <trkpt lat="36.601792" lon="31.712674"><ele>54.8</ele></trkpt>
    <trkpt lat="36.601605" lon="31.713074"><ele>53.0</ele></trkpt>
    <trkpt lat="36.601436" lon="31.713480"><ele>51.4</ele></trkpt>
    <trkpt lat="36.601288" lon="31.713894"><ele>49.9</ele></trkpt>
    <trkpt lat="36.601163" lon="31.714318"><ele>48.7</ele></trkpt>
    <trkpt lat="36.601060" lon="31.714749"><ele>47.6</ele></trkpt>
    <trkpt lat="36.600976" lon="31.715189"><ele>46.6</ele></trkpt>
    <trkpt lat="36.600906" lon="31.715633"><ele>45.8</ele></trkpt>
    <trkpt lat="36.600844" lon="31.716081"><ele>45.2</ele></trkpt>
    <trkpt lat="36.600785" lon="31.716530"><ele>44.6</ele></trkpt>
    <trkpt lat="36.600723" lon="31.716978"><ele>44.1</ele></trkpt>
    <trkpt lat="36.600652" lon="31.717422"><ele>43.6</ele></trkpt>
    <trkpt lat="36.600570" lon="31.717862"><ele>43.2</ele></trkpt>
    <trkpt lat="36.600476" lon="31.718297"><ele>42.7</ele></trkpt>
    <trkpt lat="36.600369" lon="31.718728"><ele>42.2</ele></trkpt>
    <trkpt lat="36.600252" lon="31.719154"><ele>41.5</ele></trkpt>
    <trkpt lat="36.600127" lon="31.719578"><ele>40.8</ele></trkpt>
    <trkpt lat="36.600000" lon="31.720000"><ele>40.0</ele></trkpt>
    <trkpt lat="36.599873" lon="31.720419"><ele>40.4</ele></trkpt>
    <trkpt lat="36.599742" lon="31.720837"><ele>40.8</ele></trkpt>
    <trkpt lat="36.599606" lon="31.721251"><ele>41.3</ele></trkpt>
    <trkpt lat="36.599462" lon="31.721662"><ele>41.9</ele></trkpt>
    <trkpt lat="36.599310" lon="31.722069"><ele>42.6</ele></trkpt>
    <trkpt lat="36.599152" lon="31.722472"><ele>43.3</ele></trkpt>
    <trkpt lat="36.598989" lon="31.722873"><ele>44.1</ele></trkpt>
    <trkpt lat="36.598824" lon="31.723273"><ele>44.8</ele></trkpt>
    <trkpt lat="36.598660" lon="31.723673"><ele>45.6</ele></trkpt>
    <trkpt lat="36.598501" lon="31.724076"><ele>46.3</ele></trkpt>
    <trkpt lat="36.598350" lon="31.724483"><ele>47.0</ele></trkpt>
    <trkpt lat="36.598210" lon="31.724896"><ele>47.6</ele></trkpt>
    <trkpt lat="36.598083" lon="31.725315"><ele>48.1</ele></trkpt>
    <trkpt lat="36.597969" lon="31.725742"><ele>48.5</ele></trkpt>
    <trkpt lat="36.597869" lon="31.726175"><ele>48.8</ele></trkpt>
    <trkpt lat="36.597779" lon="31.726614"><ele>49.0</ele></trkpt>
    <trkpt lat="36.597697" lon="31.727056"><ele>49.1</ele></trkpt>
    <trkpt lat="36.597618" lon="31.727500"><ele>49.0</ele></trkpt>
    <trkpt lat="36.597536" lon="31.727943"><ele>48.9</ele></trkpt>
    <trkpt lat="36.597447" lon="31.728382"><ele>48.6</ele></trkpt>
    <trkpt lat="36.597344" lon="31.728814"><ele>48.2</ele></trkpt>
    <trkpt lat="36.597225" lon="31.729238"><ele>47.7</ele></trkpt>
    <trkpt lat="36.597085" lon="31.729650"><ele>47.2</ele></trkpt>
    <trkpt lat="36.596923" lon="31.730052"><ele>46.6</ele></trkpt>
    <trkpt lat="36.596740" lon="31.730442"><ele>46.1</ele></trkpt>
    <trkpt lat="36.596537" lon="31.730823"><ele>45.6</ele></trkpt>
    <trkpt lat="36.596320" lon="31.731195"><ele>45.1</ele></trkpt>
    <trkpt lat="36.596094" lon="31.731563"><ele>44.7</ele></trkpt>
    <trkpt lat="36.595866" lon="31.731930"><ele>44.5</ele></trkpt>
    <trkpt lat="36.595643" lon="31.732300"><ele>44.3</ele></trkpt>
    <trkpt lat="36.595433" lon="31.732677"><ele>44.4</ele></trkpt>
    <trkpt lat="36.595243" lon="31.733064"><ele>44.6</ele></trkpt>
    <trkpt lat="36.595078" lon="31.733464"><ele>45.0</ele></trkpt>
    <trkpt lat="36.594941" lon="31.733878"><ele>45.7</ele></trkpt>
    <trkpt lat="36.594835" lon="31.734308"><ele>46.5</ele></trkpt>
    <trkpt lat="36.594757" lon="31.734753"><ele>47.5</ele></trkpt>
    <trkpt lat="36.594705" lon="31.735211"><ele>48.7</ele></trkpt>
    <trkpt lat="36.594671" lon="31.735679"><ele>50.2</ele></trkpt>
    <trkpt lat="36.594649" lon="31.736153"><ele>51.7</ele></trkpt>
    <trkpt lat="36.594629" lon="31.736627"><ele>53.4</ele></trkpt>
    <trkpt lat="36.594602" lon="31.737098"><ele>55.2</ele></trkpt>
    <trkpt lat="36.594558" lon="31.737561"><ele>57.0</ele></trkpt>
    <trkpt lat="36.594489" lon="31.738010"><ele>58.9</ele></trkpt>
    <trkpt lat="36.594389" lon="31.738444"><ele>60.7</ele></trkpt>
    <trkpt lat="36.594254" lon="31.738859"><ele>62.5</ele></trkpt>
    <trkpt lat="36.594083" lon="31.739255"><ele>64.2</ele></trkpt>
    <trkpt lat="36.593876" lon="31.739634"><ele>65.7</ele></trkpt>
    <trkpt lat="36.593639" lon="31.739996"><ele>67.1</ele></trkpt>
    <trkpt lat="36.593379" lon="31.740347"><ele>68.3</ele></trkpt>
    <trkpt lat="36.593105" lon="31.740690"><ele>69.2</ele></trkpt>
    <trkpt lat="36.592828" lon="31.741032"><ele>69.9</ele></trkpt>
    <trkpt lat="36.592558" lon="31.741378"><ele>70.4</ele></trkpt>
    <trkpt lat="36.592307" lon="31.741733"><ele>70.5</ele></trkpt>
    <trkpt lat="36.592084" lon="31.742103"><ele>70.4</ele></trkpt>
    <trkpt lat="36.591897" lon="31.742491"><ele>70.0</ele></trkpt>
    <trkpt lat="36.591749" lon="31.742900"><ele>69.4</ele></trkpt>
    <trkpt lat="36.591642" lon="31.743330"><ele>68.6</ele></trkpt>
    <trkpt lat="36.591575" lon="31.743780"><ele>67.5</ele></trkpt>
    <trkpt lat="36.591543" lon="31.744249"><ele>66.3</ele></trkpt>
    <trkpt lat="36.591536" lon="31.744730"><ele>65.0</ele></trkpt>
    <trkpt lat="36.591546" lon="31.745221"><ele>63.6</ele></trkpt>
    <trkpt lat="36.591561" lon="31.745714"><ele>62.2</ele></trkpt>
    <trkpt lat="36.591569" lon="31.746203"><ele>60.8</ele></trkpt>
    <trkpt lat="36.591558" lon="31.746682"><ele>59.4</ele></trkpt>
    <trkpt lat="36.591517" lon="31.747146"><ele>58.2</ele></trkpt>
    <trkpt lat="36.591439" lon="31.747591"><ele>57.1</ele></trkpt>
    <trkpt lat="36.591320" lon="31.748014"><ele>56.2</ele></trkpt>
    <trkpt lat="36.591156" lon="31.748415"><ele>55.5</ele></trkpt>
    <trkpt lat="36.590951" lon="31.748794"><ele>55.1</ele></trkpt>
    <trkpt lat="36.590709" lon="31.749154"><ele>54.9</ele></trkpt>
    <trkpt lat="36.590438" lon="31.749499"><ele>55.1</ele></trkpt>
    <trkpt lat="36.590149" lon="31.749835"><ele>55.5</ele></trkpt>
    <trkpt lat="36.589854" lon="31.750167"><ele>56.3</ele></trkpt>
    <trkpt lat="36.589565" lon="31.750503"><ele>57.3</ele></trkpt>
    <trkpt lat="36.589293" lon="31.750847"><ele>58.6</ele></trkpt>
    <trkpt lat="36.589051" lon="31.751207"><ele>60.1</ele></trkpt>
    <trkpt lat="36.588844" lon="31.751586"><ele>61.9</ele></trkpt>
    <trkpt lat="36.588680" lon="31.751986"><ele>63.8</ele></trkpt>
    <trkpt lat="36.588560" lon="31.752409"><ele>65.9</ele></trkpt>
    <trkpt lat="36.588481" lon="31.752853"><ele>68.0</ele></trkpt>
    <trkpt lat="36.588440" lon="31.753317"><ele>70.2</ele></trkpt>
    <trkpt lat="36.588428" lon="31.753796"><ele>72.5</ele></trkpt>
    <trkpt lat="36.588436" lon="31.754285"><ele>74.6</ele></trkpt>
    <trkpt lat="36.588451" lon="31.754778"><ele>76.7</ele></trkpt>
    <trkpt lat="36.588461" lon="31.755268"><ele>78.6</ele></trkpt>
    <trkpt lat="36.588455" lon="31.755750"><ele>80.3</ele></trkpt>
    <trkpt lat="36.588423" lon="31.756219"><ele>81.8</ele></trkpt>
    <trkpt lat="36.588357" lon="31.756669"><ele>83.1</ele></trkpt>
    <trkpt lat="36.588251" lon="31.757100"><ele>84.2</ele></trkpt>
    <trkpt lat="36.588104" lon="31.757509"><ele>84.9</ele></trkpt>
    <trkpt lat="36.587917" lon="31.757897"><ele>85.4</ele></trkpt>
    <trkpt lat="36.587695" lon="31.758268"><ele>85.6</ele></trkpt>
    <trkpt lat="36.587444" lon="31.758623"><ele>85.6</ele></trkpt>
    <trkpt lat="36.587175" lon="31.758969"><ele>85.3</ele></trkpt>
    <trkpt lat="36.586898" lon="31.759311"><ele>84.8</ele></trkpt>
    <trkpt lat="36.586624" lon="31.759654"><ele>84.0</ele></trkpt>
    <trkpt lat="36.586363" lon="31.760005"><ele>83.1</ele></trkpt>
    <trkpt lat="36.586126" lon="31.760367"><ele>82.1</ele></trkpt>
    <trkpt lat="36.585919" lon="31.760745"><ele>81.0</ele></trkpt>
    <trkpt lat="36.585746" lon="31.761141"><ele>79.9</ele></trkpt>
    <trkpt lat="36.585610" lon="31.761556"><ele>78.7</ele></trkpt>
    <trkpt lat="36.585510" lon="31.761989"><ele>77.6</ele></trkpt>
    <trkpt lat="36.585441" lon="31.762438"><ele>76.5</ele></trkpt>
    <trkpt lat="36.585396" lon="31.762901"><ele>75.6</ele></trkpt>
    <trkpt lat="36.585369" lon="31.763372"><ele>74.8</ele></trkpt>
    <trkpt lat="36.585349" lon="31.763846"><ele>74.2</ele></trkpt>
    <trkpt lat="36.585327" lon="31.764320"><ele>73.8</ele></trkpt>
    <trkpt lat="36.585293" lon="31.764788"><ele>73.5</ele></trkpt>
    <trkpt lat="36.585241" lon="31.765246"><ele>73.5</ele></trkpt>
    <trkpt lat="36.585164" lon="31.765691"><ele>73.7</ele></trkpt>
    <trkpt lat="36.585058" lon="31.766122"><ele>74.1</ele></trkpt>
    <trkpt lat="36.584922" lon="31.766536"><ele>74.8</ele></trkpt>
    <trkpt lat="36.584758" lon="31.766936"><ele>75.6</ele></trkpt>
    <trkpt lat="36.584568" lon="31.767323"><ele>76.5</ele></trkpt>
    <trkpt lat="36.584358" lon="31.767700"><ele>77.6</ele></trkpt>
    <trkpt lat="36.584136" lon="31.768070"><ele>78.9</ele></trkpt>
    <trkpt lat="36.583908" lon="31.768437"><ele>80.2</ele></trkpt>
    <trkpt lat="36.583681" lon="31.768805"><ele>81.6</ele></trkpt>
    <trkpt lat="36.583464" lon="31.769178"><ele>82.9</ele></trkpt>
    <trkpt lat="36.583261" lon="31.769559"><ele>84.3</ele></trkpt>
    <trkpt lat="36.583078" lon="31.769949"><ele>85.7</ele></trkpt>
    <trkpt lat="36.582916" lon="31.770350"><ele>86.9</ele></trkpt>
    <trkpt lat="36.582775" lon="31.770763"><ele>88.1</ele></trkpt>
    <trkpt lat="36.582655" lon="31.771186"><ele>89.2</ele></trkpt>
    <trkpt lat="36.582553" lon="31.771618"><ele>90.2</ele></trkpt>
    <trkpt lat="36.582463" lon="31.772057"><ele>91.0</ele></trkpt>
    <trkpt lat="36.582381" lon="31.772499"><ele>91.7</ele></trkpt>
    <trkpt lat="36.582302" lon="31.772943"><ele>92.3</ele></trkpt>
    <trkpt lat="36.582220" lon="31.773386"><ele>92.7</ele></trkpt>
    <trkpt lat="36.582130" lon="31.773825"><ele>93.0</ele></trkpt>
    <trkpt lat="36.582030" lon="31.774258"><ele>93.2</ele></trkpt>
    <trkpt lat="36.581917" lon="31.774685"><ele>93.3</ele></trkpt>
    <trkpt lat="36.581790" lon="31.775104"><ele>93.4</ele></trkpt>
    <trkpt lat="36.581650" lon="31.775517"><ele>93.4</ele></trkpt>
    <trkpt lat="36.581499" lon="31.775924"><ele>93.3</ele></trkpt>
    <trkpt lat="36.581340" lon="31.776327"><ele>93.3</ele></trkpt>
    <trkpt lat="36.581176" lon="31.776727"><ele>93.2</ele></trkpt>
    <trkpt lat="36.581011" lon="31.777127"><ele>93.2</ele></trkpt>
    <trkpt lat="36.580848" lon="31.777528"><ele>93.3</ele></trkpt>
    <trkpt lat="36.580690" lon="31.777931"><ele>93.4</ele></trkpt>
    <trkpt lat="36.580538" lon="31.778338"><ele>93.5</ele></trkpt>
    <trkpt lat="36.580394" lon="31.778749"><ele>93.8</ele></trkpt>
    <trkpt lat="36.580258" lon="31.779163"><ele>94.1</ele></trkpt>
    <trkpt lat="36.580127" lon="31.779581"><ele>94.5</ele></trkpt>
    <trkpt lat="36.580000" lon="31.780000"><ele>95.0</ele></trkpt>
    <trkpt lat="36.579869" lon="31.780417"><ele>94.4</ele></trkpt>
    <trkpt lat="36.579739" lon="31.780834"><ele>93.7</ele></trkpt>
    <trkpt lat="36.579613" lon="31.781254"><ele>93.1</ele></trkpt>
    <trkpt lat="36.579492" lon="31.781675"><ele>92.4</ele></trkpt>
    <trkpt lat="36.579379" lon="31.782100"><ele>91.6</ele></trkpt>
    <trkpt lat="36.579272" lon="31.782528"><ele>90.9</ele></trkpt>
    <trkpt lat="36.579172" lon="31.782959"><ele>90.3</ele></trkpt>
    <trkpt lat="36.579077" lon="31.783391"><ele>89.7</ele></trkpt>
    <trkpt lat="36.578983" lon="31.783825"><ele>89.1</ele></trkpt>
    <trkpt lat="36.578889" lon="31.784258"><ele>88.6</ele></trkpt>
    <trkpt lat="36.578790" lon="31.784690"><ele>88.2</ele></trkpt>
    <trkpt lat="36.578684" lon="31.785118"><ele>87.9</ele></trkpt>
    <trkpt lat="36.578568" lon="31.785541"><ele>87.7</ele></trkpt>
    <trkpt lat="36.578439" lon="31.785959"><ele>87.6</ele></trkpt>
    <trkpt lat="36.578297" lon="31.786372"><ele>87.6</ele></trkpt>
    <trkpt lat="36.578143" lon="31.786778"><ele>87.6</ele></trkpt>
    <trkpt lat="36.577978" lon="31.787180"><ele>87.7</ele></trkpt>
    <trkpt lat="36.577806" lon="31.787579"><ele>87.9</ele></trkpt>
    <trkpt lat="36.577629" lon="31.787976"><ele>88.2</ele></trkpt>
    <trkpt lat="36.577454" lon="31.788373"><ele>88.4</ele></trkpt>
    <trkpt lat="36.577286" lon="31.788774"><ele>88.6</ele></trkpt>
    <trkpt lat="36.577128" lon="31.789179"><ele>88.8</ele></trkpt>
    <trkpt lat="36.576986" lon="31.789591"><ele>89.0</ele></trkpt>
    <trkpt lat="36.576862" lon="31.790011"><ele>89.0</ele></trkpt>
    <trkpt lat="36.576759" lon="31.790441"><ele>89.0</ele></trkpt>
    <trkpt lat="36.576677" lon="31.790879"><ele>88.9</ele></trkpt>
    <trkpt lat="36.576613" lon="31.791326"><ele>88.6</ele></trkpt>
    <trkpt lat="36.576564" lon="31.791779"><ele>88.1</ele></trkpt>
    <trkpt lat="36.576525" lon="31.792237"><ele>87.5</ele></trkpt>
    <trkpt lat="36.576489" lon="31.792697"><ele>86.8</ele></trkpt>
    <trkpt lat="36.576451" lon="31.793154"><ele>85.8</ele></trkpt>
    <trkpt lat="36.576402" lon="31.793608"><ele>84.7</ele></trkpt>
    <trkpt lat="36.576336" lon="31.794054"><ele>83.5</ele></trkpt>
    <trkpt lat="36.576248" lon="31.794490"><ele>82.1</ele></trkpt>
    <trkpt lat="36.576133" lon="31.794914"><ele>80.6</ele></trkpt>
    <trkpt lat="36.575991" lon="31.795326"><ele>79.1</ele></trkpt>
    <trkpt lat="36.575821" lon="31.795726"><ele>77.4</ele></trkpt>
    <trkpt lat="36.575626" lon="31.796115"><ele>75.8</ele></trkpt>
    <trkpt lat="36.575412" lon="31.796495"><ele>74.1</ele></trkpt>
    <trkpt lat="36.575185" lon="31.796869"><ele>72.4</ele></trkpt>
    <trkpt lat="36.574953" lon="31.797242"><ele>70.9</ele></trkpt>
    <trkpt lat="36.574725" lon="31.797616"><ele>69.4</ele></trkpt>
    <trkpt lat="36.574511" lon="31.797996"><ele>68.1</ele></trkpt>
    <trkpt lat="36.574317" lon="31.798385"><ele>66.9</ele></trkpt>
    <trkpt lat="36.574152" lon="31.798787"><ele>65.9</ele></trkpt>
    <trkpt lat="36.574019" lon="31.799203"><ele>65.2</ele></trkpt>
    <trkpt lat="36.573920" lon="31.799634"><ele>64.6</ele></trkpt>
    <trkpt lat="36.573855" lon="31.800081"><ele>64.3</ele></trkpt>
    <trkpt lat="36.573820" lon="31.800540"><ele>64.2</ele></trkpt>
    <trkpt lat="36.573810" lon="31.801011"><ele>64.4</ele></trkpt>
    <trkpt lat="36.573816" lon="31.801489"><ele>64.7</ele></trkpt>
    <trkpt lat="36.573829" lon="31.801969"><ele>65.3</ele></trkpt>
    <trkpt lat="36.573837" lon="31.802448"><ele>66.1</ele></trkpt>
    <trkpt lat="36.573831" lon="31.802920"><ele>67.0</ele></trkpt>
    <trkpt lat="36.573801" lon="31.803382"><ele>68.1</ele></trkpt>
    <trkpt lat="36.573740" lon="31.803830"><ele>69.2</ele></trkpt>
    <trkpt lat="36.573641" lon="31.804261"><ele>70.4</ele></trkpt>
    <trkpt lat="36.573503" lon="31.804675"><ele>71.6</ele></trkpt>
    <trkpt lat="36.573326" lon="31.805072"><ele>72.7</ele></trkpt>
    <trkpt lat="36.573113" lon="31.805453"><ele>73.8</ele></trkpt>
    <trkpt lat="36.572872" lon="31.805821"><ele>74.7</ele></trkpt>
    <trkpt lat="36.572612" lon="31.806181"><ele>75.5</ele></trkpt>
    <trkpt lat="36.572343" lon="31.806537"><ele>76.1</ele></trkpt>
    <trkpt lat="36.572077" lon="31.806894"><ele>76.5</ele></trkpt>
    <trkpt lat="36.571826" lon="31.807258"><ele>76.6</ele></trkpt>
    <trkpt lat="36.571599" lon="31.807633"><ele>76.4</ele></trkpt>
    <trkpt lat="36.571407" lon="31.808022"><ele>76.0</ele></trkpt>
    <trkpt lat="36.571254" lon="31.808430"><ele>75.3</ele></trkpt>
    <trkpt lat="36.571144" lon="31.808856"><ele>74.3</ele></trkpt>
    <trkpt lat="36.571077" lon="31.809301"><ele>73.0</ele></trkpt>
    <trkpt lat="36.571048" lon="31.809764"><ele>71.5</ele></trkpt>
    <trkpt lat="36.571052" lon="31.810240"><ele>69.7</ele></trkpt>
    <trkpt lat="36.571077" lon="31.810727"><ele>67.8</ele></trkpt>
    <trkpt lat="36.571114" lon="31.811218"><ele>65.7</ele></trkpt>
    <trkpt lat="36.571149" lon="31.811709"><ele>63.5</ele></trkpt>
    <trkpt lat="36.571171" lon="31.812193"><ele>61.2</ele></trkpt>
    <trkpt lat="36.571168" lon="31.812667"><ele>58.9</ele></trkpt>
    <trkpt lat="36.571131" lon="31.813126"><ele>56.7</ele></trkpt>
    <trkpt lat="36.571053" lon="31.813566"><ele>54.5</ele></trkpt>
    <trkpt lat="36.570930" lon="31.813987"><ele>52.4</ele></trkpt>
    <trkpt lat="36.570764" lon="31.814388"><ele>50.5</ele></trkpt>
    <trkpt lat="36.570557" lon="31.814771"><ele>48.7</ele></trkpt>
    <trkpt lat="36.570315" lon="31.815140"><ele>47.2</ele></trkpt>
    <trkpt lat="36.570050" lon="31.815497"><ele>46.0</ele></trkpt>
    <trkpt lat="36.569771" lon="31.815849"><ele>45.0</ele></trkpt>
    <trkpt lat="36.569491" lon="31.816200"><ele>44.3</ele></trkpt>
    <trkpt lat="36.569223" lon="31.816556"><ele>43.9</ele></trkpt>
    <trkpt lat="36.568979" lon="31.816923"><ele>43.8</ele></trkpt>
    <trkpt lat="36.568767" lon="31.817304"><ele>44.0</ele></trkpt>
    <trkpt lat="36.568596" lon="31.817703"><ele>44.5</ele></trkpt>
    <trkpt lat="36.568468" lon="31.818122"><ele>45.2</ele></trkpt>
    <trkpt lat="36.568384" lon="31.818560"><ele>46.1</ele></trkpt>
    <trkpt lat="36.568341" lon="31.819016"><ele>47.2</ele></trkpt>
    <trkpt lat="36.568333" lon="31.819487"><ele>48.4</ele></trkpt>
    <trkpt lat="36.568350" lon="31.819970"><ele>49.7</ele></trkpt>
    <trkpt lat="36.568382" lon="31.820459"><ele>51.0</ele></trkpt>
    <trkpt lat="36.568417" lon="31.820949"><ele>52.4</ele></trkpt>
    <trkpt lat="36.568442" lon="31.821436"><ele>53.7</ele></trkpt>
    <trkpt lat="36.568446" lon="31.821912"><ele>54.9</ele></trkpt>
    <trkpt lat="36.568419" lon="31.822376"><ele>55.9</ele></trkpt>
    <trkpt lat="36.568356" lon="31.822823"><ele>56.8</ele></trkpt>
    <trkpt lat="36.568251" lon="31.823251"><ele>57.5</ele></trkpt>
    <trkpt lat="36.568104" lon="31.823661"><ele>58.0</ele></trkpt>
    <trkpt lat="36.567918" lon="31.824054"><ele>58.2</ele></trkpt>
    <trkpt lat="36.567698" lon="31.824432"><ele>58.2</ele></trkpt>
    <trkpt lat="36.567453" lon="31.824798"><ele>57.8</ele></trkpt>
    <trkpt lat="36.567193" lon="31.825158"><ele>57.3</ele></trkpt>
    <trkpt lat="36.566929" lon="31.825516"><ele>56.4</ele></trkpt>
    <trkpt lat="36.566672" lon="31.825877"><ele>55.3</ele></trkpt>
    <trkpt lat="36.566433" lon="31.826247"><ele>54.0</ele></trkpt>
    <trkpt lat="36.566221" lon="31.826628"><ele>52.5</ele></trkpt>
    <trkpt lat="36.566042" lon="31.827023"><ele>50.8</ele></trkpt>
    <trkpt lat="36.565900" lon="31.827436"><ele>49.0</ele></trkpt>
    <trkpt lat="36.565796" lon="31.827865"><ele>47.0</ele></trkpt>
    <trkpt lat="36.565728" lon="31.828309"><ele>45.1</ele></trkpt>
    <trkpt lat="36.565690" lon="31.828768"><ele>43.1</ele></trkpt>
    <trkpt lat="36.565676" lon="31.829237"><ele>41.2</ele></trkpt>
    <trkpt lat="36.565677" lon="31.829712"><ele>39.3</ele></trkpt>
    <trkpt lat="36.565682" lon="31.830189"><ele>37.5</ele></trkpt>
    <trkpt lat="36.565682" lon="31.830664"><ele>35.9</ele></trkpt>
    <trkpt lat="36.565667" lon="31.831133"><ele>34.4</ele></trkpt>
    <trkpt lat="36.565630" lon="31.831591"><ele>33.1</ele></trkpt>
    <trkpt lat="36.565565" lon="31.832038"><ele>32.0</ele></trkpt>
    <trkpt lat="36.565468" lon="31.832470"><ele>31.1</ele></trkpt>
    <trkpt lat="36.565339" lon="31.832888"><ele>30.4</ele></trkpt>
    <trkpt lat="36.565180" lon="31.833292"><ele>29.9</ele></trkpt>
    <trkpt lat="36.564995" lon="31.833685"><ele>29.7</ele></trkpt>
    <trkpt lat="36.564789" lon="31.834069"><ele>29.6</ele></trkpt>
    <trkpt lat="36.564571" lon="31.834448"><ele>29.7</ele></trkpt>
    <trkpt lat="36.564348" lon="31.834824"><ele>30.0</ele></trkpt>
    <trkpt lat="36.564129" lon="31.835202"><ele>30.4</ele></trkpt>
    <trkpt lat="36.563922" lon="31.835585"><ele>30.9</ele></trkpt>
    <trkpt lat="36.563732" lon="31.835976"><ele>31.4</ele></trkpt>
    <trkpt lat="36.563565" lon="31.836377"><ele>32.0</ele></trkpt>
    <trkpt lat="36.563422" lon="31.836789"><ele>32.6</ele></trkpt>
    <trkpt lat="36.563305" lon="31.837212"><ele>33.2</ele></trkpt>
    <trkpt lat="36.563212" lon="31.837646"><ele>33.7</ele></trkpt>
    <trkpt lat="36.563138" lon="31.838089"><ele>34.2</ele></trkpt>
    <trkpt lat="36.563080" lon="31.838538"><ele>34.5</ele></trkpt>
    <trkpt lat="36.563031" lon="31.838991"><ele>34.8</ele></trkpt>
    <trkpt lat="36.562986" lon="31.839446"><ele>34.9</ele></trkpt>
    <trkpt lat="36.562936" lon="31.839899"><ele>34.9</ele></trkpt>
    <trkpt lat="36.562878" lon="31.840349"><ele>34.7</ele></trkpt>
    <trkpt lat="36.562807" lon="31.840792"><ele>34.4</ele></trkpt>
    <trkpt lat="36.562720" lon="31.841229"><ele>34.0</ele></trkpt>
    <trkpt lat="36.562615" lon="31.841657"><ele>33.4</ele></trkpt>
    <trkpt lat="36.562492" lon="31.842078"><ele>32.7</ele></trkpt>
    <trkpt lat="36.562354" lon="31.842492"><ele>32.0</ele></trkpt>
    <trkpt lat="36.562203" lon="31.842900"><ele>31.1</ele></trkpt>
    <trkpt lat="36.562043" lon="31.843304"><ele>30.2</ele></trkpt>
    <trkpt lat="36.561878" lon="31.843706"><ele>29.3</ele></trkpt>
    <trkpt lat="36.561713" lon="31.844108"><ele>28.3</ele></trkpt>
    <trkpt lat="36.561551" lon="31.844511"><ele>27.3</ele></trkpt>
    <trkpt lat="36.561397" lon="31.844918"><ele>26.4</ele></trkpt>
    <trkpt lat="36.561252" lon="31.845329"><ele>25.5</ele></trkpt>
    <trkpt lat="36.561117" lon="31.845744"><ele>24.6</ele></trkpt>
    <trkpt lat="36.560992" lon="31.846164"><ele>23.9</ele></trkpt>
    <trkpt lat="36.560877" lon="31.846588"><ele>23.2</ele></trkpt>
    <trkpt lat="36.560769" lon="31.847015"><ele>22.5</ele></trkpt>
    <trkpt lat="36.560665" lon="31.847444"><ele>22.0</ele></trkpt>
    <trkpt lat="36.560563" lon="31.847874"><ele>21.5</ele></trkpt>
    <trkpt lat="36.560460" lon="31.848304"><ele>21.1</ele></trkpt>
    <trkpt lat="36.560354" lon="31.848731"><ele>20.8</ele></trkpt>
    <trkpt lat="36.560242" lon="31.849157"><ele>20.5</ele></trkpt>
    <trkpt lat="36.560124" lon="31.849580"><ele>20.2</ele></trkpt>
    <trkpt lat="36.560000" lon="31.850000"><ele>20.0</ele></trkpt>
    <trkpt lat="36.559957" lon="31.850444"><ele>19.9</ele></trkpt>
    <trkpt lat="36.559915" lon="31.850889"><ele>19.7</ele></trkpt>
    <trkpt lat="36.559874" lon="31.851333"><ele>19.6</ele></trkpt>
    <trkpt lat="36.559832" lon="31.851778"><ele>19.5</ele></trkpt>
    <trkpt lat="36.559788" lon="31.852222"><ele>19.4</ele></trkpt>
    <trkpt lat="36.559740" lon="31.852665"><ele>19.4</ele></trkpt>
    <trkpt lat="36.559689" lon="31.853108"><ele>19.4</ele></trkpt>
    <trkpt lat="36.559633" lon="31.853550"><ele>19.4</ele></trkpt>
    <trkpt lat="36.559573" lon="31.853991"><ele>19.5</ele></trkpt>
    <trkpt lat="36.559510" lon="31.854432"><ele>19.6</ele></trkpt>
    <trkpt lat="36.559445" lon="31.854873"><ele>19.8</ele></trkpt>
    <trkpt lat="36.559380" lon="31.855313"><ele>20.0</ele></trkpt>
    <trkpt lat="36.559316" lon="31.855754"><ele>20.2</ele></trkpt>
    <trkpt lat="36.559256" lon="31.856195"><ele>20.4</ele></trkpt>
    <trkpt lat="36.559201" lon="31.856638"><ele>20.7</ele></trkpt>
    <trkpt lat="36.559153" lon="31.857081"><ele>20.9</ele></trkpt>
    <trkpt lat="36.559112" lon="31.857526"><ele>21.1</ele></trkpt>
    <trkpt lat="36.559080" lon="31.857972"><ele>21.3</ele></trkpt>
    <trkpt lat="36.559054" lon="31.858419"><ele>21.5</ele></trkpt>
    <trkpt lat="36.559035" lon="31.858867"><ele>21.6</ele></trkpt>
    <trkpt lat="36.559020" lon="31.859316"><ele>21.7</ele></trkpt>
    <trkpt lat="36.559006" lon="31.859765"><ele>21.7</ele></trkpt>
    <trkpt lat="36.558991" lon="31.860214"><ele>21.6</ele></trkpt>
    <trkpt lat="36.558971" lon="31.860662"><ele>21.5</ele></trkpt>
    <trkpt lat="36.558944" lon="31.861109"><ele>21.3</ele></trkpt>
    <trkpt lat="36.558908" lon="31.861554"><ele>21.0</ele></trkpt>
    <trkpt lat="36.558860" lon="31.861998"><ele>20.7</ele></trkpt>
    <trkpt lat="36.558801" lon="31.862439"><ele>20.3</ele></trkpt>
    <trkpt lat="36.558729" lon="31.862878"><ele>19.8</ele></trkpt>
    <trkpt lat="36.558646" lon="31.863316"><ele>19.3</ele></trkpt>
    <trkpt lat="36.558556" lon="31.863752"><ele>18.8</ele></trkpt>
    <trkpt lat="36.558459" lon="31.864188"><ele>18.2</ele></trkpt>
    <trkpt lat="36.558361" lon="31.864623"><ele>17.6</ele></trkpt>
    <trkpt lat="36.558266" lon="31.865058"><ele>17.0</ele></trkpt>
    <trkpt lat="36.558177" lon="31.865495"><ele>16.4</ele></trkpt>
    <trkpt lat="36.558098" lon="31.865933"><ele>15.9</ele></trkpt>
    <trkpt lat="36.558033" lon="31.866374"><ele>15.4</ele></trkpt>
    <trkpt lat="36.557983" lon="31.866817"><ele>15.0</ele></trkpt>
    <trkpt lat="36.557951" lon="31.867263"><ele>14.7</ele></trkpt>
    <trkpt lat="36.557934" lon="31.867711"><ele>14.5</ele></trkpt>
    <trkpt lat="36.557932" lon="31.868162"><ele>14.4</ele></trkpt>
    <trkpt lat="36.557941" lon="31.868615"><ele>14.3</ele></trkpt>
    <trkpt lat="36.557958" lon="31.869069"><ele>14.5</ele></trkpt>
    <trkpt lat="36.557977" lon="31.869524"><ele>14.7</ele></trkpt>
    <trkpt lat="36.557993" lon="31.869978"><ele>15.0</ele></trkpt>
    <trkpt lat="36.558001" lon="31.870431"><ele>15.5</ele></trkpt>
    <trkpt lat="36.557996" lon="31.870881"><ele>16.0</ele></trkpt>
    <trkpt lat="36.557975" lon="31.871329"><ele>16.7</ele></trkpt>
    <trkpt lat="36.557933" lon="31.871773"><ele>17.4</ele></trkpt>
    <trkpt lat="36.557871" lon="31.872214"><ele>18.2</ele></trkpt>
    <trkpt lat="36.557787" lon="31.872652"><ele>19.0</ele></trkpt>
    <trkpt lat="36.557686" lon="31.873087"><ele>19.8</ele></trkpt>
    <trkpt lat="36.557570" lon="31.873519"><ele>20.6</ele></trkpt>
    <trkpt lat="36.557443" lon="31.873949"><ele>21.4</ele></trkpt>
    <trkpt lat="36.557313" lon="31.874379"><ele>22.2</ele></trkpt>
    <trkpt lat="36.557186" lon="31.874809"><ele>22.9</ele></trkpt>
    <trkpt lat="36.557067" lon="31.875240"><ele>23.5</ele></trkpt>
    <trkpt lat="36.556964" lon="31.875675"><ele>24.0</ele></trkpt>
    <trkpt lat="36.556881" lon="31.876112"><ele>24.3</ele></trkpt>
    <trkpt lat="36.556820" lon="31.876553"><ele>24.5</ele></trkpt>
    <trkpt lat="36.556785" lon="31.876999"><ele>24.6</ele></trkpt>
    <trkpt lat="36.556775" lon="31.877449"><ele>24.5</ele></trkpt>
    <trkpt lat="36.556788" lon="31.877902"><ele>24.2</ele></trkpt>
    <trkpt lat="36.556818" lon="31.878359"><ele>23.8</ele></trkpt>
    <trkpt lat="36.556862" lon="31.878817"><ele>23.2</ele></trkpt>
    <trkpt lat="36.556912" lon="31.879277"><ele>22.4</ele></trkpt>
    <trkpt lat="36.556959" lon="31.879736"><ele>21.6</ele></trkpt>
    <trkpt lat="36.556998" lon="31.880194"><ele>20.6</ele></trkpt>
    <trkpt lat="36.557020" lon="31.880649"><ele>19.6</ele></trkpt>
    <trkpt lat="36.557020" lon="31.881100"><ele>18.4</ele></trkpt>
    <trkpt lat="36.556993" lon="31.881547"><ele>17.3</ele></trkpt>
    <trkpt lat="36.556937" lon="31.881989"><ele>16.1</ele></trkpt>
    <trkpt lat="36.556853" lon="31.882427"><ele>14.9</ele></trkpt>
    <trkpt lat="36.556741" lon="31.882860"><ele>13.8</ele></trkpt>
    <trkpt lat="36.556608" lon="31.883289"><ele>12.8</ele></trkpt>
    <trkpt lat="36.556458" lon="31.883715"><ele>11.8</ele></trkpt>
    <trkpt lat="36.556300" lon="31.884140"><ele>11.0</ele></trkpt>
    <trkpt lat="36.556143" lon="31.884565"><ele>10.4</ele></trkpt>
    <trkpt lat="36.555994" lon="31.884992"><ele>9.9</ele></trkpt>
    <trkpt lat="36.555862" lon="31.885422"><ele>9.6</ele></trkpt>
    <trkpt lat="36.555754" lon="31.885855"><ele>9.5</ele></trkpt>
    <trkpt lat="36.555676" lon="31.886293"><ele>9.6</ele></trkpt>
    <trkpt lat="36.555630" lon="31.886737"><ele>9.9</ele></trkpt>
    <trkpt lat="36.555616" lon="31.887186"><ele>10.4</ele></trkpt>
    <trkpt lat="36.555634" lon="31.887640"><ele>11.1</ele></trkpt>
    <trkpt lat="36.555677" lon="31.888099"><ele>11.9</ele></trkpt>
    <trkpt lat="36.555740" lon="31.888561"><ele>12.9</ele></trkpt>
    <trkpt lat="36.555814" lon="31.889025"><ele>14.1</ele></trkpt>
    <trkpt lat="36.555890" lon="31.889489"><ele>15.4</ele></trkpt>
    <trkpt lat="36.555958" lon="31.889951"><ele>16.7</ele></trkpt>
    <trkpt lat="36.556009" lon="31.890411"><ele>18.0</ele></trkpt>
    <trkpt lat="36.556034" lon="31.890867"><ele>19.4</ele></trkpt>
    <trkpt lat="36.556029" lon="31.891317"><ele>20.7</ele></trkpt>
    <trkpt lat="36.555988" lon="31.891762"><ele>22.0</ele></trkpt>
    <trkpt lat="36.555911" lon="31.892200"><ele>23.2</ele></trkpt>
    <trkpt lat="36.555800" lon="31.892633"><ele>24.2</ele></trkpt>
    <trkpt lat="36.555659" lon="31.893061"><ele>25.1</ele></trkpt>
    <trkpt lat="36.555495" lon="31.893485"><ele>25.8</ele></trkpt>
    <trkpt lat="36.555316" lon="31.893907"><ele>26.3</ele></trkpt>
    <trkpt lat="36.555133" lon="31.894328"><ele>26.5</ele></trkpt>
    <trkpt lat="36.554957" lon="31.894750"><ele>26.6</ele></trkpt>
    <trkpt lat="36.554797" lon="31.895175"><ele>26.4</ele></trkpt>
    <trkpt lat="36.554662" lon="31.895604"><ele>25.9</ele></trkpt>
    <trkpt lat="36.554560" lon="31.896038"><ele>25.2</ele></trkpt>
    <trkpt lat="36.554496" lon="31.896479"><ele>24.4</ele></trkpt>
    <trkpt lat="36.554470" lon="31.896926"><ele>23.3</ele></trkpt>
    <trkpt lat="36.554483" lon="31.897379"><ele>22.0</ele></trkpt>
    <trkpt lat="36.554529" lon="31.897838"><ele>20.6</ele></trkpt>
    <trkpt lat="36.554601" lon="31.898302"><ele>19.1</ele></trkpt>
    <trkpt lat="36.554692" lon="31.898768"><ele>17.5</ele></trkpt>
    <trkpt lat="36.554789" lon="31.899236"><ele>15.9</ele></trkpt>
    <trkpt lat="36.554882" lon="31.899703"><ele>14.2</ele></trkpt>
    <trkpt lat="36.554960" lon="31.900167"><ele>12.7</ele></trkpt>
    <trkpt lat="36.555013" lon="31.900627"><ele>11.2</ele></trkpt>
    <trkpt lat="36.555032" lon="31.901082"><ele>9.8</ele></trkpt>
    <trkpt lat="36.555013" lon="31.901530"><ele>8.6</ele></trkpt>
    <trkpt lat="36.554951" lon="31.901971"><ele>7.5</ele></trkpt>
    <trkpt lat="36.554850" lon="31.902405"><ele>6.7</ele></trkpt>
    <trkpt lat="36.554711" lon="31.902834"><ele>6.1</ele></trkpt>
    <trkpt lat="36.554542" lon="31.903257"><ele>5.8</ele></trkpt>
    <trkpt lat="36.554352" lon="31.903677"><ele>5.7</ele></trkpt>
    <trkpt lat="36.554151" lon="31.904095"><ele>5.9</ele></trkpt>
    <trkpt lat="36.553953" lon="31.904513"><ele>6.3</ele></trkpt>
    <trkpt lat="36.553768" lon="31.904934"><ele>7.0</ele></trkpt>
    <trkpt lat="36.553607" lon="31.905358"><ele>8.0</ele></trkpt>
    <trkpt lat="36.553480" lon="31.905788"><ele>9.1</ele></trkpt>
    <trkpt lat="36.553393" lon="31.906225"><ele>10.5</ele></trkpt>
    <trkpt lat="36.553348" lon="31.906669"><ele>12.0</ele></trkpt>
    <trkpt lat="36.553347" lon="31.907121"><ele>13.6</ele></trkpt>
    <trkpt lat="36.553386" lon="31.907578"><ele>15.3</ele></trkpt>
    <trkpt lat="36.553459" lon="31.908042"><ele>17.0</ele></trkpt>
    <trkpt lat="36.553556" lon="31.908509"><ele>18.7</ele></trkpt>
    <trkpt lat="36.553666" lon="31.908979"><ele>20.3</ele></trkpt>
    <trkpt lat="36.553777" lon="31.909449"><ele>21.9</ele></trkpt>
    <trkpt lat="36.553877" lon="31.909917"><ele>23.3</ele></trkpt>
    <trkpt lat="36.553954" lon="31.910381"><ele>24.6</ele></trkpt>
    <trkpt lat="36.553998" lon="31.910840"><ele>25.6</ele></trkpt>
    <trkpt lat="36.554003" lon="31.911292"><ele>26.4</ele></trkpt>
    <trkpt lat="36.553963" lon="31.911737"><ele>27.0</ele></trkpt>
    <trkpt lat="36.553878" lon="31.912174"><ele>27.3</ele></trkpt>
    <trkpt lat="36.553750" lon="31.912604"><ele>27.3</ele></trkpt>
    <trkpt lat="36.553586" lon="31.913028"><ele>27.0</ele></trkpt>
    <trkpt lat="36.553395" lon="31.913448"><ele>26.4</ele></trkpt>
    <trkpt lat="36.553187" lon="31.913864"><ele>25.6</ele></trkpt>
    <trkpt lat="36.552975" lon="31.914281"><ele>24.5</ele></trkpt>
    <trkpt lat="36.552771" lon="31.914698"><ele>23.2</ele></trkpt>
    <trkpt lat="36.552589" lon="31.915119"><ele>21.7</ele></trkpt>
    <trkpt lat="36.552438" lon="31.915545"><ele>20.1</ele></trkpt>
    <trkpt lat="36.552326" lon="31.915978"><ele>18.3</ele></trkpt>
    <trkpt lat="36.552259" lon="31.916418"><ele>16.5</ele></trkpt>
    <trkpt lat="36.552238" lon="31.916866"><ele>14.6</ele></trkpt>
    <trkpt lat="36.552262" lon="31.917322"><ele>12.8</ele></trkpt>
    <trkpt lat="36.552325" lon="31.917783"><ele>11.0</ele></trkpt>
    <trkpt lat="36.552418" lon="31.918250"><ele>9.3</ele></trkpt>
    <trkpt lat="36.552531" lon="31.918720"><ele>7.8</ele></trkpt>
    <trkpt lat="36.552651" lon="31.919192"><ele>6.4</ele></trkpt>
    <trkpt lat="36.552765" lon="31.919662"><ele>5.3</ele></trkpt>
    <trkpt lat="36.552861" lon="31.920129"><ele>4.4</ele></trkpt>
    <trkpt lat="36.552927" lon="31.920592"><ele>3.8</ele></trkpt>
    <trkpt lat="36.552955" lon="31.921048"><ele>3.5</ele></trkpt>
    <trkpt lat="36.552938" lon="31.921497"><ele>3.4</ele></trkpt>
    <trkpt lat="36.552875" lon="31.921937"><ele>3.6</ele></trkpt>
    <trkpt lat="36.552766" lon="31.922371"><ele>4.2</ele></trkpt>
    <trkpt lat="36.552616" lon="31.922797"><ele>5.0</ele></trkpt>
    <trkpt lat="36.552433" lon="31.923218"><ele>6.0</ele></trkpt>
    <trkpt lat="36.552228" lon="31.923635"><ele>7.3</ele></trkpt>
    <trkpt lat="36.552012" lon="31.924051"><ele>8.8</ele></trkpt>
    <trkpt lat="36.551799" lon="31.924466"><ele>10.4</ele></trkpt>
    <trkpt lat="36.551601" lon="31.924885"><ele>12.1</ele></trkpt>
    <trkpt lat="36.551431" lon="31.925308"><ele>13.9</ele></trkpt>
    <trkpt lat="36.551297" lon="31.925737"><ele>15.8</ele></trkpt>
    <trkpt lat="36.551207" lon="31.926174"><ele>17.6</ele></trkpt>
    <trkpt lat="36.551164" lon="31.926618"><ele>19.3</ele></trkpt>
    <trkpt lat="36.551166" lon="31.927070"><ele>20.9</ele></trkpt>
    <trkpt lat="36.551212" lon="31.927528"><ele>22.4</ele></trkpt>
    <trkpt lat="36.551292" lon="31.927993"><ele>23.7</ele></trkpt>
    <trkpt lat="36.551397" lon="31.928462"><ele>24.8</ele></trkpt>
    <trkpt lat="36.551516" lon="31.928933"><ele>25.6</ele></trkpt>
    <trkpt lat="36.551635" lon="31.929404"><ele>26.1</ele></trkpt>
    <trkpt lat="36.551741" lon="31.929873"><ele>26.4</ele></trkpt>
    <trkpt lat="36.551823" lon="31.930338"><ele>26.4</ele></trkpt>
    <trkpt lat="36.551870" lon="31.930798"><ele>26.0</ele></trkpt>
    <trkpt lat="36.551876" lon="31.931250"><ele>25.4</ele></trkpt>
    <trkpt lat="36.551836" lon="31.931695"><ele>24.6</ele></trkpt>
    <trkpt lat="36.551749" lon="31.932132"><ele>23.5</ele></trkpt>
    <trkpt lat="36.551620" lon="31.932562"><ele>22.1</ele></trkpt>
    <trkpt lat="36.551454" lon="31.932985"><ele>20.6</ele></trkpt>
    <trkpt lat="36.551260" lon="31.933404"><ele>19.0</ele></trkpt>
    <trkpt lat="36.551051" lon="31.933821"><ele>17.2</ele></trkpt>
    <trkpt lat="36.550838" lon="31.934237"><ele>15.4</ele></trkpt>
    <trkpt lat="36.550635" lon="31.934655"><ele>13.5</ele></trkpt>
    <trkpt lat="36.550453" lon="31.935076"><ele>11.7</ele></trkpt>
    <trkpt lat="36.550303" lon="31.935502"><ele>9.9</ele></trkpt>
    <trkpt lat="36.550193" lon="31.935935"><ele>8.3</ele></trkpt>
    <trkpt lat="36.550127" lon="31.936375"><ele>6.8</ele></trkpt>
    <trkpt lat="36.550106" lon="31.936823"><ele>5.5</ele></trkpt>
    <trkpt lat="36.550128" lon="31.937278"><ele>4.5</ele></trkpt>
    <trkpt lat="36.550188" lon="31.937740"><ele>3.6</ele></trkpt>
    <trkpt lat="36.550277" lon="31.938206"><ele>3.1</ele></trkpt>
    <trkpt lat="36.550385" lon="31.938675"><ele>2.8</ele></trkpt>
    <trkpt lat="36.550498" lon="31.939145"><ele>2.7</ele></trkpt>
    <trkpt lat="36.550605" lon="31.939615"><ele>3.0</ele></trkpt>
    <trkpt lat="36.550694" lon="31.940081"><ele>3.5</ele></trkpt>
    <trkpt lat="36.550754" lon="31.940542"><ele>4.3</ele></trkpt>
    <trkpt lat="36.550777" lon="31.940997"><ele>5.3</ele></trkpt>
    <trkpt lat="36.550759" lon="31.941446"><ele>6.5</ele></trkpt>
    <trkpt lat="36.550696" lon="31.941887"><ele>7.9</ele></trkpt>
    <trkpt lat="36.550590" lon="31.942320"><ele>9.5</ele></trkpt>
    <trkpt lat="36.550447" lon="31.942748"><ele>11.1</ele></trkpt>
    <trkpt lat="36.550274" lon="31.943171"><ele>12.8</ele></trkpt>
    <trkpt lat="36.550080" lon="31.943590"><ele>14.4</ele></trkpt>
    <trkpt lat="36.549878" lon="31.944007"><ele>16.1</ele></trkpt>
    <trkpt lat="36.549679" lon="31.944426"><ele>17.7</ele></trkpt>
    <trkpt lat="36.549495" lon="31.944847"><ele>19.1</ele></trkpt>
    <trkpt lat="36.549337" lon="31.945272"><ele>20.5</ele></trkpt>
    <trkpt lat="36.549212" lon="31.945702"><ele>21.6</ele></trkpt>
    <trkpt lat="36.549127" lon="31.946139"><ele>22.5</ele></trkpt>
    <trkpt lat="36.549083" lon="31.946583"><ele>23.2</ele></trkpt>
    <trkpt lat="36.549081" lon="31.947035"><ele>23.7</ele></trkpt>
    <trkpt lat="36.549117" lon="31.947492"><ele>23.9</ele></trkpt>
    <trkpt lat="36.549182" lon="31.947954"><ele>23.8</ele></trkpt>
    <trkpt lat="36.549270" lon="31.948420"><ele>23.5</ele></trkpt>
    <trkpt lat="36.549368" lon="31.948888"><ele>23.0</ele></trkpt>
    <trkpt lat="36.549466" lon="31.949355"><ele>22.2</ele></trkpt>
    <trkpt lat="36.549552" lon="31.949821"><ele>21.2</ele></trkpt>
    <trkpt lat="36.549616" lon="31.950283"><ele>20.0</ele></trkpt>
    <trkpt lat="36.549649" lon="31.950740"><ele>18.6</ele></trkpt>
    <trkpt lat="36.549646" lon="31.951191"><ele>17.2</ele></trkpt>
    <trkpt lat="36.549605" lon="31.951635"><ele>15.7</ele></trkpt>
    <trkpt lat="36.549523" lon="31.952073"><ele>14.1</ele></trkpt>
    <trkpt lat="36.549406" lon="31.952505"><ele>12.5</ele></trkpt>
    <trkpt lat="36.549258" lon="31.952932"><ele>11.0</ele></trkpt>
    <trkpt lat="36.549088" lon="31.953355"><ele>9.5</ele></trkpt>
    <trkpt lat="36.548905" lon="31.953776"><ele>8.1</ele></trkpt>
    <trkpt lat="36.548721" lon="31.954197"><ele>6.9</ele></trkpt>
    <trkpt lat="36.548545" lon="31.954619"><ele>5.8</ele></trkpt>
    <trkpt lat="36.548387" lon="31.955044"><ele>4.9</ele></trkpt>
    <trkpt lat="36.548257" lon="31.955473"><ele>4.3</ele></trkpt>
    <trkpt lat="36.548159" lon="31.955909"><ele>3.8</ele></trkpt>
    <trkpt lat="36.548097" lon="31.956350"><ele>3.6</ele></trkpt>
    <trkpt lat="36.548072" lon="31.956797"><ele>3.6</ele></trkpt>
    <trkpt lat="36.548081" lon="31.957250"><ele>3.9</ele></trkpt>
    <trkpt lat="36.548120" lon="31.957708"><ele>4.3</ele></trkpt>
    <trkpt lat="36.548181" lon="31.958169"><ele>5.0</ele></trkpt>
    <trkpt lat="36.548256" lon="31.958633"><ele>5.8</ele></trkpt>
    <trkpt lat="36.548335" lon="31.959098"><ele>6.8</ele></trkpt>
    <trkpt lat="36.548408" lon="31.959561"><ele>7.9</ele></trkpt>
    <trkpt lat="36.548466" lon="31.960022"><ele>9.2</ele></trkpt>
    <trkpt lat="36.548501" lon="31.960479"><ele>10.4</ele></trkpt>
    <trkpt lat="36.548507" lon="31.960932"><ele>11.7</ele></trkpt>
    <trkpt lat="36.548480" lon="31.961378"><ele>13.0</ele></trkpt>
    <trkpt lat="36.548419" lon="31.961820"><ele>14.3</ele></trkpt>
    <trkpt lat="36.548327" lon="31.962256"><ele>15.5</ele></trkpt>
    <trkpt lat="36.548207" lon="31.962687"><ele>16.6</ele></trkpt>
    <trkpt lat="36.548065" lon="31.963115"><ele>17.6</ele></trkpt>
    <trkpt lat="36.547908" lon="31.963540"><ele>18.4</ele></trkpt>
    <trkpt lat="36.547747" lon="31.963965"><ele>19.1</ele></trkpt>
    <trkpt lat="36.547589" lon="31.964390"><ele>19.6</ele></trkpt>
    <trkpt lat="36.547442" lon="31.964817"><ele>19.9</ele></trkpt>
    <trkpt lat="36.547315" lon="31.965247"><ele>20.0</ele></trkpt>
    <trkpt lat="36.547214" lon="31.965682"><ele>19.9</ele></trkpt>
    <trkpt lat="36.547140" lon="31.966121"><ele>19.6</ele></trkpt>
    <trkpt lat="36.547097" lon="31.966565"><ele>19.1</ele></trkpt>
    <trkpt lat="36.547083" lon="31.967014"><ele>18.5</ele></trkpt>
    <trkpt lat="36.547095" lon="31.967467"><ele>17.8</ele></trkpt>
    <trkpt lat="36.547127" lon="31.967924"><ele>16.9</ele></trkpt>
    <trkpt lat="36.547173" lon="31.968383"><ele>15.9</ele></trkpt>
    <trkpt lat="36.547225" lon="31.968843"><ele>14.8</ele></trkpt>
    <trkpt lat="36.547276" lon="31.969303"><ele>13.8</ele></trkpt>
    <trkpt lat="36.547318" lon="31.969761"><ele>12.6</ele></trkpt>
    <trkpt lat="36.547344" lon="31.970217"><ele>11.5</ele></trkpt>
    <trkpt lat="36.547349" lon="31.970669"><ele>10.5</ele></trkpt>
    <trkpt lat="36.547330" lon="31.971117"><ele>9.5</ele></trkpt>
    <trkpt lat="36.547284" lon="31.971561"><ele>8.6</ele></trkpt>
    <trkpt lat="36.547213" lon="31.972001"><ele>7.8</ele></trkpt>
    <trkpt lat="36.547119" lon="31.972436"><ele>7.1</ele></trkpt>
    <trkpt lat="36.547006" lon="31.972869"><ele>6.5</ele></trkpt>
    <trkpt lat="36.546880" lon="31.973299"><ele>6.1</ele></trkpt>
    <trkpt lat="36.546747" lon="31.973729"><ele>5.9</ele></trkpt>
    <trkpt lat="36.546615" lon="31.974158"><ele>5.8</ele></trkpt>
    <trkpt lat="36.546489" lon="31.974589"><ele>5.8</ele></trkpt>
    <trkpt lat="36.546376" lon="31.975021"><ele>6.0</ele></trkpt>
    <trkpt lat="36.546280" lon="31.975456"><ele>6.3</ele></trkpt>
    <trkpt lat="36.546204" lon="31.975895"><ele>6.8</ele></trkpt>
    <trkpt lat="36.546150" lon="31.976338"><ele>7.3</ele></trkpt>
    <trkpt lat="36.546118" lon="31.976784"><ele>7.9</ele></trkpt>
    <trkpt lat="36.546105" lon="31.977233"><ele>8.6</ele></trkpt>
    <trkpt lat="36.546108" lon="31.977685"><ele>9.4</ele></trkpt>
    <trkpt lat="36.546124" lon="31.978139"><ele>10.1</ele></trkpt>
    <trkpt lat="36.546145" lon="31.978594"><ele>10.9</ele></trkpt>
    <trkpt lat="36.546167" lon="31.979049"><ele>11.6</ele></trkpt>
    <trkpt lat="36.546185" lon="31.979503"><ele>12.3</ele></trkpt>
    <trkpt lat="36.546193" lon="31.979956"><ele>13.0</ele></trkpt>
    <trkpt lat="36.546187" lon="31.980406"><ele>13.5</ele></trkpt>
    <trkpt lat="36.546165" lon="31.980854"><ele>14.0</ele></trkpt>
    <trkpt lat="36.546126" lon="31.981299"><ele>14.4</ele></trkpt>
    <trkpt lat="36.546069" lon="31.981741"><ele>14.7</ele></trkpt>
    <trkpt lat="36.545997" lon="31.982180"><ele>14.9</ele></trkpt>
    <trkpt lat="36.545911" lon="31.982617"><ele>15.0</ele></trkpt>
    <trkpt lat="36.545816" lon="31.983053"><ele>15.0</ele></trkpt>
    <trkpt lat="36.545715" lon="31.983487"><ele>14.8</ele></trkpt>
    <trkpt lat="36.545614" lon="31.983922"><ele>14.6</ele></trkpt>
    <trkpt lat="36.545516" lon="31.984357"><ele>14.3</ele></trkpt>
    <trkpt lat="36.545425" lon="31.984793"><ele>14.0</ele></trkpt>
    <trkpt lat="36.545344" lon="31.985231"><ele>13.6</ele></trkpt>
    <trkpt lat="36.545276" lon="31.985671"><ele>13.1</ele></trkpt>
    <trkpt lat="36.545220" lon="31.986113"><ele>12.6</ele></trkpt>
    <trkpt lat="36.545178" lon="31.986557"><ele>12.1</ele></trkpt>
    <trkpt lat="36.545147" lon="31.987004"><ele>11.6</ele></trkpt>
    <trkpt lat="36.545125" lon="31.987451"><ele>11.1</ele></trkpt>
    <trkpt lat="36.545111" lon="31.987900"><ele>10.6</ele></trkpt>
    <trkpt lat="36.545100" lon="31.988350"><ele>10.2</ele></trkpt>
    <trkpt lat="36.545089" lon="31.988800"><ele>9.8</ele></trkpt>
    <trkpt lat="36.545076" lon="31.989249"><ele>9.4</ele></trkpt>
    <trkpt lat="36.545058" lon="31.989697"><ele>9.2</ele></trkpt>
    <trkpt lat="36.545033" lon="31.990144"><ele>9.0</ele></trkpt>
    <trkpt lat="36.544999" lon="31.990590"><ele>8.8</ele></trkpt>
    <trkpt lat="36.544956" lon="31.991034"><ele>8.7</ele></trkpt>
    <trkpt lat="36.544905" lon="31.991477"><ele>8.7</ele></trkpt>
    <trkpt lat="36.544847" lon="31.991919"><ele>8.7</ele></trkpt>
    <trkpt lat="36.544784" lon="31.992360"><ele>8.8</ele></trkpt>
    <trkpt lat="36.544716" lon="31.992800"><ele>8.9</ele></trkpt>
    <trkpt lat="36.544648" lon="31.993240"><ele>9.0</ele></trkpt>
    <trkpt lat="36.544579" lon="31.993680"><ele>9.2</ele></trkpt>
    <trkpt lat="36.544514" lon="31.994120"><ele>9.4</ele></trkpt>
    <trkpt lat="36.544452" lon="31.994561"><ele>9.6</ele></trkpt>
    <trkpt lat="36.544395" lon="31.995003"><ele>9.7</ele></trkpt>
    <trkpt lat="36.544343" lon="31.995446"><ele>9.9</ele></trkpt>
    <trkpt lat="36.544295" lon="31.995890"><ele>10.0</ele></trkpt>
    <trkpt lat="36.544252" lon="31.996334"><ele>10.1</ele></trkpt>
    <trkpt lat="36.544211" lon="31.996778"><ele>10.2</ele></trkpt>
    <trkpt lat="36.544171" lon="31.997223"><ele>10.2</ele></trkpt>
    <trkpt lat="36.544131" lon="31.997668"><ele>10.2</ele></trkpt>
    <trkpt lat="36.544090" lon="31.998112"><ele>10.2</ele></trkpt>
    <trkpt lat="36.544047" lon="31.998556"><ele>10.1</ele></trkpt>
    <trkpt lat="36.544000" lon="31.999000"><ele>10.0</ele></trkpt>
    </trkseg>
  </trk>
</gpx>
