<?xml version="1.0" encoding="UTF-8"?>
<gpx version="1.1" creator="tripplanner (sketch line from researched control points)" xmlns="http://www.topografix.com/GPX/1/1">
  <metadata>
    <name>taurus-coast-cols — Alanya → Taşkent</name>
    <desc>100.0 km, 2750 m. Sketch line through researched control points, calibrated to 100 km / 2750 m of road — drawn, not routed.</desc>
  </metadata>
  <trk>
    <name>taurus-coast-cols — Alanya → Taşkent</name>
    <trkseg>
    <trkpt lat="36.544000" lon="31.999000"><ele>10.0</ele></trkpt>
    <trkpt lat="36.544093" lon="31.999434"><ele>10.7</ele></trkpt>
    <trkpt lat="36.544220" lon="31.999861"><ele>11.8</ele></trkpt>
    <trkpt lat="36.544330" lon="32.000292"><ele>13.0</ele></trkpt>
    <trkpt lat="36.544370" lon="32.000738"><ele>14.2</ele></trkpt>
    <trkpt lat="36.544322" lon="32.001204"><ele>15.0</ele></trkpt>
    <trkpt lat="36.544218" lon="32.001683"><ele>15.3</ele></trkpt>
    <trkpt lat="36.544135" lon="32.002158"><ele>15.1</ele></trkpt>
    <trkpt lat="36.544156" lon="32.002609"><ele>14.3</ele></trkpt>
    <trkpt lat="36.544332" lon="32.003024"><ele>13.1</ele></trkpt>
    <trkpt lat="36.544648" lon="32.003408"><ele>11.9</ele></trkpt>
    <trkpt lat="36.545015" lon="32.003780"><ele>10.9</ele></trkpt>
    <trkpt lat="36.545308" lon="32.004169"><ele>10.6</ele></trkpt>
    <trkpt lat="36.545412" lon="32.004601"><ele>11.2</ele></trkpt>
    <trkpt lat="36.545280" lon="32.005087"><ele>12.8</ele></trkpt>
    <trkpt lat="36.544963" lon="32.005614"><ele>15.3</ele></trkpt>
    <trkpt lat="36.544598" lon="32.006152"><ele>18.6</ele></trkpt>
    <trkpt lat="36.544361" lon="32.006661"><ele>22.3</ele></trkpt>
    <trkpt lat="36.544392" lon="32.007110"><ele>25.7</ele></trkpt>
    <trkpt lat="36.544732" lon="32.007488"><ele>28.5</ele></trkpt>
    <trkpt lat="36.545299" lon="32.007815"><ele>30.1</ele></trkpt>
    <trkpt lat="36.545906" lon="32.008133"><ele>30.2</ele></trkpt>
    <trkpt lat="36.546337" lon="32.008491"><ele>28.9</ele></trkpt>
    <trkpt lat="36.546428" lon="32.008926"><ele>26.3</ele></trkpt>
    <trkpt lat="36.546144" lon="32.009446"><ele>22.8</ele></trkpt>
    <trkpt lat="36.545600" lon="32.010024"><ele>19.1</ele></trkpt>
    <trkpt lat="36.545023" lon="32.010611"><ele>15.8</ele></trkpt>
    <trkpt lat="36.544669" lon="32.011146"><ele>13.6</ele></trkpt>
    <trkpt lat="36.544716" lon="32.011591"><ele>13.0</ele></trkpt>
    <trkpt lat="36.545191" lon="32.011939"><ele>14.2</ele></trkpt>
    <trkpt lat="36.545953" lon="32.012222"><ele>17.3</ele></trkpt>
    <trkpt lat="36.546738" lon="32.012499"><ele>21.8</ele></trkpt>
    <trkpt lat="36.547263" lon="32.012836"><ele>27.3</ele></trkpt>
    <trkpt lat="36.547335" lon="32.013275"><ele>33.0</ele></trkpt>
    <trkpt lat="36.546938" lon="32.013821"><ele>38.0</ele></trkpt>
    <trkpt lat="36.546235" lon="32.014435"><ele>41.6</ele></trkpt>
    <trkpt lat="36.545521" lon="32.015053"><ele>43.3</ele></trkpt>
    <trkpt lat="36.545098" lon="32.015604"><ele>42.9</ele></trkpt>
    <trkpt lat="36.545164" lon="32.016045"><ele>40.4</ele></trkpt>
    <trkpt lat="36.545729" lon="32.016372"><ele>36.3</ele></trkpt>
    <trkpt lat="36.546608" lon="32.016628"><ele>31.3</ele></trkpt>
    <trkpt lat="36.547488" lon="32.016884"><ele>26.3</ele></trkpt>
    <trkpt lat="36.548054" lon="32.017211"><ele>22.0</ele></trkpt>
    <trkpt lat="36.548106" lon="32.017655"><ele>19.4</ele></trkpt>
    <trkpt lat="36.547646" lon="32.018215"><ele>18.8</ele></trkpt>
    <trkpt lat="36.546872" lon="32.018846"><ele>20.5</ele></trkpt>
    <trkpt lat="36.546107" lon="32.019475"><ele>24.4</ele></trkpt>
    <trkpt lat="36.545672" lon="32.020029"><ele>29.8</ele></trkpt>
    <trkpt lat="36.545758" lon="32.020465"><ele>36.0</ele></trkpt>
    <trkpt lat="36.546357" lon="32.020785"><ele>42.2</ele></trkpt>
    <trkpt lat="36.547260" lon="32.021035"><ele>47.5</ele></trkpt>
    <trkpt lat="36.548144" lon="32.021290"><ele>51.1</ele></trkpt>
    <trkpt lat="36.548693" lon="32.021621"><ele>52.6</ele></trkpt>
    <trkpt lat="36.548726" lon="32.022069"><ele>51.8</ele></trkpt>
    <trkpt lat="36.548263" lon="32.022630"><ele>49.1</ele></trkpt>
    <trkpt lat="36.547512" lon="32.023256"><ele>44.8</ele></trkpt>
    <trkpt lat="36.546791" lon="32.023874"><ele>39.9</ele></trkpt>
    <trkpt lat="36.546400" lon="32.024419"><ele>35.1</ele></trkpt>
    <trkpt lat="36.546504" lon="32.024851"><ele>31.3</ele></trkpt>
    <trkpt lat="36.547075" lon="32.025177"><ele>29.1</ele></trkpt>
    <trkpt lat="36.547908" lon="32.025443"><ele>28.9</ele></trkpt>
    <trkpt lat="36.548702" lon="32.025719"><ele>30.8</ele></trkpt>
    <trkpt lat="36.549181" lon="32.026066"><ele>34.4</ele></trkpt>
    <trkpt lat="36.549199" lon="32.026517"><ele>39.3</ele></trkpt>
    <trkpt lat="36.548792" lon="32.027065"><ele>44.6</ele></trkpt>
    <trkpt lat="36.548157" lon="32.027664"><ele>49.8</ele></trkpt>
    <trkpt lat="36.547569" lon="32.028253"><ele>54.0</ele></trkpt>
    <trkpt lat="36.547272" lon="32.028776"><ele>56.7</ele></trkpt>
    <trkpt lat="36.547388" lon="32.029205"><ele>57.7</ele></trkpt>
    <trkpt lat="36.547874" lon="32.029550"><ele>57.0</ele></trkpt>
    <trkpt lat="36.548550" lon="32.029853"><ele>54.9</ele></trkpt>
    <trkpt lat="36.549172" lon="32.030167"><ele>51.8</ele></trkpt>
    <trkpt lat="36.549535" lon="32.030540"><ele>48.5</ele></trkpt>
    <trkpt lat="36.549544" lon="32.030994"><ele>45.5</ele></trkpt>
    <trkpt lat="36.549249" lon="32.031516"><ele>43.3</ele></trkpt>
    <trkpt lat="36.548809" lon="32.032071"><ele>42.4</ele></trkpt>
    <trkpt lat="36.548427" lon="32.032613"><ele>42.8</ele></trkpt>
    <trkpt lat="36.548265" lon="32.033106"><ele>44.4</ele></trkpt>
    <trkpt lat="36.548385" lon="32.033534"><ele>46.9</ele></trkpt>
    <trkpt lat="36.548737" lon="32.033910"><ele>50.0</ele></trkpt>
    <trkpt lat="36.549184" lon="32.034264"><ele>53.2</ele></trkpt>
    <trkpt lat="36.549572" lon="32.034631"><ele>55.9</ele></trkpt>
    <trkpt lat="36.549787" lon="32.035038"><ele>58.0</ele></trkpt>
    <trkpt lat="36.549796" lon="32.035491"><ele>59.2</ele></trkpt>
    <trkpt lat="36.549655" lon="32.035979"><ele>59.6</ele></trkpt>
    <trkpt lat="36.549468" lon="32.036477"><ele>59.3</ele></trkpt>
    <trkpt lat="36.549342" lon="32.036961"><ele>58.6</ele></trkpt>
    <trkpt lat="36.549338" lon="32.037417"><ele>57.8</ele></trkpt>
    <trkpt lat="36.549454" lon="32.037846"><ele>57.2</ele></trkpt>
    <trkpt lat="36.549636" lon="32.038261"><ele>57.0</ele></trkpt>
    <trkpt lat="36.549813" lon="32.038676"><ele>57.3</ele></trkpt>
    <trkpt lat="36.549931" lon="32.039105"><ele>58.0</ele></trkpt>
    <trkpt lat="36.549982" lon="32.039549"><ele>59.0</ele></trkpt>
    <trkpt lat="36.550000" lon="32.040000"><ele>60.0</ele></trkpt>
    <trkpt lat="36.550360" lon="32.040021"><ele>60.9</ele></trkpt>
    <trkpt lat="36.550718" lon="32.040061"><ele>61.9</ele></trkpt>
    <trkpt lat="36.551076" lon="32.040121"><ele>63.1</ele></trkpt>
    <trkpt lat="36.551434" lon="32.040185"><ele>64.3</ele></trkpt>
    <trkpt lat="36.551792" lon="32.040229"><ele>65.6</ele></trkpt>
    <trkpt lat="36.552153" lon="32.040235"><ele>66.9</ele></trkpt>
    <trkpt lat="36.552515" lon="32.040204"><ele>68.1</ele></trkpt>
    <trkpt lat="36.552879" lon="32.040155"><ele>69.2</ele></trkpt>
    <trkpt lat="36.553241" lon="32.040123"><ele>70.0</ele></trkpt>
    <trkpt lat="36.553601" lon="32.040142"><ele>70.7</ele></trkpt>
    <trkpt lat="36.553958" lon="32.040228"><ele>71.1</ele></trkpt>
    <trkpt lat="36.554311" lon="32.040370"><ele>71.5</ele></trkpt>
    <trkpt lat="36.554663" lon="32.040527"><ele>71.9</ele></trkpt>
    <trkpt lat="36.555018" lon="32.040647"><ele>72.4</ele></trkpt>
    <trkpt lat="36.555377" lon="32.040684"><ele>73.2</ele></trkpt>
    <trkpt lat="36.555741" lon="32.040625"><ele>74.3</ele></trkpt>
    <trkpt lat="36.556109" lon="32.040493"><ele>75.7</ele></trkpt>
    <trkpt lat="36.556477" lon="32.040348"><ele>77.4</ele></trkpt>
    <trkpt lat="36.556843" lon="32.040261"><ele>79.4</ele></trkpt>
    <trkpt lat="36.557202" lon="32.040286"><ele>81.5</ele></trkpt>
    <trkpt lat="36.557555" lon="32.040439"><ele>83.5</ele></trkpt>
    <trkpt lat="36.557903" lon="32.040680"><ele>85.3</ele></trkpt>
    <trkpt lat="36.558250" lon="32.040933"><ele>86.6</ele></trkpt>
    <trkpt lat="36.558602" lon="32.041107"><ele>87.5</ele></trkpt>
    <trkpt lat="36.558961" lon="32.041137"><ele>87.8</ele></trkpt>
    <trkpt lat="36.559329" lon="32.041012"><ele>87.7</ele></trkpt>
    <trkpt lat="36.559702" lon="32.040781"><ele>87.3</ele></trkpt>
    <trkpt lat="36.560076" lon="32.040541"><ele>86.9</ele></trkpt>
    <trkpt lat="36.560444" lon="32.040400"><ele>86.6</ele></trkpt>
    <trkpt lat="36.560803" lon="32.040434"><ele>86.7</ele></trkpt>
    <trkpt lat="36.561153" lon="32.040652"><ele>87.3</ele></trkpt>
    <trkpt lat="36.561495" lon="32.040992"><ele>88.6</ele></trkpt>
    <trkpt lat="36.561837" lon="32.041338"><ele>90.5</ele></trkpt>
    <trkpt lat="36.562186" lon="32.041565"><ele>93.0</ele></trkpt>
    <trkpt lat="36.562546" lon="32.041586"><ele>95.8</ele></trkpt>
    <trkpt lat="36.562917" lon="32.041395"><ele>98.7</ele></trkpt>
    <trkpt lat="36.563296" lon="32.041067"><ele>101.4</ele></trkpt>
    <trkpt lat="36.563674" lon="32.040735"><ele>103.6</ele></trkpt>
    <trkpt lat="36.564046" lon="32.040544"><ele>105.0</ele></trkpt>
    <trkpt lat="36.564404" lon="32.040586"><ele>105.7</ele></trkpt>
    <trkpt lat="36.564750" lon="32.040870"><ele>105.5</ele></trkpt>
    <trkpt lat="36.565087" lon="32.041306"><ele>104.7</ele></trkpt>
    <trkpt lat="36.565425" lon="32.041742"><ele>103.5</ele></trkpt>
    <trkpt lat="36.565771" lon="32.042018"><ele>102.3</ele></trkpt>
    <trkpt lat="36.566131" lon="32.042030"><ele>101.3</ele></trkpt>
    <trkpt lat="36.566506" lon="32.041774"><ele>101.0</ele></trkpt>
    <trkpt lat="36.566889" lon="32.041351"><ele>101.5</ele></trkpt>
    <trkpt lat="36.567273" lon="32.040931"><ele>103.0</ele></trkpt>
    <trkpt lat="36.567646" lon="32.040692"><ele>105.4</ele></trkpt>
    <trkpt lat="36.568004" lon="32.040745"><ele>108.6</ele></trkpt>
    <trkpt lat="36.568347" lon="32.041093"><ele>112.2</ele></trkpt>
    <trkpt lat="36.568679" lon="32.041621"><ele>115.9</ele></trkpt>
    <trkpt lat="36.569012" lon="32.042143"><ele>119.2</ele></trkpt>
    <trkpt lat="36.569356" lon="32.042465"><ele>121.8</ele></trkpt>
    <trkpt lat="36.569716" lon="32.042466"><ele>123.3</ele></trkpt>
    <trkpt lat="36.570094" lon="32.042147"><ele>123.8</ele></trkpt>
    <trkpt lat="36.570483" lon="32.041634"><ele>123.1</ele></trkpt>
    <trkpt lat="36.570871" lon="32.041131"><ele>121.6</ele></trkpt>
    <trkpt lat="36.571247" lon="32.040847"><ele>119.7</ele></trkpt>
    <trkpt lat="36.571604" lon="32.040911"><ele>117.7</ele></trkpt>
    <trkpt lat="36.571943" lon="32.041321"><ele>116.1</ele></trkpt>
    <trkpt lat="36.572271" lon="32.041938"><ele>115.4</ele></trkpt>
    <trkpt lat="36.572600" lon="32.042541"><ele>115.8</ele></trkpt>
    <trkpt lat="36.572941" lon="32.042905"><ele>117.5</ele></trkpt>
    <trkpt lat="36.573302" lon="32.042895"><ele>120.5</ele></trkpt>
    <trkpt lat="36.573684" lon="32.042515"><ele>124.3</ele></trkpt>
    <trkpt lat="36.574077" lon="32.041915"><ele>128.7</ele></trkpt>
    <trkpt lat="36.574469" lon="32.041334"><ele>133.1</ele></trkpt>
    <trkpt lat="36.574847" lon="32.041009"><ele>136.9</ele></trkpt>
    <trkpt lat="36.575204" lon="32.041086"><ele>139.8</ele></trkpt>
    <trkpt lat="36.575540" lon="32.041555"><ele>141.5</ele></trkpt>
    <trkpt lat="36.575863" lon="32.042256"><ele>141.7</ele></trkpt>
    <trkpt lat="36.576187" lon="32.042934"><ele>140.6</ele></trkpt>
    <trkpt lat="36.576527" lon="32.043337"><ele>138.5</ele></trkpt>
    <trkpt lat="36.576889" lon="32.043315"><ele>135.8</ele></trkpt>
    <trkpt lat="36.577273" lon="32.042877"><ele>133.1</ele></trkpt>
    <trkpt lat="36.577671" lon="32.042196"><ele>131.0</ele></trkpt>
    <trkpt lat="36.578067" lon="32.041542"><ele>130.0</ele></trkpt>
    <trkpt lat="36.578447" lon="32.041181"><ele>130.4</ele></trkpt>
    <trkpt lat="36.578803" lon="32.041270"><ele>132.3</ele></trkpt>
    <trkpt lat="36.579136" lon="32.041795"><ele>135.6</ele></trkpt>
    <trkpt lat="36.579455" lon="32.042574"><ele>140.1</ele></trkpt>
    <trkpt lat="36.579775" lon="32.043322"><ele>145.1</ele></trkpt>
    <trkpt lat="36.580113" lon="32.043760"><ele>150.1</ele></trkpt>
    <trkpt lat="36.580476" lon="32.043724"><ele>154.5</ele></trkpt>
    <trkpt lat="36.580863" lon="32.043232"><ele>157.7</ele></trkpt>
    <trkpt lat="36.581264" lon="32.042476"><ele>159.4</ele></trkpt>
    <trkpt lat="36.581664" lon="32.041756"><ele>159.4</ele></trkpt>
    <trkpt lat="36.582046" lon="32.041363"><ele>157.9</ele></trkpt>
    <trkpt lat="36.582401" lon="32.041465"><ele>155.2</ele></trkpt>
    <trkpt lat="36.582731" lon="32.042043"><ele>151.9</ele></trkpt>
    <trkpt lat="36.583046" lon="32.042893"><ele>148.7</ele></trkpt>
    <trkpt lat="36.583364" lon="32.043703"><ele>146.1</ele></trkpt>
    <trkpt lat="36.583700" lon="32.044171"><ele>144.8</ele></trkpt>
    <trkpt lat="36.584063" lon="32.044122"><ele>145.1</ele></trkpt>
    <trkpt lat="36.584453" lon="32.043579"><ele>147.2</ele></trkpt>
    <trkpt lat="36.584858" lon="32.042756"><ele>151.0</ele></trkpt>
    <trkpt lat="36.585261" lon="32.041977"><ele>156.0</ele></trkpt>
    <trkpt lat="36.585645" lon="32.041556"><ele>161.6</ele></trkpt>
    <trkpt lat="36.585999" lon="32.041671"><ele>167.1</ele></trkpt>
    <trkpt lat="36.586326" lon="32.042297"><ele>171.9</ele></trkpt>
    <trkpt lat="36.586638" lon="32.043212"><ele>175.4</ele></trkpt>
    <trkpt lat="36.586953" lon="32.044077"><ele>177.1</ele></trkpt>
    <trkpt lat="36.587287" lon="32.044571"><ele>176.9</ele></trkpt>
    <trkpt lat="36.587651" lon="32.044509"><ele>175.0</ele></trkpt>
    <trkpt lat="36.588044" lon="32.043920"><ele>171.9</ele></trkpt>
    <trkpt lat="36.588452" lon="32.043036"><ele>168.1</ele></trkpt>
    <trkpt lat="36.588858" lon="32.042205"><ele>164.3</ele></trkpt>
    <trkpt lat="36.589242" lon="32.041761"><ele>161.4</ele></trkpt>
    <trkpt lat="36.589596" lon="32.041889"><ele>159.8</ele></trkpt>
    <trkpt lat="36.589921" lon="32.042560"><ele>160.2</ele></trkpt>
    <trkpt lat="36.590230" lon="32.043531"><ele>162.4</ele></trkpt>
    <trkpt lat="36.590542" lon="32.044444"><ele>166.5</ele></trkpt>
    <trkpt lat="36.590875" lon="32.044958"><ele>171.9</ele></trkpt>
    <trkpt lat="36.591240" lon="32.044883"><ele>178.0</ele></trkpt>
    <trkpt lat="36.591635" lon="32.044253"><ele>184.0</ele></trkpt>
    <trkpt lat="36.592046" lon="32.043316"><ele>189.1</ele></trkpt>
    <trkpt lat="36.592454" lon="32.042442"><ele>192.8</ele></trkpt>
    <trkpt lat="36.592840" lon="32.041979"><ele>194.5</ele></trkpt>
    <trkpt lat="36.593193" lon="32.042121"><ele>194.2</ele></trkpt>
    <trkpt lat="36.593516" lon="32.042829"><ele>192.0</ele></trkpt>
    <trkpt lat="36.593822" lon="32.043849"><ele>188.4</ele></trkpt>
    <trkpt lat="36.594132" lon="32.044802"><ele>184.2</ele></trkpt>
    <trkpt lat="36.594464" lon="32.045332"><ele>180.0</ele></trkpt>
    <trkpt lat="36.594830" lon="32.045244"><ele>176.8</ele></trkpt>
    <trkpt lat="36.595226" lon="32.044578"><ele>175.2</ele></trkpt>
    <trkpt lat="36.595640" lon="32.043597"><ele>175.5</ele></trkpt>
    <trkpt lat="36.596050" lon="32.042688"><ele>177.9</ele></trkpt>
    <trkpt lat="36.596436" lon="32.042211"><ele>182.3</ele></trkpt>
    <trkpt lat="36.596789" lon="32.042366"><ele>188.0</ele></trkpt>
    <trkpt lat="36.597110" lon="32.043107"><ele>194.5</ele></trkpt>
    <trkpt lat="36.597414" lon="32.044166"><ele>200.8</ele></trkpt>
    <trkpt lat="36.597722" lon="32.045150"><ele>206.1</ele></trkpt>
    <trkpt lat="36.598054" lon="32.045691"><ele>209.9</ele></trkpt>
    <trkpt lat="36.598420" lon="32.045591"><ele>211.6</ele></trkpt>
    <trkpt lat="36.598818" lon="32.044895"><ele>211.1</ele></trkpt>
    <trkpt lat="36.599234" lon="32.043879"><ele>208.7</ele></trkpt>
    <trkpt lat="36.599645" lon="32.042943"><ele>204.9</ele></trkpt>
    <trkpt lat="36.600032" lon="32.042458"><ele>200.3</ele></trkpt>
    <trkpt lat="36.600384" lon="32.042624"><ele>195.9</ele></trkpt>
    <trkpt lat="36.600703" lon="32.043393"><ele>192.5</ele></trkpt>
    <trkpt lat="36.601006" lon="32.044482"><ele>190.8</ele></trkpt>
    <trkpt lat="36.601312" lon="32.045489"><ele>191.1</ele></trkpt>
    <trkpt lat="36.601644" lon="32.046036"><ele>193.7</ele></trkpt>
    <trkpt lat="36.602011" lon="32.045924"><ele>198.2</ele></trkpt>
    <trkpt lat="36.602410" lon="32.045204"><ele>204.2</ele></trkpt>
    <trkpt lat="36.602827" lon="32.044162"><ele>210.9</ele></trkpt>
    <trkpt lat="36.603239" lon="32.043208"><ele>217.4</ele></trkpt>
    <trkpt lat="36.603626" lon="32.042720"><ele>222.9</ele></trkpt>
    <trkpt lat="36.603978" lon="32.042897"><ele>226.7</ele></trkpt>
    <trkpt lat="36.604296" lon="32.043686"><ele>228.4</ele></trkpt>
    <trkpt lat="36.604598" lon="32.044797"><ele>227.8</ele></trkpt>
    <trkpt lat="36.604904" lon="32.045817"><ele>225.2</ele></trkpt>
    <trkpt lat="36.605235" lon="32.046365"><ele>221.2</ele></trkpt>
    <trkpt lat="36.605603" lon="32.046243"><ele>216.5</ele></trkpt>
    <trkpt lat="36.606003" lon="32.045506"><ele>212.0</ele></trkpt>
    <trkpt lat="36.606421" lon="32.044448"><ele>208.5</ele></trkpt>
    <trkpt lat="36.606833" lon="32.043484"><ele>206.7</ele></trkpt>
    <trkpt lat="36.607220" lon="32.042997"><ele>207.1</ele></trkpt>
    <trkpt lat="36.607571" lon="32.043184"><ele>209.7</ele></trkpt>
    <trkpt lat="36.607889" lon="32.043987"><ele>214.4</ele></trkpt>
    <trkpt lat="36.608190" lon="32.045110"><ele>220.5</ele></trkpt>
    <trkpt lat="36.608496" lon="32.046134"><ele>227.3</ele></trkpt>
    <trkpt lat="36.608827" lon="32.046679"><ele>233.9</ele></trkpt>
    <trkpt lat="36.609195" lon="32.046547"><ele>239.4</ele></trkpt>
    <trkpt lat="36.609596" lon="32.045800"><ele>243.2</ele></trkpt>
    <trkpt lat="36.610014" lon="32.044735"><ele>244.8</ele></trkpt>
    <trkpt lat="36.610427" lon="32.043771"><ele>244.2</ele></trkpt>
    <trkpt lat="36.610814" lon="32.043290"><ele>241.5</ele></trkpt>
    <trkpt lat="36.611164" lon="32.043486"><ele>237.4</ele></trkpt>
    <trkpt lat="36.611481" lon="32.044295"><ele>232.7</ele></trkpt>
    <trkpt lat="36.611782" lon="32.045420"><ele>228.1</ele></trkpt>
    <trkpt lat="36.612088" lon="32.046440"><ele>224.7</ele></trkpt>
    <trkpt lat="36.612420" lon="32.046977"><ele>222.9</ele></trkpt>
    <trkpt lat="36.612788" lon="32.046837"><ele>223.4</ele></trkpt>
    <trkpt lat="36.613190" lon="32.046087"><ele>226.1</ele></trkpt>
    <trkpt lat="36.613608" lon="32.045024"><ele>230.8</ele></trkpt>
    <trkpt lat="36.614020" lon="32.044069"><ele>236.9</ele></trkpt>
    <trkpt lat="36.614406" lon="32.043598"><ele>243.7</ele></trkpt>
    <trkpt lat="36.614756" lon="32.043801"><ele>250.2</ele></trkpt>
    <trkpt lat="36.615073" lon="32.044611"><ele>255.7</ele></trkpt>
    <trkpt lat="36.615374" lon="32.045728"><ele>259.4</ele></trkpt>
    <trkpt lat="36.615681" lon="32.046735"><ele>260.9</ele></trkpt>
    <trkpt lat="36.616014" lon="32.047260"><ele>260.3</ele></trkpt>
    <trkpt lat="36.616383" lon="32.047113"><ele>257.6</ele></trkpt>
    <trkpt lat="36.616784" lon="32.046366"><ele>253.6</ele></trkpt>
    <trkpt lat="36.617201" lon="32.045317"><ele>248.9</ele></trkpt>
    <trkpt lat="36.617612" lon="32.044379"><ele>244.5</ele></trkpt>
    <trkpt lat="36.617997" lon="32.043922"><ele>241.1</ele></trkpt>
    <trkpt lat="36.618347" lon="32.044131"><ele>239.5</ele></trkpt>
    <trkpt lat="36.618665" lon="32.044934"><ele>240.0</ele></trkpt>
    <trkpt lat="36.618967" lon="32.046033"><ele>242.7</ele></trkpt>
    <trkpt lat="36.619275" lon="32.047019"><ele>247.4</ele></trkpt>
    <trkpt lat="36.619608" lon="32.047527"><ele>253.4</ele></trkpt>
    <trkpt lat="36.619977" lon="32.047376"><ele>260.0</ele></trkpt>
    <trkpt lat="36.620378" lon="32.046639"><ele>266.3</ele></trkpt>
    <trkpt lat="36.620794" lon="32.045612"><ele>271.6</ele></trkpt>
    <trkpt lat="36.621204" lon="32.044700"><ele>275.2</ele></trkpt>
    <trkpt lat="36.621588" lon="32.044262"><ele>276.7</ele></trkpt>
    <trkpt lat="36.621938" lon="32.044474"><ele>276.0</ele></trkpt>
    <trkpt lat="36.622256" lon="32.045263"><ele>273.5</ele></trkpt>
    <trkpt lat="36.622559" lon="32.046335"><ele>269.6</ele></trkpt>
    <trkpt lat="36.622869" lon="32.047291"><ele>265.2</ele></trkpt>
    <trkpt lat="36.623204" lon="32.047778"><ele>261.0</ele></trkpt>
    <trkpt lat="36.623573" lon="32.047625"><ele>257.8</ele></trkpt>
    <trkpt lat="36.623972" lon="32.046905"><ele>256.4</ele></trkpt>
    <trkpt lat="36.624387" lon="32.045910"><ele>257.0</ele></trkpt>
    <trkpt lat="36.624795" lon="32.045032"><ele>259.6</ele></trkpt>
    <trkpt lat="36.625178" lon="32.044617"><ele>264.2</ele></trkpt>
    <trkpt lat="36.625527" lon="32.044831"><ele>269.9</ele></trkpt>
    <trkpt lat="36.625847" lon="32.045598"><ele>276.3</ele></trkpt>
    <trkpt lat="36.626152" lon="32.046634"><ele>282.3</ele></trkpt>
    <trkpt lat="36.626464" lon="32.047552"><ele>287.4</ele></trkpt>
    <trkpt lat="36.626800" lon="32.048015"><ele>290.8</ele></trkpt>
    <trkpt lat="36.627169" lon="32.047861"><ele>292.2</ele></trkpt>
    <trkpt lat="36.627567" lon="32.047166"><ele>291.5</ele></trkpt>
    <trkpt lat="36.627979" lon="32.046212"><ele>289.2</ele></trkpt>
    <trkpt lat="36.628385" lon="32.045375"><ele>285.6</ele></trkpt>
    <trkpt lat="36.628767" lon="32.044986"><ele>281.5</ele></trkpt>
    <trkpt lat="36.629116" lon="32.045200"><ele>277.6</ele></trkpt>
    <trkpt lat="36.629438" lon="32.045939"><ele>274.8</ele></trkpt>
    <trkpt lat="36.629745" lon="32.046930"><ele>273.6</ele></trkpt>
    <trkpt lat="36.630059" lon="32.047802"><ele>274.2</ele></trkpt>
    <trkpt lat="36.630397" lon="32.048237"><ele>276.8</ele></trkpt>
    <trkpt lat="36.630766" lon="32.048085"><ele>281.1</ele></trkpt>
    <trkpt lat="36.631162" lon="32.047421"><ele>286.6</ele></trkpt>
    <trkpt lat="36.631572" lon="32.046517"><ele>292.5</ele></trkpt>
    <trkpt lat="36.631975" lon="32.045730"><ele>298.2</ele></trkpt>
    <trkpt lat="36.632355" lon="32.045370"><ele>302.9</ele></trkpt>
    <trkpt lat="36.632705" lon="32.045580"><ele>306.0</ele></trkpt>
    <trkpt lat="36.633028" lon="32.046285"><ele>307.3</ele></trkpt>
    <trkpt lat="36.633339" lon="32.047222"><ele>306.8</ele></trkpt>
    <trkpt lat="36.633655" lon="32.048041"><ele>304.7</ele></trkpt>
    <trkpt lat="36.633995" lon="32.048445"><ele>301.5</ele></trkpt>
    <trkpt lat="36.634363" lon="32.048297"><ele>297.8</ele></trkpt>
    <trkpt lat="36.634758" lon="32.047672"><ele>294.4</ele></trkpt>
    <trkpt lat="36.635164" lon="32.046825"><ele>292.0</ele></trkpt>
    <trkpt lat="36.635564" lon="32.046094"><ele>291.0</ele></trkpt>
    <trkpt lat="36.635943" lon="32.045767"><ele>291.8</ele></trkpt>
    <trkpt lat="36.636293" lon="32.045972"><ele>294.3</ele></trkpt>
    <trkpt lat="36.636618" lon="32.046636"><ele>298.3</ele></trkpt>
    <trkpt lat="36.636932" lon="32.047510"><ele>303.3</ele></trkpt>
    <trkpt lat="36.637252" lon="32.048270"><ele>308.7</ele></trkpt>
    <trkpt lat="36.637593" lon="32.048641"><ele>313.9</ele></trkpt>
    <trkpt lat="36.637962" lon="32.048499"><ele>318.1</ele></trkpt>
    <trkpt lat="36.638354" lon="32.047918"><ele>321.0</ele></trkpt>
    <trkpt lat="36.638756" lon="32.047137"><ele>322.2</ele></trkpt>
    <trkpt lat="36.639153" lon="32.046469"><ele>321.8</ele></trkpt>
    <trkpt lat="36.639530" lon="32.046176"><ele>320.0</ele></trkpt>
    <trkpt lat="36.639880" lon="32.046374"><ele>317.3</ele></trkpt>
    <trkpt lat="36.640208" lon="32.046991"><ele>314.2</ele></trkpt>
    <trkpt lat="36.640526" lon="32.047795"><ele>311.4</ele></trkpt>
    <trkpt lat="36.640849" lon="32.048489"><ele>309.4</ele></trkpt>
    <trkpt lat="36.641192" lon="32.048824"><ele>308.8</ele></trkpt>
    <trkpt lat="36.641560" lon="32.048691"><ele>309.6</ele></trkpt>
    <trkpt lat="36.641949" lon="32.048160"><ele>312.0</ele></trkpt>
    <trkpt lat="36.642348" lon="32.047453"><ele>315.6</ele></trkpt>
    <trkpt lat="36.642741" lon="32.046854"><ele>320.1</ele></trkpt>
    <trkpt lat="36.643116" lon="32.046597"><ele>324.9</ele></trkpt>
    <trkpt lat="36.643467" lon="32.046785"><ele>329.4</ele></trkpt>
    <trkpt lat="36.643797" lon="32.047348"><ele>333.2</ele></trkpt>
    <trkpt lat="36.644119" lon="32.048076"><ele>335.7</ele></trkpt>
    <trkpt lat="36.644447" lon="32.048699"><ele>336.9</ele></trkpt>
    <trkpt lat="36.644792" lon="32.048997"><ele>336.6</ele></trkpt>
    <trkpt lat="36.645159" lon="32.048874"><ele>335.2</ele></trkpt>
    <trkpt lat="36.645545" lon="32.048400"><ele>333.1</ele></trkpt>
    <trkpt lat="36.645940" lon="32.047773"><ele>330.6</ele></trkpt>
    <trkpt lat="36.646329" lon="32.047247"><ele>328.5</ele></trkpt>
    <trkpt lat="36.646702" lon="32.047029"><ele>327.0</ele></trkpt>
    <trkpt lat="36.647053" lon="32.047205"><ele>326.7</ele></trkpt>
    <trkpt lat="36.647387" lon="32.047709"><ele>327.6</ele></trkpt>
    <trkpt lat="36.647713" lon="32.048353"><ele>329.8</ele></trkpt>
    <trkpt lat="36.648045" lon="32.048901"><ele>333.0</ele></trkpt>
    <trkpt lat="36.648392" lon="32.049159"><ele>336.9</ele></trkpt>
    <trkpt lat="36.648759" lon="32.049050"><ele>341.0</ele></trkpt>
    <trkpt lat="36.649142" lon="32.048637"><ele>344.8</ele></trkpt>
    <trkpt lat="36.649532" lon="32.048096"><ele>348.0</ele></trkpt>
    <trkpt lat="36.649916" lon="32.047648"><ele>350.2</ele></trkpt>
    <trkpt lat="36.650287" lon="32.047469"><ele>351.3</ele></trkpt>
    <trkpt lat="36.650639" lon="32.047631"><ele>351.3</ele></trkpt>
    <trkpt lat="36.650976" lon="32.048071"><ele>350.3</ele></trkpt>
    <trkpt lat="36.651308" lon="32.048627"><ele>348.8</ele></trkpt>
    <trkpt lat="36.651643" lon="32.049095"><ele>347.1</ele></trkpt>
    <trkpt lat="36.651992" lon="32.049313"><ele>345.7</ele></trkpt>
    <trkpt lat="36.652358" lon="32.049220"><ele>344.8</ele></trkpt>
    <trkpt lat="36.652738" lon="32.048872"><ele>344.9</ele></trkpt>
    <trkpt lat="36.653123" lon="32.048423"><ele>345.9</ele></trkpt>
    <trkpt lat="36.653503" lon="32.048056"><ele>347.8</ele></trkpt>
    <trkpt lat="36.653872" lon="32.047918"><ele>350.5</ele></trkpt>
    <trkpt lat="36.654225" lon="32.048063"><ele>353.7</ele></trkpt>
    <trkpt lat="36.654566" lon="32.048435"><ele>357.0</ele></trkpt>
    <trkpt lat="36.654902" lon="32.048897"><ele>360.2</ele></trkpt>
    <trkpt lat="36.655242" lon="32.049282"><ele>362.7</ele></trkpt>
    <trkpt lat="36.655593" lon="32.049460"><ele>364.6</ele></trkpt>
    <trkpt lat="36.655958" lon="32.049384"><ele>365.6</ele></trkpt>
    <trkpt lat="36.656334" lon="32.049107"><ele>365.8</ele></trkpt>
    <trkpt lat="36.656714" lon="32.048753"><ele>365.4</ele></trkpt>
    <trkpt lat="36.657090" lon="32.048471"><ele>364.6</ele></trkpt>
    <trkpt lat="36.657456" lon="32.048374"><ele>363.7</ele></trkpt>
    <trkpt lat="36.657810" lon="32.048499"><ele>363.0</ele></trkpt>
    <trkpt lat="36.658155" lon="32.048800"><ele>362.8</ele></trkpt>
    <trkpt lat="36.658496" lon="32.049164"><ele>363.1</ele></trkpt>
    <trkpt lat="36.658841" lon="32.049463"><ele>364.2</ele></trkpt>
    <trkpt lat="36.659195" lon="32.049600"><ele>365.9</ele></trkpt>
    <trkpt lat="36.659559" lon="32.049545"><ele>368.1</ele></trkpt>
    <trkpt lat="36.659930" lon="32.049341"><ele>370.6</ele></trkpt>
    <trkpt lat="36.660305" lon="32.049087"><ele>373.1</ele></trkpt>
    <trkpt lat="36.660676" lon="32.048891"><ele>375.4</ele></trkpt>
    <trkpt lat="36.661040" lon="32.048834"><ele>377.3</ele></trkpt>
    <trkpt lat="36.661396" lon="32.048939"><ele>378.8</ele></trkpt>
    <trkpt lat="36.661744" lon="32.049165"><ele>379.7</ele></trkpt>
    <trkpt lat="36.662091" lon="32.049428"><ele>380.2</ele></trkpt>
    <trkpt lat="36.662441" lon="32.049640"><ele>380.4</ele></trkpt>
    <trkpt lat="36.662796" lon="32.049736"><ele>380.3</ele></trkpt>
    <trkpt lat="36.663159" lon="32.049703"><ele>380.3</ele></trkpt>
    <trkpt lat="36.663527" lon="32.049575"><ele>380.4</ele></trkpt>
    <trkpt lat="36.663896" lon="32.049423"><ele>380.8</ele></trkpt>
    <trkpt lat="36.664263" lon="32.049315"><ele>381.5</ele></trkpt>
    <trkpt lat="36.664624" lon="32.049299"><ele>382.7</ele></trkpt>
    <trkpt lat="36.664981" lon="32.049381"><ele>384.1</ele></trkpt>
    <trkpt lat="36.665334" lon="32.049529"><ele>385.7</ele></trkpt>
    <trkpt lat="36.665686" lon="32.049690"><ele>387.4</ele></trkpt>
    <trkpt lat="36.666040" lon="32.049813"><ele>389.0</ele></trkpt>
    <trkpt lat="36.666398" lon="32.049869"><ele>390.5</ele></trkpt>
    <trkpt lat="36.666760" lon="32.049859"><ele>391.9</ele></trkpt>
    <trkpt lat="36.667123" lon="32.049811"><ele>392.9</ele></trkpt>
    <trkpt lat="36.667487" lon="32.049761"><ele>393.8</ele></trkpt>
    <trkpt lat="36.667848" lon="32.049743"><ele>394.6</ele></trkpt>
    <trkpt lat="36.668208" lon="32.049766"><ele>395.3</ele></trkpt>
    <trkpt lat="36.668566" lon="32.049823"><ele>396.1</ele></trkpt>
    <trkpt lat="36.668923" lon="32.049891"><ele>396.9</ele></trkpt>
    <trkpt lat="36.669281" lon="32.049948"><ele>397.8</ele></trkpt>
    <trkpt lat="36.669640" lon="32.049983"><ele>398.9</ele></trkpt>
    <trkpt lat="36.670000" lon="32.050000"><ele>400.0</ele></trkpt>
    <trkpt lat="36.670226" lon="32.050350"><ele>401.5</ele></trkpt>
    <trkpt lat="36.670467" lon="32.050683"><ele>403.0</ele></trkpt>
    <trkpt lat="36.670730" lon="32.050991"><ele>404.6</ele></trkpt>
    <trkpt lat="36.671007" lon="32.051284"><ele>406.5</ele></trkpt>
    <trkpt lat="36.671277" lon="32.051585"><ele>408.5</ele></trkpt>
    <trkpt lat="36.671517" lon="32.051919"><ele>410.7</ele></trkpt>
    <trkpt lat="36.671716" lon="32.052298"><ele>413.0</ele></trkpt>
    <trkpt lat="36.671882" lon="32.052715"><ele>415.1</ele></trkpt>
    <trkpt lat="36.672041" lon="32.053139"><ele>417.1</ele></trkpt>
    <trkpt lat="36.672231" lon="32.053528"><ele>418.6</ele></trkpt>
    <trkpt lat="36.672482" lon="32.053851"><ele>419.9</ele></trkpt>
    <trkpt lat="36.672800" lon="32.054098"><ele>420.7</ele></trkpt>
    <trkpt lat="36.673162" lon="32.054296"><ele>421.3</ele></trkpt>
    <trkpt lat="36.673523" lon="32.054496"><ele>421.8</ele></trkpt>
    <trkpt lat="36.673829" lon="32.054757"><ele>422.4</ele></trkpt>
    <trkpt lat="36.674045" lon="32.055118"><ele>423.3</ele></trkpt>
    <trkpt lat="36.674167" lon="32.055582"><ele>424.8</ele></trkpt>
    <trkpt lat="36.674234" lon="32.056108"><ele>426.8</ele></trkpt>
    <trkpt lat="36.674311" lon="32.056624"><ele>429.4</ele></trkpt>
    <trkpt lat="36.674466" lon="32.057052"><ele>432.5</ele></trkpt>
    <trkpt lat="36.674741" lon="32.057347"><ele>435.9</ele></trkpt>
    <trkpt lat="36.675134" lon="32.057512"><ele>439.4</ele></trkpt>
    <trkpt lat="36.675593" lon="32.057602"><ele>442.6</ele></trkpt>
    <trkpt lat="36.676035" lon="32.057713"><ele>445.3</ele></trkpt>
    <trkpt lat="36.676376" lon="32.057935"><ele>447.3</ele></trkpt>
    <trkpt lat="36.676567" lon="32.058323"><ele>448.4</ele></trkpt>
    <trkpt lat="36.676616" lon="32.058869"><ele>448.7</ele></trkpt>
    <trkpt lat="36.676589" lon="32.059500"><ele>448.3</ele></trkpt>
    <trkpt lat="36.676587" lon="32.060102"><ele>447.6</ele></trkpt>
    <trkpt lat="36.676708" lon="32.060569"><ele>446.9</ele></trkpt>
    <trkpt lat="36.677007" lon="32.060837"><ele>446.5</ele></trkpt>
    <trkpt lat="36.677472" lon="32.060922"><ele>446.9</ele></trkpt>
    <trkpt lat="36.678022" lon="32.060911"><ele>448.3</ele></trkpt>
    <trkpt lat="36.678540" lon="32.060936"><ele>450.7</ele></trkpt>
    <trkpt lat="36.678914" lon="32.061122"><ele>454.2</ele></trkpt>
    <trkpt lat="36.679082" lon="32.061536"><ele>458.5</ele></trkpt>
    <trkpt lat="36.679062" lon="32.062159"><ele>463.2</ele></trkpt>
    <trkpt lat="36.678946" lon="32.062888"><ele>467.8</ele></trkpt>
    <trkpt lat="36.678871" lon="32.063572"><ele>472.0</ele></trkpt>
    <trkpt lat="36.678961" lon="32.064073"><ele>475.2</ele></trkpt>
    <trkpt lat="36.679282" lon="32.064317"><ele>477.2</ele></trkpt>
    <trkpt lat="36.679813" lon="32.064328"><ele>477.8</ele></trkpt>
    <trkpt lat="36.680448" lon="32.064223"><ele>477.3</ele></trkpt>
    <trkpt lat="36.681036" lon="32.064171"><ele>475.8</ele></trkpt>
    <trkpt lat="36.681439" lon="32.064324"><ele>473.9</ele></trkpt>
    <trkpt lat="36.681586" lon="32.064762"><ele>472.1</ele></trkpt>
    <trkpt lat="36.681502" lon="32.065455"><ele>470.9</ele></trkpt>
    <trkpt lat="36.681307" lon="32.066272"><ele>470.8</ele></trkpt>
    <trkpt lat="36.681165" lon="32.067031"><ele>472.2</ele></trkpt>
    <trkpt lat="36.681227" lon="32.067562"><ele>475.1</ele></trkpt>
    <trkpt lat="36.681569" lon="32.067783"><ele>479.3</ele></trkpt>
    <trkpt lat="36.682160" lon="32.067728"><ele>484.6</ele></trkpt>
    <trkpt lat="36.682870" lon="32.067539"><ele>490.4</ele></trkpt>
    <trkpt lat="36.683521" lon="32.067418"><ele>496.1</ele></trkpt>
    <trkpt lat="36.683950" lon="32.067542"><ele>501.0</ele></trkpt>
    <trkpt lat="36.684077" lon="32.068001"><ele>504.6</ele></trkpt>
    <trkpt lat="36.683938" lon="32.068756"><ele>506.6</ele></trkpt>
    <trkpt lat="36.683672" lon="32.069652"><ele>506.8</ele></trkpt>
    <trkpt lat="36.683472" lon="32.070475"><ele>505.6</ele></trkpt>
    <trkpt lat="36.683510" lon="32.071033"><ele>503.2</ele></trkpt>
    <trkpt lat="36.683870" lon="32.071234"><ele>500.3</ele></trkpt>
    <trkpt lat="36.684512" lon="32.071121"><ele>497.6</ele></trkpt>
    <trkpt lat="36.685288" lon="32.070861"><ele>495.7</ele></trkpt>
    <trkpt lat="36.685991" lon="32.070680"><ele>495.3</ele></trkpt>
    <trkpt lat="36.686442" lon="32.070780"><ele>496.7</ele></trkpt>
    <trkpt lat="36.686553" lon="32.071257"><ele>499.9</ele></trkpt>
    <trkpt lat="36.686366" lon="32.072065"><ele>504.8</ele></trkpt>
    <trkpt lat="36.686041" lon="32.073027"><ele>510.9</ele></trkpt>
    <trkpt lat="36.685793" lon="32.073903"><ele>517.5</ele></trkpt>
    <trkpt lat="36.685812" lon="32.074483"><ele>524.0</ele></trkpt>
    <trkpt lat="36.686187" lon="32.074667"><ele>529.4</ele></trkpt>
    <trkpt lat="36.686872" lon="32.074507"><ele>533.3</ele></trkpt>
    <trkpt lat="36.687700" lon="32.074188"><ele>535.3</ele></trkpt>
    <trkpt lat="36.688446" lon="32.073959"><ele>535.3</ele></trkpt>
    <trkpt lat="36.688914" lon="32.074040"><ele>533.5</ele></trkpt>
    <trkpt lat="36.689012" lon="32.074533"><ele>530.5</ele></trkpt>
    <trkpt lat="36.688788" lon="32.075382"><ele>526.8</ele></trkpt>
    <trkpt lat="36.688416" lon="32.076395"><ele>523.5</ele></trkpt>
    <trkpt lat="36.688131" lon="32.077313"><ele>521.1</ele></trkpt>
    <trkpt lat="36.688135" lon="32.077909"><ele>520.5</ele></trkpt>
    <trkpt lat="36.688522" lon="32.078080"><ele>521.9</ele></trkpt>
    <trkpt lat="36.689239" lon="32.077884"><ele>525.3</ele></trkpt>
    <trkpt lat="36.690107" lon="32.077521"><ele>530.7</ele></trkpt>
    <trkpt lat="36.690885" lon="32.077257"><ele>537.3</ele></trkpt>
    <trkpt lat="36.691365" lon="32.077325"><ele>544.5</ele></trkpt>
    <trkpt lat="36.691452" lon="32.077829"><ele>551.5</ele></trkpt>
    <trkpt lat="36.691201" lon="32.078708"><ele>557.3</ele></trkpt>
    <trkpt lat="36.690797" lon="32.079758"><ele>561.4</ele></trkpt>
    <trkpt lat="36.690487" lon="32.080703"><ele>563.3</ele></trkpt>
    <trkpt lat="36.690481" lon="32.081310"><ele>563.1</ele></trkpt>
    <trkpt lat="36.690876" lon="32.081472"><ele>561.0</ele></trkpt>
    <trkpt lat="36.691615" lon="32.081252"><ele>557.5</ele></trkpt>
    <trkpt lat="36.692508" lon="32.080860"><ele>553.5</ele></trkpt>
    <trkpt lat="36.693305" lon="32.080576"><ele>549.8</ele></trkpt>
    <trkpt lat="36.693792" lon="32.080635"><ele>547.2</ele></trkpt>
    <trkpt lat="36.693872" lon="32.081147"><ele>546.4</ele></trkpt>
    <trkpt lat="36.693605" lon="32.082044"><ele>547.8</ele></trkpt>
    <trkpt lat="36.693184" lon="32.083113"><ele>551.5</ele></trkpt>
    <trkpt lat="36.692860" lon="32.084073"><ele>557.0</ele></trkpt>
    <trkpt lat="36.692850" lon="32.084685"><ele>563.9</ele></trkpt>
    <trkpt lat="36.693250" lon="32.084841"><ele>571.4</ele></trkpt>
    <trkpt lat="36.693999" lon="32.084610"><ele>578.5</ele></trkpt>
    <trkpt lat="36.694903" lon="32.084207"><ele>584.5</ele></trkpt>
    <trkpt lat="36.695707" lon="32.083914"><ele>588.6</ele></trkpt>
    <trkpt lat="36.696195" lon="32.083973"><ele>590.5</ele></trkpt>
    <trkpt lat="36.696273" lon="32.084487"><ele>590.2</ele></trkpt>
    <trkpt lat="36.696001" lon="32.085389"><ele>588.0</ele></trkpt>
    <trkpt lat="36.695576" lon="32.086462"><ele>584.4</ele></trkpt>
    <trkpt lat="36.695252" lon="32.087423"><ele>580.3</ele></trkpt>
    <trkpt lat="36.695244" lon="32.088033"><ele>576.5</ele></trkpt>
    <trkpt lat="36.695645" lon="32.088188"><ele>573.9</ele></trkpt>
    <trkpt lat="36.696393" lon="32.087958"><ele>573.2</ele></trkpt>
    <trkpt lat="36.697292" lon="32.087560"><ele>574.6</ele></trkpt>
    <trkpt lat="36.698090" lon="32.087274"><ele>578.3</ele></trkpt>
    <trkpt lat="36.698574" lon="32.087337"><ele>583.9</ele></trkpt>
    <trkpt lat="36.698652" lon="32.087850"><ele>590.8</ele></trkpt>
    <trkpt lat="36.698388" lon="32.088745"><ele>598.1</ele></trkpt>
    <trkpt lat="36.697975" lon="32.089804"><ele>605.2</ele></trkpt>
    <trkpt lat="36.697663" lon="32.090752"><ele>611.0</ele></trkpt>
    <trkpt lat="36.697662" lon="32.091354"><ele>615.0</ele></trkpt>
    <trkpt lat="36.698060" lon="32.091512"><ele>616.9</ele></trkpt>
    <trkpt lat="36.698795" lon="32.091296"><ele>616.6</ele></trkpt>
    <trkpt lat="36.699675" lon="32.090919"><ele>614.5</ele></trkpt>
    <trkpt lat="36.700455" lon="32.090654"><ele>611.1</ele></trkpt>
    <trkpt lat="36.700929" lon="32.090727"><ele>607.2</ele></trkpt>
    <trkpt lat="36.701012" lon="32.091236"><ele>603.7</ele></trkpt>
    <trkpt lat="36.700766" lon="32.092110"><ele>601.4</ele></trkpt>
    <trkpt lat="36.700380" lon="32.093140"><ele>600.8</ele></trkpt>
    <trkpt lat="36.700092" lon="32.094060"><ele>602.3</ele></trkpt>
    <trkpt lat="36.700103" lon="32.094649"><ele>605.9</ele></trkpt>
    <trkpt lat="36.700496" lon="32.094814"><ele>611.2</ele></trkpt>
    <trkpt lat="36.701206" lon="32.094625"><ele>617.8</ele></trkpt>
    <trkpt lat="36.702052" lon="32.094285"><ele>624.8</ele></trkpt>
    <trkpt lat="36.702801" lon="32.094054"><ele>631.4</ele></trkpt>
    <trkpt lat="36.703261" lon="32.094144"><ele>636.8</ele></trkpt>
    <trkpt lat="36.703351" lon="32.094644"><ele>640.6</ele></trkpt>
    <trkpt lat="36.703135" lon="32.095485"><ele>642.4</ele></trkpt>
    <trkpt lat="36.702789" lon="32.096470"><ele>642.3</ele></trkpt>
    <trkpt lat="36.702539" lon="32.097349"><ele>640.4</ele></trkpt>
    <trkpt lat="36.702567" lon="32.097919"><ele>637.5</ele></trkpt>
    <trkpt lat="36.702950" lon="32.098094"><ele>634.2</ele></trkpt>
    <trkpt lat="36.703626" lon="32.097943"><ele>631.3</ele></trkpt>
    <trkpt lat="36.704425" lon="32.097657"><ele>629.4</ele></trkpt>
    <trkpt lat="36.705131" lon="32.097472"><ele>629.2</ele></trkpt>
    <trkpt lat="36.705571" lon="32.097585"><ele>630.8</ele></trkpt>
    <trkpt lat="36.705673" lon="32.098072"><ele>634.2</ele></trkpt>
    <trkpt lat="36.705496" lon="32.098869"><ele>639.1</ele></trkpt>
    <trkpt lat="36.705204" lon="32.099794"><ele>645.0</ele></trkpt>
    <trkpt lat="36.705001" lon="32.100621"><ele>651.3</ele></trkpt>
    <trkpt lat="36.705052" lon="32.101165"><ele>657.1</ele></trkpt>
    <trkpt lat="36.705422" lon="32.101355"><ele>662.0</ele></trkpt>
    <trkpt lat="36.706054" lon="32.101253"><ele>665.5</ele></trkpt>
    <trkpt lat="36.706792" lon="32.101033"><ele>667.2</ele></trkpt>
    <trkpt lat="36.707446" lon="32.100907"><ele>667.3</ele></trkpt>
    <trkpt lat="36.707861" lon="32.101047"><ele>666.0</ele></trkpt>
    <trkpt lat="36.707977" lon="32.101519"><ele>663.8</ele></trkpt>
    <trkpt lat="36.707849" lon="32.102262"><ele>661.4</ele></trkpt>
    <trkpt lat="36.707623" lon="32.103114"><ele>659.3</ele></trkpt>
    <trkpt lat="36.707478" lon="32.103876"><ele>658.1</ele></trkpt>
    <trkpt lat="36.707555" lon="32.104391"><ele>658.2</ele></trkpt>
    <trkpt lat="36.707910" lon="32.104598"><ele>659.9</ele></trkpt>
    <trkpt lat="36.708489" lon="32.104556"><ele>663.0</ele></trkpt>
    <trkpt lat="36.709156" lon="32.104415"><ele>667.3</ele></trkpt>
    <trkpt lat="36.709748" lon="32.104358"><ele>672.4</ele></trkpt>
    <trkpt lat="36.710134" lon="32.104529"><ele>677.7</ele></trkpt>
    <trkpt lat="36.710267" lon="32.104983"><ele>682.6</ele></trkpt>
    <trkpt lat="36.710196" lon="32.105662"><ele>686.7</ele></trkpt>
    <trkpt lat="36.710046" lon="32.106429"><ele>689.7</ele></trkpt>
    <trkpt lat="36.709967" lon="32.107118"><ele>691.3</ele></trkpt>
    <trkpt lat="36.710075" lon="32.107599"><ele>691.8</ele></trkpt>
    <trkpt lat="36.710412" lon="32.107825"><ele>691.2</ele></trkpt>
    <trkpt lat="36.710930" lon="32.107850"><ele>690.0</ele></trkpt>
    <trkpt lat="36.711516" lon="32.107799"><ele>688.6</ele></trkpt>
    <trkpt lat="36.712038" lon="32.107821"><ele>687.6</ele></trkpt>
    <trkpt lat="36.712392" lon="32.108028"><ele>687.2</ele></trkpt>
    <trkpt lat="36.712543" lon="32.108461"><ele>687.9</ele></trkpt>
    <trkpt lat="36.712536" lon="32.109069"><ele>689.6</ele></trkpt>
    <trkpt lat="36.712472" lon="32.109742"><ele>692.3</ele></trkpt>
    <trkpt lat="36.712466" lon="32.110348"><ele>695.9</ele></trkpt>
    <trkpt lat="36.712609" lon="32.110791"><ele>699.9</ele></trkpt>
    <trkpt lat="36.712925" lon="32.111040"><ele>704.0</ele></trkpt>
    <trkpt lat="36.713377" lon="32.111139"><ele>707.8</ele></trkpt>
    <trkpt lat="36.713874" lon="32.111187"><ele>711.0</ele></trkpt>
    <trkpt lat="36.714319" lon="32.111293"><ele>713.4</ele></trkpt>
    <trkpt lat="36.714638" lon="32.111540"><ele>715.0</ele></trkpt>
    <trkpt lat="36.714810" lon="32.111950"><ele>715.8</ele></trkpt>
    <trkpt lat="36.714872" lon="32.112481"><ele>716.0</ele></trkpt>
    <trkpt lat="36.714899" lon="32.113052"><ele>716.0</ele></trkpt>
    <trkpt lat="36.714974" lon="32.113570"><ele>715.9</ele></trkpt>
    <trkpt lat="36.715152" lon="32.113973"><ele>716.0</ele></trkpt>
    <trkpt lat="36.715447" lon="32.114245"><ele>716.7</ele></trkpt>
    <trkpt lat="36.715827" lon="32.114424"><ele>717.9</ele></trkpt>
    <trkpt lat="36.716231" lon="32.114576"><ele>719.7</ele></trkpt>
    <trkpt lat="36.716594" lon="32.114773"><ele>722.0</ele></trkpt>
    <trkpt lat="36.716875" lon="32.115062"><ele>724.7</ele></trkpt>
    <trkpt lat="36.717069" lon="32.115447"><ele>727.5</ele></trkpt>
    <trkpt lat="36.717204" lon="32.115897"><ele>730.3</ele></trkpt>
    <trkpt lat="36.717328" lon="32.116361"><ele>732.8</ele></trkpt>
    <trkpt lat="36.717486" lon="32.116786"><ele>735.0</ele></trkpt>
    <trkpt lat="36.717702" lon="32.117147"><ele>736.9</ele></trkpt>
    <trkpt lat="36.717975" lon="32.117444"><ele>738.4</ele></trkpt>
    <trkpt lat="36.718281" lon="32.117705"><ele>739.6</ele></trkpt>
    <trkpt lat="36.718587" lon="32.117966"><ele>740.8</ele></trkpt>
    <trkpt lat="36.718865" lon="32.118257"><ele>741.9</ele></trkpt>
    <trkpt lat="36.719108" lon="32.118589"><ele>743.2</ele></trkpt>
    <trkpt lat="36.719324" lon="32.118949"><ele>744.6</ele></trkpt>
    <trkpt lat="36.719534" lon="32.119316"><ele>746.3</ele></trkpt>
    <trkpt lat="36.719757" lon="32.119669"><ele>748.1</ele></trkpt>
    <trkpt lat="36.720000" lon="32.120000"><ele>750.0</ele></trkpt>
    <trkpt lat="36.720267" lon="32.120301"><ele>753.3</ele></trkpt>
    <trkpt lat="36.720538" lon="32.120596"><ele>756.7</ele></trkpt>
    <trkpt lat="36.720825" lon="32.120865"><ele>760.4</ele></trkpt>
    <trkpt lat="36.721133" lon="32.121103"><ele>764.1</ele></trkpt>
    <trkpt lat="36.721452" lon="32.121324"><ele>768.1</ele></trkpt>
    <trkpt lat="36.721761" lon="32.121559"><ele>772.1</ele></trkpt>
    <trkpt lat="36.722042" lon="32.121839"><ele>776.0</ele></trkpt>
    <trkpt lat="36.722285" lon="32.122178"><ele>779.8</ele></trkpt>
    <trkpt lat="36.722497" lon="32.122564"><ele>783.2</ele></trkpt>
    <trkpt lat="36.722705" lon="32.122958"><ele>786.4</ele></trkpt>
    <trkpt lat="36.722940" lon="32.123309"><ele>789.2</ele></trkpt>
    <trkpt lat="36.723228" lon="32.123577"><ele>791.7</ele></trkpt>
    <trkpt lat="36.723576" lon="32.123751"><ele>794.1</ele></trkpt>
    <trkpt lat="36.723965" lon="32.123864"><ele>796.6</ele></trkpt>
    <trkpt lat="36.724353" lon="32.123976"><ele>799.4</ele></trkpt>
    <trkpt lat="36.724695" lon="32.124160"><ele>802.6</ele></trkpt>
    <trkpt lat="36.724959" lon="32.124467"><ele>806.4</ele></trkpt>
    <trkpt lat="36.725142" lon="32.124899"><ele>810.7</ele></trkpt>
    <trkpt lat="36.725275" lon="32.125409"><ele>815.5</ele></trkpt>
    <trkpt lat="36.725413" lon="32.125911"><ele>820.7</ele></trkpt>
    <trkpt lat="36.725615" lon="32.126312"><ele>825.9</ele></trkpt>
    <trkpt lat="36.725920" lon="32.126554"><ele>830.9</ele></trkpt>
    <trkpt lat="36.726327" lon="32.126638"><ele>835.4</ele></trkpt>
    <trkpt lat="36.726794" lon="32.126628"><ele>839.2</ele></trkpt>
    <trkpt lat="36.727250" lon="32.126635"><ele>842.2</ele></trkpt>
    <trkpt lat="36.727624" lon="32.126769"><ele>844.5</ele></trkpt>
    <trkpt lat="36.727872" lon="32.127099"><ele>846.1</ele></trkpt>
    <trkpt lat="36.727998" lon="32.127621"><ele>847.4</ele></trkpt>
    <trkpt lat="36.728055" lon="32.128250"><ele>848.6</ele></trkpt>
    <trkpt lat="36.728126" lon="32.128855"><ele>850.1</ele></trkpt>
    <trkpt lat="36.728297" lon="32.129306"><ele>852.3</ele></trkpt>
    <trkpt lat="36.728617" lon="32.129525"><ele>855.5</ele></trkpt>
    <trkpt lat="36.729079" lon="32.129523"><ele>859.6</ele></trkpt>
    <trkpt lat="36.729620" lon="32.129398"><ele>864.8</ele></trkpt>
    <trkpt lat="36.730141" lon="32.129303"><ele>870.7</ele></trkpt>
    <trkpt lat="36.730546" lon="32.129389"><ele>877.1</ele></trkpt>
    <trkpt lat="36.730780" lon="32.129741"><ele>883.5</ele></trkpt>
    <trkpt lat="36.730853" lon="32.130345"><ele>889.4</ele></trkpt>
    <trkpt lat="36.730838" lon="32.131085"><ele>894.5</ele></trkpt>
    <trkpt lat="36.730847" lon="32.131788"><ele>898.4</ele></trkpt>
    <trkpt lat="36.730988" lon="32.132286"><ele>901.0</ele></trkpt>
    <trkpt lat="36.731320" lon="32.132485"><ele>902.5</ele></trkpt>
    <trkpt lat="36.731833" lon="32.132404"><ele>903.0</ele></trkpt>
    <trkpt lat="36.732442" lon="32.132173"><ele>903.1</ele></trkpt>
    <trkpt lat="36.733023" lon="32.131985"><ele>903.2</ele></trkpt>
    <trkpt lat="36.733458" lon="32.132025"><ele>903.9</ele></trkpt>
    <trkpt lat="36.733680" lon="32.132395"><ele>905.6</ele></trkpt>
    <trkpt lat="36.733705" lon="32.133073"><ele>908.7</ele></trkpt>
    <trkpt lat="36.733625" lon="32.133914"><ele>913.2</ele></trkpt>
    <trkpt lat="36.733577" lon="32.134706"><ele>919.1</ele></trkpt>
    <trkpt lat="36.733689" lon="32.135249"><ele>926.0</ele></trkpt>
    <trkpt lat="36.734032" lon="32.135431"><ele>933.5</ele></trkpt>
    <trkpt lat="36.734590" lon="32.135280"><ele>940.8</ele></trkpt>
    <trkpt lat="36.735260" lon="32.134954"><ele>947.6</ele></trkpt>
    <trkpt lat="36.735895" lon="32.134681"><ele>953.1</ele></trkpt>
    <trkpt lat="36.736357" lon="32.134679"><ele>957.1</ele></trkpt>
    <trkpt lat="36.736570" lon="32.135065"><ele>959.4</ele></trkpt>
    <trkpt lat="36.736553" lon="32.135807"><ele>960.2</ele></trkpt>
    <trkpt lat="36.736416" lon="32.136738"><ele>959.9</ele></trkpt>
    <trkpt lat="36.736317" lon="32.137609"><ele>959.0</ele></trkpt>
    <trkpt lat="36.736404" lon="32.138191"><ele>958.1</ele></trkpt>
    <trkpt lat="36.736756" lon="32.138360"><ele>958.1</ele></trkpt>
    <trkpt lat="36.737351" lon="32.138150"><ele>959.4</ele></trkpt>
    <trkpt lat="36.738074" lon="32.137741"><ele>962.4</ele></trkpt>
    <trkpt lat="36.738757" lon="32.137395"><ele>967.2</ele></trkpt>
    <trkpt lat="36.739242" lon="32.137356"><ele>973.7</ele></trkpt>
    <trkpt lat="36.739448" lon="32.137753"><ele>981.4</ele></trkpt>
    <trkpt lat="36.739397" lon="32.138550"><ele>989.7</ele></trkpt>
    <trkpt lat="36.739212" lon="32.139555"><ele>997.9</ele></trkpt>
    <trkpt lat="36.739070" lon="32.140493"><ele>1005.3</ele></trkpt>
    <trkpt lat="36.739134" lon="32.141109"><ele>1011.2</ele></trkpt>
    <trkpt lat="36.739492" lon="32.141269"><ele>1015.2</ele></trkpt>
    <trkpt lat="36.740119" lon="32.141010"><ele>1017.3</ele></trkpt>
    <trkpt lat="36.740885" lon="32.140534"><ele>1017.6</ele></trkpt>
    <trkpt lat="36.741606" lon="32.140129"><ele>1016.6</ele></trkpt>
    <trkpt lat="36.742111" lon="32.140058"><ele>1014.9</ele></trkpt>
    <trkpt lat="36.742312" lon="32.140463"><ele>1013.4</ele></trkpt>
    <trkpt lat="36.742234" lon="32.141302"><ele>1012.8</ele></trkpt>
    <trkpt lat="36.742011" lon="32.142366"><ele>1013.8</ele></trkpt>
    <trkpt lat="36.741835" lon="32.143357"><ele>1016.7</ele></trkpt>
    <trkpt lat="36.741881" lon="32.144001"><ele>1021.7</ele></trkpt>
    <trkpt lat="36.742243" lon="32.144155"><ele>1028.6</ele></trkpt>
    <trkpt lat="36.742893" lon="32.143860"><ele>1036.9</ele></trkpt>
    <trkpt lat="36.743691" lon="32.143334"><ele>1045.8</ele></trkpt>
    <trkpt lat="36.744441" lon="32.142883"><ele>1054.6</ele></trkpt>
    <trkpt lat="36.744963" lon="32.142788"><ele>1062.4</ele></trkpt>
    <trkpt lat="36.745161" lon="32.143196"><ele>1068.6</ele></trkpt>
    <trkpt lat="36.745064" lon="32.144065"><ele>1072.6</ele></trkpt>
    <trkpt lat="36.744814" lon="32.145171"><ele>1074.6</ele></trkpt>
    <trkpt lat="36.744613" lon="32.146200"><ele>1074.5</ele></trkpt>
    <trkpt lat="36.744646" lon="32.146865"><ele>1073.1</ele></trkpt>
    <trkpt lat="36.745010" lon="32.147016"><ele>1071.0</ele></trkpt>
    <trkpt lat="36.745674" lon="32.146699"><ele>1069.1</ele></trkpt>
    <trkpt lat="36.746494" lon="32.146140"><ele>1068.1</ele></trkpt>
    <trkpt lat="36.747263" lon="32.145658"><ele>1068.9</ele></trkpt>
    <trkpt lat="36.747796" lon="32.145545"><ele>1071.8</ele></trkpt>
    <trkpt lat="36.747993" lon="32.145955"><ele>1077.0</ele></trkpt>
    <trkpt lat="36.747886" lon="32.146840"><ele>1084.1</ele></trkpt>
    <trkpt lat="36.747620" lon="32.147970"><ele>1092.6</ele></trkpt>
    <trkpt lat="36.747405" lon="32.149022"><ele>1101.9</ele></trkpt>
    <trkpt lat="36.747430" lon="32.149700"><ele>1110.9</ele></trkpt>
    <trkpt lat="36.747793" lon="32.149852"><ele>1118.9</ele></trkpt>
    <trkpt lat="36.748463" lon="32.149525"><ele>1125.2</ele></trkpt>
    <trkpt lat="36.749293" lon="32.148950"><ele>1129.3</ele></trkpt>
    <trkpt lat="36.750072" lon="32.148454"><ele>1131.1</ele></trkpt>
    <trkpt lat="36.750610" lon="32.148333"><ele>1131.0</ele></trkpt>
    <trkpt lat="36.750809" lon="32.148740"><ele>1129.4</ele></trkpt>
    <trkpt lat="36.750699" lon="32.149628"><ele>1127.2</ele></trkpt>
    <trkpt lat="36.750430" lon="32.150764"><ele>1125.1</ele></trkpt>
    <trkpt lat="36.750212" lon="32.151822"><ele>1124.1</ele></trkpt>
    <trkpt lat="36.750233" lon="32.152505"><ele>1124.8</ele></trkpt>
    <trkpt lat="36.750594" lon="32.152661"><ele>1127.7</ele></trkpt>
    <trkpt lat="36.751262" lon="32.152337"><ele>1132.9</ele></trkpt>
    <trkpt lat="36.752089" lon="32.151766"><ele>1140.0</ele></trkpt>
    <trkpt lat="36.752866" lon="32.151272"><ele>1148.6</ele></trkpt>
    <trkpt lat="36.753405" lon="32.151150"><ele>1157.8</ele></trkpt>
    <trkpt lat="36.753607" lon="32.151553"><ele>1166.8</ele></trkpt>
    <trkpt lat="36.753504" lon="32.152430"><ele>1174.8</ele></trkpt>
    <trkpt lat="36.753243" lon="32.153554"><ele>1181.0</ele></trkpt>
    <trkpt lat="36.753031" lon="32.154601"><ele>1185.1</ele></trkpt>
    <trkpt lat="36.753055" lon="32.155280"><ele>1187.0</ele></trkpt>
    <trkpt lat="36.753412" lon="32.155442"><ele>1186.9</ele></trkpt>
    <trkpt lat="36.754069" lon="32.155135"><ele>1185.5</ele></trkpt>
    <trkpt lat="36.754882" lon="32.154586"><ele>1183.4</ele></trkpt>
    <trkpt lat="36.755647" lon="32.154111"><ele>1181.5</ele></trkpt>
    <trkpt lat="36.756181" lon="32.153998"><ele>1180.7</ele></trkpt>
    <trkpt lat="36.756388" lon="32.154392"><ele>1181.5</ele></trkpt>
    <trkpt lat="36.756299" lon="32.155247"><ele>1184.5</ele></trkpt>
    <trkpt lat="36.756058" lon="32.156340"><ele>1189.5</ele></trkpt>
    <trkpt lat="36.755864" lon="32.157359"><ele>1196.5</ele></trkpt>
    <trkpt lat="36.755896" lon="32.158026"><ele>1204.8</ele></trkpt>
    <trkpt lat="36.756247" lon="32.158197"><ele>1213.7</ele></trkpt>
    <trkpt lat="36.756886" lon="32.157919"><ele>1222.4</ele></trkpt>
    <trkpt lat="36.757674" lon="32.157409"><ele>1230.1</ele></trkpt>
    <trkpt lat="36.758416" lon="32.156969"><ele>1236.1</ele></trkpt>
    <trkpt lat="36.758938" lon="32.156873"><ele>1240.1</ele></trkpt>
    <trkpt lat="36.759151" lon="32.157258"><ele>1242.1</ele></trkpt>
    <trkpt lat="36.759085" lon="32.158078"><ele>1242.4</ele></trkpt>
    <trkpt lat="36.758875" lon="32.159123"><ele>1241.3</ele></trkpt>
    <trkpt lat="36.758709" lon="32.160099"><ele>1239.7</ele></trkpt>
    <trkpt lat="36.758755" lon="32.160744"><ele>1238.3</ele></trkpt>
    <trkpt lat="36.759099" lon="32.160925"><ele>1237.8</ele></trkpt>
    <trkpt lat="36.759712" lon="32.160687"><ele>1239.0</ele></trkpt>
    <trkpt lat="36.760464" lon="32.160234"><ele>1242.0</ele></trkpt>
    <trkpt lat="36.761173" lon="32.159846"><ele>1246.9</ele></trkpt>
    <trkpt lat="36.761678" lon="32.159776"><ele>1253.5</ele></trkpt>
    <trkpt lat="36.761899" lon="32.160150"><ele>1261.3</ele></trkpt>
    <trkpt lat="36.761862" lon="32.160924"><ele>1269.6</ele></trkpt>
    <trkpt lat="36.761693" lon="32.161904"><ele>1277.6</ele></trkpt>
    <trkpt lat="36.761565" lon="32.162822"><ele>1284.8</ele></trkpt>
    <trkpt lat="36.761630" lon="32.163437"><ele>1290.5</ele></trkpt>
    <trkpt lat="36.761967" lon="32.163629"><ele>1294.4</ele></trkpt>
    <trkpt lat="36.762548" lon="32.163442"><ele>1296.6</ele></trkpt>
    <trkpt lat="36.763253" lon="32.163060"><ele>1297.3</ele></trkpt>
    <trkpt lat="36.763920" lon="32.162739"><ele>1296.9</ele></trkpt>
    <trkpt lat="36.764403" lon="32.162703"><ele>1296.0</ele></trkpt>
    <trkpt lat="36.764631" lon="32.163065"><ele>1295.3</ele></trkpt>
    <trkpt lat="36.764630" lon="32.163784"><ele>1295.5</ele></trkpt>
    <trkpt lat="36.764512" lon="32.164685"><ele>1297.1</ele></trkpt>
    <trkpt lat="36.764430" lon="32.165529"><ele>1300.2</ele></trkpt>
    <trkpt lat="36.764521" lon="32.166105"><ele>1304.9</ele></trkpt>
    <trkpt lat="36.764850" lon="32.166310"><ele>1311.0</ele></trkpt>
    <trkpt lat="36.765392" lon="32.166183"><ele>1318.0</ele></trkpt>
    <trkpt lat="36.766042" lon="32.165887"><ele>1325.4</ele></trkpt>
    <trkpt lat="36.766657" lon="32.165645"><ele>1332.6</ele></trkpt>
    <trkpt lat="36.767113" lon="32.165652"><ele>1339.0</ele></trkpt>
    <trkpt lat="36.767349" lon="32.166002"><ele>1344.2</ele></trkpt>
    <trkpt lat="36.767389" lon="32.166657"><ele>1348.1</ele></trkpt>
    <trkpt lat="36.767330" lon="32.167466"><ele>1350.5</ele></trkpt>
    <trkpt lat="36.767304" lon="32.168224"><ele>1351.7</ele></trkpt>
    <trkpt lat="36.767424" lon="32.168754"><ele>1352.2</ele></trkpt>
    <trkpt lat="36.767745" lon="32.168971"><ele>1352.3</ele></trkpt>
    <trkpt lat="36.768244" lon="32.168912"><ele>1352.6</ele></trkpt>
    <trkpt lat="36.768831" lon="32.168714"><ele>1353.7</ele></trkpt>
    <trkpt lat="36.769387" lon="32.168564"><ele>1355.7</ele></trkpt>
    <trkpt lat="36.769812" lon="32.168620"><ele>1359.0</ele></trkpt>
    <trkpt lat="36.770055" lon="32.168957"><ele>1363.4</ele></trkpt>
    <trkpt lat="36.770141" lon="32.169542"><ele>1368.8</ele></trkpt>
    <trkpt lat="36.770148" lon="32.170247"><ele>1374.9</ele></trkpt>
    <trkpt lat="36.770184" lon="32.170909"><ele>1381.2</ele></trkpt>
    <trkpt lat="36.770338" lon="32.171386"><ele>1387.3</ele></trkpt>
    <trkpt lat="36.770651" lon="32.171615"><ele>1392.9</ele></trkpt>
    <trkpt lat="36.771103" lon="32.171629"><ele>1397.5</ele></trkpt>
    <trkpt lat="36.771621" lon="32.171539"><ele>1401.2</ele></trkpt>
    <trkpt lat="36.772112" lon="32.171490"><ele>1403.9</ele></trkpt>
    <trkpt lat="36.772500" lon="32.171603"><ele>1405.9</ele></trkpt>
    <trkpt lat="36.772752" lon="32.171928"><ele>1407.3</ele></trkpt>
    <trkpt lat="36.772886" lon="32.172437"><ele>1408.6</ele></trkpt>
    <trkpt lat="36.772965" lon="32.173030"><ele>1410.1</ele></trkpt>
    <trkpt lat="36.773069" lon="32.173586"><ele>1412.1</ele></trkpt>
    <trkpt lat="36.773261" lon="32.174004"><ele>1414.8</ele></trkpt>
    <trkpt lat="36.773567" lon="32.174245"><ele>1418.2</ele></trkpt>
    <trkpt lat="36.773968" lon="32.174337"><ele>1422.3</ele></trkpt>
    <trkpt lat="36.774412" lon="32.174362"><ele>1427.0</ele></trkpt>
    <trkpt lat="36.774833" lon="32.174423"><ele>1432.0</ele></trkpt>
    <trkpt lat="36.775182" lon="32.174596"><ele>1437.1</ele></trkpt>
    <trkpt lat="36.775440" lon="32.174912"><ele>1442.0</ele></trkpt>
    <trkpt lat="36.775625" lon="32.175341"><ele>1446.5</ele></trkpt>
    <trkpt lat="36.775781" lon="32.175816"><ele>1450.5</ele></trkpt>
    <trkpt lat="36.775957" lon="32.176259"><ele>1454.0</ele></trkpt>
    <trkpt lat="36.776189" lon="32.176614"><ele>1457.0</ele></trkpt>
    <trkpt lat="36.776489" lon="32.176864"><ele>1459.7</ele></trkpt>
    <trkpt lat="36.776839" lon="32.177036"><ele>1462.3</ele></trkpt>
    <trkpt lat="36.777205" lon="32.177183"><ele>1464.9</ele></trkpt>
    <trkpt lat="36.777553" lon="32.177358"><ele>1467.6</ele></trkpt>
    <trkpt lat="36.777859" lon="32.177597"><ele>1470.7</ele></trkpt>
    <trkpt lat="36.778123" lon="32.177903"><ele>1474.0</ele></trkpt>
    <trkpt lat="36.778360" lon="32.178251"><ele>1477.7</ele></trkpt>
    <trkpt lat="36.778594" lon="32.178604"><ele>1481.5</ele></trkpt>
    <trkpt lat="36.778845" lon="32.178931"><ele>1485.4</ele></trkpt>
    <trkpt lat="36.779120" lon="32.179219"><ele>1489.3</ele></trkpt>
    <trkpt lat="36.779415" lon="32.179478"><ele>1493.0</ele></trkpt>
    <trkpt lat="36.779712" lon="32.179731"><ele>1496.6</ele></trkpt>
    <trkpt lat="36.780000" lon="32.180000"><ele>1500.0</ele></trkpt>
    <trkpt lat="36.780177" lon="32.180392"><ele>1501.0</ele></trkpt>
    <trkpt lat="36.780362" lon="32.180779"><ele>1502.0</ele></trkpt>
    <trkpt lat="36.780542" lon="32.181169"><ele>1502.9</ele></trkpt>
    <trkpt lat="36.780704" lon="32.181570"><ele>1503.8</ele></trkpt>
    <trkpt lat="36.780846" lon="32.181985"><ele>1504.5</ele></trkpt>
    <trkpt lat="36.780977" lon="32.182409"><ele>1505.1</ele></trkpt>
    <trkpt lat="36.781113" lon="32.182827"><ele>1505.6</ele></trkpt>
    <trkpt lat="36.781276" lon="32.183229"><ele>1506.0</ele></trkpt>
    <trkpt lat="36.781475" lon="32.183606"><ele>1506.5</ele></trkpt>
    <trkpt lat="36.781707" lon="32.183961"><ele>1507.2</ele></trkpt>
    <trkpt lat="36.781949" lon="32.184309"><ele>1508.0</ele></trkpt>
    <trkpt lat="36.782171" lon="32.184671"><ele>1509.1</ele></trkpt>
    <trkpt lat="36.782346" lon="32.185065"><ele>1510.5</ele></trkpt>
    <trkpt lat="36.782463" lon="32.185496"><ele>1512.0</ele></trkpt>
    <trkpt lat="36.782538" lon="32.185957"><ele>1513.6</ele></trkpt>
    <trkpt lat="36.782603" lon="32.186423"><ele>1515.2</ele></trkpt>
    <trkpt lat="36.782703" lon="32.186867"><ele>1516.6</ele></trkpt>
    <trkpt lat="36.782871" lon="32.187264"><ele>1517.7</ele></trkpt>
    <trkpt lat="36.783117" lon="32.187611"><ele>1518.4</ele></trkpt>
    <trkpt lat="36.783416" lon="32.187921"><ele>1518.8</ele></trkpt>
    <trkpt lat="36.783723" lon="32.188226"><ele>1518.8</ele></trkpt>
    <trkpt lat="36.783980" lon="32.188564"><ele>1518.6</ele></trkpt>
    <trkpt lat="36.784149" lon="32.188962"><ele>1518.3</ele></trkpt>
    <trkpt lat="36.784220" lon="32.189424"><ele>1518.1</ele></trkpt>
    <trkpt lat="36.784227" lon="32.189930"><ele>1518.2</ele></trkpt>
    <trkpt lat="36.784229" lon="32.190439"><ele>1518.7</ele></trkpt>
    <trkpt lat="36.784294" lon="32.190905"><ele>1519.7</ele></trkpt>
    <trkpt lat="36.784470" lon="32.191298"><ele>1521.3</ele></trkpt>
    <trkpt lat="36.784761" lon="32.191614"><ele>1523.4</ele></trkpt>
    <trkpt lat="36.785127" lon="32.191879"><ele>1525.7</ele></trkpt>
    <trkpt lat="36.785496" lon="32.192143"><ele>1528.1</ele></trkpt>
    <trkpt lat="36.785788" lon="32.192458"><ele>1530.3</ele></trkpt>
    <trkpt lat="36.785948" lon="32.192861"><ele>1532.1</ele></trkpt>
    <trkpt lat="36.785974" lon="32.193354"><ele>1533.3</ele></trkpt>
    <trkpt lat="36.785914" lon="32.193904"><ele>1533.9</ele></trkpt>
    <trkpt lat="36.785855" lon="32.194454"><ele>1533.7</ele></trkpt>
    <trkpt lat="36.785888" lon="32.194942"><ele>1533.0</ele></trkpt>
    <trkpt lat="36.786071" lon="32.195330"><ele>1532.0</ele></trkpt>
    <trkpt lat="36.786408" lon="32.195615"><ele>1530.9</ele></trkpt>
    <trkpt lat="36.786840" lon="32.195836"><ele>1530.1</ele></trkpt>
    <trkpt lat="36.787269" lon="32.196060"><ele>1529.8</ele></trkpt>
    <trkpt lat="36.787593" lon="32.196354"><ele>1530.3</ele></trkpt>
    <trkpt lat="36.787745" lon="32.196763"><ele>1531.5</ele></trkpt>
    <trkpt lat="36.787725" lon="32.197286"><ele>1533.6</ele></trkpt>
    <trkpt lat="36.787600" lon="32.197879"><ele>1536.4</ele></trkpt>
    <trkpt lat="36.787482" lon="32.198469"><ele>1539.5</ele></trkpt>
    <trkpt lat="36.787483" lon="32.198978"><ele>1542.6</ele></trkpt>
    <trkpt lat="36.787676" lon="32.199359"><ele>1545.4</ele></trkpt>
    <trkpt lat="36.788058" lon="32.199614"><ele>1547.6</ele></trkpt>
    <trkpt lat="36.788555" lon="32.199793"><ele>1548.9</ele></trkpt>
    <trkpt lat="36.789041" lon="32.199977"><ele>1549.2</ele></trkpt>
    <trkpt lat="36.789394" lon="32.200252"><ele>1548.6</ele></trkpt>
    <trkpt lat="36.789537" lon="32.200667"><ele>1547.2</ele></trkpt>
    <trkpt lat="36.789472" lon="32.201220"><ele>1545.4</ele></trkpt>
    <trkpt lat="36.789285" lon="32.201856"><ele>1543.6</ele></trkpt>
    <trkpt lat="36.789110" lon="32.202483"><ele>1542.2</ele></trkpt>
    <trkpt lat="36.789083" lon="32.203011"><ele>1541.6</ele></trkpt>
    <trkpt lat="36.789286" lon="32.203386"><ele>1542.0</ele></trkpt>
    <trkpt lat="36.789712" lon="32.203611"><ele>1543.5</ele></trkpt>
    <trkpt lat="36.790270" lon="32.203748"><ele>1546.0</ele></trkpt>
    <trkpt lat="36.790812" lon="32.203896"><ele>1549.4</ele></trkpt>
    <trkpt lat="36.791192" lon="32.204152"><ele>1553.2</ele></trkpt>
    <trkpt lat="36.791324" lon="32.204574"><ele>1557.1</ele></trkpt>
    <trkpt lat="36.791216" lon="32.205157"><ele>1560.5</ele></trkpt>
    <trkpt lat="36.790968" lon="32.205833"><ele>1563.0</ele></trkpt>
    <trkpt lat="36.790740" lon="32.206495"><ele>1564.3</ele></trkpt>
    <trkpt lat="36.790687" lon="32.207041"><ele>1564.4</ele></trkpt>
    <trkpt lat="36.790900" lon="32.207408"><ele>1563.3</ele></trkpt>
    <trkpt lat="36.791370" lon="32.207604"><ele>1561.3</ele></trkpt>
    <trkpt lat="36.791987" lon="32.207703"><ele>1558.8</ele></trkpt>
    <trkpt lat="36.792580" lon="32.207816"><ele>1556.4</ele></trkpt>
    <trkpt lat="36.792985" lon="32.208056"><ele>1554.4</ele></trkpt>
    <trkpt lat="36.793106" lon="32.208485"><ele>1553.5</ele></trkpt>
    <trkpt lat="36.792955" lon="32.209097"><ele>1553.8</ele></trkpt>
    <trkpt lat="36.792650" lon="32.209810"><ele>1555.5</ele></trkpt>
    <trkpt lat="36.792373" lon="32.210506"><ele>1558.5</ele></trkpt>
    <trkpt lat="36.792296" lon="32.211067"><ele>1562.5</ele></trkpt>
    <trkpt lat="36.792521" lon="32.211427"><ele>1567.0</ele></trkpt>
    <trkpt lat="36.793033" lon="32.211596"><ele>1571.5</ele></trkpt>
    <trkpt lat="36.793704" lon="32.211657"><ele>1575.4</ele></trkpt>
    <trkpt lat="36.794345" lon="32.211739"><ele>1578.2</ele></trkpt>
    <trkpt lat="36.794772" lon="32.211964"><ele>1579.6</ele></trkpt>
    <trkpt lat="36.794881" lon="32.212401"><ele>1579.5</ele></trkpt>
    <trkpt lat="36.794690" lon="32.213039"><ele>1577.9</ele></trkpt>
    <trkpt lat="36.794332" lon="32.213788"><ele>1575.4</ele></trkpt>
    <trkpt lat="36.794009" lon="32.214515"><ele>1572.2</ele></trkpt>
    <trkpt lat="36.793912" lon="32.215090"><ele>1569.2</ele></trkpt>
    <trkpt lat="36.794149" lon="32.215442"><ele>1566.8</ele></trkpt>
    <trkpt lat="36.794699" lon="32.215584"><ele>1565.5</ele></trkpt>
    <trkpt lat="36.795422" lon="32.215611"><ele>1565.8</ele></trkpt>
    <trkpt lat="36.796107" lon="32.215663"><ele>1567.8</ele></trkpt>
    <trkpt lat="36.796553" lon="32.215875"><ele>1571.2</ele></trkpt>
    <trkpt lat="36.796650" lon="32.216321"><ele>1575.7</ele></trkpt>
    <trkpt lat="36.796420" lon="32.216984"><ele>1580.9</ele></trkpt>
    <trkpt lat="36.796013" lon="32.217767"><ele>1585.9</ele></trkpt>
    <trkpt lat="36.795649" lon="32.218521"><ele>1590.2</ele></trkpt>
    <trkpt lat="36.795534" lon="32.219107"><ele>1593.2</ele></trkpt>
    <trkpt lat="36.795783" lon="32.219451"><ele>1594.6</ele></trkpt>
    <trkpt lat="36.796370" lon="32.219569"><ele>1594.3</ele></trkpt>
    <trkpt lat="36.797140" lon="32.219564"><ele>1592.4</ele></trkpt>
    <trkpt lat="36.797864" lon="32.219591"><ele>1589.3</ele></trkpt>
    <trkpt lat="36.798326" lon="32.219792"><ele>1585.6</ele></trkpt>
    <trkpt lat="36.798411" lon="32.220245"><ele>1582.0</ele></trkpt>
    <trkpt lat="36.798146" lon="32.220933"><ele>1579.2</ele></trkpt>
    <trkpt lat="36.797694" lon="32.221745"><ele>1577.8</ele></trkpt>
    <trkpt lat="36.797293" lon="32.222523"><ele>1578.1</ele></trkpt>
    <trkpt lat="36.797163" lon="32.223120"><ele>1580.2</ele></trkpt>
    <trkpt lat="36.797425" lon="32.223456"><ele>1584.0</ele></trkpt>
    <trkpt lat="36.798046" lon="32.223551"><ele>1589.0</ele></trkpt>
    <trkpt lat="36.798859" lon="32.223518"><ele>1594.7</ele></trkpt>
    <trkpt lat="36.799616" lon="32.223522"><ele>1600.2</ele></trkpt>
    <trkpt lat="36.800092" lon="32.223714"><ele>1604.8</ele></trkpt>
    <trkpt lat="36.800165" lon="32.224175"><ele>1608.1</ele></trkpt>
    <trkpt lat="36.799868" lon="32.224884"><ele>1609.5</ele></trkpt>
    <trkpt lat="36.799376" lon="32.225723"><ele>1608.9</ele></trkpt>
    <trkpt lat="36.798943" lon="32.226523"><ele>1606.7</ele></trkpt>
    <trkpt lat="36.798801" lon="32.227128"><ele>1603.1</ele></trkpt>
    <trkpt lat="36.799074" lon="32.227456"><ele>1599.0</ele></trkpt>
    <trkpt lat="36.799727" lon="32.227530"><ele>1595.0</ele></trkpt>
    <trkpt lat="36.800576" lon="32.227472"><ele>1591.9</ele></trkpt>
    <trkpt lat="36.801364" lon="32.227456"><ele>1590.3</ele></trkpt>
    <trkpt lat="36.801850" lon="32.227641"><ele>1590.6</ele></trkpt>
    <trkpt lat="36.801911" lon="32.228110"><ele>1592.9</ele></trkpt>
    <trkpt lat="36.801584" lon="32.228839"><ele>1597.0</ele></trkpt>
    <trkpt lat="36.801058" lon="32.229701"><ele>1602.4</ele></trkpt>
    <trkpt lat="36.800598" lon="32.230519"><ele>1608.5</ele></trkpt>
    <trkpt lat="36.800447" lon="32.231130"><ele>1614.4</ele></trkpt>
    <trkpt lat="36.800732" lon="32.231450"><ele>1619.3</ele></trkpt>
    <trkpt lat="36.801412" lon="32.231505"><ele>1622.6</ele></trkpt>
    <trkpt lat="36.802293" lon="32.231426"><ele>1624.0</ele></trkpt>
    <trkpt lat="36.803105" lon="32.231394"><ele>1623.3</ele></trkpt>
    <trkpt lat="36.803599" lon="32.231574"><ele>1620.8</ele></trkpt>
    <trkpt lat="36.803648" lon="32.232051"><ele>1616.9</ele></trkpt>
    <trkpt lat="36.803296" lon="32.232797"><ele>1612.4</ele></trkpt>
    <trkpt lat="36.802741" lon="32.233678"><ele>1608.1</ele></trkpt>
    <trkpt lat="36.802259" lon="32.234511"><ele>1604.7</ele></trkpt>
    <trkpt lat="36.802102" lon="32.235126"><ele>1603.0</ele></trkpt>
    <trkpt lat="36.802398" lon="32.235438"><ele>1603.3</ele></trkpt>
    <trkpt lat="36.803102" lon="32.235478"><ele>1605.8</ele></trkpt>
    <trkpt lat="36.804010" lon="32.235381"><ele>1610.2</ele></trkpt>
    <trkpt lat="36.804840" lon="32.235336"><ele>1615.9</ele></trkpt>
    <trkpt lat="36.805339" lon="32.235513"><ele>1622.3</ele></trkpt>
    <trkpt lat="36.805377" lon="32.235998"><ele>1628.4</ele></trkpt>
    <trkpt lat="36.805004" lon="32.236758"><ele>1633.5</ele></trkpt>
    <trkpt lat="36.804425" lon="32.237655"><ele>1637.0</ele></trkpt>
    <trkpt lat="36.803927" lon="32.238498"><ele>1638.3</ele></trkpt>
    <trkpt lat="36.803767" lon="32.239115"><ele>1637.5</ele></trkpt>
    <trkpt lat="36.804073" lon="32.239420"><ele>1634.7</ele></trkpt>
    <trkpt lat="36.804796" lon="32.239448"><ele>1630.6</ele></trkpt>
    <trkpt lat="36.805724" lon="32.239337"><ele>1625.8</ele></trkpt>
    <trkpt lat="36.806568" lon="32.239283"><ele>1621.3</ele></trkpt>
    <trkpt lat="36.807069" lon="32.239459"><ele>1617.8</ele></trkpt>
    <trkpt lat="36.807097" lon="32.239950"><ele>1616.0</ele></trkpt>
    <trkpt lat="36.806706" lon="32.240722"><ele>1616.4</ele></trkpt>
    <trkpt lat="36.806110" lon="32.241631"><ele>1619.0</ele></trkpt>
    <trkpt lat="36.805601" lon="32.242481"><ele>1623.5</ele></trkpt>
    <trkpt lat="36.805441" lon="32.243098"><ele>1629.5</ele></trkpt>
    <trkpt lat="36.805757" lon="32.243397"><ele>1636.0</ele></trkpt>
    <trkpt lat="36.806495" lon="32.243414"><ele>1642.3</ele></trkpt>
    <trkpt lat="36.807438" lon="32.243294"><ele>1647.6</ele></trkpt>
    <trkpt lat="36.808290" lon="32.243235"><ele>1651.0</ele></trkpt>
    <trkpt lat="36.808789" lon="32.243411"><ele>1652.3</ele></trkpt>
    <trkpt lat="36.808808" lon="32.243908"><ele>1651.4</ele></trkpt>
    <trkpt lat="36.808405" lon="32.244689"><ele>1648.5</ele></trkpt>
    <trkpt lat="36.807797" lon="32.245605"><ele>1644.2</ele></trkpt>
    <trkpt lat="36.807283" lon="32.246459"><ele>1639.2</ele></trkpt>
    <trkpt lat="36.807125" lon="32.247075"><ele>1634.6</ele></trkpt>
    <trkpt lat="36.807450" lon="32.247368"><ele>1631.1</ele></trkpt>
    <trkpt lat="36.808198" lon="32.247378"><ele>1629.3</ele></trkpt>
    <trkpt lat="36.809149" lon="32.247252"><ele>1629.7</ele></trkpt>
    <trkpt lat="36.810004" lon="32.247191"><ele>1632.4</ele></trkpt>
    <trkpt lat="36.810499" lon="32.247370"><ele>1637.1</ele></trkpt>
    <trkpt lat="36.810511" lon="32.247873"><ele>1643.1</ele></trkpt>
    <trkpt lat="36.810099" lon="32.248658"><ele>1649.8</ele></trkpt>
    <trkpt lat="36.809486" lon="32.249578"><ele>1656.1</ele></trkpt>
    <trkpt lat="36.808972" lon="32.250432"><ele>1661.4</ele></trkpt>
    <trkpt lat="36.808819" lon="32.251045"><ele>1664.8</ele></trkpt>
    <trkpt lat="36.809151" lon="32.251333"><ele>1666.0</ele></trkpt>
    <trkpt lat="36.809906" lon="32.251339"><ele>1665.0</ele></trkpt>
    <trkpt lat="36.810859" lon="32.251212"><ele>1662.0</ele></trkpt>
    <trkpt lat="36.811710" lon="32.251153"><ele>1657.7</ele></trkpt>
    <trkpt lat="36.812199" lon="32.251336"><ele>1652.7</ele></trkpt>
    <trkpt lat="36.812204" lon="32.251843"><ele>1648.1</ele></trkpt>
    <trkpt lat="36.811789" lon="32.252631"><ele>1644.6</ele></trkpt>
    <trkpt lat="36.811177" lon="32.253550"><ele>1642.9</ele></trkpt>
    <trkpt lat="36.810669" lon="32.254400"><ele>1643.4</ele></trkpt>
    <trkpt lat="36.810524" lon="32.255008"><ele>1646.1</ele></trkpt>
    <trkpt lat="36.810861" lon="32.255292"><ele>1650.8</ele></trkpt>
    <trkpt lat="36.811617" lon="32.255297"><ele>1656.8</ele></trkpt>
    <trkpt lat="36.812566" lon="32.255173"><ele>1663.5</ele></trkpt>
    <trkpt lat="36.813409" lon="32.255119"><ele>1669.8</ele></trkpt>
    <trkpt lat="36.813890" lon="32.255308"><ele>1674.9</ele></trkpt>
    <trkpt lat="36.813889" lon="32.255819"><ele>1678.3</ele></trkpt>
    <trkpt lat="36.813475" lon="32.256606"><ele>1679.4</ele></trkpt>
    <trkpt lat="36.812871" lon="32.257520"><ele>1678.4</ele></trkpt>
    <trkpt lat="36.812373" lon="32.258363"><ele>1675.4</ele></trkpt>
    <trkpt lat="36.812238" lon="32.258964"><ele>1671.1</ele></trkpt>
    <trkpt lat="36.812580" lon="32.259245"><ele>1666.3</ele></trkpt>
    <trkpt lat="36.813332" lon="32.259253"><ele>1661.7</ele></trkpt>
    <trkpt lat="36.814270" lon="32.259136"><ele>1658.3</ele></trkpt>
    <trkpt lat="36.815100" lon="32.259091"><ele>1656.8</ele></trkpt>
    <trkpt lat="36.815570" lon="32.259287"><ele>1657.3</ele></trkpt>
    <trkpt lat="36.815566" lon="32.259800"><ele>1660.1</ele></trkpt>
    <trkpt lat="36.815157" lon="32.260583"><ele>1664.7</ele></trkpt>
    <trkpt lat="36.814567" lon="32.261489"><ele>1670.6</ele></trkpt>
    <trkpt lat="36.814086" lon="32.262321"><ele>1677.1</ele></trkpt>
    <trkpt lat="36.813962" lon="32.262913"><ele>1683.2</ele></trkpt>
    <trkpt lat="36.814307" lon="32.263193"><ele>1688.2</ele></trkpt>
    <trkpt lat="36.815051" lon="32.263206"><ele>1691.4</ele></trkpt>
    <trkpt lat="36.815972" lon="32.263100"><ele>1692.5</ele></trkpt>
    <trkpt lat="36.816783" lon="32.263068"><ele>1691.5</ele></trkpt>
    <trkpt lat="36.817240" lon="32.263273"><ele>1688.6</ele></trkpt>
    <trkpt lat="36.817234" lon="32.263787"><ele>1684.5</ele></trkpt>
    <trkpt lat="36.816836" lon="32.264563"><ele>1679.8</ele></trkpt>
    <trkpt lat="36.816265" lon="32.265455"><ele>1675.5</ele></trkpt>
    <trkpt lat="36.815806" lon="32.266273"><ele>1672.4</ele></trkpt>
    <trkpt lat="36.815696" lon="32.266856"><ele>1670.9</ele></trkpt>
    <trkpt lat="36.816042" lon="32.267135"><ele>1671.5</ele></trkpt>
    <trkpt lat="36.816773" lon="32.267157"><ele>1674.3</ele></trkpt>
    <trkpt lat="36.817672" lon="32.267066"><ele>1678.8</ele></trkpt>
    <trkpt lat="36.818459" lon="32.267050"><ele>1684.5</ele></trkpt>
    <trkpt lat="36.818900" lon="32.267265"><ele>1690.7</ele></trkpt>
    <trkpt lat="36.818895" lon="32.267779"><ele>1696.6</ele></trkpt>
    <trkpt lat="36.818512" lon="32.268545"><ele>1701.3</ele></trkpt>
    <trkpt lat="36.817967" lon="32.269420"><ele>1704.3</ele></trkpt>
    <trkpt lat="36.817533" lon="32.270220"><ele>1705.4</ele></trkpt>
    <trkpt lat="36.817440" lon="32.270793"><ele>1704.4</ele></trkpt>
    <trkpt lat="36.817785" lon="32.271073"><ele>1701.7</ele></trkpt>
    <trkpt lat="36.818498" lon="32.271106"><ele>1697.8</ele></trkpt>
    <trkpt lat="36.819368" lon="32.271035"><ele>1693.5</ele></trkpt>
    <trkpt lat="36.820127" lon="32.271037"><ele>1689.5</ele></trkpt>
    <trkpt lat="36.820552" lon="32.271263"><ele>1686.6</ele></trkpt>
    <trkpt lat="36.820548" lon="32.271776"><ele>1685.3</ele></trkpt>
    <trkpt lat="36.820186" lon="32.272529"><ele>1686.0</ele></trkpt>
    <trkpt lat="36.819672" lon="32.273383"><ele>1688.7</ele></trkpt>
    <trkpt lat="36.819268" lon="32.274163"><ele>1693.0</ele></trkpt>
    <trkpt lat="36.819193" lon="32.274724"><ele>1698.4</ele></trkpt>
    <trkpt lat="36.819535" lon="32.275005"><ele>1704.2</ele></trkpt>
    <trkpt lat="36.820225" lon="32.275054"><ele>1709.7</ele></trkpt>
    <trkpt lat="36.821061" lon="32.275005"><ele>1714.1</ele></trkpt>
    <trkpt lat="36.821788" lon="32.275029"><ele>1717.0</ele></trkpt>
    <trkpt lat="36.822194" lon="32.275268"><ele>1717.9</ele></trkpt>
    <trkpt lat="36.822194" lon="32.275778"><ele>1717.0</ele></trkpt>
    <trkpt lat="36.821857" lon="32.276514"><ele>1714.6</ele></trkpt>
    <trkpt lat="36.821380" lon="32.277343"><ele>1711.0</ele></trkpt>
    <trkpt lat="36.821011" lon="32.278100"><ele>1707.1</ele></trkpt>
    <trkpt lat="36.820954" lon="32.278648"><ele>1703.6</ele></trkpt>
    <trkpt lat="36.821292" lon="32.278933"><ele>1701.1</ele></trkpt>
    <trkpt lat="36.821955" lon="32.279000"><ele>1700.0</ele></trkpt>
    <trkpt lat="36.822751" lon="32.278977"><ele>1700.8</ele></trkpt>
    <trkpt lat="36.823441" lon="32.279026"><ele>1703.3</ele></trkpt>
    <trkpt lat="36.823828" lon="32.279278"><ele>1707.4</ele></trkpt>
    <trkpt lat="36.823833" lon="32.279785"><ele>1712.4</ele></trkpt>
    <trkpt lat="36.823525" lon="32.280501"><ele>1717.7</ele></trkpt>
    <trkpt lat="36.823090" lon="32.281302"><ele>1722.7</ele></trkpt>
    <trkpt lat="36.822760" lon="32.282033"><ele>1726.8</ele></trkpt>
    <trkpt lat="36.822724" lon="32.282568"><ele>1729.3</ele></trkpt>
    <trkpt lat="36.823055" lon="32.282857"><ele>1730.2</ele></trkpt>
    <trkpt lat="36.823686" lon="32.282944"><ele>1729.5</ele></trkpt>
    <trkpt lat="36.824438" lon="32.282952"><ele>1727.3</ele></trkpt>
    <trkpt lat="36.825087" lon="32.283028"><ele>1724.3</ele></trkpt>
    <trkpt lat="36.825453" lon="32.283293"><ele>1720.9</ele></trkpt>
    <trkpt lat="36.825466" lon="32.283795"><ele>1717.8</ele></trkpt>
    <trkpt lat="36.825192" lon="32.284489"><ele>1715.7</ele></trkpt>
    <trkpt lat="36.824804" lon="32.285259"><ele>1715.0</ele></trkpt>
    <trkpt lat="36.824517" lon="32.285961"><ele>1715.8</ele></trkpt>
    <trkpt lat="36.824501" lon="32.286482"><ele>1718.2</ele></trkpt>
    <trkpt lat="36.824824" lon="32.286776"><ele>1721.9</ele></trkpt>
    <trkpt lat="36.825420" lon="32.286888"><ele>1726.4</ele></trkpt>
    <trkpt lat="36.826122" lon="32.286928"><ele>1731.2</ele></trkpt>
    <trkpt lat="36.826728" lon="32.287034"><ele>1735.6</ele></trkpt>
    <trkpt lat="36.827072" lon="32.287314"><ele>1739.2</ele></trkpt>
    <trkpt lat="36.827094" lon="32.287809"><ele>1741.5</ele></trkpt>
    <trkpt lat="36.826857" lon="32.288478"><ele>1742.3</ele></trkpt>
    <trkpt lat="36.826521" lon="32.289213"><ele>1741.8</ele></trkpt>
    <trkpt lat="36.826279" lon="32.289885"><ele>1740.0</ele></trkpt>
    <trkpt lat="36.826286" lon="32.290391"><ele>1737.4</ele></trkpt>
    <trkpt lat="36.826598" lon="32.290693"><ele>1734.7</ele></trkpt>
    <trkpt lat="36.827154" lon="32.290831"><ele>1732.2</ele></trkpt>
    <trkpt lat="36.827804" lon="32.290907"><ele>1730.6</ele></trkpt>
    <trkpt lat="36.828362" lon="32.291044"><ele>1730.1</ele></trkpt>
    <trkpt lat="36.828683" lon="32.291339"><ele>1731.0</ele></trkpt>
    <trkpt lat="36.828717" lon="32.291826"><ele>1733.2</ele></trkpt>
    <trkpt lat="36.828522" lon="32.292467"><ele>1736.4</ele></trkpt>
    <trkpt lat="36.828241" lon="32.293166"><ele>1740.4</ele></trkpt>
    <trkpt lat="36.828047" lon="32.293805"><ele>1744.5</ele></trkpt>
    <trkpt lat="36.828077" lon="32.294296"><ele>1748.4</ele></trkpt>
    <trkpt lat="36.828376" lon="32.294606"><ele>1751.4</ele></trkpt>
    <trkpt lat="36.828890" lon="32.294773"><ele>1753.4</ele></trkpt>
    <trkpt lat="36.829482" lon="32.294887"><ele>1754.2</ele></trkpt>
    <trkpt lat="36.829990" lon="32.295057"><ele>1753.9</ele></trkpt>
    <trkpt lat="36.830289" lon="32.295368"><ele>1752.5</ele></trkpt>
    <trkpt lat="36.830336" lon="32.295846"><ele>1750.6</ele></trkpt>
    <trkpt lat="36.830185" lon="32.296458"><ele>1748.5</ele></trkpt>
    <trkpt lat="36.829963" lon="32.297116"><ele>1746.7</ele></trkpt>
    <trkpt lat="36.829821" lon="32.297722"><ele>1745.6</ele></trkpt>
    <trkpt lat="36.829873" lon="32.298197"><ele>1745.5</ele></trkpt>
    <trkpt lat="36.830159" lon="32.298517"><ele>1746.4</ele></trkpt>
    <trkpt lat="36.830626" lon="32.298714"><ele>1748.3</ele></trkpt>
    <trkpt lat="36.831157" lon="32.298869"><ele>1751.1</ele></trkpt>
    <trkpt lat="36.831614" lon="32.299074"><ele>1754.4</ele></trkpt>
    <trkpt lat="36.831889" lon="32.299400"><ele>1757.8</ele></trkpt>
    <trkpt lat="36.831952" lon="32.299869"><ele>1761.0</ele></trkpt>
    <trkpt lat="36.831848" lon="32.300448"><ele>1763.5</ele></trkpt>
    <trkpt lat="36.831689" lon="32.301065"><ele>1765.2</ele></trkpt>
    <trkpt lat="36.831599" lon="32.301636"><ele>1766.0</ele></trkpt>
    <trkpt lat="36.831675" lon="32.302095"><ele>1765.9</ele></trkpt>
    <trkpt lat="36.831944" lon="32.302425"><ele>1765.0</ele></trkpt>
    <trkpt lat="36.832363" lon="32.302655"><ele>1763.8</ele></trkpt>
    <trkpt lat="36.832830" lon="32.302853"><ele>1762.4</ele></trkpt>
    <trkpt lat="36.833233" lon="32.303094"><ele>1761.3</ele></trkpt>
    <trkpt lat="36.833485" lon="32.303436"><ele>1760.8</ele></trkpt>
    <trkpt lat="36.833564" lon="32.303893"><ele>1760.9</ele></trkpt>
    <trkpt lat="36.833511" lon="32.304439"><ele>1761.9</ele></trkpt>
    <trkpt lat="36.833416" lon="32.305013"><ele>1763.6</ele></trkpt>
    <trkpt lat="36.833381" lon="32.305546"><ele>1765.8</ele></trkpt>
    <trkpt lat="36.833480" lon="32.305991"><ele>1768.5</ele></trkpt>
    <trkpt lat="36.833733" lon="32.306332"><ele>1771.1</ele></trkpt>
    <trkpt lat="36.834100" lon="32.306597"><ele>1773.5</ele></trkpt>
    <trkpt lat="36.834501" lon="32.306839"><ele>1775.5</ele></trkpt>
    <trkpt lat="36.834848" lon="32.307117"><ele>1776.9</ele></trkpt>
    <trkpt lat="36.835078" lon="32.307473"><ele>1777.6</ele></trkpt>
    <trkpt lat="36.835174" lon="32.307919"><ele>1777.8</ele></trkpt>
    <trkpt lat="36.835174" lon="32.308430"><ele>1777.5</ele></trkpt>
    <trkpt lat="36.835146" lon="32.308958"><ele>1776.9</ele></trkpt>
    <trkpt lat="36.835167" lon="32.309455"><ele>1776.4</ele></trkpt>
    <trkpt lat="36.835289" lon="32.309884"><ele>1776.0</ele></trkpt>
    <trkpt lat="36.835522" lon="32.310238"><ele>1776.0</ele></trkpt>
    <trkpt lat="36.835836" lon="32.310538"><ele>1776.5</ele></trkpt>
    <trkpt lat="36.836169" lon="32.310826"><ele>1777.5</ele></trkpt>
    <trkpt lat="36.836460" lon="32.311141"><ele>1778.9</ele></trkpt>
    <trkpt lat="36.836667" lon="32.311513"><ele>1780.6</ele></trkpt>
    <trkpt lat="36.836783" lon="32.311946"><ele>1782.5</ele></trkpt>
    <trkpt lat="36.836837" lon="32.312420"><ele>1784.3</ele></trkpt>
    <trkpt lat="36.836878" lon="32.312903"><ele>1786.0</ele></trkpt>
    <trkpt lat="36.836955" lon="32.313362"><ele>1787.4</ele></trkpt>
    <trkpt lat="36.837100" lon="32.313775"><ele>1788.5</ele></trkpt>
    <trkpt lat="36.837313" lon="32.314143"><ele>1789.2</ele></trkpt>
    <trkpt lat="36.837572" lon="32.314480"><ele>1789.6</ele></trkpt>
    <trkpt lat="36.837836" lon="32.314814"><ele>1789.9</ele></trkpt>
    <trkpt lat="36.838070" lon="32.315167"><ele>1790.1</ele></trkpt>
    <trkpt lat="36.838255" lon="32.315554"><ele>1790.4</ele></trkpt>
    <trkpt lat="36.838392" lon="32.315973"><ele>1790.8</ele></trkpt>
    <trkpt lat="36.838501" lon="32.316410"><ele>1791.4</ele></trkpt>
    <trkpt lat="36.838612" lon="32.316846"><ele>1792.2</ele></trkpt>
    <trkpt lat="36.838746" lon="32.317267"><ele>1793.1</ele></trkpt>
    <trkpt lat="36.838912" lon="32.317666"><ele>1794.2</ele></trkpt>
    <trkpt lat="36.839105" lon="32.318048"><ele>1795.4</ele></trkpt>
    <trkpt lat="36.839306" lon="32.318423"><ele>1796.5</ele></trkpt>
    <trkpt lat="36.839501" lon="32.318803"><ele>1797.5</ele></trkpt>
    <trkpt lat="36.839678" lon="32.319194"><ele>1798.4</ele></trkpt>
    <trkpt lat="36.839841" lon="32.319596"><ele>1799.3</ele></trkpt>
    <trkpt lat="36.840000" lon="32.320000"><ele>1800.0</ele></trkpt>
    <trkpt lat="36.840166" lon="32.320399"><ele>1799.2</ele></trkpt>
    <trkpt lat="36.840311" lon="32.320810"><ele>1798.3</ele></trkpt>
    <trkpt lat="36.840442" lon="32.321230"><ele>1797.3</ele></trkpt>
    <trkpt lat="36.840577" lon="32.321647"><ele>1796.1</ele></trkpt>
    <trkpt lat="36.840738" lon="32.322049"><ele>1794.8</ele></trkpt>
    <trkpt lat="36.840934" lon="32.322428"><ele>1793.3</ele></trkpt>
    <trkpt lat="36.841160" lon="32.322789"><ele>1791.9</ele></trkpt>
    <trkpt lat="36.841391" lon="32.323147"><ele>1790.5</ele></trkpt>
    <trkpt lat="36.841592" lon="32.323523"><ele>1789.3</ele></trkpt>
    <trkpt lat="36.841738" lon="32.323934"><ele>1788.4</ele></trkpt>
    <trkpt lat="36.841822" lon="32.324383"><ele>1787.8</ele></trkpt>
    <trkpt lat="36.841868" lon="32.324857"><ele>1787.5</ele></trkpt>
    <trkpt lat="36.841918" lon="32.325327"><ele>1787.4</ele></trkpt>
    <trkpt lat="36.842022" lon="32.325764"><ele>1787.4</ele></trkpt>
    <trkpt lat="36.842213" lon="32.326147"><ele>1787.3</ele></trkpt>
    <trkpt lat="36.842489" lon="32.326476"><ele>1786.9</ele></trkpt>
    <trkpt lat="36.842815" lon="32.326775"><ele>1786.0</ele></trkpt>
    <trkpt lat="36.843126" lon="32.327083"><ele>1784.7</ele></trkpt>
    <trkpt lat="36.843359" lon="32.327439"><ele>1782.9</ele></trkpt>
    <trkpt lat="36.843475" lon="32.327868"><ele>1780.7</ele></trkpt>
    <trkpt lat="36.843480" lon="32.328367"><ele>1778.2</ele></trkpt>
    <trkpt lat="36.843427" lon="32.328902"><ele>1775.7</ele></trkpt>
    <trkpt lat="36.843398" lon="32.329422"><ele>1773.4</ele></trkpt>
    <trkpt lat="36.843470" lon="32.329879"><ele>1771.6</ele></trkpt>
    <trkpt lat="36.843690" lon="32.330244"><ele>1770.4</ele></trkpt>
    <trkpt lat="36.844044" lon="32.330525"><ele>1769.9</ele></trkpt>
    <trkpt lat="36.844466" lon="32.330763"><ele>1770.1</ele></trkpt>
    <trkpt lat="36.844856" lon="32.331021"><ele>1770.8</ele></trkpt>
    <trkpt lat="36.845121" lon="32.331358"><ele>1771.9</ele></trkpt>
    <trkpt lat="36.845209" lon="32.331805"><ele>1772.9</ele></trkpt>
    <trkpt lat="36.845139" lon="32.332350"><ele>1773.6</ele></trkpt>
    <trkpt lat="36.844991" lon="32.332945"><ele>1773.6</ele></trkpt>
    <trkpt lat="36.844884" lon="32.333514"><ele>1772.8</ele></trkpt>
    <trkpt lat="36.844925" lon="32.333990"><ele>1771.0</ele></trkpt>
    <trkpt lat="36.845170" lon="32.334339"><ele>1768.5</ele></trkpt>
    <trkpt lat="36.845598" lon="32.334573"><ele>1765.2</ele></trkpt>
    <trkpt lat="36.846113" lon="32.334754"><ele>1761.6</ele></trkpt>
    <trkpt lat="36.846579" lon="32.334964"><ele>1758.1</ele></trkpt>
    <trkpt lat="36.846875" lon="32.335282"><ele>1755.0</ele></trkpt>
    <trkpt lat="36.846939" lon="32.335744"><ele>1752.8</ele></trkpt>
    <trkpt lat="36.846797" lon="32.336334"><ele>1751.6</ele></trkpt>
    <trkpt lat="36.846560" lon="32.336985"><ele>1751.5</ele></trkpt>
    <trkpt lat="36.846378" lon="32.337600"><ele>1752.5</ele></trkpt>
    <trkpt lat="36.846388" lon="32.338096"><ele>1754.2</ele></trkpt>
    <trkpt lat="36.846657" lon="32.338430"><ele>1756.3</ele></trkpt>
    <trkpt lat="36.847153" lon="32.338621"><ele>1758.2</ele></trkpt>
    <trkpt lat="36.847755" lon="32.338748"><ele>1759.6</ele></trkpt>
    <trkpt lat="36.848294" lon="32.338913"><ele>1760.1</ele></trkpt>
    <trkpt lat="36.848620" lon="32.339211"><ele>1759.3</ele></trkpt>
    <trkpt lat="36.848661" lon="32.339687"><ele>1757.2</ele></trkpt>
    <trkpt lat="36.848454" lon="32.340319"><ele>1753.9</ele></trkpt>
    <trkpt lat="36.848133" lon="32.341021"><ele>1749.7</ele></trkpt>
    <trkpt lat="36.847881" lon="32.341680"><ele>1745.2</ele></trkpt>
    <trkpt lat="36.847862" lon="32.342195"><ele>1740.7</ele></trkpt>
    <trkpt lat="36.848151" lon="32.342516"><ele>1737.0</ele></trkpt>
    <trkpt lat="36.848710" lon="32.342668"><ele>1734.3</ele></trkpt>
    <trkpt lat="36.849392" lon="32.342745"><ele>1733.1</ele></trkpt>
    <trkpt lat="36.849997" lon="32.342868"><ele>1733.4</ele></trkpt>
    <trkpt lat="36.850352" lon="32.343149"><ele>1735.0</ele></trkpt>
    <trkpt lat="36.850375" lon="32.343636"><ele>1737.5</ele></trkpt>
    <trkpt lat="36.850109" lon="32.344305"><ele>1740.5</ele></trkpt>
    <trkpt lat="36.849712" lon="32.345055"><ele>1743.4</ele></trkpt>
    <trkpt lat="36.849396" lon="32.345754"><ele>1745.4</ele></trkpt>
    <trkpt lat="36.849349" lon="32.346285"><ele>1746.2</ele></trkpt>
    <trkpt lat="36.849656" lon="32.346595"><ele>1745.5</ele></trkpt>
    <trkpt lat="36.850270" lon="32.346714"><ele>1743.0</ele></trkpt>
    <trkpt lat="36.851023" lon="32.346745"><ele>1739.2</ele></trkpt>
    <trkpt lat="36.851689" lon="32.346831"><ele>1734.2</ele></trkpt>
    <trkpt lat="36.852071" lon="32.347094"><ele>1728.8</ele></trkpt>
    <trkpt lat="36.852078" lon="32.347592"><ele>1723.6</ele></trkpt>
    <trkpt lat="36.851760" lon="32.348292"><ele>1719.2</ele></trkpt>
    <trkpt lat="36.851297" lon="32.349084"><ele>1716.3</ele></trkpt>
    <trkpt lat="36.850924" lon="32.349819"><ele>1715.0</ele></trkpt>
    <trkpt lat="36.850851" lon="32.350367"><ele>1715.6</ele></trkpt>
    <trkpt lat="36.851172" lon="32.350668"><ele>1717.7</ele></trkpt>
    <trkpt lat="36.851833" lon="32.350757"><ele>1721.0</ele></trkpt>
    <trkpt lat="36.852648" lon="32.350750"><ele>1724.7</ele></trkpt>
    <trkpt lat="36.853367" lon="32.350802"><ele>1728.2</ele></trkpt>
    <trkpt lat="36.853774" lon="32.351050"><ele>1730.8</ele></trkpt>
    <trkpt lat="36.853768" lon="32.351556"><ele>1731.9</ele></trkpt>
    <trkpt lat="36.853408" lon="32.352283"><ele>1731.2</ele></trkpt>
    <trkpt lat="36.852887" lon="32.353110"><ele>1728.5</ele></trkpt>
    <trkpt lat="36.852466" lon="32.353875"><ele>1724.2</ele></trkpt>
    <trkpt lat="36.852369" lon="32.354438"><ele>1718.6</ele></trkpt>
    <trkpt lat="36.852701" lon="32.354733"><ele>1712.6</ele></trkpt>
    <trkpt lat="36.853401" lon="32.354797"><ele>1706.7</ele></trkpt>
    <trkpt lat="36.854267" lon="32.354758"><ele>1701.9</ele></trkpt>
    <trkpt lat="36.855031" lon="32.354783"><ele>1698.7</ele></trkpt>
    <trkpt lat="36.855459" lon="32.355017"><ele>1697.4</ele></trkpt>
    <trkpt lat="36.855445" lon="32.355528"><ele>1698.1</ele></trkpt>
    <trkpt lat="36.855050" lon="32.356276"><ele>1700.7</ele></trkpt>
    <trkpt lat="36.854484" lon="32.357132"><ele>1704.5</ele></trkpt>
    <trkpt lat="36.854022" lon="32.357923"><ele>1708.8</ele></trkpt>
    <trkpt lat="36.853906" lon="32.358497"><ele>1712.8</ele></trkpt>
    <trkpt lat="36.854244" lon="32.358788"><ele>1715.8</ele></trkpt>
    <trkpt lat="36.854974" lon="32.358834"><ele>1717.2</ele></trkpt>
    <trkpt lat="36.855880" lon="32.358770"><ele>1716.4</ele></trkpt>
    <trkpt lat="36.856680" lon="32.358772"><ele>1713.6</ele></trkpt>
    <trkpt lat="36.857126" lon="32.358995"><ele>1708.9</ele></trkpt>
    <trkpt lat="36.857107" lon="32.359509"><ele>1703.0</ele></trkpt>
    <trkpt lat="36.856687" lon="32.360273"><ele>1696.4</ele></trkpt>
    <trkpt lat="36.856086" lon="32.361151"><ele>1690.2</ele></trkpt>
    <trkpt lat="36.855594" lon="32.361960"><ele>1685.0</ele></trkpt>
    <trkpt lat="36.855461" lon="32.362545"><ele>1681.6</ele></trkpt>
    <trkpt lat="36.855803" lon="32.362834"><ele>1680.3</ele></trkpt>
    <trkpt lat="36.856553" lon="32.362867"><ele>1681.2</ele></trkpt>
    <trkpt lat="36.857488" lon="32.362785"><ele>1684.0</ele></trkpt>
    <trkpt lat="36.858313" lon="32.362771"><ele>1688.1</ele></trkpt>
    <trkpt lat="36.858773" lon="32.362986"><ele>1692.7</ele></trkpt>
    <trkpt lat="36.858752" lon="32.363501"><ele>1697.1</ele></trkpt>
    <trkpt lat="36.858317" lon="32.364275"><ele>1700.3</ele></trkpt>
    <trkpt lat="36.857694" lon="32.365166"><ele>1701.8</ele></trkpt>
    <trkpt lat="36.857182" lon="32.365988"><ele>1701.1</ele></trkpt>
    <trkpt lat="36.857037" lon="32.366580"><ele>1698.2</ele></trkpt>
    <trkpt lat="36.857379" lon="32.366869"><ele>1693.4</ele></trkpt>
    <trkpt lat="36.858139" lon="32.366896"><ele>1687.2</ele></trkpt>
    <trkpt lat="36.859090" lon="32.366804"><ele>1680.4</ele></trkpt>
    <trkpt lat="36.859930" lon="32.366781"><ele>1673.9</ele></trkpt>
    <trkpt lat="36.860400" lon="32.366989"><ele>1668.6</ele></trkpt>
    <trkpt lat="36.860381" lon="32.367503"><ele>1665.1</ele></trkpt>
    <trkpt lat="36.859940" lon="32.368280"><ele>1663.8</ele></trkpt>
    <trkpt lat="36.859308" lon="32.369178"><ele>1664.7</ele></trkpt>
    <trkpt lat="36.858785" lon="32.370006"><ele>1667.6</ele></trkpt>
    <trkpt lat="36.858633" lon="32.370603"><ele>1671.8</ele></trkpt>
    <trkpt lat="36.858972" lon="32.370893"><ele>1676.6</ele></trkpt>
    <trkpt lat="36.859733" lon="32.370920"><ele>1681.0</ele></trkpt>
    <trkpt lat="36.860687" lon="32.370826"><ele>1684.4</ele></trkpt>
    <trkpt lat="36.861532" lon="32.370800"><ele>1685.9</ele></trkpt>
    <trkpt lat="36.862007" lon="32.371005"><ele>1685.2</ele></trkpt>
    <trkpt lat="36.861992" lon="32.371516"><ele>1682.3</ele></trkpt>
    <trkpt lat="36.861556" lon="32.372291"><ele>1677.4</ele></trkpt>
    <trkpt lat="36.860926" lon="32.373186"><ele>1671.2</ele></trkpt>
    <trkpt lat="36.860404" lon="32.374014"><ele>1664.5</ele></trkpt>
    <trkpt lat="36.860250" lon="32.374613"><ele>1658.0</ele></trkpt>
    <trkpt lat="36.860582" lon="32.374907"><ele>1652.7</ele></trkpt>
    <trkpt lat="36.861335" lon="32.374939"><ele>1649.2</ele></trkpt>
    <trkpt lat="36.862280" lon="32.374850"><ele>1647.9</ele></trkpt>
    <trkpt lat="36.863118" lon="32.374828"><ele>1648.8</ele></trkpt>
    <trkpt lat="36.863593" lon="32.375034"><ele>1651.6</ele></trkpt>
    <trkpt lat="36.863586" lon="32.375540"><ele>1655.7</ele></trkpt>
    <trkpt lat="36.863163" lon="32.376307"><ele>1660.3</ele></trkpt>
    <trkpt lat="36.862548" lon="32.377192"><ele>1664.7</ele></trkpt>
    <trkpt lat="36.862038" lon="32.378013"><ele>1667.9</ele></trkpt>
    <trkpt lat="36.861887" lon="32.378610"><ele>1669.4</ele></trkpt>
    <trkpt lat="36.862211" lon="32.378909"><ele>1668.7</ele></trkpt>
    <trkpt lat="36.862945" lon="32.378953"><ele>1665.8</ele></trkpt>
    <trkpt lat="36.863868" lon="32.378878"><ele>1661.1</ele></trkpt>
    <trkpt lat="36.864689" lon="32.378866"><ele>1655.1</ele></trkpt>
    <trkpt lat="36.865159" lon="32.379075"><ele>1648.6</ele></trkpt>
    <trkpt lat="36.865161" lon="32.379576"><ele>1642.4</ele></trkpt>
    <trkpt lat="36.864761" lon="32.380328"><ele>1637.3</ele></trkpt>
    <trkpt lat="36.864175" lon="32.381196"><ele>1633.9</ele></trkpt>
    <trkpt lat="36.863687" lon="32.382003"><ele>1632.6</ele></trkpt>
    <trkpt lat="36.863544" lon="32.382594"><ele>1633.3</ele></trkpt>
    <trkpt lat="36.863857" lon="32.382901"><ele>1635.9</ele></trkpt>
    <trkpt lat="36.864563" lon="32.382961"><ele>1639.7</ele></trkpt>
    <trkpt lat="36.865453" lon="32.382907"><ele>1644.0</ele></trkpt>
    <trkpt lat="36.866246" lon="32.382913"><ele>1648.1</ele></trkpt>
    <trkpt lat="36.866705" lon="32.383129"><ele>1651.0</ele></trkpt>
    <trkpt lat="36.866720" lon="32.383622"><ele>1652.3</ele></trkpt>
    <trkpt lat="36.866351" lon="32.384354"><ele>1651.6</ele></trkpt>
    <trkpt lat="36.865804" lon="32.385198"><ele>1648.9</ele></trkpt>
    <trkpt lat="36.865350" lon="32.385984"><ele>1644.5</ele></trkpt>
    <trkpt lat="36.865220" lon="32.386567"><ele>1638.9</ele></trkpt>
    <trkpt lat="36.865520" lon="32.386881"><ele>1632.8</ele></trkpt>
    <trkpt lat="36.866191" lon="32.386964"><ele>1627.0</ele></trkpt>
    <trkpt lat="36.867035" lon="32.386938"><ele>1622.3</ele></trkpt>
    <trkpt lat="36.867790" lon="32.386968"><ele>1619.1</ele></trkpt>
    <trkpt lat="36.868233" lon="32.387194"><ele>1617.8</ele></trkpt>
    <trkpt lat="36.868261" lon="32.387678"><ele>1618.4</ele></trkpt>
    <trkpt lat="36.867931" lon="32.388386"><ele>1620.6</ele></trkpt>
    <trkpt lat="36.867436" lon="32.389198"><ele>1623.9</ele></trkpt>
    <trkpt lat="36.867025" lon="32.389957"><ele>1627.7</ele></trkpt>
    <trkpt lat="36.866913" lon="32.390529"><ele>1631.2</ele></trkpt>
    <trkpt lat="36.867199" lon="32.390852"><ele>1633.7</ele></trkpt>
    <trkpt lat="36.867828" lon="32.390961"><ele>1634.7</ele></trkpt>
    <trkpt lat="36.868615" lon="32.390971"><ele>1633.9</ele></trkpt>
    <trkpt lat="36.869322" lon="32.391031"><ele>1631.5</ele></trkpt>
    <trkpt lat="36.869744" lon="32.391270"><ele>1627.5</ele></trkpt>
    <trkpt lat="36.869787" lon="32.391745"><ele>1622.4</ele></trkpt>
    <trkpt lat="36.869504" lon="32.392424"><ele>1617.0</ele></trkpt>
    <trkpt lat="36.869069" lon="32.393197"><ele>1611.9</ele></trkpt>
    <trkpt lat="36.868711" lon="32.393923"><ele>1607.7</ele></trkpt>
    <trkpt lat="36.868623" lon="32.394480"><ele>1604.8</ele></trkpt>
    <trkpt lat="36.868894" lon="32.394813"><ele>1603.6</ele></trkpt>
    <trkpt lat="36.869473" lon="32.394953"><ele>1603.9</ele></trkpt>
    <trkpt lat="36.870194" lon="32.395004"><ele>1605.7</ele></trkpt>
    <trkpt lat="36.870844" lon="32.395100"><ele>1608.3</ele></trkpt>
    <trkpt lat="36.871239" lon="32.395355"><ele>1611.3</ele></trkpt>
    <trkpt lat="36.871298" lon="32.395821"><ele>1614.0</ele></trkpt>
    <trkpt lat="36.871067" lon="32.396467"><ele>1616.0</ele></trkpt>
    <trkpt lat="36.870703" lon="32.397196"><ele>1616.6</ele></trkpt>
    <trkpt lat="36.870407" lon="32.397883"><ele>1615.8</ele></trkpt>
    <trkpt lat="36.870348" lon="32.398422"><ele>1613.6</ele></trkpt>
    <trkpt lat="36.870603" lon="32.398765"><ele>1610.1</ele></trkpt>
    <trkpt lat="36.871126" lon="32.398940"><ele>1605.9</ele></trkpt>
    <trkpt lat="36.871773" lon="32.399037"><ele>1601.3</ele></trkpt>
    <trkpt lat="36.872357" lon="32.399175"><ele>1597.0</ele></trkpt>
    <trkpt lat="36.872721" lon="32.399449"><ele>1593.4</ele></trkpt>
    <trkpt lat="36.872795" lon="32.399905"><ele>1590.9</ele></trkpt>
    <trkpt lat="36.872623" lon="32.400514"><ele>1589.8</ele></trkpt>
    <trkpt lat="36.872337" lon="32.401195"><ele>1589.9</ele></trkpt>
    <trkpt lat="36.872110" lon="32.401839"><ele>1591.0</ele></trkpt>
    <trkpt lat="36.872085" lon="32.402356"><ele>1592.8</ele></trkpt>
    <trkpt lat="36.872324" lon="32.402709"><ele>1594.9</ele></trkpt>
    <trkpt lat="36.872787" lon="32.402922"><ele>1596.8</ele></trkpt>
    <trkpt lat="36.873352" lon="32.403071"><ele>1598.0</ele></trkpt>
    <trkpt lat="36.873862" lon="32.403254"><ele>1598.2</ele></trkpt>
    <trkpt lat="36.874190" lon="32.403551"><ele>1597.3</ele></trkpt>
    <trkpt lat="36.874281" lon="32.403996"><ele>1595.4</ele></trkpt>
    <trkpt lat="36.874171" lon="32.404567"><ele>1592.5</ele></trkpt>
    <trkpt lat="36.873971" lon="32.405194"><ele>1589.1</ele></trkpt>
    <trkpt lat="36.873821" lon="32.405790"><ele>1585.5</ele></trkpt>
    <trkpt lat="36.873833" lon="32.406284"><ele>1582.2</ele></trkpt>
    <trkpt lat="36.874056" lon="32.406646"><ele>1579.4</ele></trkpt>
    <trkpt lat="36.874455" lon="32.406899"><ele>1577.4</ele></trkpt>
    <trkpt lat="36.874931" lon="32.407104"><ele>1576.3</ele></trkpt>
    <trkpt lat="36.875363" lon="32.407336"><ele>1576.1</ele></trkpt>
    <trkpt lat="36.875651" lon="32.407658"><ele>1576.6</ele></trkpt>
    <trkpt lat="36.875757" lon="32.408094"><ele>1577.5</ele></trkpt>
    <trkpt lat="36.875712" lon="32.408624"><ele>1578.6</ele></trkpt>
    <trkpt lat="36.875603" lon="32.409194"><ele>1579.4</ele></trkpt>
    <trkpt lat="36.875535" lon="32.409738"><ele>1579.8</ele></trkpt>
    <trkpt lat="36.875590" lon="32.410206"><ele>1579.5</ele></trkpt>
    <trkpt lat="36.875798" lon="32.410578"><ele>1578.5</ele></trkpt>
    <trkpt lat="36.876130" lon="32.410873"><ele>1576.9</ele></trkpt>
    <trkpt lat="36.876513" lon="32.411135"><ele>1574.7</ele></trkpt>
    <trkpt lat="36.876860" lon="32.411421"><ele>1572.3</ele></trkpt>
    <trkpt lat="36.877104" lon="32.411770"><ele>1569.8</ele></trkpt>
    <trkpt lat="36.877225" lon="32.412196"><ele>1567.5</ele></trkpt>
    <trkpt lat="36.877248" lon="32.412684"><ele>1565.5</ele></trkpt>
    <trkpt lat="36.877234" lon="32.413195"><ele>1564.1</ele></trkpt>
    <trkpt lat="36.877252" lon="32.413685"><ele>1563.1</ele></trkpt>
    <trkpt lat="36.877352" lon="32.414125"><ele>1562.6</ele></trkpt>
    <trkpt lat="36.877546" lon="32.414506"><ele>1562.4</ele></trkpt>
    <trkpt lat="36.877810" lon="32.414843"><ele>1562.3</ele></trkpt>
    <trkpt lat="36.878096" lon="32.415166"><ele>1562.2</ele></trkpt>
    <trkpt lat="36.878355" lon="32.415506"><ele>1562.0</ele></trkpt>
    <trkpt lat="36.878553" lon="32.415884"><ele>1561.5</ele></trkpt>
    <trkpt lat="36.878687" lon="32.416303"><ele>1560.6</ele></trkpt>
    <trkpt lat="36.878778" lon="32.416748"><ele>1559.5</ele></trkpt>
    <trkpt lat="36.878862" lon="32.417197"><ele>1558.2</ele></trkpt>
    <trkpt lat="36.878970" lon="32.417632"><ele>1556.8</ele></trkpt>
    <trkpt lat="36.879117" lon="32.418042"><ele>1555.3</ele></trkpt>
    <trkpt lat="36.879298" lon="32.418431"><ele>1554.0</ele></trkpt>
    <trkpt lat="36.879494" lon="32.418810"><ele>1552.8</ele></trkpt>
    <trkpt lat="36.879682" lon="32.419194"><ele>1551.7</ele></trkpt>
    <trkpt lat="36.879850" lon="32.419592"><ele>1550.8</ele></trkpt>
    <trkpt lat="36.880000" lon="32.420000"><ele>1550.0</ele></trkpt>
    <trkpt lat="36.880237" lon="32.420339"><ele>1549.3</ele></trkpt>
    <trkpt lat="36.880458" lon="32.420692"><ele>1548.7</ele></trkpt>
    <trkpt lat="36.880655" lon="32.421070"><ele>1548.3</ele></trkpt>
    <trkpt lat="36.880834" lon="32.421465"><ele>1548.1</ele></trkpt>
    <trkpt lat="36.881015" lon="32.421858"><ele>1548.0</ele></trkpt>
    <trkpt lat="36.881225" lon="32.422223"><ele>1548.1</ele></trkpt>
    <trkpt lat="36.881481" lon="32.422543"><ele>1548.1</ele></trkpt>
    <trkpt lat="36.881778" lon="32.422823"><ele>1547.9</ele></trkpt>
    <trkpt lat="36.882091" lon="32.423089"><ele>1547.4</ele></trkpt>
    <trkpt lat="36.882378" lon="32.423379"><ele>1546.6</ele></trkpt>
    <trkpt lat="36.882603" lon="32.423729"><ele>1545.3</ele></trkpt>
    <trkpt lat="36.882752" lon="32.424153"><ele>1543.9</ele></trkpt>
    <trkpt lat="36.882842" lon="32.424634"><ele>1542.2</ele></trkpt>
    <trkpt lat="36.882921" lon="32.425126"><ele>1540.6</ele></trkpt>
    <trkpt lat="36.883047" lon="32.425572"><ele>1539.3</ele></trkpt>
    <trkpt lat="36.883268" lon="32.425927"><ele>1538.4</ele></trkpt>
    <trkpt lat="36.883595" lon="32.426177"><ele>1538.0</ele></trkpt>
    <trkpt lat="36.883998" lon="32.426355"><ele>1538.3</ele></trkpt>
    <trkpt lat="36.884409" lon="32.426525"><ele>1539.1</ele></trkpt>
    <trkpt lat="36.884750" lon="32.426762"><ele>1540.3</ele></trkpt>
    <trkpt lat="36.884966" lon="32.427122"><ele>1541.6</ele></trkpt>
    <trkpt lat="36.885044" lon="32.427614"><ele>1542.8</ele></trkpt>
    <trkpt lat="36.885032" lon="32.428195"><ele>1543.5</ele></trkpt>
    <trkpt lat="36.885014" lon="32.428781"><ele>1543.5</ele></trkpt>
    <trkpt lat="36.885086" lon="32.429280"><ele>1542.7</ele></trkpt>
    <trkpt lat="36.885316" lon="32.429625"><ele>1541.0</ele></trkpt>
    <trkpt lat="36.885711" lon="32.429810"><ele>1538.6</ele></trkpt>
    <trkpt lat="36.886214" lon="32.429890"><ele>1535.7</ele></trkpt>
    <trkpt lat="36.886720" lon="32.429968"><ele>1532.7</ele></trkpt>
    <trkpt lat="36.887114" lon="32.430154"><ele>1530.1</ele></trkpt>
    <trkpt lat="36.887321" lon="32.430522"><ele>1528.0</ele></trkpt>
    <trkpt lat="36.887335" lon="32.431077"><ele>1527.0</ele></trkpt>
    <trkpt lat="36.887225" lon="32.431753"><ele>1527.0</ele></trkpt>
    <trkpt lat="36.887116" lon="32.432428"><ele>1528.0</ele></trkpt>
    <trkpt lat="36.887136" lon="32.432976"><ele>1530.0</ele></trkpt>
    <trkpt lat="36.887373" lon="32.433315"><ele>1532.5</ele></trkpt>
    <trkpt lat="36.887831" lon="32.433439"><ele>1535.1</ele></trkpt>
    <trkpt lat="36.888427" lon="32.433429"><ele>1537.3</ele></trkpt>
    <trkpt lat="36.889021" lon="32.433421"><ele>1538.6</ele></trkpt>
    <trkpt lat="36.889465" lon="32.433559"><ele>1538.8</ele></trkpt>
    <trkpt lat="36.889666" lon="32.433932"><ele>1537.6</ele></trkpt>
    <trkpt lat="36.889621" lon="32.434545"><ele>1535.2</ele></trkpt>
    <trkpt lat="36.889422" lon="32.435307"><ele>1531.7</ele></trkpt>
    <trkpt lat="36.889228" lon="32.436064"><ele>1527.7</ele></trkpt>
    <trkpt lat="36.889201" lon="32.436659"><ele>1523.5</ele></trkpt>
    <trkpt lat="36.889443" lon="32.436992"><ele>1519.9</ele></trkpt>
    <trkpt lat="36.889956" lon="32.437063"><ele>1517.2</ele></trkpt>
    <trkpt lat="36.890636" lon="32.436972"><ele>1516.0</ele></trkpt>
    <trkpt lat="36.891309" lon="32.436887"><ele>1516.3</ele></trkpt>
    <trkpt lat="36.891800" lon="32.436979"><ele>1518.1</ele></trkpt>
    <trkpt lat="36.891996" lon="32.437357"><ele>1521.0</ele></trkpt>
    <trkpt lat="36.891899" lon="32.438020"><ele>1524.6</ele></trkpt>
    <trkpt lat="36.891623" lon="32.438857"><ele>1528.3</ele></trkpt>
    <trkpt lat="36.891355" lon="32.439686"><ele>1531.3</ele></trkpt>
    <trkpt lat="36.891284" lon="32.440324"><ele>1533.2</ele></trkpt>
    <trkpt lat="36.891530" lon="32.440654"><ele>1533.6</ele></trkpt>
    <trkpt lat="36.892090" lon="32.440679"><ele>1532.1</ele></trkpt>
    <trkpt lat="36.892841" lon="32.440518"><ele>1529.1</ele></trkpt>
    <trkpt lat="36.893584" lon="32.440365"><ele>1524.7</ele></trkpt>
    <trkpt lat="36.894114" lon="32.440418"><ele>1519.7</ele></trkpt>
    <trkpt lat="36.894309" lon="32.440798"><ele>1514.6</ele></trkpt>
    <trkpt lat="36.894169" lon="32.441503"><ele>1510.2</ele></trkpt>
    <trkpt lat="36.893827" lon="32.442404"><ele>1507.0</ele></trkpt>
    <trkpt lat="36.893496" lon="32.443295"><ele>1505.6</ele></trkpt>
    <trkpt lat="36.893388" lon="32.443968"><ele>1506.2</ele></trkpt>
    <trkpt lat="36.893635" lon="32.444297"><ele>1508.5</ele></trkpt>
    <trkpt lat="36.894233" lon="32.444285"><ele>1512.2</ele></trkpt>
    <trkpt lat="36.895043" lon="32.444067"><ele>1516.6</ele></trkpt>
    <trkpt lat="36.895842" lon="32.443859"><ele>1521.1</ele></trkpt>
    <trkpt lat="36.896407" lon="32.443880"><ele>1524.8</ele></trkpt>
    <trkpt lat="36.896601" lon="32.444260"><ele>1527.2</ele></trkpt>
    <trkpt lat="36.896428" lon="32.444996"><ele>1527.6</ele></trkpt>
    <trkpt lat="36.896035" lon="32.445948"><ele>1526.0</ele></trkpt>
    <trkpt lat="36.895653" lon="32.446887"><ele>1522.5</ele></trkpt>
    <trkpt lat="36.895515" lon="32.447590"><ele>1517.5</ele></trkpt>
    <trkpt lat="36.895762" lon="32.447919"><ele>1511.8</ele></trkpt>
    <trkpt lat="36.896388" lon="32.447880"><ele>1506.0</ele></trkpt>
    <trkpt lat="36.897242" lon="32.447619"><ele>1501.0</ele></trkpt>
    <trkpt lat="36.898084" lon="32.447370"><ele>1497.6</ele></trkpt>
    <trkpt lat="36.898675" lon="32.447364"><ele>1496.1</ele></trkpt>
    <trkpt lat="36.898870" lon="32.447744"><ele>1496.7</ele></trkpt>
    <trkpt lat="36.898675" lon="32.448502"><ele>1499.4</ele></trkpt>
    <trkpt lat="36.898245" lon="32.449489"><ele>1503.6</ele></trkpt>
    <trkpt lat="36.897828" lon="32.450463"><ele>1508.6</ele></trkpt>
    <trkpt lat="36.897668" lon="32.451188"><ele>1513.6</ele></trkpt>
    <trkpt lat="36.897912" lon="32.451519"><ele>1517.7</ele></trkpt>
    <trkpt lat="36.898556" lon="32.451462"><ele>1520.3</ele></trkpt>
    <trkpt lat="36.899439" lon="32.451173"><ele>1520.8</ele></trkpt>
    <trkpt lat="36.900309" lon="32.450897"><ele>1519.1</ele></trkpt>
    <trkpt lat="36.900918" lon="32.450874"><ele>1515.4</ele></trkpt>
    <trkpt lat="36.901115" lon="32.451251"><ele>1510.0</ele></trkpt>
    <trkpt lat="36.900908" lon="32.452022"><ele>1503.9</ele></trkpt>
    <trkpt lat="36.900458" lon="32.453028"><ele>1497.8</ele></trkpt>
    <trkpt lat="36.900020" lon="32.454022"><ele>1492.5</ele></trkpt>
    <trkpt lat="36.899846" lon="32.454759"><ele>1488.9</ele></trkpt>
    <trkpt lat="36.900088" lon="32.455093"><ele>1487.4</ele></trkpt>
    <trkpt lat="36.900739" lon="32.455030"><ele>1488.1</ele></trkpt>
    <trkpt lat="36.901634" lon="32.454730"><ele>1490.9</ele></trkpt>
    <trkpt lat="36.902516" lon="32.454441"><ele>1495.3</ele></trkpt>
    <trkpt lat="36.903134" lon="32.454410"><ele>1500.5</ele></trkpt>
    <trkpt lat="36.903334" lon="32.454784"><ele>1505.7</ele></trkpt>
    <trkpt lat="36.903126" lon="32.455555"><ele>1509.9</ele></trkpt>
    <trkpt lat="36.902671" lon="32.456566"><ele>1512.6</ele></trkpt>
    <trkpt lat="36.902229" lon="32.457564"><ele>1513.1</ele></trkpt>
    <trkpt lat="36.902052" lon="32.458305"><ele>1511.4</ele></trkpt>
    <trkpt lat="36.902290" lon="32.458643"><ele>1507.6</ele></trkpt>
    <trkpt lat="36.902937" lon="32.458583"><ele>1502.2</ele></trkpt>
    <trkpt lat="36.903827" lon="32.458287"><ele>1496.1</ele></trkpt>
    <trkpt lat="36.904706" lon="32.458002"><ele>1490.0</ele></trkpt>
    <trkpt lat="36.905323" lon="32.457971"><ele>1484.7</ele></trkpt>
    <trkpt lat="36.905527" lon="32.458342"><ele>1481.1</ele></trkpt>
    <trkpt lat="36.905328" lon="32.459105"><ele>1479.6</ele></trkpt>
    <trkpt lat="36.904886" lon="32.460103"><ele>1480.4</ele></trkpt>
    <trkpt lat="36.904456" lon="32.461090"><ele>1483.1</ele></trkpt>
    <trkpt lat="36.904284" lon="32.461825"><ele>1487.4</ele></trkpt>
    <trkpt lat="36.904518" lon="32.462166"><ele>1492.4</ele></trkpt>
    <trkpt lat="36.905151" lon="32.462121"><ele>1497.4</ele></trkpt>
    <trkpt lat="36.906021" lon="32.461844"><ele>1501.5</ele></trkpt>
    <trkpt lat="36.906880" lon="32.461578"><ele>1504.0</ele></trkpt>
    <trkpt lat="36.907486" lon="32.461559"><ele>1504.5</ele></trkpt>
    <trkpt lat="36.907694" lon="32.461925"><ele>1502.8</ele></trkpt>
    <trkpt lat="36.907514" lon="32.462669"><ele>1499.2</ele></trkpt>
    <trkpt lat="36.907100" lon="32.463640"><ele>1494.1</ele></trkpt>
    <trkpt lat="36.906698" lon="32.464600"><ele>1488.2</ele></trkpt>
    <trkpt lat="36.906542" lon="32.465320"><ele>1482.5</ele></trkpt>
    <trkpt lat="36.906772" lon="32.465665"><ele>1477.6</ele></trkpt>
    <trkpt lat="36.907381" lon="32.465643"><ele>1474.2</ele></trkpt>
    <trkpt lat="36.908214" lon="32.465402"><ele>1472.8</ele></trkpt>
    <trkpt lat="36.909038" lon="32.465170"><ele>1473.4</ele></trkpt>
    <trkpt lat="36.909623" lon="32.465170"><ele>1475.9</ele></trkpt>
    <trkpt lat="36.909835" lon="32.465533"><ele>1479.8</ele></trkpt>
    <trkpt lat="36.909683" lon="32.466250"><ele>1484.3</ele></trkpt>
    <trkpt lat="36.909314" lon="32.467177"><ele>1488.8</ele></trkpt>
    <trkpt lat="36.908955" lon="32.468096"><ele>1492.4</ele></trkpt>
    <trkpt lat="36.908824" lon="32.468791"><ele>1494.6</ele></trkpt>
    <trkpt lat="36.909051" lon="32.469140"><ele>1495.0</ele></trkpt>
    <trkpt lat="36.909627" lon="32.469149"><ele>1493.4</ele></trkpt>
    <trkpt lat="36.910409" lon="32.468958"><ele>1490.1</ele></trkpt>
    <trkpt lat="36.911183" lon="32.468775"><ele>1485.6</ele></trkpt>
    <trkpt lat="36.911738" lon="32.468805"><ele>1480.4</ele></trkpt>
    <trkpt lat="36.911953" lon="32.469164"><ele>1475.3</ele></trkpt>
    <trkpt lat="36.911838" lon="32.469845"><ele>1471.0</ele></trkpt>
    <trkpt lat="36.911526" lon="32.470717"><ele>1468.1</ele></trkpt>
    <trkpt lat="36.911224" lon="32.471579"><ele>1466.8</ele></trkpt>
    <trkpt lat="36.911129" lon="32.472241"><ele>1467.3</ele></trkpt>
    <trkpt lat="36.911353" lon="32.472592"><ele>1469.3</ele></trkpt>
    <trkpt lat="36.911888" lon="32.472641"><ele>1472.5</ele></trkpt>
    <trkpt lat="36.912606" lon="32.472512"><ele>1476.3</ele></trkpt>
    <trkpt lat="36.913315" lon="32.472392"><ele>1479.9</ele></trkpt>
    <trkpt lat="36.913831" lon="32.472459"><ele>1482.8</ele></trkpt>
    <trkpt lat="36.914048" lon="32.472817"><ele>1484.5</ele></trkpt>
    <trkpt lat="36.913977" lon="32.473455"><ele>1484.7</ele></trkpt>
    <trkpt lat="36.913736" lon="32.474258"><ele>1483.3</ele></trkpt>
    <trkpt lat="36.913505" lon="32.475052"><ele>1480.5</ele></trkpt>
    <trkpt lat="36.913453" lon="32.475672"><ele>1476.8</ele></trkpt>
    <trkpt lat="36.913676" lon="32.476024"><ele>1472.5</ele></trkpt>
    <trkpt lat="36.914163" lon="32.476119"><ele>1468.4</ele></trkpt>
    <trkpt lat="36.914805" lon="32.476064"><ele>1464.9</ele></trkpt>
    <trkpt lat="36.915438" lon="32.476018"><ele>1462.6</ele></trkpt>
    <trkpt lat="36.915906" lon="32.476132"><ele>1461.5</ele></trkpt>
    <trkpt lat="36.916124" lon="32.476489"><ele>1461.8</ele></trkpt>
    <trkpt lat="36.916103" lon="32.477078"><ele>1463.3</ele></trkpt>
    <trkpt lat="36.915944" lon="32.477802"><ele>1465.6</ele></trkpt>
    <trkpt lat="36.915795" lon="32.478516"><ele>1468.3</ele></trkpt>
    <trkpt lat="36.915793" lon="32.479086"><ele>1470.8</ele></trkpt>
    <trkpt lat="36.916016" lon="32.479438"><ele>1472.8</ele></trkpt>
    <trkpt lat="36.916451" lon="32.479584"><ele>1473.8</ele></trkpt>
    <trkpt lat="36.917008" lon="32.479613"><ele>1473.8</ele></trkpt>
    <trkpt lat="36.917553" lon="32.479652"><ele>1472.6</ele></trkpt>
    <trkpt lat="36.917966" lon="32.479819"><ele>1470.4</ele></trkpt>
    <trkpt lat="36.918184" lon="32.480176"><ele>1467.6</ele></trkpt>
    <trkpt lat="36.918217" lon="32.480713"><ele>1464.6</ele></trkpt>
    <trkpt lat="36.918148" lon="32.481349"><ele>1461.7</ele></trkpt>
    <trkpt lat="36.918090" lon="32.481974"><ele>1459.2</ele></trkpt>
    <trkpt lat="36.918147" lon="32.482488"><ele>1457.6</ele></trkpt>
    <trkpt lat="36.918372" lon="32.482838"><ele>1456.8</ele></trkpt>
    <trkpt lat="36.918751" lon="32.483039"><ele>1456.8</ele></trkpt>
    <trkpt lat="36.919213" lon="32.483158"><ele>1457.6</ele></trkpt>
    <trkpt lat="36.919663" lon="32.483290"><ele>1458.9</ele></trkpt>
    <trkpt lat="36.920016" lon="32.483516"><ele>1460.3</ele></trkpt>
    <trkpt lat="36.920230" lon="32.483877"><ele>1461.6</ele></trkpt>
    <trkpt lat="36.920321" lon="32.484357"><ele>1462.4</ele></trkpt>
    <trkpt lat="36.920348" lon="32.484900"><ele>1462.7</ele></trkpt>
    <trkpt lat="36.920390" lon="32.485429"><ele>1462.4</ele></trkpt>
    <trkpt lat="36.920510" lon="32.485881"><ele>1461.4</ele></trkpt>
    <trkpt lat="36.920738" lon="32.486228"><ele>1460.0</ele></trkpt>
    <trkpt lat="36.921059" lon="32.486485"><ele>1458.3</ele></trkpt>
    <trkpt lat="36.921422" lon="32.486701"><ele>1456.6</ele></trkpt>
    <trkpt lat="36.921771" lon="32.486931"><ele>1455.0</ele></trkpt>
    <trkpt lat="36.922057" lon="32.487221"><ele>1453.7</ele></trkpt>
    <trkpt lat="36.922268" lon="32.487586"><ele>1452.9</ele></trkpt>
    <trkpt lat="36.922418" lon="32.488009"><ele>1452.4</ele></trkpt>
    <trkpt lat="36.922545" lon="32.488454"><ele>1452.2</ele></trkpt>
    <trkpt lat="36.922690" lon="32.488882"><ele>1452.3</ele></trkpt>
    <trkpt lat="36.922878" lon="32.489268"><ele>1452.4</ele></trkpt>
    <trkpt lat="36.923112" lon="32.489610"><ele>1452.4</ele></trkpt>
    <trkpt lat="36.923373" lon="32.489925"><ele>1452.3</ele></trkpt>
    <trkpt lat="36.923635" lon="32.490239"><ele>1452.0</ele></trkpt>
    <trkpt lat="36.923878" lon="32.490572"><ele>1451.4</ele></trkpt>
    <trkpt lat="36.924096" lon="32.490929"><ele>1450.7</ele></trkpt>
    <trkpt lat="36.924300" lon="32.491300"><ele>1450.0</ele></trkpt>
    </trkseg>
  </trk>
</gpx>
