<?xml version="1.0" encoding="UTF-8"?>
<gpx version="1.1" creator="tripplanner (sketch line from researched control points)" xmlns="http://www.topografix.com/GPX/1/1">
  <metadata>
    <name>taurus-coast-cols — Anamur → Aydıncık → Silifke</name>
    <desc>130.0 km, 1898 m. Sketch line through researched control points, calibrated to 130 km / 1900 m of road — drawn, not routed.</desc>
  </metadata>
  <trk>
    <name>taurus-coast-cols — Anamur → Aydıncık → Silifke</name>
    <trkseg>
    <trkpt lat="36.076000" lon="32.836000"><ele>15.0</ele></trkpt>
    <trkpt lat="36.076079" lon="32.836434"><ele>15.0</ele></trkpt>
    <trkpt lat="36.076166" lon="32.836866"><ele>15.2</ele></trkpt>
    <trkpt lat="36.076259" lon="32.837296"><ele>15.3</ele></trkpt>
    <trkpt lat="36.076354" lon="32.837725"><ele>15.5</ele></trkpt>
    <trkpt lat="36.076450" lon="32.838155"><ele>15.7</ele></trkpt>
    <trkpt lat="36.076541" lon="32.838585"><ele>15.9</ele></trkpt>
    <trkpt lat="36.076623" lon="32.839018"><ele>16.0</ele></trkpt>
    <trkpt lat="36.076695" lon="32.839454"><ele>16.1</ele></trkpt>
    <trkpt lat="36.076755" lon="32.839893"><ele>16.0</ele></trkpt>
    <trkpt lat="36.076801" lon="32.840335"><ele>15.9</ele></trkpt>
    <trkpt lat="36.076835" lon="32.840781"><ele>15.7</ele></trkpt>
    <trkpt lat="36.076860" lon="32.841229"><ele>15.4</ele></trkpt>
    <trkpt lat="36.076879" lon="32.841678"><ele>15.0</ele></trkpt>
    <trkpt lat="36.076898" lon="32.842128"><ele>14.5</ele></trkpt>
    <trkpt lat="36.076923" lon="32.842576"><ele>14.1</ele></trkpt>
    <trkpt lat="36.076959" lon="32.843021"><ele>13.6</ele></trkpt>
    <trkpt lat="36.077011" lon="32.843462"><ele>13.2</ele></trkpt>
    <trkpt lat="36.077083" lon="32.843897"><ele>12.9</ele></trkpt>
    <trkpt lat="36.077179" lon="32.844327"><ele>12.8</ele></trkpt>
    <trkpt lat="36.077298" lon="32.844750"><ele>12.8</ele></trkpt>
    <trkpt lat="36.077438" lon="32.845168"><ele>13.0</ele></trkpt>
    <trkpt lat="36.077597" lon="32.845581"><ele>13.3</ele></trkpt>
    <trkpt lat="36.077767" lon="32.845990"><ele>13.9</ele></trkpt>
    <trkpt lat="36.077942" lon="32.846399"><ele>14.5</ele></trkpt>
    <trkpt lat="36.078113" lon="32.846809"><ele>15.3</ele></trkpt>
    <trkpt lat="36.078272" lon="32.847221"><ele>16.2</ele></trkpt>
    <trkpt lat="36.078410" lon="32.847640"><ele>17.1</ele></trkpt>
    <trkpt lat="36.078521" lon="32.848065"><ele>17.9</ele></trkpt>
    <trkpt lat="36.078598" lon="32.848499"><ele>18.6</ele></trkpt>
    <trkpt lat="36.078641" lon="32.848942"><ele>19.1</ele></trkpt>
    <trkpt lat="36.078649" lon="32.849395"><ele>19.5</ele></trkpt>
    <trkpt lat="36.078625" lon="32.849856"><ele>19.5</ele></trkpt>
    <trkpt lat="36.078577" lon="32.850323"><ele>19.4</ele></trkpt>
    <trkpt lat="36.078512" lon="32.850795"><ele>18.9</ele></trkpt>
    <trkpt lat="36.078441" lon="32.851268"><ele>18.2</ele></trkpt>
    <trkpt lat="36.078377" lon="32.851740"><ele>17.3</ele></trkpt>
    <trkpt lat="36.078330" lon="32.852207"><ele>16.2</ele></trkpt>
    <trkpt lat="36.078312" lon="32.852666"><ele>15.0</ele></trkpt>
    <trkpt lat="36.078332" lon="32.853115"><ele>13.7</ele></trkpt>
    <trkpt lat="36.078396" lon="32.853553"><ele>12.6</ele></trkpt>
    <trkpt lat="36.078508" lon="32.853978"><ele>11.5</ele></trkpt>
    <trkpt lat="36.078666" lon="32.854391"><ele>10.7</ele></trkpt>
    <trkpt lat="36.078867" lon="32.854793"><ele>10.2</ele></trkpt>
    <trkpt lat="36.079101" lon="32.855186"><ele>10.0</ele></trkpt>
    <trkpt lat="36.079357" lon="32.855573"><ele>10.1</ele></trkpt>
    <trkpt lat="36.079622" lon="32.855958"><ele>10.6</ele></trkpt>
    <trkpt lat="36.079880" lon="32.856344"><ele>11.5</ele></trkpt>
    <trkpt lat="36.080117" lon="32.856737"><ele>12.6</ele></trkpt>
    <trkpt lat="36.080318" lon="32.857138"><ele>14.0</ele></trkpt>
    <trkpt lat="36.080472" lon="32.857552"><ele>15.6</ele></trkpt>
    <trkpt lat="36.080571" lon="32.857981"><ele>17.2</ele></trkpt>
    <trkpt lat="36.080610" lon="32.858425"><ele>18.8</ele></trkpt>
    <trkpt lat="36.080592" lon="32.858885"><ele>20.3</ele></trkpt>
    <trkpt lat="36.080519" lon="32.859358"><ele>21.5</ele></trkpt>
    <trkpt lat="36.080404" lon="32.859843"><ele>22.4</ele></trkpt>
    <trkpt lat="36.080259" lon="32.860336"><ele>22.9</ele></trkpt>
    <trkpt lat="36.080101" lon="32.860832"><ele>22.9</ele></trkpt>
    <trkpt lat="36.079949" lon="32.861327"><ele>22.5</ele></trkpt>
    <trkpt lat="36.079820" lon="32.861815"><ele>21.6</ele></trkpt>
    <trkpt lat="36.079731" lon="32.862293"><ele>20.4</ele></trkpt>
    <trkpt lat="36.079697" lon="32.862757"><ele>18.8</ele></trkpt>
    <trkpt lat="36.079728" lon="32.863203"><ele>17.0</ele></trkpt>
    <trkpt lat="36.079830" lon="32.863631"><ele>15.0</ele></trkpt>
    <trkpt lat="36.080002" lon="32.864040"><ele>13.1</ele></trkpt>
    <trkpt lat="36.080239" lon="32.864433"><ele>11.2</ele></trkpt>
    <trkpt lat="36.080529" lon="32.864811"><ele>9.7</ele></trkpt>
    <trkpt lat="36.080857" lon="32.865179"><ele>8.4</ele></trkpt>
    <trkpt lat="36.081204" lon="32.865542"><ele>7.7</ele></trkpt>
    <trkpt lat="36.081549" lon="32.865906"><ele>7.4</ele></trkpt>
    <trkpt lat="36.081870" lon="32.866276"><ele>7.7</ele></trkpt>
    <trkpt lat="36.082148" lon="32.866658"><ele>8.5</ele></trkpt>
    <trkpt lat="36.082365" lon="32.867055"><ele>9.8</ele></trkpt>
    <trkpt lat="36.082508" lon="32.867472"><ele>11.5</ele></trkpt>
    <trkpt lat="36.082570" lon="32.867910"><ele>13.6</ele></trkpt>
    <trkpt lat="36.082551" lon="32.868370"><ele>15.9</ele></trkpt>
    <trkpt lat="36.082456" lon="32.868850"><ele>18.2</ele></trkpt>
    <trkpt lat="36.082296" lon="32.869346"><ele>20.4</ele></trkpt>
    <trkpt lat="36.082089" lon="32.869855"><ele>22.5</ele></trkpt>
    <trkpt lat="36.081856" lon="32.870371"><ele>24.1</ele></trkpt>
    <trkpt lat="36.081620" lon="32.870888"><ele>25.3</ele></trkpt>
    <trkpt lat="36.081406" lon="32.871399"><ele>25.9</ele></trkpt>
    <trkpt lat="36.081238" lon="32.871898"><ele>25.9</ele></trkpt>
    <trkpt lat="36.081134" lon="32.872380"><ele>25.3</ele></trkpt>
    <trkpt lat="36.081111" lon="32.872840"><ele>24.1</ele></trkpt>
    <trkpt lat="36.081178" lon="32.873277"><ele>22.4</ele></trkpt>
    <trkpt lat="36.081338" lon="32.873690"><ele>20.2</ele></trkpt>
    <trkpt lat="36.081584" lon="32.874080"><ele>17.7</ele></trkpt>
    <trkpt lat="36.081906" lon="32.874449"><ele>15.1</ele></trkpt>
    <trkpt lat="36.082285" lon="32.874804"><ele>12.6</ele></trkpt>
    <trkpt lat="36.082699" lon="32.875150"><ele>10.2</ele></trkpt>
    <trkpt lat="36.083121" lon="32.875493"><ele>8.1</ele></trkpt>
    <trkpt lat="36.083525" lon="32.875841"><ele>6.5</ele></trkpt>
    <trkpt lat="36.083884" lon="32.876202"><ele>5.6</ele></trkpt>
    <trkpt lat="36.084175" lon="32.876580"><ele>5.3</ele></trkpt>
    <trkpt lat="36.084380" lon="32.876980"><ele>5.6</ele></trkpt>
    <trkpt lat="36.084488" lon="32.877406"><ele>6.7</ele></trkpt>
    <trkpt lat="36.084494" lon="32.877859"><ele>8.4</ele></trkpt>
    <trkpt lat="36.084402" lon="32.878338"><ele>10.6</ele></trkpt>
    <trkpt lat="36.084224" lon="32.878840"><ele>13.2</ele></trkpt>
    <trkpt lat="36.083978" lon="32.879359"><ele>16.1</ele></trkpt>
    <trkpt lat="36.083689" lon="32.879890"><ele>19.0</ele></trkpt>
    <trkpt lat="36.083383" lon="32.880425"><ele>21.8</ele></trkpt>
    <trkpt lat="36.083092" lon="32.880956"><ele>24.3</ele></trkpt>
    <trkpt lat="36.082843" lon="32.881476"><ele>26.3</ele></trkpt>
    <trkpt lat="36.082662" lon="32.881978"><ele>27.8</ele></trkpt>
    <trkpt lat="36.082571" lon="32.882457"><ele>28.5</ele></trkpt>
    <trkpt lat="36.082584" lon="32.882908"><ele>28.5</ele></trkpt>
    <trkpt lat="36.082706" lon="32.883331"><ele>27.7</ele></trkpt>
    <trkpt lat="36.082936" lon="32.883725"><ele>26.2</ele></trkpt>
    <trkpt lat="36.083263" lon="32.884093"><ele>24.1</ele></trkpt>
    <trkpt lat="36.083668" lon="32.884441"><ele>21.5</ele></trkpt>
    <trkpt lat="36.084126" lon="32.884775"><ele>18.5</ele></trkpt>
    <trkpt lat="36.084609" lon="32.885103"><ele>15.4</ele></trkpt>
    <trkpt lat="36.085084" lon="32.885432"><ele>12.3</ele></trkpt>
    <trkpt lat="36.085520" lon="32.885772"><ele>9.4</ele></trkpt>
    <trkpt lat="36.085888" lon="32.886129"><ele>7.0</ele></trkpt>
    <trkpt lat="36.086166" lon="32.886511"><ele>5.1</ele></trkpt>
    <trkpt lat="36.086335" lon="32.886921"><ele>4.0</ele></trkpt>
    <trkpt lat="36.086388" lon="32.887362"><ele>3.6</ele></trkpt>
    <trkpt lat="36.086325" lon="32.887833"><ele>4.1</ele></trkpt>
    <trkpt lat="36.086156" lon="32.888332"><ele>5.3</ele></trkpt>
    <trkpt lat="36.085898" lon="32.888855"><ele>7.3</ele></trkpt>
    <trkpt lat="36.085576" lon="32.889394"><ele>9.9</ele></trkpt>
    <trkpt lat="36.085222" lon="32.889942"><ele>13.0</ele></trkpt>
    <trkpt lat="36.084867" lon="32.890490"><ele>16.3</ele></trkpt>
    <trkpt lat="36.084546" lon="32.891029"><ele>19.7</ele></trkpt>
    <trkpt lat="36.084290" lon="32.891551"><ele>22.9</ele></trkpt>
    <trkpt lat="36.084125" lon="32.892049"><ele>25.7</ele></trkpt>
    <trkpt lat="36.084070" lon="32.892518"><ele>28.1</ele></trkpt>
    <trkpt lat="36.084137" lon="32.892955"><ele>29.7</ele></trkpt>
    <trkpt lat="36.084327" lon="32.893360"><ele>30.5</ele></trkpt>
    <trkpt lat="36.084633" lon="32.893734"><ele>30.5</ele></trkpt>
    <trkpt lat="36.085036" lon="32.894082"><ele>29.6</ele></trkpt>
    <trkpt lat="36.085513" lon="32.894411"><ele>27.9</ele></trkpt>
    <trkpt lat="36.086032" lon="32.894729"><ele>25.5</ele></trkpt>
    <trkpt lat="36.086560" lon="32.895045"><ele>22.5</ele></trkpt>
    <trkpt lat="36.087061" lon="32.895367"><ele>19.2</ele></trkpt>
    <trkpt lat="36.087501" lon="32.895706"><ele>15.7</ele></trkpt>
    <trkpt lat="36.087853" lon="32.896068"><ele>12.2</ele></trkpt>
    <trkpt lat="36.088093" lon="32.896459"><ele>9.0</ele></trkpt>
    <trkpt lat="36.088208" lon="32.896884"><ele>6.3</ele></trkpt>
    <trkpt lat="36.088194" lon="32.897342"><ele>4.3</ele></trkpt>
    <trkpt lat="36.088058" lon="32.897832"><ele>3.0</ele></trkpt>
    <trkpt lat="36.087814" lon="32.898351"><ele>2.6</ele></trkpt>
    <trkpt lat="36.087488" lon="32.898892"><ele>3.1</ele></trkpt>
    <trkpt lat="36.087110" lon="32.899446"><ele>4.5</ele></trkpt>
    <trkpt lat="36.086714" lon="32.900005"><ele>6.7</ele></trkpt>
    <trkpt lat="36.086338" lon="32.900558"><ele>9.5</ele></trkpt>
    <trkpt lat="36.086016" lon="32.901098"><ele>12.9</ele></trkpt>
    <trkpt lat="36.085780" lon="32.901614"><ele>16.5</ele></trkpt>
    <trkpt lat="36.085654" lon="32.902102"><ele>20.2</ele></trkpt>
    <trkpt lat="36.085654" lon="32.902557"><ele>23.7</ele></trkpt>
    <trkpt lat="36.085787" lon="32.902976"><ele>26.8</ele></trkpt>
    <trkpt lat="36.086048" lon="32.903362"><ele>29.3</ele></trkpt>
    <trkpt lat="36.086424" lon="32.903718"><ele>31.0</ele></trkpt>
    <trkpt lat="36.086892" lon="32.904049"><ele>31.9</ele></trkpt>
    <trkpt lat="36.087422" lon="32.904364"><ele>31.9</ele></trkpt>
    <trkpt lat="36.087978" lon="32.904672"><ele>30.9</ele></trkpt>
    <trkpt lat="36.088523" lon="32.904983"><ele>29.1</ele></trkpt>
    <trkpt lat="36.089021" lon="32.905307"><ele>26.5</ele></trkpt>
    <trkpt lat="36.089439" lon="32.905651"><ele>23.3</ele></trkpt>
    <trkpt lat="36.089749" lon="32.906024"><ele>19.8</ele></trkpt>
    <trkpt lat="36.089933" lon="32.906430"><ele>16.0</ele></trkpt>
    <trkpt lat="36.089983" lon="32.906872"><ele>12.4</ele></trkpt>
    <trkpt lat="36.089900" lon="32.907348"><ele>9.0</ele></trkpt>
    <trkpt lat="36.089695" lon="32.907857"><ele>6.2</ele></trkpt>
    <trkpt lat="36.089391" lon="32.908392"><ele>4.0</ele></trkpt>
    <trkpt lat="36.089016" lon="32.908945"><ele>2.7</ele></trkpt>
    <trkpt lat="36.088605" lon="32.909508"><ele>2.3</ele></trkpt>
    <trkpt lat="36.088197" lon="32.910070"><ele>2.8</ele></trkpt>
    <trkpt lat="36.087827" lon="32.910622"><ele>4.3</ele></trkpt>
    <trkpt lat="36.087532" lon="32.911154"><ele>6.5</ele></trkpt>
    <trkpt lat="36.087339" lon="32.911660"><ele>9.5</ele></trkpt>
    <trkpt lat="36.087269" lon="32.912133"><ele>13.0</ele></trkpt>
    <trkpt lat="36.087335" lon="32.912570"><ele>16.7</ele></trkpt>
    <trkpt lat="36.087536" lon="32.912971"><ele>20.5</ele></trkpt>
    <trkpt lat="36.087864" lon="32.913340"><ele>24.1</ele></trkpt>
    <trkpt lat="36.088298" lon="32.913680"><ele>27.3</ele></trkpt>
    <trkpt lat="36.088810" lon="32.914000"><ele>29.9</ele></trkpt>
    <trkpt lat="36.089368" lon="32.914308"><ele>31.7</ele></trkpt>
    <trkpt lat="36.089932" lon="32.914613"><ele>32.6</ele></trkpt>
    <trkpt lat="36.090467" lon="32.914927"><ele>32.5</ele></trkpt>
    <trkpt lat="36.090935" lon="32.915259"><ele>31.5</ele></trkpt>
    <trkpt lat="36.091306" lon="32.915616"><ele>29.7</ele></trkpt>
    <trkpt lat="36.091558" lon="32.916004"><ele>27.1</ele></trkpt>
    <trkpt lat="36.091676" lon="32.916427"><ele>23.8</ele></trkpt>
    <trkpt lat="36.091658" lon="32.916887"><ele>20.2</ele></trkpt>
    <trkpt lat="36.091511" lon="32.917380"><ele>16.5</ele></trkpt>
    <trkpt lat="36.091252" lon="32.917903"><ele>12.8</ele></trkpt>
    <trkpt lat="36.090907" lon="32.918448"><ele>9.4</ele></trkpt>
    <trkpt lat="36.090509" lon="32.919008"><ele>6.5</ele></trkpt>
    <trkpt lat="36.090094" lon="32.919571"><ele>4.4</ele></trkpt>
    <trkpt lat="36.089701" lon="32.920130"><ele>3.0</ele></trkpt>
    <trkpt lat="36.089365" lon="32.920673"><ele>2.6</ele></trkpt>
    <trkpt lat="36.089119" lon="32.921192"><ele>3.2</ele></trkpt>
    <trkpt lat="36.088986" lon="32.921682"><ele>4.6</ele></trkpt>
    <trkpt lat="36.088984" lon="32.922137"><ele>6.9</ele></trkpt>
    <trkpt lat="36.089117" lon="32.922556"><ele>9.8</ele></trkpt>
    <trkpt lat="36.089380" lon="32.922942"><ele>13.3</ele></trkpt>
    <trkpt lat="36.089759" lon="32.923296"><ele>17.0</ele></trkpt>
    <trkpt lat="36.090230" lon="32.923627"><ele>20.7</ele></trkpt>
    <trkpt lat="36.090762" lon="32.923942"><ele>24.2</ele></trkpt>
    <trkpt lat="36.091319" lon="32.924250"><ele>27.4</ele></trkpt>
    <trkpt lat="36.091863" lon="32.924561"><ele>29.9</ele></trkpt>
    <trkpt lat="36.092360" lon="32.924885"><ele>31.6</ele></trkpt>
    <trkpt lat="36.092775" lon="32.925230"><ele>32.5</ele></trkpt>
    <trkpt lat="36.093083" lon="32.925603"><ele>32.5</ele></trkpt>
    <trkpt lat="36.093267" lon="32.926009"><ele>31.5</ele></trkpt>
    <trkpt lat="36.093318" lon="32.926451"><ele>29.7</ele></trkpt>
    <trkpt lat="36.093239" lon="32.926926"><ele>27.2</ele></trkpt>
    <trkpt lat="36.093043" lon="32.927432"><ele>24.1</ele></trkpt>
    <trkpt lat="36.092750" lon="32.927964"><ele>20.6</ele></trkpt>
    <trkpt lat="36.092390" lon="32.928513"><ele>17.0</ele></trkpt>
    <trkpt lat="36.091997" lon="32.929071"><ele>13.4</ele></trkpt>
    <trkpt lat="36.091607" lon="32.929629"><ele>10.2</ele></trkpt>
    <trkpt lat="36.091256" lon="32.930176"><ele>7.4</ele></trkpt>
    <trkpt lat="36.090977" lon="32.930704"><ele>5.4</ele></trkpt>
    <trkpt lat="36.090796" lon="32.931206"><ele>4.1</ele></trkpt>
    <trkpt lat="36.090733" lon="32.931677"><ele>3.7</ele></trkpt>
    <trkpt lat="36.090799" lon="32.932115"><ele>4.2</ele></trkpt>
    <trkpt lat="36.090992" lon="32.932519"><ele>5.6</ele></trkpt>
    <trkpt lat="36.091302" lon="32.932891"><ele>7.8</ele></trkpt>
    <trkpt lat="36.091712" lon="32.933238"><ele>10.5</ele></trkpt>
    <trkpt lat="36.092194" lon="32.933566"><ele>13.8</ele></trkpt>
    <trkpt lat="36.092716" lon="32.933883"><ele>17.3</ele></trkpt>
    <trkpt lat="36.093244" lon="32.934198"><ele>20.8</ele></trkpt>
    <trkpt lat="36.093742" lon="32.934522"><ele>24.1</ele></trkpt>
    <trkpt lat="36.094178" lon="32.934861"><ele>27.0</ele></trkpt>
    <trkpt lat="36.094525" lon="32.935225"><ele>29.4</ele></trkpt>
    <trkpt lat="36.094762" lon="32.935617"><ele>31.0</ele></trkpt>
    <trkpt lat="36.094877" lon="32.936041"><ele>31.8</ele></trkpt>
    <trkpt lat="36.094868" lon="32.936498"><ele>31.8</ele></trkpt>
    <trkpt lat="36.094744" lon="32.936985"><ele>30.9</ele></trkpt>
    <trkpt lat="36.094519" lon="32.937499"><ele>29.2</ele></trkpt>
    <trkpt lat="36.094219" lon="32.938033"><ele>26.9</ele></trkpt>
    <trkpt lat="36.093873" lon="32.938579"><ele>24.0</ele></trkpt>
    <trkpt lat="36.093513" lon="32.939128"><ele>20.8</ele></trkpt>
    <trkpt lat="36.093174" lon="32.939672"><ele>17.5</ele></trkpt>
    <trkpt lat="36.092886" lon="32.940202"><ele>14.3</ele></trkpt>
    <trkpt lat="36.092679" lon="32.940712"><ele>11.3</ele></trkpt>
    <trkpt lat="36.092572" lon="32.941194"><ele>8.8</ele></trkpt>
    <trkpt lat="36.092579" lon="32.941647"><ele>7.0</ele></trkpt>
    <trkpt lat="36.092704" lon="32.942069"><ele>5.8</ele></trkpt>
    <trkpt lat="36.092942" lon="32.942461"><ele>5.5</ele></trkpt>
    <trkpt lat="36.093278" lon="32.942827"><ele>6.0</ele></trkpt>
    <trkpt lat="36.093692" lon="32.943172"><ele>7.2</ele></trkpt>
    <trkpt lat="36.094157" lon="32.943504"><ele>9.1</ele></trkpt>
    <trkpt lat="36.094642" lon="32.943831"><ele>11.6</ele></trkpt>
    <trkpt lat="36.095115" lon="32.944161"><ele>14.5</ele></trkpt>
    <trkpt lat="36.095545" lon="32.944503"><ele>17.6</ele></trkpt>
    <trkpt lat="36.095906" lon="32.944862"><ele>20.7</ele></trkpt>
    <trkpt lat="36.096176" lon="32.945246"><ele>23.7</ele></trkpt>
    <trkpt lat="36.096342" lon="32.945657"><ele>26.2</ele></trkpt>
    <trkpt lat="36.096397" lon="32.946097"><ele>28.3</ele></trkpt>
    <trkpt lat="36.096345" lon="32.946565"><ele>29.7</ele></trkpt>
    <trkpt lat="36.096196" lon="32.947059"><ele>30.4</ele></trkpt>
    <trkpt lat="36.095970" lon="32.947573"><ele>30.4</ele></trkpt>
    <trkpt lat="36.095690" lon="32.948101"><ele>29.6</ele></trkpt>
    <trkpt lat="36.095385" lon="32.948636"><ele>28.2</ele></trkpt>
    <trkpt lat="36.095084" lon="32.949170"><ele>26.1</ele></trkpt>
    <trkpt lat="36.094817" lon="32.949695"><ele>23.6</ele></trkpt>
    <trkpt lat="36.094608" lon="32.950205"><ele>20.9</ele></trkpt>
    <trkpt lat="36.094480" lon="32.950693"><ele>18.0</ele></trkpt>
    <trkpt lat="36.094446" lon="32.951157"><ele>15.3</ele></trkpt>
    <trkpt lat="36.094514" lon="32.951593"><ele>12.8</ele></trkpt>
    <trkpt lat="36.094682" lon="32.952004"><ele>10.6</ele></trkpt>
    <trkpt lat="36.094942" lon="32.952390"><ele>9.1</ele></trkpt>
    <trkpt lat="36.095278" lon="32.952756"><ele>8.1</ele></trkpt>
    <trkpt lat="36.095669" lon="32.953108"><ele>7.8</ele></trkpt>
    <trkpt lat="36.096089" lon="32.953452"><ele>8.3</ele></trkpt>
    <trkpt lat="36.096511" lon="32.953795"><ele>9.3</ele></trkpt>
    <trkpt lat="36.096908" lon="32.954145"><ele>10.9</ele></trkpt>
    <trkpt lat="36.097257" lon="32.954508"><ele>13.0</ele></trkpt>
    <trkpt lat="36.097536" lon="32.954889"><ele>15.4</ele></trkpt>
    <trkpt lat="36.097731" lon="32.955292"><ele>18.0</ele></trkpt>
    <trkpt lat="36.097835" lon="32.955719"><ele>20.6</ele></trkpt>
    <trkpt lat="36.097846" lon="32.956171"><ele>23.0</ele></trkpt>
    <trkpt lat="36.097772" lon="32.956645"><ele>25.1</ele></trkpt>
    <trkpt lat="36.097626" lon="32.957138"><ele>26.8</ele></trkpt>
    <trkpt lat="36.097426" lon="32.957645"><ele>28.0</ele></trkpt>
    <trkpt lat="36.097194" lon="32.958161"><ele>28.5</ele></trkpt>
    <trkpt lat="36.096955" lon="32.958679"><ele>28.5</ele></trkpt>
    <trkpt lat="36.096733" lon="32.959192"><ele>27.8</ele></trkpt>
    <trkpt lat="36.096551" lon="32.959694"><ele>26.6</ele></trkpt>
    <trkpt lat="36.096427" lon="32.960182"><ele>25.0</ele></trkpt>
    <trkpt lat="36.096376" lon="32.960650"><ele>23.0</ele></trkpt>
    <trkpt lat="36.096405" lon="32.961096"><ele>20.8</ele></trkpt>
    <trkpt lat="36.096517" lon="32.961522"><ele>18.6</ele></trkpt>
    <trkpt lat="36.096706" lon="32.961926"><ele>16.4</ele></trkpt>
    <trkpt lat="36.096963" lon="32.962313"><ele>14.5</ele></trkpt>
    <trkpt lat="36.097271" lon="32.962687"><ele>12.8</ele></trkpt>
    <trkpt lat="36.097611" lon="32.963052"><ele>11.6</ele></trkpt>
    <trkpt lat="36.097961" lon="32.963414"><ele>10.9</ele></trkpt>
    <trkpt lat="36.098302" lon="32.963779"><ele>10.7</ele></trkpt>
    <trkpt lat="36.098611" lon="32.964152"><ele>11.1</ele></trkpt>
    <trkpt lat="36.098872" lon="32.964538"><ele>11.9</ele></trkpt>
    <trkpt lat="36.099072" lon="32.964940"><ele>13.2</ele></trkpt>
    <trkpt lat="36.099202" lon="32.965360"><ele>14.8</ele></trkpt>
    <trkpt lat="36.099261" lon="32.965799"><ele>16.6</ele></trkpt>
    <trkpt lat="36.099252" lon="32.966256"><ele>18.5</ele></trkpt>
    <trkpt lat="36.099182" lon="32.966729"><ele>20.4</ele></trkpt>
    <trkpt lat="36.099066" lon="32.967215"><ele>22.2</ele></trkpt>
    <trkpt lat="36.098919" lon="32.967708"><ele>23.7</ele></trkpt>
    <trkpt lat="36.098758" lon="32.968205"><ele>24.9</ele></trkpt>
    <trkpt lat="36.098604" lon="32.968700"><ele>25.8</ele></trkpt>
    <trkpt lat="36.098473" lon="32.969189"><ele>26.1</ele></trkpt>
    <trkpt lat="36.098381" lon="32.969668"><ele>26.1</ele></trkpt>
    <trkpt lat="36.098338" lon="32.970134"><ele>25.6</ele></trkpt>
    <trkpt lat="36.098353" lon="32.970585"><ele>24.7</ele></trkpt>
    <trkpt lat="36.098428" lon="32.971019"><ele>23.6</ele></trkpt>
    <trkpt lat="36.098561" lon="32.971439"><ele>22.2</ele></trkpt>
    <trkpt lat="36.098746" lon="32.971845"><ele>20.7</ele></trkpt>
    <trkpt lat="36.098972" lon="32.972240"><ele>19.1</ele></trkpt>
    <trkpt lat="36.099225" lon="32.972628"><ele>17.6</ele></trkpt>
    <trkpt lat="36.099491" lon="32.973012"><ele>16.3</ele></trkpt>
    <trkpt lat="36.099755" lon="32.973398"><ele>15.3</ele></trkpt>
    <trkpt lat="36.100002" lon="32.973787"><ele>14.5</ele></trkpt>
    <trkpt lat="36.100219" lon="32.974185"><ele>14.1</ele></trkpt>
    <trkpt lat="36.100396" lon="32.974592"><ele>14.0</ele></trkpt>
    <trkpt lat="36.100528" lon="32.975012"><ele>14.3</ele></trkpt>
    <trkpt lat="36.100612" lon="32.975445"><ele>14.8</ele></trkpt>
    <trkpt lat="36.100649" lon="32.975890"><ele>15.7</ele></trkpt>
    <trkpt lat="36.100644" lon="32.976346"><ele>16.7</ele></trkpt>
    <trkpt lat="36.100606" lon="32.976810"><ele>17.9</ele></trkpt>
    <trkpt lat="36.100546" lon="32.977281"><ele>19.1</ele></trkpt>
    <trkpt lat="36.100474" lon="32.977754"><ele>20.2</ele></trkpt>
    <trkpt lat="36.100403" lon="32.978228"><ele>21.3</ele></trkpt>
    <trkpt lat="36.100344" lon="32.978698"><ele>22.2</ele></trkpt>
    <trkpt lat="36.100307" lon="32.979162"><ele>22.8</ele></trkpt>
    <trkpt lat="36.100300" lon="32.979618"><ele>23.3</ele></trkpt>
    <trkpt lat="36.100327" lon="32.980066"><ele>23.4</ele></trkpt>
    <trkpt lat="36.100390" lon="32.980504"><ele>23.4</ele></trkpt>
    <trkpt lat="36.100488" lon="32.980933"><ele>23.1</ele></trkpt>
    <trkpt lat="36.100617" lon="32.981353"><ele>22.5</ele></trkpt>
    <trkpt lat="36.100769" lon="32.981768"><ele>21.9</ele></trkpt>
    <trkpt lat="36.100939" lon="32.982178"><ele>21.1</ele></trkpt>
    <trkpt lat="36.101115" lon="32.982586"><ele>20.4</ele></trkpt>
    <trkpt lat="36.101291" lon="32.982994"><ele>19.6</ele></trkpt>
    <trkpt lat="36.101458" lon="32.983405"><ele>18.9</ele></trkpt>
    <trkpt lat="36.101608" lon="32.983820"><ele>18.3</ele></trkpt>
    <trkpt lat="36.101738" lon="32.984240"><ele>17.9</ele></trkpt>
    <trkpt lat="36.101844" lon="32.984667"><ele>17.6</ele></trkpt>
    <trkpt lat="36.101927" lon="32.985100"><ele>17.5</ele></trkpt>
    <trkpt lat="36.101987" lon="32.985539"><ele>17.5</ele></trkpt>
    <trkpt lat="36.102028" lon="32.985982"><ele>17.7</ele></trkpt>
    <trkpt lat="36.102055" lon="32.986430"><ele>18.0</ele></trkpt>
    <trkpt lat="36.102074" lon="32.986879"><ele>18.4</ele></trkpt>
    <trkpt lat="36.102091" lon="32.987330"><ele>18.8</ele></trkpt>
    <trkpt lat="36.102110" lon="32.987779"><ele>19.3</ele></trkpt>
    <trkpt lat="36.102138" lon="32.988227"><ele>19.7</ele></trkpt>
    <trkpt lat="36.102176" lon="32.988671"><ele>20.1</ele></trkpt>
    <trkpt lat="36.102228" lon="32.989112"><ele>20.3</ele></trkpt>
    <trkpt lat="36.102294" lon="32.989549"><ele>20.5</ele></trkpt>
    <trkpt lat="36.102371" lon="32.989983"><ele>20.6</ele></trkpt>
    <trkpt lat="36.102459" lon="32.990415"><ele>20.6</ele></trkpt>
    <trkpt lat="36.102553" lon="32.990845"><ele>20.6</ele></trkpt>
    <trkpt lat="36.102651" lon="32.991274"><ele>20.5</ele></trkpt>
    <trkpt lat="36.102747" lon="32.991703"><ele>20.3</ele></trkpt>
    <trkpt lat="36.102839" lon="32.992133"><ele>20.2</ele></trkpt>
    <trkpt lat="36.102923" lon="32.992566"><ele>20.1</ele></trkpt>
    <trkpt lat="36.103000" lon="32.993000"><ele>20.0</ele></trkpt>
    <trkpt lat="36.103033" lon="32.993443"><ele>20.6</ele></trkpt>
    <trkpt lat="36.103075" lon="32.993886"><ele>21.1</ele></trkpt>
    <trkpt lat="36.103123" lon="32.994328"><ele>21.5</ele></trkpt>
    <trkpt lat="36.103174" lon="32.994770"><ele>21.9</ele></trkpt>
    <trkpt lat="36.103221" lon="32.995212"><ele>22.2</ele></trkpt>
    <trkpt lat="36.103261" lon="32.995655"><ele>22.5</ele></trkpt>
    <trkpt lat="36.103290" lon="32.996098"><ele>22.8</ele></trkpt>
    <trkpt lat="36.103303" lon="32.996543"><ele>23.1</ele></trkpt>
    <trkpt lat="36.103300" lon="32.996990"><ele>23.6</ele></trkpt>
    <trkpt lat="36.103281" lon="32.997437"><ele>24.1</ele></trkpt>
    <trkpt lat="36.103249" lon="32.997886"><ele>24.8</ele></trkpt>
    <trkpt lat="36.103208" lon="32.998336"><ele>25.6</ele></trkpt>
    <trkpt lat="36.103163" lon="32.998786"><ele>26.5</ele></trkpt>
    <trkpt lat="36.103121" lon="32.999235"><ele>27.6</ele></trkpt>
    <trkpt lat="36.103090" lon="32.999684"><ele>28.8</ele></trkpt>
    <trkpt lat="36.103077" lon="33.000131"><ele>30.0</ele></trkpt>
    <trkpt lat="36.103088" lon="33.000577"><ele>31.2</ele></trkpt>
    <trkpt lat="36.103125" lon="33.001020"><ele>32.4</ele></trkpt>
    <trkpt lat="36.103193" lon="33.001460"><ele>33.5</ele></trkpt>
    <trkpt lat="36.103288" lon="33.001898"><ele>34.4</ele></trkpt>
    <trkpt lat="36.103409" lon="33.002334"><ele>35.2</ele></trkpt>
    <trkpt lat="36.103548" lon="33.002768"><ele>35.7</ele></trkpt>
    <trkpt lat="36.103697" lon="33.003202"><ele>36.0</ele></trkpt>
    <trkpt lat="36.103845" lon="33.003636"><ele>36.1</ele></trkpt>
    <trkpt lat="36.103982" lon="33.004070"><ele>35.9</ele></trkpt>
    <trkpt lat="36.104098" lon="33.004506"><ele>35.5</ele></trkpt>
    <trkpt lat="36.104182" lon="33.004946"><ele>35.0</ele></trkpt>
    <trkpt lat="36.104227" lon="33.005388"><ele>34.4</ele></trkpt>
    <trkpt lat="36.104229" lon="33.005834"><ele>33.9</ele></trkpt>
    <trkpt lat="36.104187" lon="33.006283"><ele>33.4</ele></trkpt>
    <trkpt lat="36.104103" lon="33.006737"><ele>33.0</ele></trkpt>
    <trkpt lat="36.103984" lon="33.007193"><ele>32.9</ele></trkpt>
    <trkpt lat="36.103839" lon="33.007651"><ele>33.1</ele></trkpt>
    <trkpt lat="36.103682" lon="33.008111"><ele>33.6</ele></trkpt>
    <trkpt lat="36.103527" lon="33.008570"><ele>34.5</ele></trkpt>
    <trkpt lat="36.103388" lon="33.009028"><ele>35.7</ele></trkpt>
    <trkpt lat="36.103281" lon="33.009483"><ele>37.3</ele></trkpt>
    <trkpt lat="36.103217" lon="33.009934"><ele>39.1</ele></trkpt>
    <trkpt lat="36.103206" lon="33.010381"><ele>41.1</ele></trkpt>
    <trkpt lat="36.103254" lon="33.010823"><ele>43.3</ele></trkpt>
    <trkpt lat="36.103361" lon="33.011261"><ele>45.5</ele></trkpt>
    <trkpt lat="36.103524" lon="33.011693"><ele>47.6</ele></trkpt>
    <trkpt lat="36.103733" lon="33.012121"><ele>49.4</ele></trkpt>
    <trkpt lat="36.103976" lon="33.012547"><ele>51.0</ele></trkpt>
    <trkpt lat="36.104237" lon="33.012971"><ele>52.3</ele></trkpt>
    <trkpt lat="36.104496" lon="33.013395"><ele>53.0</ele></trkpt>
    <trkpt lat="36.104736" lon="33.013821"><ele>53.4</ele></trkpt>
    <trkpt lat="36.104937" lon="33.014250"><ele>53.2</ele></trkpt>
    <trkpt lat="36.105084" lon="33.014684"><ele>52.6</ele></trkpt>
    <trkpt lat="36.105166" lon="33.015123"><ele>51.7</ele></trkpt>
    <trkpt lat="36.105174" lon="33.015569"><ele>50.4</ele></trkpt>
    <trkpt lat="36.105108" lon="33.016020"><ele>49.0</ele></trkpt>
    <trkpt lat="36.104973" lon="33.016478"><ele>47.4</ele></trkpt>
    <trkpt lat="36.104779" lon="33.016940"><ele>46.0</ele></trkpt>
    <trkpt lat="36.104541" lon="33.017407"><ele>44.8</ele></trkpt>
    <trkpt lat="36.104279" lon="33.017875"><ele>43.9</ele></trkpt>
    <trkpt lat="36.104015" lon="33.018343"><ele>43.4</ele></trkpt>
    <trkpt lat="36.103773" lon="33.018810"><ele>43.4</ele></trkpt>
    <trkpt lat="36.103574" lon="33.019273"><ele>44.0</ele></trkpt>
    <trkpt lat="36.103437" lon="33.019730"><ele>45.2</ele></trkpt>
    <trkpt lat="36.103377" lon="33.020182"><ele>47.0</ele></trkpt>
    <trkpt lat="36.103402" lon="33.020626"><ele>49.2</ele></trkpt>
    <trkpt lat="36.103516" lon="33.021062"><ele>51.8</ele></trkpt>
    <trkpt lat="36.103713" lon="33.021492"><ele>54.7</ele></trkpt>
    <trkpt lat="36.103982" lon="33.021915"><ele>57.8</ele></trkpt>
    <trkpt lat="36.104306" lon="33.022334"><ele>60.8</ele></trkpt>
    <trkpt lat="36.104661" lon="33.022750"><ele>63.6</ele></trkpt>
    <trkpt lat="36.105023" lon="33.023166"><ele>66.1</ele></trkpt>
    <trkpt lat="36.105364" lon="33.023583"><ele>68.1</ele></trkpt>
    <trkpt lat="36.105660" lon="33.024004"><ele>69.5</ele></trkpt>
    <trkpt lat="36.105887" lon="33.024431"><ele>70.3</ele></trkpt>
    <trkpt lat="36.106029" lon="33.024865"><ele>70.5</ele></trkpt>
    <trkpt lat="36.106074" lon="33.025307"><ele>69.9</ele></trkpt>
    <trkpt lat="36.106018" lon="33.025758"><ele>68.8</ele></trkpt>
    <trkpt lat="36.105865" lon="33.026217"><ele>67.2</ele></trkpt>
    <trkpt lat="36.105628" lon="33.026683"><ele>65.1</ele></trkpt>
    <trkpt lat="36.105326" lon="33.027155"><ele>62.9</ele></trkpt>
    <trkpt lat="36.104982" lon="33.027630"><ele>60.6</ele></trkpt>
    <trkpt lat="36.104626" lon="33.028106"><ele>58.5</ele></trkpt>
    <trkpt lat="36.104286" lon="33.028581"><ele>56.6</ele></trkpt>
    <trkpt lat="36.103993" lon="33.029052"><ele>55.3</ele></trkpt>
    <trkpt lat="36.103771" lon="33.029517"><ele>54.5</ele></trkpt>
    <trkpt lat="36.103642" lon="33.029974"><ele>54.5</ele></trkpt>
    <trkpt lat="36.103619" lon="33.030422"><ele>55.2</ele></trkpt>
    <trkpt lat="36.103708" lon="33.030861"><ele>56.6</ele></trkpt>
    <trkpt lat="36.103906" lon="33.031290"><ele>58.8</ele></trkpt>
    <trkpt lat="36.104200" lon="33.031711"><ele>61.5</ele></trkpt>
    <trkpt lat="36.104571" lon="33.032126"><ele>64.8</ele></trkpt>
    <trkpt lat="36.104993" lon="33.032537"><ele>68.4</ele></trkpt>
    <trkpt lat="36.105435" lon="33.032945"><ele>72.1</ele></trkpt>
    <trkpt lat="36.105865" lon="33.033355"><ele>75.8</ele></trkpt>
    <trkpt lat="36.106252" lon="33.033769"><ele>79.2</ele></trkpt>
    <trkpt lat="36.106565" lon="33.034188"><ele>82.1</ele></trkpt>
    <trkpt lat="36.106781" lon="33.034616"><ele>84.4</ele></trkpt>
    <trkpt lat="36.106884" lon="33.035054"><ele>86.0</ele></trkpt>
    <trkpt lat="36.106866" lon="33.035501"><ele>86.8</ele></trkpt>
    <trkpt lat="36.106730" lon="33.035959"><ele>86.8</ele></trkpt>
    <trkpt lat="36.106485" lon="33.036426"><ele>86.0</ele></trkpt>
    <trkpt lat="36.106153" lon="33.036900"><ele>84.4</ele></trkpt>
    <trkpt lat="36.105759" lon="33.037379"><ele>82.3</ele></trkpt>
    <trkpt lat="36.105337" lon="33.037861"><ele>79.7</ele></trkpt>
    <trkpt lat="36.104920" lon="33.038342"><ele>76.9</ele></trkpt>
    <trkpt lat="36.104543" lon="33.038820"><ele>74.0</ele></trkpt>
    <trkpt lat="36.104238" lon="33.039292"><ele>71.4</ele></trkpt>
    <trkpt lat="36.104032" lon="33.039756"><ele>69.1</ele></trkpt>
    <trkpt lat="36.103944" lon="33.040209"><ele>67.5</ele></trkpt>
    <trkpt lat="36.103983" lon="33.040652"><ele>66.5</ele></trkpt>
    <trkpt lat="36.104150" lon="33.041084"><ele>66.4</ele></trkpt>
    <trkpt lat="36.104434" lon="33.041506"><ele>67.2</ele></trkpt>
    <trkpt lat="36.104817" lon="33.041920"><ele>68.8</ele></trkpt>
    <trkpt lat="36.105271" lon="33.042328"><ele>71.2</ele></trkpt>
    <trkpt lat="36.105763" lon="33.042732"><ele>74.4</ele></trkpt>
    <trkpt lat="36.106257" lon="33.043137"><ele>78.1</ele></trkpt>
    <trkpt lat="36.106717" lon="33.043544"><ele>82.1</ele></trkpt>
    <trkpt lat="36.107107" lon="33.043957"><ele>86.3</ele></trkpt>
    <trkpt lat="36.107399" lon="33.044379"><ele>90.4</ele></trkpt>
    <trkpt lat="36.107572" lon="33.044810"><ele>94.1</ele></trkpt>
    <trkpt lat="36.107613" lon="33.045253"><ele>97.4</ele></trkpt>
    <trkpt lat="36.107520" lon="33.045707"><ele>99.9</ele></trkpt>
    <trkpt lat="36.107301" lon="33.046172"><ele>101.6</ele></trkpt>
    <trkpt lat="36.106974" lon="33.046645"><ele>102.4</ele></trkpt>
    <trkpt lat="36.106567" lon="33.047126"><ele>102.2</ele></trkpt>
    <trkpt lat="36.106112" lon="33.047610"><ele>101.2</ele></trkpt>
    <trkpt lat="36.105648" lon="33.048096"><ele>99.4</ele></trkpt>
    <trkpt lat="36.105211" lon="33.048579"><ele>97.0</ele></trkpt>
    <trkpt lat="36.104838" lon="33.049056"><ele>94.0</ele></trkpt>
    <trkpt lat="36.104560" lon="33.049526"><ele>90.9</ele></trkpt>
    <trkpt lat="36.104401" lon="33.049985"><ele>87.7</ele></trkpt>
    <trkpt lat="36.104376" lon="33.050434"><ele>84.8</ele></trkpt>
    <trkpt lat="36.104490" lon="33.050870"><ele>82.3</ele></trkpt>
    <trkpt lat="36.104735" lon="33.051296"><ele>80.5</ele></trkpt>
    <trkpt lat="36.105095" lon="33.051711"><ele>79.5</ele></trkpt>
    <trkpt lat="36.105544" lon="33.052120"><ele>79.4</ele></trkpt>
    <trkpt lat="36.106049" lon="33.052523"><ele>80.2</ele></trkpt>
    <trkpt lat="36.106573" lon="33.052925"><ele>81.9</ele></trkpt>
    <trkpt lat="36.107078" lon="33.053328"><ele>84.5</ele></trkpt>
    <trkpt lat="36.107525" lon="33.053737"><ele>87.9</ele></trkpt>
    <trkpt lat="36.107882" lon="33.054153"><ele>91.8</ele></trkpt>
    <trkpt lat="36.108122" lon="33.054579"><ele>96.0</ele></trkpt>
    <trkpt lat="36.108229" lon="33.055016"><ele>100.4</ele></trkpt>
    <trkpt lat="36.108197" lon="33.055464"><ele>104.6</ele></trkpt>
    <trkpt lat="36.108029" lon="33.055925"><ele>108.5</ele></trkpt>
    <trkpt lat="36.107741" lon="33.056395"><ele>111.8</ele></trkpt>
    <trkpt lat="36.107356" lon="33.056874"><ele>114.3</ele></trkpt>
    <trkpt lat="36.106907" lon="33.057358"><ele>116.0</ele></trkpt>
    <trkpt lat="36.106431" lon="33.057844"><ele>116.8</ele></trkpt>
    <trkpt lat="36.105965" lon="33.058330"><ele>116.6</ele></trkpt>
    <trkpt lat="36.105550" lon="33.058811"><ele>115.5</ele></trkpt>
    <trkpt lat="36.105218" lon="33.059285"><ele>113.6</ele></trkpt>
    <trkpt lat="36.104997" lon="33.059750"><ele>111.1</ele></trkpt>
    <trkpt lat="36.104907" lon="33.060204"><ele>108.1</ele></trkpt>
    <trkpt lat="36.104955" lon="33.060646"><ele>104.9</ele></trkpt>
    <trkpt lat="36.105140" lon="33.061076"><ele>101.7</ele></trkpt>
    <trkpt lat="36.105449" lon="33.061496"><ele>98.8</ele></trkpt>
    <trkpt lat="36.105859" lon="33.061908"><ele>96.3</ele></trkpt>
    <trkpt lat="36.106341" lon="33.062313"><ele>94.5</ele></trkpt>
    <trkpt lat="36.106858" lon="33.062716"><ele>93.6</ele></trkpt>
    <trkpt lat="36.107372" lon="33.063118"><ele>93.5</ele></trkpt>
    <trkpt lat="36.107845" lon="33.063524"><ele>94.3</ele></trkpt>
    <trkpt lat="36.108243" lon="33.063937"><ele>96.1</ele></trkpt>
    <trkpt lat="36.108537" lon="33.064358"><ele>98.7</ele></trkpt>
    <trkpt lat="36.108706" lon="33.064790"><ele>102.0</ele></trkpt>
    <trkpt lat="36.108739" lon="33.065233"><ele>105.8</ele></trkpt>
    <trkpt lat="36.108637" lon="33.065688"><ele>110.0</ele></trkpt>
    <trkpt lat="36.108411" lon="33.066153"><ele>114.3</ele></trkpt>
    <trkpt lat="36.108079" lon="33.066627"><ele>118.4</ele></trkpt>
    <trkpt lat="36.107671" lon="33.067108"><ele>122.1</ele></trkpt>
    <trkpt lat="36.107220" lon="33.067592"><ele>125.3</ele></trkpt>
    <trkpt lat="36.106764" lon="33.068077"><ele>127.7</ele></trkpt>
    <trkpt lat="36.106340" lon="33.068559"><ele>129.4</ele></trkpt>
    <trkpt lat="36.105982" lon="33.069035"><ele>130.1</ele></trkpt>
    <trkpt lat="36.105720" lon="33.069503"><ele>129.9</ele></trkpt>
    <trkpt lat="36.105575" lon="33.069962"><ele>128.8</ele></trkpt>
    <trkpt lat="36.105560" lon="33.070409"><ele>127.1</ele></trkpt>
    <trkpt lat="36.105676" lon="33.070846"><ele>124.7</ele></trkpt>
    <trkpt lat="36.105915" lon="33.071271"><ele>121.9</ele></trkpt>
    <trkpt lat="36.106260" lon="33.071688"><ele>118.9</ele></trkpt>
    <trkpt lat="36.106686" lon="33.072099"><ele>116.0</ele></trkpt>
    <trkpt lat="36.107159" lon="33.072505"><ele>113.3</ele></trkpt>
    <trkpt lat="36.107646" lon="33.072910"><ele>111.1</ele></trkpt>
    <trkpt lat="36.108110" lon="33.073317"><ele>109.5</ele></trkpt>
    <trkpt lat="36.108517" lon="33.073728"><ele>108.7</ele></trkpt>
    <trkpt lat="36.108838" lon="33.074147"><ele>108.7</ele></trkpt>
    <trkpt lat="36.109051" lon="33.074576"><ele>109.5</ele></trkpt>
    <trkpt lat="36.109143" lon="33.075014"><ele>111.2</ele></trkpt>
    <trkpt lat="36.109109" lon="33.075463"><ele>113.7</ele></trkpt>
    <trkpt lat="36.108956" lon="33.075922"><ele>116.8</ele></trkpt>
    <trkpt lat="36.108699" lon="33.076390"><ele>120.3</ele></trkpt>
    <trkpt lat="36.108360" lon="33.076865"><ele>124.1</ele></trkpt>
    <trkpt lat="36.107969" lon="33.077344"><ele>128.0</ele></trkpt>
    <trkpt lat="36.107559" lon="33.077825"><ele>131.7</ele></trkpt>
    <trkpt lat="36.107163" lon="33.078304"><ele>135.1</ele></trkpt>
    <trkpt lat="36.106813" lon="33.078780"><ele>138.0</ele></trkpt>
    <trkpt lat="36.106540" lon="33.079249"><ele>140.2</ele></trkpt>
    <trkpt lat="36.106363" lon="33.079710"><ele>141.6</ele></trkpt>
    <trkpt lat="36.106298" lon="33.080162"><ele>142.3</ele></trkpt>
    <trkpt lat="36.106349" lon="33.080603"><ele>142.1</ele></trkpt>
    <trkpt lat="36.106514" lon="33.081036"><ele>141.3</ele></trkpt>
    <trkpt lat="36.106780" lon="33.081459"><ele>139.8</ele></trkpt>
    <trkpt lat="36.107125" lon="33.081876"><ele>137.8</ele></trkpt>
    <trkpt lat="36.107525" lon="33.082289"><ele>135.4</ele></trkpt>
    <trkpt lat="36.107949" lon="33.082699"><ele>133.0</ele></trkpt>
    <trkpt lat="36.108367" lon="33.083110"><ele>130.6</ele></trkpt>
    <trkpt lat="36.108747" lon="33.083524"><ele>128.4</ele></trkpt>
    <trkpt lat="36.109062" lon="33.083943"><ele>126.6</ele></trkpt>
    <trkpt lat="36.109293" lon="33.084370"><ele>125.4</ele></trkpt>
    <trkpt lat="36.109423" lon="33.084805"><ele>124.8</ele></trkpt>
    <trkpt lat="36.109447" lon="33.085249"><ele>124.9</ele></trkpt>
    <trkpt lat="36.109366" lon="33.085702"><ele>125.8</ele></trkpt>
    <trkpt lat="36.109191" lon="33.086163"><ele>127.3</ele></trkpt>
    <trkpt lat="36.108940" lon="33.086630"><ele>129.5</ele></trkpt>
    <trkpt lat="36.108634" lon="33.087102"><ele>132.2</ele></trkpt>
    <trkpt lat="36.108301" lon="33.087577"><ele>135.2</ele></trkpt>
    <trkpt lat="36.107968" lon="33.088051"><ele>138.4</ele></trkpt>
    <trkpt lat="36.107664" lon="33.088523"><ele>141.6</ele></trkpt>
    <trkpt lat="36.107413" lon="33.088990"><ele>144.7</ele></trkpt>
    <trkpt lat="36.107236" lon="33.089451"><ele>147.5</ele></trkpt>
    <trkpt lat="36.107146" lon="33.089905"><ele>149.9</ele></trkpt>
    <trkpt lat="36.107150" lon="33.090350"><ele>151.7</ele></trkpt>
    <trkpt lat="36.107247" lon="33.090788"><ele>153.0</ele></trkpt>
    <trkpt lat="36.107431" lon="33.091219"><ele>153.5</ele></trkpt>
    <trkpt lat="36.107685" lon="33.091644"><ele>153.5</ele></trkpt>
    <trkpt lat="36.107991" lon="33.092064"><ele>152.9</ele></trkpt>
    <trkpt lat="36.108326" lon="33.092482"><ele>151.8</ele></trkpt>
    <trkpt lat="36.108664" lon="33.092899"><ele>150.4</ele></trkpt>
    <trkpt lat="36.108982" lon="33.093319"><ele>148.7</ele></trkpt>
    <trkpt lat="36.109257" lon="33.093742"><ele>147.0</ele></trkpt>
    <trkpt lat="36.109471" lon="33.094170"><ele>145.3</ele></trkpt>
    <trkpt lat="36.109611" lon="33.094604"><ele>143.8</ele></trkpt>
    <trkpt lat="36.109670" lon="33.095045"><ele>142.7</ele></trkpt>
    <trkpt lat="36.109648" lon="33.095493"><ele>142.0</ele></trkpt>
    <trkpt lat="36.109552" lon="33.095947"><ele>141.7</ele></trkpt>
    <trkpt lat="36.109392" lon="33.096407"><ele>142.0</ele></trkpt>
    <trkpt lat="36.109185" lon="33.096870"><ele>142.9</ele></trkpt>
    <trkpt lat="36.108951" lon="33.097336"><ele>144.2</ele></trkpt>
    <trkpt lat="36.108711" lon="33.097803"><ele>145.9</ele></trkpt>
    <trkpt lat="36.108484" lon="33.098268"><ele>148.0</ele></trkpt>
    <trkpt lat="36.108292" lon="33.098730"><ele>150.3</ele></trkpt>
    <trkpt lat="36.108148" lon="33.099189"><ele>152.8</ele></trkpt>
    <trkpt lat="36.108065" lon="33.099642"><ele>155.2</ele></trkpt>
    <trkpt lat="36.108047" lon="33.100089"><ele>157.5</ele></trkpt>
    <trkpt lat="36.108097" lon="33.100531"><ele>159.5</ele></trkpt>
    <trkpt lat="36.108209" lon="33.100968"><ele>161.3</ele></trkpt>
    <trkpt lat="36.108375" lon="33.101400"><ele>162.6</ele></trkpt>
    <trkpt lat="36.108580" lon="33.101829"><ele>163.5</ele></trkpt>
    <trkpt lat="36.108809" lon="33.102256"><ele>164.1</ele></trkpt>
    <trkpt lat="36.109045" lon="33.102682"><ele>164.2</ele></trkpt>
    <trkpt lat="36.109271" lon="33.103109"><ele>163.9</ele></trkpt>
    <trkpt lat="36.109471" lon="33.103538"><ele>163.4</ele></trkpt>
    <trkpt lat="36.109635" lon="33.103970"><ele>162.7</ele></trkpt>
    <trkpt lat="36.109751" lon="33.104407"><ele>161.8</ele></trkpt>
    <trkpt lat="36.109816" lon="33.104847"><ele>161.0</ele></trkpt>
    <trkpt lat="36.109829" lon="33.105292"><ele>160.2</ele></trkpt>
    <trkpt lat="36.109793" lon="33.105742"><ele>159.6</ele></trkpt>
    <trkpt lat="36.109717" lon="33.106194"><ele>159.2</ele></trkpt>
    <trkpt lat="36.109610" lon="33.106649"><ele>159.1</ele></trkpt>
    <trkpt lat="36.109485" lon="33.107106"><ele>159.3</ele></trkpt>
    <trkpt lat="36.109354" lon="33.107563"><ele>159.8</ele></trkpt>
    <trkpt lat="36.109231" lon="33.108020"><ele>160.5</ele></trkpt>
    <trkpt lat="36.109126" lon="33.108475"><ele>161.6</ele></trkpt>
    <trkpt lat="36.109049" lon="33.108927"><ele>162.8</ele></trkpt>
    <trkpt lat="36.109006" lon="33.109377"><ele>164.2</ele></trkpt>
    <trkpt lat="36.109000" lon="33.109824"><ele>165.7</ele></trkpt>
    <trkpt lat="36.109030" lon="33.110267"><ele>167.2</ele></trkpt>
    <trkpt lat="36.109093" lon="33.110708"><ele>168.7</ele></trkpt>
    <trkpt lat="36.109184" lon="33.111146"><ele>170.0</ele></trkpt>
    <trkpt lat="36.109294" lon="33.111583"><ele>171.2</ele></trkpt>
    <trkpt lat="36.109414" lon="33.112019"><ele>172.2</ele></trkpt>
    <trkpt lat="36.109536" lon="33.112455"><ele>173.0</ele></trkpt>
    <trkpt lat="36.109651" lon="33.112891"><ele>173.7</ele></trkpt>
    <trkpt lat="36.109752" lon="33.113329"><ele>174.1</ele></trkpt>
    <trkpt lat="36.109834" lon="33.113768"><ele>174.4</ele></trkpt>
    <trkpt lat="36.109894" lon="33.114209"><ele>174.6</ele></trkpt>
    <trkpt lat="36.109932" lon="33.114652"><ele>174.7</ele></trkpt>
    <trkpt lat="36.109948" lon="33.115097"><ele>174.7</ele></trkpt>
    <trkpt lat="36.109947" lon="33.115543"><ele>174.8</ele></trkpt>
    <trkpt lat="36.109934" lon="33.115990"><ele>175.0</ele></trkpt>
    <trkpt lat="36.109915" lon="33.116438"><ele>175.2</ele></trkpt>
    <trkpt lat="36.109894" lon="33.116886"><ele>175.5</ele></trkpt>
    <trkpt lat="36.109878" lon="33.117334"><ele>176.0</ele></trkpt>
    <trkpt lat="36.109871" lon="33.117780"><ele>176.5</ele></trkpt>
    <trkpt lat="36.109875" lon="33.118226"><ele>177.1</ele></trkpt>
    <trkpt lat="36.109892" lon="33.118671"><ele>177.8</ele></trkpt>
    <trkpt lat="36.109920" lon="33.119115"><ele>178.6</ele></trkpt>
    <trkpt lat="36.109957" lon="33.119557"><ele>179.3</ele></trkpt>
    <trkpt lat="36.110000" lon="33.120000"><ele>180.0</ele></trkpt>
    <trkpt lat="36.110063" lon="33.120440"><ele>180.2</ele></trkpt>
    <trkpt lat="36.110130" lon="33.120879"><ele>180.5</ele></trkpt>
    <trkpt lat="36.110206" lon="33.121315"><ele>181.0</ele></trkpt>
    <trkpt lat="36.110295" lon="33.121747"><ele>181.5</ele></trkpt>
    <trkpt lat="36.110400" lon="33.122175"><ele>182.1</ele></trkpt>
    <trkpt lat="36.110519" lon="33.122598"><ele>182.8</ele></trkpt>
    <trkpt lat="36.110652" lon="33.123016"><ele>183.5</ele></trkpt>
    <trkpt lat="36.110793" lon="33.123432"><ele>184.3</ele></trkpt>
    <trkpt lat="36.110938" lon="33.123847"><ele>184.9</ele></trkpt>
    <trkpt lat="36.111080" lon="33.124263"><ele>185.5</ele></trkpt>
    <trkpt lat="36.111210" lon="33.124683"><ele>186.0</ele></trkpt>
    <trkpt lat="36.111323" lon="33.125108"><ele>186.2</ele></trkpt>
    <trkpt lat="36.111412" lon="33.125540"><ele>186.3</ele></trkpt>
    <trkpt lat="36.111474" lon="33.125980"><ele>186.2</ele></trkpt>
    <trkpt lat="36.111507" lon="33.126430"><ele>186.0</ele></trkpt>
    <trkpt lat="36.111514" lon="33.126887"><ele>185.5</ele></trkpt>
    <trkpt lat="36.111499" lon="33.127351"><ele>185.0</ele></trkpt>
    <trkpt lat="36.111469" lon="33.127820"><ele>184.5</ele></trkpt>
    <trkpt lat="36.111433" lon="33.128290"><ele>183.9</ele></trkpt>
    <trkpt lat="36.111403" lon="33.128759"><ele>183.5</ele></trkpt>
    <trkpt lat="36.111389" lon="33.129222"><ele>183.2</ele></trkpt>
    <trkpt lat="36.111402" lon="33.129678"><ele>183.2</ele></trkpt>
    <trkpt lat="36.111452" lon="33.130122"><ele>183.4</ele></trkpt>
    <trkpt lat="36.111543" lon="33.130553"><ele>183.9</ele></trkpt>
    <trkpt lat="36.111681" lon="33.130971"><ele>184.8</ele></trkpt>
    <trkpt lat="36.111863" lon="33.131374"><ele>185.9</ele></trkpt>
    <trkpt lat="36.112085" lon="33.131766"><ele>187.4</ele></trkpt>
    <trkpt lat="36.112338" lon="33.132148"><ele>189.0</ele></trkpt>
    <trkpt lat="36.112609" lon="33.132524"><ele>190.8</ele></trkpt>
    <trkpt lat="36.112885" lon="33.132899"><ele>192.6</ele></trkpt>
    <trkpt lat="36.113150" lon="33.133277"><ele>194.4</ele></trkpt>
    <trkpt lat="36.113387" lon="33.133664"><ele>196.0</ele></trkpt>
    <trkpt lat="36.113584" lon="33.134063"><ele>197.4</ele></trkpt>
    <trkpt lat="36.113727" lon="33.134479"><ele>198.4</ele></trkpt>
    <trkpt lat="36.113809" lon="33.134913"><ele>199.0</ele></trkpt>
    <trkpt lat="36.113828" lon="33.135367"><ele>199.2</ele></trkpt>
    <trkpt lat="36.113785" lon="33.135839"><ele>198.9</ele></trkpt>
    <trkpt lat="36.113689" lon="33.136328"><ele>198.2</ele></trkpt>
    <trkpt lat="36.113552" lon="33.136830"><ele>197.1</ele></trkpt>
    <trkpt lat="36.113389" lon="33.137339"><ele>195.7</ele></trkpt>
    <trkpt lat="36.113222" lon="33.137849"><ele>194.1</ele></trkpt>
    <trkpt lat="36.113069" lon="33.138356"><ele>192.4</ele></trkpt>
    <trkpt lat="36.112952" lon="33.138851"><ele>190.8</ele></trkpt>
    <trkpt lat="36.112888" lon="33.139330"><ele>189.3</ele></trkpt>
    <trkpt lat="36.112892" lon="33.139788"><ele>188.2</ele></trkpt>
    <trkpt lat="36.112973" lon="33.140223"><ele>187.5</ele></trkpt>
    <trkpt lat="36.113135" lon="33.140633"><ele>187.2</ele></trkpt>
    <trkpt lat="36.113374" lon="33.141019"><ele>187.6</ele></trkpt>
    <trkpt lat="36.113682" lon="33.141384"><ele>188.5</ele></trkpt>
    <trkpt lat="36.114042" lon="33.141733"><ele>190.1</ele></trkpt>
    <trkpt lat="36.114434" lon="33.142072"><ele>192.1</ele></trkpt>
    <trkpt lat="36.114835" lon="33.142409"><ele>194.5</ele></trkpt>
    <trkpt lat="36.115219" lon="33.142750"><ele>197.3</ele></trkpt>
    <trkpt lat="36.115563" lon="33.143105"><ele>200.1</ele></trkpt>
    <trkpt lat="36.115844" lon="33.143478"><ele>203.0</ele></trkpt>
    <trkpt lat="36.116045" lon="33.143876"><ele>205.7</ele></trkpt>
    <trkpt lat="36.116154" lon="33.144302"><ele>208.0</ele></trkpt>
    <trkpt lat="36.116167" lon="33.144757"><ele>209.9</ele></trkpt>
    <trkpt lat="36.116087" lon="33.145241"><ele>211.2</ele></trkpt>
    <trkpt lat="36.115926" lon="33.145750"><ele>211.8</ele></trkpt>
    <trkpt lat="36.115699" lon="33.146279"><ele>211.7</ele></trkpt>
    <trkpt lat="36.115432" lon="33.146820"><ele>210.9</ele></trkpt>
    <trkpt lat="36.115151" lon="33.147366"><ele>209.5</ele></trkpt>
    <trkpt lat="36.114885" lon="33.147907"><ele>207.5</ele></trkpt>
    <trkpt lat="36.114663" lon="33.148434"><ele>205.2</ele></trkpt>
    <trkpt lat="36.114511" lon="33.148940"><ele>202.6</ele></trkpt>
    <trkpt lat="36.114447" lon="33.149419"><ele>200.0</ele></trkpt>
    <trkpt lat="36.114488" lon="33.149866"><ele>197.5</ele></trkpt>
    <trkpt lat="36.114638" lon="33.150280"><ele>195.3</ele></trkpt>
    <trkpt lat="36.114895" lon="33.150660"><ele>193.7</ele></trkpt>
    <trkpt lat="36.115247" lon="33.151012"><ele>192.7</ele></trkpt>
    <trkpt lat="36.115675" lon="33.151340"><ele>192.4</ele></trkpt>
    <trkpt lat="36.116153" lon="33.151653"><ele>192.9</ele></trkpt>
    <trkpt lat="36.116651" lon="33.151960"><ele>194.2</ele></trkpt>
    <trkpt lat="36.117138" lon="33.152270"><ele>196.2</ele></trkpt>
    <trkpt lat="36.117580" lon="33.152594"><ele>198.9</ele></trkpt>
    <trkpt lat="36.117950" lon="33.152940"><ele>202.1</ele></trkpt>
    <trkpt lat="36.118223" lon="33.153316"><ele>205.7</ele></trkpt>
    <trkpt lat="36.118383" lon="33.153726"><ele>209.4</ele></trkpt>
    <trkpt lat="36.118424" lon="33.154173"><ele>213.0</ele></trkpt>
    <trkpt lat="36.118346" lon="33.154656"><ele>216.3</ele></trkpt>
    <trkpt lat="36.118161" lon="33.155173"><ele>219.1</ele></trkpt>
    <trkpt lat="36.117889" lon="33.155715"><ele>221.3</ele></trkpt>
    <trkpt lat="36.117558" lon="33.156276"><ele>222.7</ele></trkpt>
    <trkpt lat="36.117198" lon="33.156846"><ele>223.3</ele></trkpt>
    <trkpt lat="36.116847" lon="33.157413"><ele>222.9</ele></trkpt>
    <trkpt lat="36.116537" lon="33.157968"><ele>221.8</ele></trkpt>
    <trkpt lat="36.116300" lon="33.158499"><ele>219.8</ele></trkpt>
    <trkpt lat="36.116164" lon="33.159001"><ele>217.3</ele></trkpt>
    <trkpt lat="36.116146" lon="33.159466"><ele>214.3</ele></trkpt>
    <trkpt lat="36.116255" lon="33.159891"><ele>211.1</ele></trkpt>
    <trkpt lat="36.116493" lon="33.160278"><ele>207.9</ele></trkpt>
    <trkpt lat="36.116846" lon="33.160629"><ele>204.9</ele></trkpt>
    <trkpt lat="36.117297" lon="33.160951"><ele>202.3</ele></trkpt>
    <trkpt lat="36.117816" lon="33.161251"><ele>200.4</ele></trkpt>
    <trkpt lat="36.118371" lon="33.161540"><ele>199.2</ele></trkpt>
    <trkpt lat="36.118924" lon="33.161830"><ele>198.9</ele></trkpt>
    <trkpt lat="36.119440" lon="33.162131"><ele>199.6</ele></trkpt>
    <trkpt lat="36.119884" lon="33.162455"><ele>201.1</ele></trkpt>
    <trkpt lat="36.120227" lon="33.162809"><ele>203.5</ele></trkpt>
    <trkpt lat="36.120450" lon="33.163200"><ele>206.6</ele></trkpt>
    <trkpt lat="36.120540" lon="33.163632"><ele>210.3</ele></trkpt>
    <trkpt lat="36.120496" lon="33.164105"><ele>214.3</ele></trkpt>
    <trkpt lat="36.120329" lon="33.164616"><ele>218.4</ele></trkpt>
    <trkpt lat="36.120057" lon="33.165158"><ele>222.4</ele></trkpt>
    <trkpt lat="36.119709" lon="33.165725"><ele>226.0</ele></trkpt>
    <trkpt lat="36.119317" lon="33.166304"><ele>229.0</ele></trkpt>
    <trkpt lat="36.118920" lon="33.166885"><ele>231.3</ele></trkpt>
    <trkpt lat="36.118555" lon="33.167457"><ele>232.7</ele></trkpt>
    <trkpt lat="36.118258" lon="33.168007"><ele>233.1</ele></trkpt>
    <trkpt lat="36.118058" lon="33.168528"><ele>232.6</ele></trkpt>
    <trkpt lat="36.117979" lon="33.169011"><ele>231.3</ele></trkpt>
    <trkpt lat="36.118034" lon="33.169454"><ele>229.1</ele></trkpt>
    <trkpt lat="36.118225" lon="33.169855"><ele>226.3</ele></trkpt>
    <trkpt lat="36.118545" lon="33.170216"><ele>223.0</ele></trkpt>
    <trkpt lat="36.118974" lon="33.170544"><ele>219.6</ele></trkpt>
    <trkpt lat="36.119486" lon="33.170847"><ele>216.2</ele></trkpt>
    <trkpt lat="36.120049" lon="33.171134"><ele>213.1</ele></trkpt>
    <trkpt lat="36.120624" lon="33.171417"><ele>210.4</ele></trkpt>
    <trkpt lat="36.121173" lon="33.171708"><ele>208.5</ele></trkpt>
    <trkpt lat="36.121661" lon="33.172018"><ele>207.4</ele></trkpt>
    <trkpt lat="36.122055" lon="33.172356"><ele>207.2</ele></trkpt>
    <trkpt lat="36.122333" lon="33.172731"><ele>207.9</ele></trkpt>
    <trkpt lat="36.122480" lon="33.173145"><ele>209.6</ele></trkpt>
    <trkpt lat="36.122490" lon="33.173601"><ele>212.1</ele></trkpt>
    <trkpt lat="36.122371" lon="33.174097"><ele>215.3</ele></trkpt>
    <trkpt lat="36.122140" lon="33.174628"><ele>219.1</ele></trkpt>
    <trkpt lat="36.121820" lon="33.175185"><ele>223.1</ele></trkpt>
    <trkpt lat="36.121446" lon="33.175759"><ele>227.2</ele></trkpt>
    <trkpt lat="36.121052" lon="33.176339"><ele>231.1</ele></trkpt>
    <trkpt lat="36.120676" lon="33.176914"><ele>234.6</ele></trkpt>
    <trkpt lat="36.120355" lon="33.177472"><ele>237.5</ele></trkpt>
    <trkpt lat="36.120120" lon="33.178003"><ele>239.7</ele></trkpt>
    <trkpt lat="36.119995" lon="33.178501"><ele>240.9</ele></trkpt>
    <trkpt lat="36.119997" lon="33.178960"><ele>241.3</ele></trkpt>
    <trkpt lat="36.120130" lon="33.179379"><ele>240.7</ele></trkpt>
    <trkpt lat="36.120391" lon="33.179758"><ele>239.3</ele></trkpt>
    <trkpt lat="36.120764" lon="33.180103"><ele>237.2</ele></trkpt>
    <trkpt lat="36.121227" lon="33.180421"><ele>234.5</ele></trkpt>
    <trkpt lat="36.121749" lon="33.180720"><ele>231.4</ele></trkpt>
    <trkpt lat="36.122295" lon="33.181012"><ele>228.2</ele></trkpt>
    <trkpt lat="36.122831" lon="33.181307"><ele>225.0</ele></trkpt>
    <trkpt lat="36.123320" lon="33.181617"><ele>222.1</ele></trkpt>
    <trkpt lat="36.123733" lon="33.181950"><ele>219.8</ele></trkpt>
    <trkpt lat="36.124043" lon="33.182314"><ele>218.1</ele></trkpt>
    <trkpt lat="36.124236" lon="33.182715"><ele>217.2</ele></trkpt>
    <trkpt lat="36.124304" lon="33.183153"><ele>217.1</ele></trkpt>
    <trkpt lat="36.124250" lon="33.183629"><ele>217.9</ele></trkpt>
    <trkpt lat="36.124086" lon="33.184139"><ele>219.6</ele></trkpt>
    <trkpt lat="36.123834" lon="33.184675"><ele>222.0</ele></trkpt>
    <trkpt lat="36.123521" lon="33.185231"><ele>225.0</ele></trkpt>
    <trkpt lat="36.123179" lon="33.185795"><ele>228.4</ele></trkpt>
    <trkpt lat="36.122842" lon="33.186358"><ele>232.0</ele></trkpt>
    <trkpt lat="36.122543" lon="33.186909"><ele>235.7</ele></trkpt>
    <trkpt lat="36.122310" lon="33.187440"><ele>239.1</ele></trkpt>
    <trkpt lat="36.122169" lon="33.187942"><ele>242.2</ele></trkpt>
    <trkpt lat="36.122135" lon="33.188412"><ele>244.7</ele></trkpt>
    <trkpt lat="36.122216" lon="33.188847"><ele>246.5</ele></trkpt>
    <trkpt lat="36.122410" lon="33.189247"><ele>247.5</ele></trkpt>
    <trkpt lat="36.122707" lon="33.189615"><ele>247.8</ele></trkpt>
    <trkpt lat="36.123089" lon="33.189958"><ele>247.3</ele></trkpt>
    <trkpt lat="36.123530" lon="33.190282"><ele>246.0</ele></trkpt>
    <trkpt lat="36.124004" lon="33.190596"><ele>244.2</ele></trkpt>
    <trkpt lat="36.124477" lon="33.190910"><ele>242.0</ele></trkpt>
    <trkpt lat="36.124921" lon="33.191234"><ele>239.4</ele></trkpt>
    <trkpt lat="36.125309" lon="33.191574"><ele>236.8</ele></trkpt>
    <trkpt lat="36.125617" lon="33.191939"><ele>234.3</ele></trkpt>
    <trkpt lat="36.125831" lon="33.192333"><ele>232.1</ele></trkpt>
    <trkpt lat="36.125942" lon="33.192758"><ele>230.3</ele></trkpt>
    <trkpt lat="36.125952" lon="33.193215"><ele>229.1</ele></trkpt>
    <trkpt lat="36.125869" lon="33.193700"><ele>228.5</ele></trkpt>
    <trkpt lat="36.125707" lon="33.194209"><ele>228.7</ele></trkpt>
    <trkpt lat="36.125490" lon="33.194735"><ele>229.5</ele></trkpt>
    <trkpt lat="36.125240" lon="33.195271"><ele>230.9</ele></trkpt>
    <trkpt lat="36.124987" lon="33.195808"><ele>233.0</ele></trkpt>
    <trkpt lat="36.124756" lon="33.196338"><ele>235.4</ele></trkpt>
    <trkpt lat="36.124571" lon="33.196854"><ele>238.1</ele></trkpt>
    <trkpt lat="36.124452" lon="33.197350"><ele>241.0</ele></trkpt>
    <trkpt lat="36.124414" lon="33.197821"><ele>243.8</ele></trkpt>
    <trkpt lat="36.124463" lon="33.198266"><ele>246.5</ele></trkpt>
    <trkpt lat="36.124600" lon="33.198683"><ele>248.8</ele></trkpt>
    <trkpt lat="36.124817" lon="33.199076"><ele>250.6</ele></trkpt>
    <trkpt lat="36.125103" lon="33.199448"><ele>251.9</ele></trkpt>
    <trkpt lat="36.125439" lon="33.199804"><ele>252.7</ele></trkpt>
    <trkpt lat="36.125804" lon="33.200152"><ele>252.9</ele></trkpt>
    <trkpt lat="36.126175" lon="33.200498"><ele>252.5</ele></trkpt>
    <trkpt lat="36.126530" lon="33.200848"><ele>251.7</ele></trkpt>
    <trkpt lat="36.126848" lon="33.201210"><ele>250.4</ele></trkpt>
    <trkpt lat="36.127113" lon="33.201589"><ele>248.9</ele></trkpt>
    <trkpt lat="36.127312" lon="33.201987"><ele>247.3</ele></trkpt>
    <trkpt lat="36.127441" lon="33.202407"><ele>245.6</ele></trkpt>
    <trkpt lat="36.127497" lon="33.202849"><ele>244.1</ele></trkpt>
    <trkpt lat="36.127488" lon="33.203311"><ele>242.8</ele></trkpt>
    <trkpt lat="36.127423" lon="33.203791"><ele>241.8</ele></trkpt>
    <trkpt lat="36.127318" lon="33.204282"><ele>241.3</ele></trkpt>
    <trkpt lat="36.127188" lon="33.204782"><ele>241.1</ele></trkpt>
    <trkpt lat="36.127052" lon="33.205283"><ele>241.5</ele></trkpt>
    <trkpt lat="36.126929" lon="33.205780"><ele>242.2</ele></trkpt>
    <trkpt lat="36.126834" lon="33.206269"><ele>243.3</ele></trkpt>
    <trkpt lat="36.126779" lon="33.206745"><ele>244.8</ele></trkpt>
    <trkpt lat="36.126775" lon="33.207206"><ele>246.4</ele></trkpt>
    <trkpt lat="36.126824" lon="33.207650"><ele>248.2</ele></trkpt>
    <trkpt lat="36.126927" lon="33.208078"><ele>250.0</ele></trkpt>
    <trkpt lat="36.127080" lon="33.208490"><ele>251.7</ele></trkpt>
    <trkpt lat="36.127273" lon="33.208891"><ele>253.3</ele></trkpt>
    <trkpt lat="36.127495" lon="33.209282"><ele>254.6</ele></trkpt>
    <trkpt lat="36.127734" lon="33.209668"><ele>255.6</ele></trkpt>
    <trkpt lat="36.127976" lon="33.210053"><ele>256.4</ele></trkpt>
    <trkpt lat="36.128208" lon="33.210442"><ele>256.8</ele></trkpt>
    <trkpt lat="36.128418" lon="33.210837"><ele>257.0</ele></trkpt>
    <trkpt lat="36.128600" lon="33.211240"><ele>256.8</ele></trkpt>
    <trkpt lat="36.128746" lon="33.211655"><ele>256.5</ele></trkpt>
    <trkpt lat="36.128855" lon="33.212081"><ele>256.1</ele></trkpt>
    <trkpt lat="36.128930" lon="33.212518"><ele>255.6</ele></trkpt>
    <trkpt lat="36.128974" lon="33.212964"><ele>255.0</ele></trkpt>
    <trkpt lat="36.128994" lon="33.213417"><ele>254.6</ele></trkpt>
    <trkpt lat="36.128998" lon="33.213875"><ele>254.2</ele></trkpt>
    <trkpt lat="36.128996" lon="33.214335"><ele>254.0</ele></trkpt>
    <trkpt lat="36.128997" lon="33.214794"><ele>254.0</ele></trkpt>
    <trkpt lat="36.129008" lon="33.215250"><ele>254.2</ele></trkpt>
    <trkpt lat="36.129034" lon="33.215702"><ele>254.5</ele></trkpt>
    <trkpt lat="36.129081" lon="33.216147"><ele>255.0</ele></trkpt>
    <trkpt lat="36.129148" lon="33.216586"><ele>255.6</ele></trkpt>
    <trkpt lat="36.129234" lon="33.217019"><ele>256.3</ele></trkpt>
    <trkpt lat="36.129337" lon="33.217446"><ele>257.0</ele></trkpt>
    <trkpt lat="36.129452" lon="33.217871"><ele>257.7</ele></trkpt>
    <trkpt lat="36.129572" lon="33.218293"><ele>258.4</ele></trkpt>
    <trkpt lat="36.129691" lon="33.218716"><ele>258.9</ele></trkpt>
    <trkpt lat="36.129805" lon="33.219141"><ele>259.4</ele></trkpt>
    <trkpt lat="36.129909" lon="33.219568"><ele>259.7</ele></trkpt>
    <trkpt lat="36.130000" lon="33.220000"><ele>260.0</ele></trkpt>
    <trkpt lat="36.130062" lon="33.220439"><ele>259.1</ele></trkpt>
    <trkpt lat="36.130136" lon="33.220876"><ele>258.3</ele></trkpt>
    <trkpt lat="36.130218" lon="33.221311"><ele>257.5</ele></trkpt>
    <trkpt lat="36.130304" lon="33.221745"><ele>256.6</ele></trkpt>
    <trkpt lat="36.130388" lon="33.222180"><ele>255.7</ele></trkpt>
    <trkpt lat="36.130463" lon="33.222616"><ele>254.7</ele></trkpt>
    <trkpt lat="36.130524" lon="33.223055"><ele>253.5</ele></trkpt>
    <trkpt lat="36.130567" lon="33.223498"><ele>252.2</ele></trkpt>
    <trkpt lat="36.130590" lon="33.223944"><ele>250.8</ele></trkpt>
    <trkpt lat="36.130592" lon="33.224394"><ele>249.3</ele></trkpt>
    <trkpt lat="36.130577" lon="33.224847"><ele>247.6</ele></trkpt>
    <trkpt lat="36.130548" lon="33.225302"><ele>245.9</ele></trkpt>
    <trkpt lat="36.130513" lon="33.225759"><ele>244.2</ele></trkpt>
    <trkpt lat="36.130480" lon="33.226215"><ele>242.6</ele></trkpt>
    <trkpt lat="36.130459" lon="33.226669"><ele>241.1</ele></trkpt>
    <trkpt lat="36.130458" lon="33.227120"><ele>239.8</ele></trkpt>
    <trkpt lat="36.130485" lon="33.227565"><ele>238.6</ele></trkpt>
    <trkpt lat="36.130546" lon="33.228004"><ele>237.7</ele></trkpt>
    <trkpt lat="36.130643" lon="33.228437"><ele>237.1</ele></trkpt>
    <trkpt lat="36.130777" lon="33.228862"><ele>236.7</ele></trkpt>
    <trkpt lat="36.130943" lon="33.229282"><ele>236.5</ele></trkpt>
    <trkpt lat="36.131135" lon="33.229697"><ele>236.5</ele></trkpt>
    <trkpt lat="36.131342" lon="33.230109"><ele>236.6</ele></trkpt>
    <trkpt lat="36.131552" lon="33.230521"><ele>236.8</ele></trkpt>
    <trkpt lat="36.131751" lon="33.230934"><ele>236.9</ele></trkpt>
    <trkpt lat="36.131925" lon="33.231352"><ele>236.9</ele></trkpt>
    <trkpt lat="36.132064" lon="33.231777"><ele>236.6</ele></trkpt>
    <trkpt lat="36.132155" lon="33.232211"><ele>236.1</ele></trkpt>
    <trkpt lat="36.132194" lon="33.232654"><ele>235.2</ele></trkpt>
    <trkpt lat="36.132177" lon="33.233107"><ele>233.9</ele></trkpt>
    <trkpt lat="36.132107" lon="33.233570"><ele>232.3</ele></trkpt>
    <trkpt lat="36.131991" lon="33.234042"><ele>230.2</ele></trkpt>
    <trkpt lat="36.131841" lon="33.234520"><ele>227.9</ele></trkpt>
    <trkpt lat="36.131671" lon="33.235001"><ele>225.2</ele></trkpt>
    <trkpt lat="36.131498" lon="33.235483"><ele>222.4</ele></trkpt>
    <trkpt lat="36.131342" lon="33.235962"><ele>219.6</ele></trkpt>
    <trkpt lat="36.131221" lon="33.236435"><ele>216.8</ele></trkpt>
    <trkpt lat="36.131150" lon="33.236898"><ele>214.2</ele></trkpt>
    <trkpt lat="36.131143" lon="33.237350"><ele>211.9</ele></trkpt>
    <trkpt lat="36.131206" lon="33.237788"><ele>210.0</ele></trkpt>
    <trkpt lat="36.131343" lon="33.238213"><ele>208.5</ele></trkpt>
    <trkpt lat="36.131550" lon="33.238625"><ele>207.6</ele></trkpt>
    <trkpt lat="36.131818" lon="33.239027"><ele>207.2</ele></trkpt>
    <trkpt lat="36.132130" lon="33.239419"><ele>207.3</ele></trkpt>
    <trkpt lat="36.132469" lon="33.239807"><ele>207.8</ele></trkpt>
    <trkpt lat="36.132812" lon="33.240194"><ele>208.7</ele></trkpt>
    <trkpt lat="36.133136" lon="33.240585"><ele>209.9</ele></trkpt>
    <trkpt lat="36.133418" lon="33.240983"><ele>211.1</ele></trkpt>
    <trkpt lat="36.133638" lon="33.241393"><ele>212.4</ele></trkpt>
    <trkpt lat="36.133780" lon="33.241817"><ele>213.4</ele></trkpt>
    <trkpt lat="36.133835" lon="33.242257"><ele>214.1</ele></trkpt>
    <trkpt lat="36.133800" lon="33.242714"><ele>214.4</ele></trkpt>
    <trkpt lat="36.133678" lon="33.243187"><ele>214.0</ele></trkpt>
    <trkpt lat="36.133481" lon="33.243673"><ele>213.1</ele></trkpt>
    <trkpt lat="36.133228" lon="33.244170"><ele>211.5</ele></trkpt>
    <trkpt lat="36.132939" lon="33.244673"><ele>209.3</ele></trkpt>
    <trkpt lat="36.132643" lon="33.245178"><ele>206.5</ele></trkpt>
    <trkpt lat="36.132366" lon="33.245679"><ele>203.2</ele></trkpt>
    <trkpt lat="36.132136" lon="33.246172"><ele>199.5</ele></trkpt>
    <trkpt lat="36.131975" lon="33.246652"><ele>195.7</ele></trkpt>
    <trkpt lat="36.131904" lon="33.247115"><ele>191.8</ele></trkpt>
    <trkpt lat="36.131934" lon="33.247560"><ele>188.2</ele></trkpt>
    <trkpt lat="36.132069" lon="33.247985"><ele>184.8</ele></trkpt>
    <trkpt lat="36.132306" lon="33.248392"><ele>182.0</ele></trkpt>
    <trkpt lat="36.132632" lon="33.248782"><ele>179.7</ele></trkpt>
    <trkpt lat="36.133027" lon="33.249160"><ele>178.2</ele></trkpt>
    <trkpt lat="36.133466" lon="33.249529"><ele>177.5</ele></trkpt>
    <trkpt lat="36.133919" lon="33.249896"><ele>177.5</ele></trkpt>
    <trkpt lat="36.134354" lon="33.250266"><ele>178.2</ele></trkpt>
    <trkpt lat="36.134742" lon="33.250645"><ele>179.5</ele></trkpt>
    <trkpt lat="36.135054" lon="33.251038"><ele>181.2</ele></trkpt>
    <trkpt lat="36.135269" lon="33.251449"><ele>183.3</ele></trkpt>
    <trkpt lat="36.135372" lon="33.251880"><ele>185.4</ele></trkpt>
    <trkpt lat="36.135357" lon="33.252333"><ele>187.4</ele></trkpt>
    <trkpt lat="36.135228" lon="33.252807"><ele>189.2</ele></trkpt>
    <trkpt lat="36.134996" lon="33.253300"><ele>190.4</ele></trkpt>
    <trkpt lat="36.134684" lon="33.253808"><ele>191.0</ele></trkpt>
    <trkpt lat="36.134317" lon="33.254326"><ele>190.8</ele></trkpt>
    <trkpt lat="36.133930" lon="33.254847"><ele>189.8</ele></trkpt>
    <trkpt lat="36.133555" lon="33.255366"><ele>187.9</ele></trkpt>
    <trkpt lat="36.133227" lon="33.255877"><ele>185.3</ele></trkpt>
    <trkpt lat="36.132976" lon="33.256373"><ele>181.9</ele></trkpt>
    <trkpt lat="36.132828" lon="33.256851"><ele>178.0</ele></trkpt>
    <trkpt lat="36.132799" lon="33.257306"><ele>173.6</ele></trkpt>
    <trkpt lat="36.132898" lon="33.257739"><ele>169.1</ele></trkpt>
    <trkpt lat="36.133121" lon="33.258148"><ele>164.5</ele></trkpt>
    <trkpt lat="36.133459" lon="33.258536"><ele>160.3</ele></trkpt>
    <trkpt lat="36.133888" lon="33.258907"><ele>156.5</ele></trkpt>
    <trkpt lat="36.134380" lon="33.259267"><ele>153.3</ele></trkpt>
    <trkpt lat="36.134903" lon="33.259621"><ele>150.9</ele></trkpt>
    <trkpt lat="36.135418" lon="33.259976"><ele>149.4</ele></trkpt>
    <trkpt lat="36.135891" lon="33.260340"><ele>148.8</ele></trkpt>
    <trkpt lat="36.136286" lon="33.260717"><ele>149.0</ele></trkpt>
    <trkpt lat="36.136578" lon="33.261114"><ele>150.1</ele></trkpt>
    <trkpt lat="36.136746" lon="33.261533"><ele>151.9</ele></trkpt>
    <trkpt lat="36.136780" lon="33.261977"><ele>154.2</ele></trkpt>
    <trkpt lat="36.136682" lon="33.262445"><ele>156.7</ele></trkpt>
    <trkpt lat="36.136461" lon="33.262936"><ele>159.4</ele></trkpt>
    <trkpt lat="36.136139" lon="33.263446"><ele>161.8</ele></trkpt>
    <trkpt lat="36.135744" lon="33.263969"><ele>163.9</ele></trkpt>
    <trkpt lat="36.135312" lon="33.264498"><ele>165.4</ele></trkpt>
    <trkpt lat="36.134879" lon="33.265028"><ele>166.1</ele></trkpt>
    <trkpt lat="36.134484" lon="33.265551"><ele>166.0</ele></trkpt>
    <trkpt lat="36.134162" lon="33.266061"><ele>164.9</ele></trkpt>
    <trkpt lat="36.133942" lon="33.266551"><ele>162.9</ele></trkpt>
    <trkpt lat="36.133847" lon="33.267019"><ele>160.0</ele></trkpt>
    <trkpt lat="36.133888" lon="33.267462"><ele>156.3</ele></trkpt>
    <trkpt lat="36.134066" lon="33.267879"><ele>152.1</ele></trkpt>
    <trkpt lat="36.134372" lon="33.268273"><ele>147.4</ele></trkpt>
    <trkpt lat="36.134787" lon="33.268647"><ele>142.5</ele></trkpt>
    <trkpt lat="36.135282" lon="33.269006"><ele>137.8</ele></trkpt>
    <trkpt lat="36.135823" lon="33.269357"><ele>133.3</ele></trkpt>
    <trkpt lat="36.136372" lon="33.269706"><ele>129.3</ele></trkpt>
    <trkpt lat="36.136890" lon="33.270061"><ele>126.1</ele></trkpt>
    <trkpt lat="36.137341" lon="33.270429"><ele>123.7</ele></trkpt>
    <trkpt lat="36.137694" lon="33.270814"><ele>122.2</ele></trkpt>
    <trkpt lat="36.137925" lon="33.271222"><ele>121.7</ele></trkpt>
    <trkpt lat="36.138021" lon="33.271654"><ele>122.1</ele></trkpt>
    <trkpt lat="36.137979" lon="33.272112"><ele>123.3</ele></trkpt>
    <trkpt lat="36.137806" lon="33.272594"><ele>125.2</ele></trkpt>
    <trkpt lat="36.137520" lon="33.273097"><ele>127.6</ele></trkpt>
    <trkpt lat="36.137148" lon="33.273616"><ele>130.3</ele></trkpt>
    <trkpt lat="36.136723" lon="33.274144"><ele>133.0</ele></trkpt>
    <trkpt lat="36.136283" lon="33.274676"><ele>135.5</ele></trkpt>
    <trkpt lat="36.135866" lon="33.275203"><ele>137.5</ele></trkpt>
    <trkpt lat="36.135508" lon="33.275719"><ele>139.0</ele></trkpt>
    <trkpt lat="36.135242" lon="33.276218"><ele>139.6</ele></trkpt>
    <trkpt lat="36.135092" lon="33.276696"><ele>139.4</ele></trkpt>
    <trkpt lat="36.135072" lon="33.277150"><ele>138.3</ele></trkpt>
    <trkpt lat="36.135188" lon="33.277579"><ele>136.2</ele></trkpt>
    <trkpt lat="36.135434" lon="33.277984"><ele>133.3</ele></trkpt>
    <trkpt lat="36.135794" lon="33.278368"><ele>129.6</ele></trkpt>
    <trkpt lat="36.136244" lon="33.278735"><ele>125.4</ele></trkpt>
    <trkpt lat="36.136751" lon="33.279092"><ele>120.9</ele></trkpt>
    <trkpt lat="36.137280" lon="33.279445"><ele>116.2</ele></trkpt>
    <trkpt lat="36.137795" lon="33.279801"><ele>111.6</ele></trkpt>
    <trkpt lat="36.138258" lon="33.280166"><ele>107.3</ele></trkpt>
    <trkpt lat="36.138639" lon="33.280546"><ele>103.6</ele></trkpt>
    <trkpt lat="36.138913" lon="33.280946"><ele>100.5</ele></trkpt>
    <trkpt lat="36.139064" lon="33.281368"><ele>98.2</ele></trkpt>
    <trkpt lat="36.139085" lon="33.281814"><ele>96.9</ele></trkpt>
    <trkpt lat="36.138981" lon="33.282284"><ele>96.4</ele></trkpt>
    <trkpt lat="36.138764" lon="33.282774"><ele>96.7</ele></trkpt>
    <trkpt lat="36.138457" lon="33.283281"><ele>97.8</ele></trkpt>
    <trkpt lat="36.138090" lon="33.283798"><ele>99.5</ele></trkpt>
    <trkpt lat="36.137696" lon="33.284321"><ele>101.6</ele></trkpt>
    <trkpt lat="36.137308" lon="33.284843"><ele>103.9</ele></trkpt>
    <trkpt lat="36.136963" lon="33.285357"><ele>106.2</ele></trkpt>
    <trkpt lat="36.136690" lon="33.285857"><ele>108.3</ele></trkpt>
    <trkpt lat="36.136513" lon="33.286340"><ele>110.0</ele></trkpt>
    <trkpt lat="36.136449" lon="33.286802"><ele>111.1</ele></trkpt>
    <trkpt lat="36.136505" lon="33.287242"><ele>111.5</ele></trkpt>
    <trkpt lat="36.136679" lon="33.287660"><ele>111.1</ele></trkpt>
    <trkpt lat="36.136960" lon="33.288059"><ele>109.9</ele></trkpt>
    <trkpt lat="36.137328" lon="33.288441"><ele>107.9</ele></trkpt>
    <trkpt lat="36.137757" lon="33.288813"><ele>105.2</ele></trkpt>
    <trkpt lat="36.138217" lon="33.289178"><ele>101.9</ele></trkpt>
    <trkpt lat="36.138675" lon="33.289544"><ele>98.1</ele></trkpt>
    <trkpt lat="36.139101" lon="33.289916"><ele>94.0</ele></trkpt>
    <trkpt lat="36.139466" lon="33.290299"><ele>89.9</ele></trkpt>
    <trkpt lat="36.139747" lon="33.290698"><ele>85.9</ele></trkpt>
    <trkpt lat="36.139927" lon="33.291115"><ele>82.2</ele></trkpt>
    <trkpt lat="36.140000" lon="33.291552"><ele>79.0</ele></trkpt>
    <trkpt lat="36.139966" lon="33.292008"><ele>76.4</ele></trkpt>
    <trkpt lat="36.139834" lon="33.292483"><ele>74.4</ele></trkpt>
    <trkpt lat="36.139621" lon="33.292972"><ele>73.2</ele></trkpt>
    <trkpt lat="36.139349" lon="33.293472"><ele>72.6</ele></trkpt>
    <trkpt lat="36.139046" lon="33.293979"><ele>72.8</ele></trkpt>
    <trkpt lat="36.138738" lon="33.294485"><ele>73.5</ele></trkpt>
    <trkpt lat="36.138455" lon="33.294988"><ele>74.6</ele></trkpt>
    <trkpt lat="36.138223" lon="33.295481"><ele>76.0</ele></trkpt>
    <trkpt lat="36.138061" lon="33.295961"><ele>77.6</ele></trkpt>
    <trkpt lat="36.137984" lon="33.296425"><ele>79.1</ele></trkpt>
    <trkpt lat="36.138001" lon="33.296872"><ele>80.5</ele></trkpt>
    <trkpt lat="36.138111" lon="33.297302"><ele>81.4</ele></trkpt>
    <trkpt lat="36.138307" lon="33.297717"><ele>81.9</ele></trkpt>
    <trkpt lat="36.138574" lon="33.298118"><ele>81.9</ele></trkpt>
    <trkpt lat="36.138895" lon="33.298509"><ele>81.3</ele></trkpt>
    <trkpt lat="36.139247" lon="33.298894"><ele>80.0</ele></trkpt>
    <trkpt lat="36.139605" lon="33.299279"><ele>78.2</ele></trkpt>
    <trkpt lat="36.139944" lon="33.299666"><ele>75.9</ele></trkpt>
    <trkpt lat="36.140245" lon="33.300061"><ele>73.1</ele></trkpt>
    <trkpt lat="36.140488" lon="33.300467"><ele>70.1</ele></trkpt>
    <trkpt lat="36.140661" lon="33.300885"><ele>67.0</ele></trkpt>
    <trkpt lat="36.140758" lon="33.301318"><ele>63.8</ele></trkpt>
    <trkpt lat="36.140777" lon="33.301765"><ele>60.7</ele></trkpt>
    <trkpt lat="36.140726" lon="33.302224"><ele>57.9</ele></trkpt>
    <trkpt lat="36.140614" lon="33.302695"><ele>55.5</ele></trkpt>
    <trkpt lat="36.140458" lon="33.303174"><ele>53.5</ele></trkpt>
    <trkpt lat="36.140275" lon="33.303658"><ele>51.9</ele></trkpt>
    <trkpt lat="36.140087" lon="33.304143"><ele>50.8</ele></trkpt>
    <trkpt lat="36.139911" lon="33.304626"><ele>50.2</ele></trkpt>
    <trkpt lat="36.139765" lon="33.305103"><ele>50.0</ele></trkpt>
    <trkpt lat="36.139663" lon="33.305572"><ele>50.1</ele></trkpt>
    <trkpt lat="36.139615" lon="33.306031"><ele>50.4</ele></trkpt>
    <trkpt lat="36.139627" lon="33.306479"><ele>50.9</ele></trkpt>
    <trkpt lat="36.139697" lon="33.306916"><ele>51.4</ele></trkpt>
    <trkpt lat="36.139822" lon="33.307343"><ele>51.8</ele></trkpt>
    <trkpt lat="36.139992" lon="33.307762"><ele>52.1</ele></trkpt>
    <trkpt lat="36.140195" lon="33.308175"><ele>52.1</ele></trkpt>
    <trkpt lat="36.140417" lon="33.308585"><ele>51.8</ele></trkpt>
    <trkpt lat="36.140643" lon="33.308993"><ele>51.2</ele></trkpt>
    <trkpt lat="36.140859" lon="33.309404"><ele>50.3</ele></trkpt>
    <trkpt lat="36.141053" lon="33.309818"><ele>49.0</ele></trkpt>
    <trkpt lat="36.141214" lon="33.310239"><ele>47.5</ele></trkpt>
    <trkpt lat="36.141337" lon="33.310667"><ele>45.7</ele></trkpt>
    <trkpt lat="36.141418" lon="33.311102"><ele>43.8</ele></trkpt>
    <trkpt lat="36.141460" lon="33.311544"><ele>41.7</ele></trkpt>
    <trkpt lat="36.141466" lon="33.311994"><ele>39.7</ele></trkpt>
    <trkpt lat="36.141444" lon="33.312448"><ele>37.7</ele></trkpt>
    <trkpt lat="36.141403" lon="33.312906"><ele>35.9</ele></trkpt>
    <trkpt lat="36.141353" lon="33.313365"><ele>34.2</ele></trkpt>
    <trkpt lat="36.141304" lon="33.313824"><ele>32.7</ele></trkpt>
    <trkpt lat="36.141265" lon="33.314282"><ele>31.4</ele></trkpt>
    <trkpt lat="36.141242" lon="33.314736"><ele>30.3</ele></trkpt>
    <trkpt lat="36.141242" lon="33.315187"><ele>29.3</ele></trkpt>
    <trkpt lat="36.141265" lon="33.315633"><ele>28.6</ele></trkpt>
    <trkpt lat="36.141312" lon="33.316074"><ele>27.9</ele></trkpt>
    <trkpt lat="36.141380" lon="33.316512"><ele>27.2</ele></trkpt>
    <trkpt lat="36.141463" lon="33.316947"><ele>26.6</ele></trkpt>
    <trkpt lat="36.141555" lon="33.317380"><ele>26.0</ele></trkpt>
    <trkpt lat="36.141651" lon="33.317813"><ele>25.2</ele></trkpt>
    <trkpt lat="36.141743" lon="33.318246"><ele>24.4</ele></trkpt>
    <trkpt lat="36.141827" lon="33.318681"><ele>23.4</ele></trkpt>
    <trkpt lat="36.141898" lon="33.319118"><ele>22.4</ele></trkpt>
    <trkpt lat="36.141956" lon="33.319558"><ele>21.2</ele></trkpt>
    <trkpt lat="36.142000" lon="33.320000"><ele>20.0</ele></trkpt>
    <trkpt lat="36.142076" lon="33.320436"><ele>20.8</ele></trkpt>
    <trkpt lat="36.142157" lon="33.320871"><ele>21.6</ele></trkpt>
    <trkpt lat="36.142239" lon="33.321306"><ele>22.4</ele></trkpt>
    <trkpt lat="36.142318" lon="33.321741"><ele>23.1</ele></trkpt>
    <trkpt lat="36.142389" lon="33.322178"><ele>23.7</ele></trkpt>
    <trkpt lat="36.142448" lon="33.322617"><ele>24.3</ele></trkpt>
    <trkpt lat="36.142495" lon="33.323060"><ele>24.7</ele></trkpt>
    <trkpt lat="36.142527" lon="33.323505"><ele>25.0</ele></trkpt>
    <trkpt lat="36.142545" lon="33.323953"><ele>25.3</ele></trkpt>
    <trkpt lat="36.142554" lon="33.324403"><ele>25.5</ele></trkpt>
    <trkpt lat="36.142557" lon="33.324855"><ele>25.8</ele></trkpt>
    <trkpt lat="36.142560" lon="33.325306"><ele>26.0</ele></trkpt>
    <trkpt lat="36.142569" lon="33.325756"><ele>26.3</ele></trkpt>
    <trkpt lat="36.142591" lon="33.326204"><ele>26.7</ele></trkpt>
    <trkpt lat="36.142631" lon="33.326647"><ele>27.3</ele></trkpt>
    <trkpt lat="36.142695" lon="33.327086"><ele>28.0</ele></trkpt>
    <trkpt lat="36.142784" lon="33.327519"><ele>28.9</ele></trkpt>
    <trkpt lat="36.142899" lon="33.327947"><ele>30.0</ele></trkpt>
    <trkpt lat="36.143037" lon="33.328370"><ele>31.3</ele></trkpt>
    <trkpt lat="36.143195" lon="33.328788"><ele>32.7</ele></trkpt>
    <trkpt lat="36.143364" lon="33.329205"><ele>34.1</ele></trkpt>
    <trkpt lat="36.143536" lon="33.329620"><ele>35.6</ele></trkpt>
    <trkpt lat="36.143702" lon="33.330037"><ele>37.1</ele></trkpt>
    <trkpt lat="36.143851" lon="33.330457"><ele>38.5</ele></trkpt>
    <trkpt lat="36.143975" lon="33.330883"><ele>39.8</ele></trkpt>
    <trkpt lat="36.144066" lon="33.331316"><ele>40.8</ele></trkpt>
    <trkpt lat="36.144119" lon="33.331757"><ele>41.6</ele></trkpt>
    <trkpt lat="36.144132" lon="33.332206"><ele>42.1</ele></trkpt>
    <trkpt lat="36.144105" lon="33.332664"><ele>42.3</ele></trkpt>
    <trkpt lat="36.144045" lon="33.333129"><ele>42.2</ele></trkpt>
    <trkpt lat="36.143958" lon="33.333599"><ele>41.9</ele></trkpt>
    <trkpt lat="36.143856" lon="33.334073"><ele>41.4</ele></trkpt>
    <trkpt lat="36.143751" lon="33.334548"><ele>40.8</ele></trkpt>
    <trkpt lat="36.143657" lon="33.335020"><ele>40.1</ele></trkpt>
    <trkpt lat="36.143587" lon="33.335487"><ele>39.5</ele></trkpt>
    <trkpt lat="36.143554" lon="33.335946"><ele>38.9</ele></trkpt>
    <trkpt lat="36.143568" lon="33.336395"><ele>38.6</ele></trkpt>
    <trkpt lat="36.143634" lon="33.336833"><ele>38.6</ele></trkpt>
    <trkpt lat="36.143756" lon="33.337259"><ele>38.9</ele></trkpt>
    <trkpt lat="36.143930" lon="33.337674"><ele>39.6</ele></trkpt>
    <trkpt lat="36.144150" lon="33.338080"><ele>40.8</ele></trkpt>
    <trkpt lat="36.144405" lon="33.338478"><ele>42.3</ele></trkpt>
    <trkpt lat="36.144681" lon="33.338871"><ele>44.1</ele></trkpt>
    <trkpt lat="36.144961" lon="33.339264"><ele>46.2</ele></trkpt>
    <trkpt lat="36.145227" lon="33.339659"><ele>48.5</ele></trkpt>
    <trkpt lat="36.145463" lon="33.340061"><ele>50.9</ele></trkpt>
    <trkpt lat="36.145653" lon="33.340473"><ele>53.3</ele></trkpt>
    <trkpt lat="36.145785" lon="33.340897"><ele>55.6</ele></trkpt>
    <trkpt lat="36.145850" lon="33.341336"><ele>57.6</ele></trkpt>
    <trkpt lat="36.145846" lon="33.341789"><ele>59.3</ele></trkpt>
    <trkpt lat="36.145775" lon="33.342256"><ele>60.5</ele></trkpt>
    <trkpt lat="36.145646" lon="33.342735"><ele>61.2</ele></trkpt>
    <trkpt lat="36.145472" lon="33.343224"><ele>61.5</ele></trkpt>
    <trkpt lat="36.145269" lon="33.343719"><ele>61.2</ele></trkpt>
    <trkpt lat="36.145060" lon="33.344216"><ele>60.5</ele></trkpt>
    <trkpt lat="36.144864" lon="33.344710"><ele>59.5</ele></trkpt>
    <trkpt lat="36.144703" lon="33.345196"><ele>58.1</ele></trkpt>
    <trkpt lat="36.144595" lon="33.345671"><ele>56.6</ele></trkpt>
    <trkpt lat="36.144556" lon="33.346131"><ele>55.0</ele></trkpt>
    <trkpt lat="36.144596" lon="33.346575"><ele>53.6</ele></trkpt>
    <trkpt lat="36.144719" lon="33.347001"><ele>52.4</ele></trkpt>
    <trkpt lat="36.144922" lon="33.347410"><ele>51.6</ele></trkpt>
    <trkpt lat="36.145196" lon="33.347804"><ele>51.3</ele></trkpt>
    <trkpt lat="36.145525" lon="33.348186"><ele>51.6</ele></trkpt>
    <trkpt lat="36.145891" lon="33.348560"><ele>52.4</ele></trkpt>
    <trkpt lat="36.146270" lon="33.348932"><ele>53.9</ele></trkpt>
    <trkpt lat="36.146637" lon="33.349306"><ele>55.9</ele></trkpt>
    <trkpt lat="36.146967" lon="33.349688"><ele>58.4</ele></trkpt>
    <trkpt lat="36.147237" lon="33.350083"><ele>61.3</ele></trkpt>
    <trkpt lat="36.147431" lon="33.350494"><ele>64.4</ele></trkpt>
    <trkpt lat="36.147536" lon="33.350924"><ele>67.7</ele></trkpt>
    <trkpt lat="36.147545" lon="33.351374"><ele>70.8</ele></trkpt>
    <trkpt lat="36.147461" lon="33.351844"><ele>73.7</ele></trkpt>
    <trkpt lat="36.147294" lon="33.352331"><ele>76.3</ele></trkpt>
    <trkpt lat="36.147060" lon="33.352833"><ele>78.3</ele></trkpt>
    <trkpt lat="36.146780" lon="33.353345"><ele>79.7</ele></trkpt>
    <trkpt lat="36.146480" lon="33.353861"><ele>80.4</ele></trkpt>
    <trkpt lat="36.146189" lon="33.354374"><ele>80.4</ele></trkpt>
    <trkpt lat="36.145935" lon="33.354880"><ele>79.7</ele></trkpt>
    <trkpt lat="36.145743" lon="33.355373"><ele>78.5</ele></trkpt>
    <trkpt lat="36.145634" lon="33.355849"><ele>76.7</ele></trkpt>
    <trkpt lat="36.145624" lon="33.356303"><ele>74.6</ele></trkpt>
    <trkpt lat="36.145719" lon="33.356735"><ele>72.4</ele></trkpt>
    <trkpt lat="36.145919" lon="33.357144"><ele>70.1</ele></trkpt>
    <trkpt lat="36.146215" lon="33.357534"><ele>68.0</ele></trkpt>
    <trkpt lat="36.146589" lon="33.357906"><ele>66.3</ele></trkpt>
    <trkpt lat="36.147019" lon="33.358267"><ele>65.2</ele></trkpt>
    <trkpt lat="36.147476" lon="33.358622"><ele>64.6</ele></trkpt>
    <trkpt lat="36.147930" lon="33.358978"><ele>64.9</ele></trkpt>
    <trkpt lat="36.148349" lon="33.359341"><ele>65.8</ele></trkpt>
    <trkpt lat="36.148705" lon="33.359718"><ele>67.6</ele></trkpt>
    <trkpt lat="36.148973" lon="33.360113"><ele>70.0</ele></trkpt>
    <trkpt lat="36.149137" lon="33.360530"><ele>73.1</ele></trkpt>
    <trkpt lat="36.149186" lon="33.360972"><ele>76.6</ele></trkpt>
    <trkpt lat="36.149120" lon="33.361438"><ele>80.4</ele></trkpt>
    <trkpt lat="36.148947" lon="33.361927"><ele>84.2</ele></trkpt>
    <trkpt lat="36.148685" lon="33.362434"><ele>88.0</ele></trkpt>
    <trkpt lat="36.148356" lon="33.362956"><ele>91.4</ele></trkpt>
    <trkpt lat="36.147992" lon="33.363486"><ele>94.3</ele></trkpt>
    <trkpt lat="36.147625" lon="33.364016"><ele>96.6</ele></trkpt>
    <trkpt lat="36.147288" lon="33.364539"><ele>98.1</ele></trkpt>
    <trkpt lat="36.147014" lon="33.365050"><ele>98.7</ele></trkpt>
    <trkpt lat="36.146828" lon="33.365541"><ele>98.5</ele></trkpt>
    <trkpt lat="36.146752" lon="33.366010"><ele>97.6</ele></trkpt>
    <trkpt lat="36.146797" lon="33.366452"><ele>95.9</ele></trkpt>
    <trkpt lat="36.146966" lon="33.366868"><ele>93.7</ele></trkpt>
    <trkpt lat="36.147252" lon="33.367260"><ele>91.0</ele></trkpt>
    <trkpt lat="36.147638" lon="33.367630"><ele>88.2</ele></trkpt>
    <trkpt lat="36.148099" lon="33.367984"><ele>85.5</ele></trkpt>
    <trkpt lat="36.148606" lon="33.368329"><ele>82.9</ele></trkpt>
    <trkpt lat="36.149123" lon="33.368671"><ele>80.9</ele></trkpt>
    <trkpt lat="36.149615" lon="33.369018"><ele>79.5</ele></trkpt>
    <trkpt lat="36.150048" lon="33.369379"><ele>78.8</ele></trkpt>
    <trkpt lat="36.150392" lon="33.369758"><ele>79.0</ele></trkpt>
    <trkpt lat="36.150625" lon="33.370160"><ele>80.1</ele></trkpt>
    <trkpt lat="36.150732" lon="33.370590"><ele>82.1</ele></trkpt>
    <trkpt lat="36.150709" lon="33.371047"><ele>84.8</ele></trkpt>
    <trkpt lat="36.150560" lon="33.371530"><ele>88.2</ele></trkpt>
    <trkpt lat="36.150303" lon="33.372037"><ele>92.2</ele></trkpt>
    <trkpt lat="36.149960" lon="33.372562"><ele>96.4</ele></trkpt>
    <trkpt lat="36.149563" lon="33.373098"><ele>100.6</ele></trkpt>
    <trkpt lat="36.149147" lon="33.373639"><ele>104.8</ele></trkpt>
    <trkpt lat="36.148749" lon="33.374175"><ele>108.5</ele></trkpt>
    <trkpt lat="36.148406" lon="33.374700"><ele>111.6</ele></trkpt>
    <trkpt lat="36.148148" lon="33.375207"><ele>114.0</ele></trkpt>
    <trkpt lat="36.148003" lon="33.375690"><ele>115.5</ele></trkpt>
    <trkpt lat="36.147985" lon="33.376146"><ele>116.1</ele></trkpt>
    <trkpt lat="36.148102" lon="33.376573"><ele>115.8</ele></trkpt>
    <trkpt lat="36.148350" lon="33.376973"><ele>114.7</ele></trkpt>
    <trkpt lat="36.148716" lon="33.377347"><ele>112.7</ele></trkpt>
    <trkpt lat="36.149175" lon="33.377702"><ele>110.2</ele></trkpt>
    <trkpt lat="36.149697" lon="33.378043"><ele>107.3</ele></trkpt>
    <trkpt lat="36.150247" lon="33.378378"><ele>104.2</ele></trkpt>
    <trkpt lat="36.150785" lon="33.378716"><ele>101.1</ele></trkpt>
    <trkpt lat="36.151276" lon="33.379064"><ele>98.4</ele></trkpt>
    <trkpt lat="36.151686" lon="33.379429"><ele>96.2</ele></trkpt>
    <trkpt lat="36.151986" lon="33.379818"><ele>94.6</ele></trkpt>
    <trkpt lat="36.152158" lon="33.380233"><ele>93.9</ele></trkpt>
    <trkpt lat="36.152193" lon="33.380678"><ele>94.1</ele></trkpt>
    <trkpt lat="36.152093" lon="33.381151"><ele>95.3</ele></trkpt>
    <trkpt lat="36.151870" lon="33.381651"><ele>97.4</ele></trkpt>
    <trkpt lat="36.151546" lon="33.382171"><ele>100.3</ele></trkpt>
    <trkpt lat="36.151150" lon="33.382708"><ele>103.9</ele></trkpt>
    <trkpt lat="36.150719" lon="33.383251"><ele>108.0</ele></trkpt>
    <trkpt lat="36.150290" lon="33.383794"><ele>112.4</ele></trkpt>
    <trkpt lat="36.149902" lon="33.384329"><ele>116.8</ele></trkpt>
    <trkpt lat="36.149590" lon="33.384847"><ele>121.1</ele></trkpt>
    <trkpt lat="36.149382" lon="33.385344"><ele>124.9</ele></trkpt>
    <trkpt lat="36.149299" lon="33.385813"><ele>128.1</ele></trkpt>
    <trkpt lat="36.149354" lon="33.386254"><ele>130.5</ele></trkpt>
    <trkpt lat="36.149545" lon="33.386665"><ele>132.0</ele></trkpt>
    <trkpt lat="36.149864" lon="33.387050"><ele>132.5</ele></trkpt>
    <trkpt lat="36.150289" lon="33.387411"><ele>132.2</ele></trkpt>
    <trkpt lat="36.150793" lon="33.387757"><ele>130.9</ele></trkpt>
    <trkpt lat="36.151340" lon="33.388092"><ele>128.9</ele></trkpt>
    <trkpt lat="36.151894" lon="33.388427"><ele>126.3</ele></trkpt>
    <trkpt lat="36.152414" lon="33.388769"><ele>123.3</ele></trkpt>
    <trkpt lat="36.152867" lon="33.389125"><ele>120.2</ele></trkpt>
    <trkpt lat="36.153221" lon="33.389501"><ele>117.1</ele></trkpt>
    <trkpt lat="36.153454" lon="33.389904"><ele>114.4</ele></trkpt>
    <trkpt lat="36.153553" lon="33.390335"><ele>112.2</ele></trkpt>
    <trkpt lat="36.153515" lon="33.390795"><ele>110.7</ele></trkpt>
    <trkpt lat="36.153349" lon="33.391283"><ele>110.1</ele></trkpt>
    <trkpt lat="36.153072" lon="33.391794"><ele>110.3</ele></trkpt>
    <trkpt lat="36.152711" lon="33.392322"><ele>111.5</ele></trkpt>
    <trkpt lat="36.152299" lon="33.392862"><ele>113.7</ele></trkpt>
    <trkpt lat="36.151874" lon="33.393404"><ele>116.6</ele></trkpt>
    <trkpt lat="36.151472" lon="33.393942"><ele>120.2</ele></trkpt>
    <trkpt lat="36.151130" lon="33.394467"><ele>124.2</ele></trkpt>
    <trkpt lat="36.150879" lon="33.394972"><ele>128.5</ele></trkpt>
    <trkpt lat="36.150742" lon="33.395453"><ele>132.8</ele></trkpt>
    <trkpt lat="36.150735" lon="33.395907"><ele>136.9</ele></trkpt>
    <trkpt lat="36.150861" lon="33.396332"><ele>140.6</ele></trkpt>
    <trkpt lat="36.151116" lon="33.396730"><ele>143.7</ele></trkpt>
    <trkpt lat="36.151483" lon="33.397104"><ele>146.0</ele></trkpt>
    <trkpt lat="36.151937" lon="33.397460"><ele>147.4</ele></trkpt>
    <trkpt lat="36.152449" lon="33.397803"><ele>147.9</ele></trkpt>
    <trkpt lat="36.152981" lon="33.398142"><ele>147.5</ele></trkpt>
    <trkpt lat="36.153499" lon="33.398485"><ele>146.3</ele></trkpt>
    <trkpt lat="36.153965" lon="33.398838"><ele>144.4</ele></trkpt>
    <trkpt lat="36.154350" lon="33.399208"><ele>142.0</ele></trkpt>
    <trkpt lat="36.154628" lon="33.399601"><ele>139.2</ele></trkpt>
    <trkpt lat="36.154784" lon="33.400020"><ele>136.3</ele></trkpt>
    <trkpt lat="36.154811" lon="33.400466"><ele>133.5</ele></trkpt>
    <trkpt lat="36.154713" lon="33.400939"><ele>131.0</ele></trkpt>
    <trkpt lat="36.154503" lon="33.401436"><ele>129.0</ele></trkpt>
    <trkpt lat="36.154204" lon="33.401952"><ele>127.7</ele></trkpt>
    <trkpt lat="36.153843" lon="33.402480"><ele>127.2</ele></trkpt>
    <trkpt lat="36.153455" lon="33.403015"><ele>127.6</ele></trkpt>
    <trkpt lat="36.153074" lon="33.403548"><ele>128.8</ele></trkpt>
    <trkpt lat="36.152735" lon="33.404072"><ele>130.8</ele></trkpt>
    <trkpt lat="36.152468" lon="33.404581"><ele>133.6</ele></trkpt>
    <trkpt lat="36.152298" lon="33.405069"><ele>136.9</ele></trkpt>
    <trkpt lat="36.152241" lon="33.405533"><ele>140.7</ele></trkpt>
    <trkpt lat="36.152306" lon="33.405972"><ele>144.6</ele></trkpt>
    <trkpt lat="36.152491" lon="33.406384"><ele>148.6</ele></trkpt>
    <trkpt lat="36.152784" lon="33.406774"><ele>152.3</ele></trkpt>
    <trkpt lat="36.153167" lon="33.407145"><ele>155.6</ele></trkpt>
    <trkpt lat="36.153614" lon="33.407502"><ele>158.4</ele></trkpt>
    <trkpt lat="36.154093" lon="33.407853"><ele>160.5</ele></trkpt>
    <trkpt lat="36.154572" lon="33.408203"><ele>161.8</ele></trkpt>
    <trkpt lat="36.155019" lon="33.408560"><ele>162.3</ele></trkpt>
    <trkpt lat="36.155404" lon="33.408931"><ele>162.0</ele></trkpt>
    <trkpt lat="36.155702" lon="33.409319"><ele>160.9</ele></trkpt>
    <trkpt lat="36.155897" lon="33.409730"><ele>159.3</ele></trkpt>
    <trkpt lat="36.155980" lon="33.410164"><ele>157.2</ele></trkpt>
    <trkpt lat="36.155950" lon="33.410623"><ele>154.9</ele></trkpt>
    <trkpt lat="36.155817" lon="33.411103"><ele>152.5</ele></trkpt>
    <trkpt lat="36.155596" lon="33.411602"><ele>150.2</ele></trkpt>
    <trkpt lat="36.155312" lon="33.412115"><ele>148.1</ele></trkpt>
    <trkpt lat="36.154991" lon="33.412635"><ele>146.6</ele></trkpt>
    <trkpt lat="36.154665" lon="33.413156"><ele>145.6</ele></trkpt>
    <trkpt lat="36.154362" lon="33.413673"><ele>145.3</ele></trkpt>
    <trkpt lat="36.154112" lon="33.414178"><ele>145.8</ele></trkpt>
    <trkpt lat="36.153936" lon="33.414667"><ele>147.0</ele></trkpt>
    <trkpt lat="36.153853" lon="33.415137"><ele>148.8</ele></trkpt>
    <trkpt lat="36.153871" lon="33.415586"><ele>151.3</ele></trkpt>
    <trkpt lat="36.153991" lon="33.416012"><ele>154.2</ele></trkpt>
    <trkpt lat="36.154209" lon="33.416418"><ele>157.4</ele></trkpt>
    <trkpt lat="36.154508" lon="33.416806"><ele>160.8</ele></trkpt>
    <trkpt lat="36.154870" lon="33.417182"><ele>164.1</ele></trkpt>
    <trkpt lat="36.155269" lon="33.417549"><ele>167.3</ele></trkpt>
    <trkpt lat="36.155679" lon="33.417914"><ele>170.1</ele></trkpt>
    <trkpt lat="36.156073" lon="33.418283"><ele>172.4</ele></trkpt>
    <trkpt lat="36.156424" lon="33.418660"><ele>174.2</ele></trkpt>
    <trkpt lat="36.156712" lon="33.419051"><ele>175.3</ele></trkpt>
    <trkpt lat="36.156920" lon="33.419459"><ele>175.7</ele></trkpt>
    <trkpt lat="36.157039" lon="33.419886"><ele>175.6</ele></trkpt>
    <trkpt lat="36.157066" lon="33.420332"><ele>174.9</ele></trkpt>
    <trkpt lat="36.157006" lon="33.420797"><ele>173.7</ele></trkpt>
    <trkpt lat="36.156871" lon="33.421278"><ele>172.2</ele></trkpt>
    <trkpt lat="36.156677" lon="33.421771"><ele>170.5</ele></trkpt>
    <trkpt lat="36.156446" lon="33.422272"><ele>168.8</ele></trkpt>
    <trkpt lat="36.156202" lon="33.422776"><ele>167.1</ele></trkpt>
    <trkpt lat="36.155968" lon="33.423278"><ele>165.8</ele></trkpt>
    <trkpt lat="36.155767" lon="33.423773"><ele>164.8</ele></trkpt>
    <trkpt lat="36.155618" lon="33.424257"><ele>164.2</ele></trkpt>
    <trkpt lat="36.155537" lon="33.424726"><ele>164.2</ele></trkpt>
    <trkpt lat="36.155531" lon="33.425179"><ele>164.8</ele></trkpt>
    <trkpt lat="36.155605" lon="33.425616"><ele>165.9</ele></trkpt>
    <trkpt lat="36.155754" lon="33.426036"><ele>167.5</ele></trkpt>
    <trkpt lat="36.155970" lon="33.426442"><ele>169.5</ele></trkpt>
    <trkpt lat="36.156239" lon="33.426837"><ele>171.8</ele></trkpt>
    <trkpt lat="36.156541" lon="33.427225"><ele>174.3</ele></trkpt>
    <trkpt lat="36.156859" lon="33.427610"><ele>177.0</ele></trkpt>
    <trkpt lat="36.157170" lon="33.427996"><ele>179.5</ele></trkpt>
    <trkpt lat="36.157457" lon="33.428387"><ele>181.9</ele></trkpt>
    <trkpt lat="36.157701" lon="33.428787"><ele>184.0</ele></trkpt>
    <trkpt lat="36.157891" lon="33.429199"><ele>185.8</ele></trkpt>
    <trkpt lat="36.158019" lon="33.429624"><ele>187.1</ele></trkpt>
    <trkpt lat="36.158081" lon="33.430063"><ele>188.0</ele></trkpt>
    <trkpt lat="36.158081" lon="33.430515"><ele>188.5</ele></trkpt>
    <trkpt lat="36.158024" lon="33.430979"><ele>188.5</ele></trkpt>
    <trkpt lat="36.157924" lon="33.431452"><ele>188.2</ele></trkpt>
    <trkpt lat="36.157794" lon="33.431932"><ele>187.6</ele></trkpt>
    <trkpt lat="36.157650" lon="33.432415"><ele>186.8</ele></trkpt>
    <trkpt lat="36.157510" lon="33.432897"><ele>186.0</ele></trkpt>
    <trkpt lat="36.157388" lon="33.433375"><ele>185.1</ele></trkpt>
    <trkpt lat="36.157298" lon="33.433846"><ele>184.3</ele></trkpt>
    <trkpt lat="36.157250" lon="33.434308"><ele>183.8</ele></trkpt>
    <trkpt lat="36.157251" lon="33.434760"><ele>183.4</ele></trkpt>
    <trkpt lat="36.157303" lon="33.435201"><ele>183.4</ele></trkpt>
    <trkpt lat="36.157404" lon="33.435632"><ele>183.8</ele></trkpt>
    <trkpt lat="36.157548" lon="33.436053"><ele>184.4</ele></trkpt>
    <trkpt lat="36.157726" lon="33.436468"><ele>185.4</ele></trkpt>
    <trkpt lat="36.157927" lon="33.436877"><ele>186.6</ele></trkpt>
    <trkpt lat="36.158139" lon="33.437284"><ele>188.1</ele></trkpt>
    <trkpt lat="36.158348" lon="33.437692"><ele>189.7</ele></trkpt>
    <trkpt lat="36.158543" lon="33.438103"><ele>191.4</ele></trkpt>
    <trkpt lat="36.158715" lon="33.438518"><ele>193.2</ele></trkpt>
    <trkpt lat="36.158856" lon="33.438940"><ele>194.8</ele></trkpt>
    <trkpt lat="36.158961" lon="33.439370"><ele>196.3</ele></trkpt>
    <trkpt lat="36.159031" lon="33.439807"><ele>197.6</ele></trkpt>
    <trkpt lat="36.159066" lon="33.440252"><ele>198.8</ele></trkpt>
    <trkpt lat="36.159072" lon="33.440703"><ele>199.7</ele></trkpt>
    <trkpt lat="36.159056" lon="33.441158"><ele>200.3</ele></trkpt>
    <trkpt lat="36.159025" lon="33.441617"><ele>200.8</ele></trkpt>
    <trkpt lat="36.158990" lon="33.442077"><ele>201.1</ele></trkpt>
    <trkpt lat="36.158957" lon="33.442536"><ele>201.2</ele></trkpt>
    <trkpt lat="36.158936" lon="33.442992"><ele>201.3</ele></trkpt>
    <trkpt lat="36.158932" lon="33.443445"><ele>201.3</ele></trkpt>
    <trkpt lat="36.158948" lon="33.443894"><ele>201.4</ele></trkpt>
    <trkpt lat="36.158986" lon="33.444338"><ele>201.5</ele></trkpt>
    <trkpt lat="36.159046" lon="33.444777"><ele>201.7</ele></trkpt>
    <trkpt lat="36.159125" lon="33.445213"><ele>202.0</ele></trkpt>
    <trkpt lat="36.159219" lon="33.445645"><ele>202.4</ele></trkpt>
    <trkpt lat="36.159322" lon="33.446075"><ele>202.9</ele></trkpt>
    <trkpt lat="36.159428" lon="33.446505"><ele>203.6</ele></trkpt>
    <trkpt lat="36.159533" lon="33.446935"><ele>204.4</ele></trkpt>
    <trkpt lat="36.159630" lon="33.447366"><ele>205.2</ele></trkpt>
    <trkpt lat="36.159718" lon="33.447799"><ele>206.1</ele></trkpt>
    <trkpt lat="36.159794" lon="33.448235"><ele>207.0</ele></trkpt>
    <trkpt lat="36.159858" lon="33.448674"><ele>207.8</ele></trkpt>
    <trkpt lat="36.159912" lon="33.449115"><ele>208.6</ele></trkpt>
    <trkpt lat="36.159958" lon="33.449557"><ele>209.4</ele></trkpt>
    <trkpt lat="36.160000" lon="33.450000"><ele>210.0</ele></trkpt>
    <trkpt lat="36.160024" lon="33.450446"><ele>210.3</ele></trkpt>
    <trkpt lat="36.160041" lon="33.450893"><ele>210.6</ele></trkpt>
    <trkpt lat="36.160047" lon="33.451339"><ele>211.1</ele></trkpt>
    <trkpt lat="36.160038" lon="33.451786"><ele>211.5</ele></trkpt>
    <trkpt lat="36.160014" lon="33.452232"><ele>211.9</ele></trkpt>
    <trkpt lat="36.159974" lon="33.452679"><ele>212.3</ele></trkpt>
    <trkpt lat="36.159923" lon="33.453125"><ele>212.6</ele></trkpt>
    <trkpt lat="36.159865" lon="33.453571"><ele>212.8</ele></trkpt>
    <trkpt lat="36.159807" lon="33.454018"><ele>212.8</ele></trkpt>
    <trkpt lat="36.159757" lon="33.454464"><ele>212.6</ele></trkpt>
    <trkpt lat="36.159722" lon="33.454911"><ele>212.3</ele></trkpt>
    <trkpt lat="36.159709" lon="33.455357"><ele>211.9</ele></trkpt>
    <trkpt lat="36.159722" lon="33.455804"><ele>211.4</ele></trkpt>
    <trkpt lat="36.159764" lon="33.456250"><ele>210.8</ele></trkpt>
    <trkpt lat="36.159835" lon="33.456696"><ele>210.3</ele></trkpt>
    <trkpt lat="36.159931" lon="33.457143"><ele>209.8</ele></trkpt>
    <trkpt lat="36.160046" lon="33.457589"><ele>209.5</ele></trkpt>
    <trkpt lat="36.160170" lon="33.458036"><ele>209.4</ele></trkpt>
    <trkpt lat="36.160294" lon="33.458482"><ele>209.6</ele></trkpt>
    <trkpt lat="36.160406" lon="33.458929"><ele>210.0</ele></trkpt>
    <trkpt lat="36.160494" lon="33.459375"><ele>210.7</ele></trkpt>
    <trkpt lat="36.160548" lon="33.459821"><ele>211.6</ele></trkpt>
    <trkpt lat="36.160560" lon="33.460268"><ele>212.8</ele></trkpt>
    <trkpt lat="36.160526" lon="33.460714"><ele>214.2</ele></trkpt>
    <trkpt lat="36.160444" lon="33.461161"><ele>215.6</ele></trkpt>
    <trkpt lat="36.160318" lon="33.461607"><ele>217.1</ele></trkpt>
    <trkpt lat="36.160157" lon="33.462054"><ele>218.6</ele></trkpt>
    <trkpt lat="36.159970" lon="33.462500"><ele>219.8</ele></trkpt>
    <trkpt lat="36.159773" lon="33.462946"><ele>220.8</ele></trkpt>
    <trkpt lat="36.159581" lon="33.463393"><ele>221.5</ele></trkpt>
    <trkpt lat="36.159412" lon="33.463839"><ele>221.8</ele></trkpt>
    <trkpt lat="36.159280" lon="33.464286"><ele>221.7</ele></trkpt>
    <trkpt lat="36.159199" lon="33.464732"><ele>221.2</ele></trkpt>
    <trkpt lat="36.159179" lon="33.465179"><ele>220.3</ele></trkpt>
    <trkpt lat="36.159226" lon="33.465625"><ele>219.0</ele></trkpt>
    <trkpt lat="36.159337" lon="33.466071"><ele>217.5</ele></trkpt>
    <trkpt lat="36.159508" lon="33.466518"><ele>215.8</ele></trkpt>
    <trkpt lat="36.159728" lon="33.466964"><ele>214.1</ele></trkpt>
    <trkpt lat="36.159981" lon="33.467411"><ele>212.4</ele></trkpt>
    <trkpt lat="36.160247" lon="33.467857"><ele>211.0</ele></trkpt>
    <trkpt lat="36.160505" lon="33.468304"><ele>209.9</ele></trkpt>
    <trkpt lat="36.160734" lon="33.468750"><ele>209.3</ele></trkpt>
    <trkpt lat="36.160914" lon="33.469196"><ele>209.1</ele></trkpt>
    <trkpt lat="36.161027" lon="33.469643"><ele>209.5</ele></trkpt>
    <trkpt lat="36.161063" lon="33.470089"><ele>210.4</ele></trkpt>
    <trkpt lat="36.161015" lon="33.470536"><ele>211.9</ele></trkpt>
    <trkpt lat="36.160884" lon="33.470982"><ele>213.8</ele></trkpt>
    <trkpt lat="36.160677" lon="33.471429"><ele>216.1</ele></trkpt>
    <trkpt lat="36.160409" lon="33.471875"><ele>218.6</ele></trkpt>
    <trkpt lat="36.160098" lon="33.472321"><ele>221.2</ele></trkpt>
    <trkpt lat="36.159770" lon="33.472768"><ele>223.8</ele></trkpt>
    <trkpt lat="36.159449" lon="33.473214"><ele>226.1</ele></trkpt>
    <trkpt lat="36.159161" lon="33.473661"><ele>228.1</ele></trkpt>
    <trkpt lat="36.158932" lon="33.474107"><ele>229.5</ele></trkpt>
    <trkpt lat="36.158780" lon="33.474554"><ele>230.4</ele></trkpt>
    <trkpt lat="36.158722" lon="33.475000"><ele>230.5</ele></trkpt>
    <trkpt lat="36.158763" lon="33.475446"><ele>230.1</ele></trkpt>
    <trkpt lat="36.158903" lon="33.475893"><ele>228.9</ele></trkpt>
    <trkpt lat="36.159134" lon="33.476339"><ele>227.2</ele></trkpt>
    <trkpt lat="36.159440" lon="33.476786"><ele>225.0</ele></trkpt>
    <trkpt lat="36.159799" lon="33.477232"><ele>222.4</ele></trkpt>
    <trkpt lat="36.160182" lon="33.477679"><ele>219.7</ele></trkpt>
    <trkpt lat="36.160559" lon="33.478125"><ele>217.0</ele></trkpt>
    <trkpt lat="36.160901" lon="33.478571"><ele>214.5</ele></trkpt>
    <trkpt lat="36.161180" lon="33.479018"><ele>212.4</ele></trkpt>
    <trkpt lat="36.161372" lon="33.479464"><ele>210.9</ele></trkpt>
    <trkpt lat="36.161459" lon="33.479911"><ele>210.0</ele></trkpt>
    <trkpt lat="36.161433" lon="33.480357"><ele>209.8</ele></trkpt>
    <trkpt lat="36.161293" lon="33.480804"><ele>210.4</ele></trkpt>
    <trkpt lat="36.161048" lon="33.481250"><ele>211.8</ele></trkpt>
    <trkpt lat="36.160716" lon="33.481696"><ele>213.9</ele></trkpt>
    <trkpt lat="36.160322" lon="33.482143"><ele>216.7</ele></trkpt>
    <trkpt lat="36.159895" lon="33.482589"><ele>219.8</ele></trkpt>
    <trkpt lat="36.159469" lon="33.483036"><ele>223.2</ele></trkpt>
    <trkpt lat="36.159078" lon="33.483482"><ele>226.7</ele></trkpt>
    <trkpt lat="36.158753" lon="33.483929"><ele>230.0</ele></trkpt>
    <trkpt lat="36.158521" lon="33.484375"><ele>232.9</ele></trkpt>
    <trkpt lat="36.158402" lon="33.484821"><ele>235.3</ele></trkpt>
    <trkpt lat="36.158407" lon="33.485268"><ele>237.0</ele></trkpt>
    <trkpt lat="36.158537" lon="33.485714"><ele>237.9</ele></trkpt>
    <trkpt lat="36.158784" lon="33.486161"><ele>238.0</ele></trkpt>
    <trkpt lat="36.159130" lon="33.486607"><ele>237.1</ele></trkpt>
    <trkpt lat="36.159548" lon="33.487054"><ele>235.5</ele></trkpt>
    <trkpt lat="36.160007" lon="33.487500"><ele>233.2</ele></trkpt>
    <trkpt lat="36.160471" lon="33.487946"><ele>230.3</ele></trkpt>
    <trkpt lat="36.160903" lon="33.488393"><ele>227.1</ele></trkpt>
    <trkpt lat="36.161269" lon="33.488839"><ele>223.7</ele></trkpt>
    <trkpt lat="36.161539" lon="33.489286"><ele>220.4</ele></trkpt>
    <trkpt lat="36.161691" lon="33.489732"><ele>217.4</ele></trkpt>
    <trkpt lat="36.161712" lon="33.490179"><ele>214.9</ele></trkpt>
    <trkpt lat="36.161599" lon="33.490625"><ele>213.1</ele></trkpt>
    <trkpt lat="36.161360" lon="33.491071"><ele>212.1</ele></trkpt>
    <trkpt lat="36.161013" lon="33.491518"><ele>212.0</ele></trkpt>
    <trkpt lat="36.160583" lon="33.491964"><ele>212.9</ele></trkpt>
    <trkpt lat="36.160105" lon="33.492411"><ele>214.6</ele></trkpt>
    <trkpt lat="36.159615" lon="33.492857"><ele>217.1</ele></trkpt>
    <trkpt lat="36.159152" lon="33.493304"><ele>220.3</ele></trkpt>
    <trkpt lat="36.158753" lon="33.493750"><ele>224.0</ele></trkpt>
    <trkpt lat="36.158449" lon="33.494196"><ele>227.8</ele></trkpt>
    <trkpt lat="36.158265" lon="33.494643"><ele>231.7</ele></trkpt>
    <trkpt lat="36.158215" lon="33.495089"><ele>235.4</ele></trkpt>
    <trkpt lat="36.158305" lon="33.495536"><ele>238.6</ele></trkpt>
    <trkpt lat="36.158527" lon="33.495982"><ele>241.2</ele></trkpt>
    <trkpt lat="36.158866" lon="33.496429"><ele>243.0</ele></trkpt>
    <trkpt lat="36.159294" lon="33.496875"><ele>243.8</ele></trkpt>
    <trkpt lat="36.159778" lon="33.497321"><ele>243.7</ele></trkpt>
    <trkpt lat="36.160281" lon="33.497768"><ele>242.7</ele></trkpt>
    <trkpt lat="36.160763" lon="33.498214"><ele>240.8</ele></trkpt>
    <trkpt lat="36.161186" lon="33.498661"><ele>238.2</ele></trkpt>
    <trkpt lat="36.161517" lon="33.499107"><ele>235.0</ele></trkpt>
    <trkpt lat="36.161730" lon="33.499554"><ele>231.5</ele></trkpt>
    <trkpt lat="36.161808" lon="33.500000"><ele>227.8</ele></trkpt>
    <trkpt lat="36.161745" lon="33.500446"><ele>224.3</ele></trkpt>
    <trkpt lat="36.161547" lon="33.500893"><ele>221.2</ele></trkpt>
    <trkpt lat="36.161227" lon="33.501339"><ele>218.7</ele></trkpt>
    <trkpt lat="36.160813" lon="33.501786"><ele>216.9</ele></trkpt>
    <trkpt lat="36.160336" lon="33.502232"><ele>216.0</ele></trkpt>
    <trkpt lat="36.159833" lon="33.502679"><ele>216.0</ele></trkpt>
    <trkpt lat="36.159345" lon="33.503125"><ele>217.0</ele></trkpt>
    <trkpt lat="36.158909" lon="33.503571"><ele>218.9</ele></trkpt>
    <trkpt lat="36.158560" lon="33.504018"><ele>221.6</ele></trkpt>
    <trkpt lat="36.158323" lon="33.504464"><ele>224.9</ele></trkpt>
    <trkpt lat="36.158219" lon="33.504911"><ele>228.6</ele></trkpt>
    <trkpt lat="36.158253" lon="33.505357"><ele>232.5</ele></trkpt>
    <trkpt lat="36.158423" lon="33.505804"><ele>236.4</ele></trkpt>
    <trkpt lat="36.158715" lon="33.506250"><ele>240.0</ele></trkpt>
    <trkpt lat="36.159105" lon="33.506696"><ele>243.1</ele></trkpt>
    <trkpt lat="36.159562" lon="33.507143"><ele>245.5</ele></trkpt>
    <trkpt lat="36.160051" lon="33.507589"><ele>247.2</ele></trkpt>
    <trkpt lat="36.160532" lon="33.508036"><ele>247.9</ele></trkpt>
    <trkpt lat="36.160968" lon="33.508482"><ele>247.7</ele></trkpt>
    <trkpt lat="36.161326" lon="33.508929"><ele>246.6</ele></trkpt>
    <trkpt lat="36.161578" lon="33.509375"><ele>244.7</ele></trkpt>
    <trkpt lat="36.161705" lon="33.509821"><ele>242.1</ele></trkpt>
    <trkpt lat="36.161699" lon="33.510268"><ele>239.0</ele></trkpt>
    <trkpt lat="36.161561" lon="33.510714"><ele>235.7</ele></trkpt>
    <trkpt lat="36.161303" lon="33.511161"><ele>232.3</ele></trkpt>
    <trkpt lat="36.160946" lon="33.511607"><ele>229.0</ele></trkpt>
    <trkpt lat="36.160520" lon="33.512054"><ele>226.2</ele></trkpt>
    <trkpt lat="36.160058" lon="33.512500"><ele>223.9</ele></trkpt>
    <trkpt lat="36.159597" lon="33.512946"><ele>222.4</ele></trkpt>
    <trkpt lat="36.159173" lon="33.513393"><ele>221.7</ele></trkpt>
    <trkpt lat="36.158818" lon="33.513839"><ele>221.9</ele></trkpt>
    <trkpt lat="36.158560" lon="33.514286"><ele>222.9</ele></trkpt>
    <trkpt lat="36.158416" lon="33.514732"><ele>224.7</ele></trkpt>
    <trkpt lat="36.158398" lon="33.515179"><ele>227.2</ele></trkpt>
    <trkpt lat="36.158503" lon="33.515625"><ele>230.2</ele></trkpt>
    <trkpt lat="36.158723" lon="33.516071"><ele>233.6</ele></trkpt>
    <trkpt lat="36.159039" lon="33.516518"><ele>237.1</ele></trkpt>
    <trkpt lat="36.159424" lon="33.516964"><ele>240.5</ele></trkpt>
    <trkpt lat="36.159848" lon="33.517411"><ele>243.6</ele></trkpt>
    <trkpt lat="36.160276" lon="33.517857"><ele>246.3</ele></trkpt>
    <trkpt lat="36.160675" lon="33.518304"><ele>248.3</ele></trkpt>
    <trkpt lat="36.161015" lon="33.518750"><ele>249.6</ele></trkpt>
    <trkpt lat="36.161270" lon="33.519196"><ele>250.2</ele></trkpt>
    <trkpt lat="36.161421" lon="33.519643"><ele>249.9</ele></trkpt>
    <trkpt lat="36.161460" lon="33.520089"><ele>248.9</ele></trkpt>
    <trkpt lat="36.161385" lon="33.520536"><ele>247.2</ele></trkpt>
    <trkpt lat="36.161204" lon="33.520982"><ele>245.0</ele></trkpt>
    <trkpt lat="36.160935" lon="33.521429"><ele>242.5</ele></trkpt>
    <trkpt lat="36.160598" lon="33.521875"><ele>239.7</ele></trkpt>
    <trkpt lat="36.160224" lon="33.522321"><ele>237.0</ele></trkpt>
    <trkpt lat="36.159840" lon="33.522768"><ele>234.4</ele></trkpt>
    <trkpt lat="36.159479" lon="33.523214"><ele>232.3</ele></trkpt>
    <trkpt lat="36.159166" lon="33.523661"><ele>230.6</ele></trkpt>
    <trkpt lat="36.158926" lon="33.524107"><ele>229.5</ele></trkpt>
    <trkpt lat="36.158775" lon="33.524554"><ele>229.1</ele></trkpt>
    <trkpt lat="36.158723" lon="33.525000"><ele>229.3</ele></trkpt>
    <trkpt lat="36.158771" lon="33.525446"><ele>230.3</ele></trkpt>
    <trkpt lat="36.158913" lon="33.525893"><ele>231.8</ele></trkpt>
    <trkpt lat="36.159134" lon="33.526339"><ele>233.9</ele></trkpt>
    <trkpt lat="36.159416" lon="33.526786"><ele>236.3</ele></trkpt>
    <trkpt lat="36.159734" lon="33.527232"><ele>238.9</ele></trkpt>
    <trkpt lat="36.160062" lon="33.527679"><ele>241.5</ele></trkpt>
    <trkpt lat="36.160375" lon="33.528125"><ele>244.1</ele></trkpt>
    <trkpt lat="36.160649" lon="33.528571"><ele>246.4</ele></trkpt>
    <trkpt lat="36.160863" lon="33.529018"><ele>248.3</ele></trkpt>
    <trkpt lat="36.161002" lon="33.529464"><ele>249.7</ele></trkpt>
    <trkpt lat="36.161060" lon="33.529911"><ele>250.6</ele></trkpt>
    <trkpt lat="36.161033" lon="33.530357"><ele>250.9</ele></trkpt>
    <trkpt lat="36.160927" lon="33.530804"><ele>250.7</ele></trkpt>
    <trkpt lat="36.160755" lon="33.531250"><ele>249.9</ele></trkpt>
    <trkpt lat="36.160531" lon="33.531696"><ele>248.7</ele></trkpt>
    <trkpt lat="36.160275" lon="33.532143"><ele>247.2</ele></trkpt>
    <trkpt lat="36.160010" lon="33.532589"><ele>245.5</ele></trkpt>
    <trkpt lat="36.159755" lon="33.533036"><ele>243.8</ele></trkpt>
    <trkpt lat="36.159532" lon="33.533482"><ele>242.0</ele></trkpt>
    <trkpt lat="36.159355" lon="33.533929"><ele>240.5</ele></trkpt>
    <trkpt lat="36.159237" lon="33.534375"><ele>239.2</ele></trkpt>
    <trkpt lat="36.159184" lon="33.534821"><ele>238.3</ele></trkpt>
    <trkpt lat="36.159196" lon="33.535268"><ele>237.8</ele></trkpt>
    <trkpt lat="36.159271" lon="33.535714"><ele>237.8</ele></trkpt>
    <trkpt lat="36.159397" lon="33.536161"><ele>238.1</ele></trkpt>
    <trkpt lat="36.159563" lon="33.536607"><ele>238.9</ele></trkpt>
    <trkpt lat="36.159752" lon="33.537054"><ele>240.0</ele></trkpt>
    <trkpt lat="36.159949" lon="33.537500"><ele>241.3</ele></trkpt>
    <trkpt lat="36.160137" lon="33.537946"><ele>242.8</ele></trkpt>
    <trkpt lat="36.160301" lon="33.538393"><ele>244.3</ele></trkpt>
    <trkpt lat="36.160430" lon="33.538839"><ele>245.9</ele></trkpt>
    <trkpt lat="36.160517" lon="33.539286"><ele>247.3</ele></trkpt>
    <trkpt lat="36.160556" lon="33.539732"><ele>248.5</ele></trkpt>
    <trkpt lat="36.160549" lon="33.540179"><ele>249.4</ele></trkpt>
    <trkpt lat="36.160499" lon="33.540625"><ele>250.1</ele></trkpt>
    <trkpt lat="36.160415" lon="33.541071"><ele>250.5</ele></trkpt>
    <trkpt lat="36.160306" lon="33.541518"><ele>250.6</ele></trkpt>
    <trkpt lat="36.160183" lon="33.541964"><ele>250.5</ele></trkpt>
    <trkpt lat="36.160059" lon="33.542411"><ele>250.1</ele></trkpt>
    <trkpt lat="36.159943" lon="33.542857"><ele>249.6</ele></trkpt>
    <trkpt lat="36.159845" lon="33.543304"><ele>249.0</ele></trkpt>
    <trkpt lat="36.159772" lon="33.543750"><ele>248.4</ele></trkpt>
    <trkpt lat="36.159727" lon="33.544196"><ele>247.8</ele></trkpt>
    <trkpt lat="36.159711" lon="33.544643"><ele>247.4</ele></trkpt>
    <trkpt lat="36.159722" lon="33.545089"><ele>247.0</ele></trkpt>
    <trkpt lat="36.159755" lon="33.545536"><ele>246.9</ele></trkpt>
    <trkpt lat="36.159804" lon="33.545982"><ele>246.8</ele></trkpt>
    <trkpt lat="36.159860" lon="33.546429"><ele>247.0</ele></trkpt>
    <trkpt lat="36.159918" lon="33.546875"><ele>247.3</ele></trkpt>
    <trkpt lat="36.159970" lon="33.547321"><ele>247.7</ele></trkpt>
    <trkpt lat="36.160010" lon="33.547768"><ele>248.1</ele></trkpt>
    <trkpt lat="36.160036" lon="33.548214"><ele>248.6</ele></trkpt>
    <trkpt lat="36.160045" lon="33.548661"><ele>249.1</ele></trkpt>
    <trkpt lat="36.160040" lon="33.549107"><ele>249.5</ele></trkpt>
    <trkpt lat="36.160024" lon="33.549554"><ele>249.8</ele></trkpt>
    <trkpt lat="36.160000" lon="33.550000"><ele>250.0</ele></trkpt>
    <trkpt lat="36.160135" lon="33.550415"><ele>248.9</ele></trkpt>
    <trkpt lat="36.160264" lon="33.550831"><ele>247.9</ele></trkpt>
    <trkpt lat="36.160383" lon="33.551252"><ele>247.0</ele></trkpt>
    <trkpt lat="36.160486" lon="33.551679"><ele>246.2</ele></trkpt>
    <trkpt lat="36.160570" lon="33.552113"><ele>245.4</ele></trkpt>
    <trkpt lat="36.160636" lon="33.552554"><ele>244.5</ele></trkpt>
    <trkpt lat="36.160687" lon="33.553001"><ele>243.5</ele></trkpt>
    <trkpt lat="36.160727" lon="33.553452"><ele>242.4</ele></trkpt>
    <trkpt lat="36.160763" lon="33.553904"><ele>241.1</ele></trkpt>
    <trkpt lat="36.160804" lon="33.554355"><ele>239.6</ele></trkpt>
    <trkpt lat="36.160859" lon="33.554800"><ele>238.0</ele></trkpt>
    <trkpt lat="36.160935" lon="33.555237"><ele>236.1</ele></trkpt>
    <trkpt lat="36.161039" lon="33.555664"><ele>234.1</ele></trkpt>
    <trkpt lat="36.161176" lon="33.556078"><ele>232.1</ele></trkpt>
    <trkpt lat="36.161347" lon="33.556478"><ele>230.0</ele></trkpt>
    <trkpt lat="36.161550" lon="33.556867"><ele>228.0</ele></trkpt>
    <trkpt lat="36.161780" lon="33.557245"><ele>226.1</ele></trkpt>
    <trkpt lat="36.162026" lon="33.557617"><ele>224.5</ele></trkpt>
    <trkpt lat="36.162279" lon="33.557986"><ele>223.1</ele></trkpt>
    <trkpt lat="36.162525" lon="33.558358"><ele>222.0</ele></trkpt>
    <trkpt lat="36.162751" lon="33.558738"><ele>221.2</ele></trkpt>
    <trkpt lat="36.162944" lon="33.559130"><ele>220.8</ele></trkpt>
    <trkpt lat="36.163094" lon="33.559539"><ele>220.7</ele></trkpt>
    <trkpt lat="36.163193" lon="33.559968"><ele>220.9</ele></trkpt>
    <trkpt lat="36.163237" lon="33.560417"><ele>221.2</ele></trkpt>
    <trkpt lat="36.163228" lon="33.560887"><ele>221.6</ele></trkpt>
    <trkpt lat="36.163172" lon="33.561374"><ele>222.0</ele></trkpt>
    <trkpt lat="36.163080" lon="33.561876"><ele>222.3</ele></trkpt>
    <trkpt lat="36.162966" lon="33.562386"><ele>222.3</ele></trkpt>
    <trkpt lat="36.162847" lon="33.562898"><ele>222.0</ele></trkpt>
    <trkpt lat="36.162742" lon="33.563405"><ele>221.2</ele></trkpt>
    <trkpt lat="36.162670" lon="33.563899"><ele>220.0</ele></trkpt>
    <trkpt lat="36.162647" lon="33.564374"><ele>218.3</ele></trkpt>
    <trkpt lat="36.162688" lon="33.564825"><ele>216.1</ele></trkpt>
    <trkpt lat="36.162800" lon="33.565248"><ele>213.5</ele></trkpt>
    <trkpt lat="36.162987" lon="33.565642"><ele>210.5</ele></trkpt>
    <trkpt lat="36.163247" lon="33.566009"><ele>207.2</ele></trkpt>
    <trkpt lat="36.163569" lon="33.566352"><ele>203.8</ele></trkpt>
    <trkpt lat="36.163940" lon="33.566676"><ele>200.4</ele></trkpt>
    <trkpt lat="36.164339" lon="33.566989"><ele>197.1</ele></trkpt>
    <trkpt lat="36.164744" lon="33.567300"><ele>194.2</ele></trkpt>
    <trkpt lat="36.165131" lon="33.567618"><ele>191.7</ele></trkpt>
    <trkpt lat="36.165476" lon="33.567952"><ele>189.8</ele></trkpt>
    <trkpt lat="36.165759" lon="33.568310"><ele>188.4</ele></trkpt>
    <trkpt lat="36.165962" lon="33.568698"><ele>187.7</ele></trkpt>
    <trkpt lat="36.166075" lon="33.569121"><ele>187.7</ele></trkpt>
    <trkpt lat="36.166094" lon="33.569581"><ele>188.2</ele></trkpt>
    <trkpt lat="36.166023" lon="33.570074"><ele>189.3</ele></trkpt>
    <trkpt lat="36.165873" lon="33.570598"><ele>190.7</ele></trkpt>
    <trkpt lat="36.165663" lon="33.571145"><ele>192.3</ele></trkpt>
    <trkpt lat="36.165416" lon="33.571706"><ele>193.9</ele></trkpt>
    <trkpt lat="36.165159" lon="33.572271"><ele>195.4</ele></trkpt>
    <trkpt lat="36.164921" lon="33.572828"><ele>196.6</ele></trkpt>
    <trkpt lat="36.164730" lon="33.573368"><ele>197.3</ele></trkpt>
    <trkpt lat="36.164612" lon="33.573879"><ele>197.3</ele></trkpt>
    <trkpt lat="36.164586" lon="33.574356"><ele>196.7</ele></trkpt>
    <trkpt lat="36.164665" lon="33.574792"><ele>195.2</ele></trkpt>
    <trkpt lat="36.164854" lon="33.575186"><ele>193.0</ele></trkpt>
    <trkpt lat="36.165148" lon="33.575539"><ele>190.1</ele></trkpt>
    <trkpt lat="36.165535" lon="33.575857"><ele>186.6</ele></trkpt>
    <trkpt lat="36.165996" lon="33.576147"><ele>182.5</ele></trkpt>
    <trkpt lat="36.166502" lon="33.576419"><ele>178.2</ele></trkpt>
    <trkpt lat="36.167024" lon="33.576685"><ele>173.7</ele></trkpt>
    <trkpt lat="36.167529" lon="33.576958"><ele>169.4</ele></trkpt>
    <trkpt lat="36.167984" lon="33.577249"><ele>165.3</ele></trkpt>
    <trkpt lat="36.168362" lon="33.577571"><ele>161.8</ele></trkpt>
    <trkpt lat="36.168639" lon="33.577931"><ele>158.9</ele></trkpt>
    <trkpt lat="36.168800" lon="33.578336"><ele>156.8</ele></trkpt>
    <trkpt lat="36.168839" lon="33.578787"><ele>155.5</ele></trkpt>
    <trkpt lat="36.168760" lon="33.579284"><ele>155.1</ele></trkpt>
    <trkpt lat="36.168575" lon="33.579821"><ele>155.6</ele></trkpt>
    <trkpt lat="36.168306" lon="33.580390"><ele>156.8</ele></trkpt>
    <trkpt lat="36.167982" lon="33.580981"><ele>158.6</ele></trkpt>
    <trkpt lat="36.167636" lon="33.581580"><ele>160.8</ele></trkpt>
    <trkpt lat="36.167302" lon="33.582174"><ele>163.2</ele></trkpt>
    <trkpt lat="36.167017" lon="33.582750"><ele>165.6</ele></trkpt>
    <trkpt lat="36.166811" lon="33.583295"><ele>167.8</ele></trkpt>
    <trkpt lat="36.166710" lon="33.583800"><ele>169.4</ele></trkpt>
    <trkpt lat="36.166731" lon="33.584259"><ele>170.5</ele></trkpt>
    <trkpt lat="36.166882" lon="33.584667"><ele>170.7</ele></trkpt>
    <trkpt lat="36.167161" lon="33.585027"><ele>170.0</ele></trkpt>
    <trkpt lat="36.167554" lon="33.585342"><ele>168.4</ele></trkpt>
    <trkpt lat="36.168040" lon="33.585622"><ele>165.9</ele></trkpt>
    <trkpt lat="36.168590" lon="33.585877"><ele>162.5</ele></trkpt>
    <trkpt lat="36.169170" lon="33.586121"><ele>158.5</ele></trkpt>
    <trkpt lat="36.169742" lon="33.586368"><ele>153.9</ele></trkpt>
    <trkpt lat="36.170270" lon="33.586632"><ele>149.1</ele></trkpt>
    <trkpt lat="36.170721" lon="33.586925"><ele>144.1</ele></trkpt>
    <trkpt lat="36.171067" lon="33.587259"><ele>139.4</ele></trkpt>
    <trkpt lat="36.171289" lon="33.587640"><ele>135.0</ele></trkpt>
    <trkpt lat="36.171379" lon="33.588072"><ele>131.2</ele></trkpt>
    <trkpt lat="36.171336" lon="33.588555"><ele>128.2</ele></trkpt>
    <trkpt lat="36.171172" lon="33.589084"><ele>126.1</ele></trkpt>
    <trkpt lat="36.170909" lon="33.589651"><ele>125.0</ele></trkpt>
    <trkpt lat="36.170576" lon="33.590246"><ele>124.8</ele></trkpt>
    <trkpt lat="36.170206" lon="33.590854"><ele>125.4</ele></trkpt>
    <trkpt lat="36.169837" lon="33.591462"><ele>126.9</ele></trkpt>
    <trkpt lat="36.169506" lon="33.592055"><ele>128.9</ele></trkpt>
    <trkpt lat="36.169248" lon="33.592620"><ele>131.4</ele></trkpt>
    <trkpt lat="36.169091" lon="33.593147"><ele>134.0</ele></trkpt>
    <trkpt lat="36.169054" lon="33.593627"><ele>136.5</ele></trkpt>
    <trkpt lat="36.169149" lon="33.594057"><ele>138.7</ele></trkpt>
    <trkpt lat="36.169376" lon="33.594436"><ele>140.4</ele></trkpt>
    <trkpt lat="36.169725" lon="33.594769"><ele>141.4</ele></trkpt>
    <trkpt lat="36.170176" lon="33.595062"><ele>141.6</ele></trkpt>
    <trkpt lat="36.170703" lon="33.595327"><ele>140.8</ele></trkpt>
    <trkpt lat="36.171270" lon="33.595575"><ele>139.1</ele></trkpt>
    <trkpt lat="36.171844" lon="33.595822"><ele>136.5</ele></trkpt>
    <trkpt lat="36.172386" lon="33.596080"><ele>133.1</ele></trkpt>
    <trkpt lat="36.172863" lon="33.596363"><ele>129.1</ele></trkpt>
    <trkpt lat="36.173247" lon="33.596682"><ele>124.6</ele></trkpt>
    <trkpt lat="36.173517" lon="33.597045"><ele>119.8</ele></trkpt>
    <trkpt lat="36.173661" lon="33.597456"><ele>115.0</ele></trkpt>
    <trkpt lat="36.173679" lon="33.597916"><ele>110.5</ele></trkpt>
    <trkpt lat="36.173577" lon="33.598421"><ele>106.3</ele></trkpt>
    <trkpt lat="36.173374" lon="33.598965"><ele>102.8</ele></trkpt>
    <trkpt lat="36.173095" lon="33.599539"><ele>100.0</ele></trkpt>
    <trkpt lat="36.172771" lon="33.600129"><ele>98.1</ele></trkpt>
    <trkpt lat="36.172437" lon="33.600724"><ele>97.0</ele></trkpt>
    <trkpt lat="36.172126" lon="33.601309"><ele>96.8</ele></trkpt>
    <trkpt lat="36.171871" lon="33.601874"><ele>97.4</ele></trkpt>
    <trkpt lat="36.171699" lon="33.602406"><ele>98.6</ele></trkpt>
    <trkpt lat="36.171631" lon="33.602898"><ele>100.4</ele></trkpt>
    <trkpt lat="36.171677" lon="33.603347"><ele>102.4</ele></trkpt>
    <trkpt lat="36.171842" lon="33.603750"><ele>104.6</ele></trkpt>
    <trkpt lat="36.172118" lon="33.604111"><ele>106.6</ele></trkpt>
    <trkpt lat="36.172490" lon="33.604434"><ele>108.3</ele></trkpt>
    <trkpt lat="36.172935" lon="33.604730"><ele>109.5</ele></trkpt>
    <trkpt lat="36.173425" lon="33.605008"><ele>110.1</ele></trkpt>
    <trkpt lat="36.173930" lon="33.605281"><ele>110.0</ele></trkpt>
    <trkpt lat="36.174419" lon="33.605560"><ele>109.1</ele></trkpt>
    <trkpt lat="36.174861" lon="33.605856"><ele>107.3</ele></trkpt>
    <trkpt lat="36.175232" lon="33.606180"><ele>104.9</ele></trkpt>
    <trkpt lat="36.175513" lon="33.606539"><ele>101.9</ele></trkpt>
    <trkpt lat="36.175692" lon="33.606936"><ele>98.3</ele></trkpt>
    <trkpt lat="36.175767" lon="33.607374"><ele>94.4</ele></trkpt>
    <trkpt lat="36.175743" lon="33.607849"><ele>90.4</ele></trkpt>
    <trkpt lat="36.175633" lon="33.608358"><ele>86.4</ele></trkpt>
    <trkpt lat="36.175456" lon="33.608892"><ele>82.6</ele></trkpt>
    <trkpt lat="36.175236" lon="33.609443"><ele>79.2</ele></trkpt>
    <trkpt lat="36.175000" lon="33.610000"><ele>76.3</ele></trkpt>
    <trkpt lat="36.174776" lon="33.610552"><ele>74.0</ele></trkpt>
    <trkpt lat="36.174588" lon="33.611091"><ele>72.4</ele></trkpt>
    <trkpt lat="36.174459" lon="33.611607"><ele>71.4</ele></trkpt>
    <trkpt lat="36.174404" lon="33.612094"><ele>71.0</ele></trkpt>
    <trkpt lat="36.174434" lon="33.612549"><ele>71.2</ele></trkpt>
    <trkpt lat="36.174551" lon="33.612970"><ele>71.9</ele></trkpt>
    <trkpt lat="36.174752" lon="33.613360"><ele>72.8</ele></trkpt>
    <trkpt lat="36.175025" lon="33.613721"><ele>73.9</ele></trkpt>
    <trkpt lat="36.175354" lon="33.614061"><ele>75.0</ele></trkpt>
    <trkpt lat="36.175720" lon="33.614387"><ele>76.0</ele></trkpt>
    <trkpt lat="36.176101" lon="33.614708"><ele>76.7</ele></trkpt>
    <trkpt lat="36.176473" lon="33.615031"><ele>77.0</ele></trkpt>
    <trkpt lat="36.176818" lon="33.615365"><ele>76.9</ele></trkpt>
    <trkpt lat="36.177117" lon="33.615717"><ele>76.3</ele></trkpt>
    <trkpt lat="36.177357" lon="33.616091"><ele>75.2</ele></trkpt>
    <trkpt lat="36.177532" lon="33.616490"><ele>73.5</ele></trkpt>
    <trkpt lat="36.177638" lon="33.616916"><ele>71.5</ele></trkpt>
    <trkpt lat="36.177681" lon="33.617366"><ele>69.1</ele></trkpt>
    <trkpt lat="36.177668" lon="33.617837"><ele>66.4</ele></trkpt>
    <trkpt lat="36.177613" lon="33.618324"><ele>63.7</ele></trkpt>
    <trkpt lat="36.177532" lon="33.618822"><ele>60.8</ele></trkpt>
    <trkpt lat="36.177440" lon="33.619324"><ele>58.1</ele></trkpt>
    <trkpt lat="36.177355" lon="33.619823"><ele>55.6</ele></trkpt>
    <trkpt lat="36.177291" lon="33.620313"><ele>53.3</ele></trkpt>
    <trkpt lat="36.177262" lon="33.620791"><ele>51.3</ele></trkpt>
    <trkpt lat="36.177275" lon="33.621252"><ele>49.7</ele></trkpt>
    <trkpt lat="36.177334" lon="33.621696"><ele>48.5</ele></trkpt>
    <trkpt lat="36.177440" lon="33.622122"><ele>47.5</ele></trkpt>
    <trkpt lat="36.177588" lon="33.622531"><ele>46.9</ele></trkpt>
    <trkpt lat="36.177771" lon="33.622927"><ele>46.4</ele></trkpt>
    <trkpt lat="36.177980" lon="33.623314"><ele>46.2</ele></trkpt>
    <trkpt lat="36.178202" lon="33.623695"><ele>45.9</ele></trkpt>
    <trkpt lat="36.178426" lon="33.624075"><ele>45.7</ele></trkpt>
    <trkpt lat="36.178641" lon="33.624459"><ele>45.4</ele></trkpt>
    <trkpt lat="36.178840" lon="33.624849"><ele>45.0</ele></trkpt>
    <trkpt lat="36.179014" lon="33.625248"><ele>44.3</ele></trkpt>
    <trkpt lat="36.179162" lon="33.625658"><ele>43.5</ele></trkpt>
    <trkpt lat="36.179282" lon="33.626078"><ele>42.5</ele></trkpt>
    <trkpt lat="36.179378" lon="33.626508"><ele>41.3</ele></trkpt>
    <trkpt lat="36.179454" lon="33.626945"><ele>40.0</ele></trkpt>
    <trkpt lat="36.179517" lon="33.627387"><ele>38.5</ele></trkpt>
    <trkpt lat="36.179576" lon="33.627831"><ele>37.0</ele></trkpt>
    <trkpt lat="36.179636" lon="33.628274"><ele>35.4</ele></trkpt>
    <trkpt lat="36.179705" lon="33.628714"><ele>33.9</ele></trkpt>
    <trkpt lat="36.179788" lon="33.629149"><ele>32.5</ele></trkpt>
    <trkpt lat="36.179886" lon="33.629577"><ele>31.2</ele></trkpt>
    <trkpt lat="36.180000" lon="33.630000"><ele>30.0</ele></trkpt>
    <trkpt lat="36.180163" lon="33.630398"><ele>30.2</ele></trkpt>
    <trkpt lat="36.180321" lon="33.630799"><ele>30.3</ele></trkpt>
    <trkpt lat="36.180479" lon="33.631201"><ele>30.4</ele></trkpt>
    <trkpt lat="36.180638" lon="33.631601"><ele>30.4</ele></trkpt>
    <trkpt lat="36.180801" lon="33.631999"><ele>30.5</ele></trkpt>
    <trkpt lat="36.180971" lon="33.632392"><ele>30.6</ele></trkpt>
    <trkpt lat="36.181150" lon="33.632779"><ele>30.8</ele></trkpt>
    <trkpt lat="36.181339" lon="33.633160"><ele>31.0</ele></trkpt>
    <trkpt lat="36.181536" lon="33.633535"><ele>31.3</ele></trkpt>
    <trkpt lat="36.181741" lon="33.633905"><ele>31.7</ele></trkpt>
    <trkpt lat="36.181950" lon="33.634272"><ele>32.2</ele></trkpt>
    <trkpt lat="36.182160" lon="33.634638"><ele>32.7</ele></trkpt>
    <trkpt lat="36.182368" lon="33.635006"><ele>33.3</ele></trkpt>
    <trkpt lat="36.182568" lon="33.635379"><ele>34.0</ele></trkpt>
    <trkpt lat="36.182757" lon="33.635759"><ele>34.6</ele></trkpt>
    <trkpt lat="36.182931" lon="33.636150"><ele>35.2</ele></trkpt>
    <trkpt lat="36.183089" lon="33.636551"><ele>35.7</ele></trkpt>
    <trkpt lat="36.183230" lon="33.636964"><ele>36.1</ele></trkpt>
    <trkpt lat="36.183354" lon="33.637388"><ele>36.3</ele></trkpt>
    <trkpt lat="36.183466" lon="33.637820"><ele>36.4</ele></trkpt>
    <trkpt lat="36.183567" lon="33.638259"><ele>36.4</ele></trkpt>
    <trkpt lat="36.183666" lon="33.638701"><ele>36.2</ele></trkpt>
    <trkpt lat="36.183766" lon="33.639141"><ele>35.9</ele></trkpt>
    <trkpt lat="36.183875" lon="33.639574"><ele>35.5</ele></trkpt>
    <trkpt lat="36.184000" lon="33.639998"><ele>35.0</ele></trkpt>
    <trkpt lat="36.184145" lon="33.640408"><ele>34.5</ele></trkpt>
    <trkpt lat="36.184314" lon="33.640802"><ele>34.0</ele></trkpt>
    <trkpt lat="36.184510" lon="33.641178"><ele>33.6</ele></trkpt>
    <trkpt lat="36.184731" lon="33.641537"><ele>33.3</ele></trkpt>
    <trkpt lat="36.184977" lon="33.641879"><ele>33.2</ele></trkpt>
    <trkpt lat="36.185241" lon="33.642209"><ele>33.3</ele></trkpt>
    <trkpt lat="36.185518" lon="33.642530"><ele>33.6</ele></trkpt>
    <trkpt lat="36.185799" lon="33.642849"><ele>34.2</ele></trkpt>
    <trkpt lat="36.186076" lon="33.643170"><ele>35.0</ele></trkpt>
    <trkpt lat="36.186339" lon="33.643501"><ele>36.0</ele></trkpt>
    <trkpt lat="36.186580" lon="33.643846"><ele>37.2</ele></trkpt>
    <trkpt lat="36.186793" lon="33.644211"><ele>38.4</ele></trkpt>
    <trkpt lat="36.186971" lon="33.644599"><ele>39.7</ele></trkpt>
    <trkpt lat="36.187113" lon="33.645011"><ele>41.0</ele></trkpt>
    <trkpt lat="36.187220" lon="33.645447"><ele>42.2</ele></trkpt>
    <trkpt lat="36.187294" lon="33.645904"><ele>43.2</ele></trkpt>
    <trkpt lat="36.187343" lon="33.646378"><ele>43.9</ele></trkpt>
    <trkpt lat="36.187375" lon="33.646864"><ele>44.4</ele></trkpt>
    <trkpt lat="36.187401" lon="33.647354"><ele>44.6</ele></trkpt>
    <trkpt lat="36.187432" lon="33.647841"><ele>44.4</ele></trkpt>
    <trkpt lat="36.187480" lon="33.648316"><ele>44.0</ele></trkpt>
    <trkpt lat="36.187556" lon="33.648772"><ele>43.2</ele></trkpt>
    <trkpt lat="36.187669" lon="33.649204"><ele>42.3</ele></trkpt>
    <trkpt lat="36.187825" lon="33.649607"><ele>41.1</ele></trkpt>
    <trkpt lat="36.188026" lon="33.649979"><ele>39.9</ele></trkpt>
    <trkpt lat="36.188273" lon="33.650320"><ele>38.8</ele></trkpt>
    <trkpt lat="36.188561" lon="33.650635"><ele>37.7</ele></trkpt>
    <trkpt lat="36.188881" lon="33.650927"><ele>36.8</ele></trkpt>
    <trkpt lat="36.189224" lon="33.651204"><ele>36.2</ele></trkpt>
    <trkpt lat="36.189577" lon="33.651474"><ele>35.9</ele></trkpt>
    <trkpt lat="36.189924" lon="33.651748"><ele>36.1</ele></trkpt>
    <trkpt lat="36.190252" lon="33.652035"><ele>36.6</ele></trkpt>
    <trkpt lat="36.190548" lon="33.652344"><ele>37.5</ele></trkpt>
    <trkpt lat="36.190801" lon="33.652682"><ele>38.8</ele></trkpt>
    <trkpt lat="36.191002" lon="33.653054"><ele>40.4</ele></trkpt>
    <trkpt lat="36.191148" lon="33.653463"><ele>42.2</ele></trkpt>
    <trkpt lat="36.191239" lon="33.653909"><ele>44.2</ele></trkpt>
    <trkpt lat="36.191280" lon="33.654389"><ele>46.1</ele></trkpt>
    <trkpt lat="36.191280" lon="33.654897"><ele>48.0</ele></trkpt>
    <trkpt lat="36.191251" lon="33.655424"><ele>49.7</ele></trkpt>
    <trkpt lat="36.191209" lon="33.655960"><ele>51.1</ele></trkpt>
    <trkpt lat="36.191169" lon="33.656493"><ele>52.0</ele></trkpt>
    <trkpt lat="36.191150" lon="33.657014"><ele>52.6</ele></trkpt>
    <trkpt lat="36.191166" lon="33.657510"><ele>52.6</ele></trkpt>
    <trkpt lat="36.191231" lon="33.657974"><ele>52.2</ele></trkpt>
    <trkpt lat="36.191355" lon="33.658398"><ele>51.4</ele></trkpt>
    <trkpt lat="36.191543" lon="33.658779"><ele>50.1</ele></trkpt>
    <trkpt lat="36.191795" lon="33.659117"><ele>48.5</ele></trkpt>
    <trkpt lat="36.192107" lon="33.659415"><ele>46.8</ele></trkpt>
    <trkpt lat="36.192469" lon="33.659680"><ele>44.9</ele></trkpt>
    <trkpt lat="36.192867" lon="33.659920"><ele>43.1</ele></trkpt>
    <trkpt lat="36.193283" lon="33.660147"><ele>41.5</ele></trkpt>
    <trkpt lat="36.193700" lon="33.660375"><ele>40.2</ele></trkpt>
    <trkpt lat="36.194097" lon="33.660616"><ele>39.3</ele></trkpt>
    <trkpt lat="36.194456" lon="33.660882"><ele>38.9</ele></trkpt>
    <trkpt lat="36.194762" lon="33.661183"><ele>39.1</ele></trkpt>
    <trkpt lat="36.195003" lon="33.661529"><ele>39.8</ele></trkpt>
    <trkpt lat="36.195172" lon="33.661923"><ele>41.1</ele></trkpt>
    <trkpt lat="36.195267" lon="33.662366"><ele>42.8</ele></trkpt>
    <trkpt lat="36.195294" lon="33.662856"><ele>44.9</ele></trkpt>
    <trkpt lat="36.195262" lon="33.663385"><ele>47.3</ele></trkpt>
    <trkpt lat="36.195185" lon="33.663944"><ele>49.9</ele></trkpt>
    <trkpt lat="36.195084" lon="33.664519"><ele>52.5</ele></trkpt>
    <trkpt lat="36.194979" lon="33.665097"><ele>54.9</ele></trkpt>
    <trkpt lat="36.194891" lon="33.665664"><ele>57.0</ele></trkpt>
    <trkpt lat="36.194841" lon="33.666205"><ele>58.7</ele></trkpt>
    <trkpt lat="36.194848" lon="33.666707"><ele>59.9</ele></trkpt>
    <trkpt lat="36.194925" lon="33.667163"><ele>60.5</ele></trkpt>
    <trkpt lat="36.195082" lon="33.667565"><ele>60.4</ele></trkpt>
    <trkpt lat="36.195321" lon="33.667912"><ele>59.8</ele></trkpt>
    <trkpt lat="36.195637" lon="33.668207"><ele>58.5</ele></trkpt>
    <trkpt lat="36.196021" lon="33.668456"><ele>56.8</ele></trkpt>
    <trkpt lat="36.196458" lon="33.668671"><ele>54.7</ele></trkpt>
    <trkpt lat="36.196926" lon="33.668863"><ele>52.3</ele></trkpt>
    <trkpt lat="36.197405" lon="33.669049"><ele>49.9</ele></trkpt>
    <trkpt lat="36.197868" lon="33.669245"><ele>47.6</ele></trkpt>
    <trkpt lat="36.198294" lon="33.669466"><ele>45.5</ele></trkpt>
    <trkpt lat="36.198662" lon="33.669727"><ele>43.9</ele></trkpt>
    <trkpt lat="36.198955" lon="33.670037"><ele>42.8</ele></trkpt>
    <trkpt lat="36.199163" lon="33.670405"><ele>42.3</ele></trkpt>
    <trkpt lat="36.199281" lon="33.670833"><ele>42.5</ele></trkpt>
    <trkpt lat="36.199313" lon="33.671319"><ele>43.3</ele></trkpt>
    <trkpt lat="36.199268" lon="33.671856"><ele>44.9</ele></trkpt>
    <trkpt lat="36.199163" lon="33.672435"><ele>47.0</ele></trkpt>
    <trkpt lat="36.199017" lon="33.673040"><ele>49.6</ele></trkpt>
    <trkpt lat="36.198855" lon="33.673656"><ele>52.5</ele></trkpt>
    <trkpt lat="36.198704" lon="33.674265"><ele>55.6</ele></trkpt>
    <trkpt lat="36.198589" lon="33.674850"><ele>58.7</ele></trkpt>
    <trkpt lat="36.198532" lon="33.675396"><ele>61.6</ele></trkpt>
    <trkpt lat="36.198553" lon="33.675889"><ele>64.1</ele></trkpt>
    <trkpt lat="36.198663" lon="33.676322"><ele>66.0</ele></trkpt>
    <trkpt lat="36.198870" lon="33.676691"><ele>67.4</ele></trkpt>
    <trkpt lat="36.199172" lon="33.676996"><ele>68.0</ele></trkpt>
    <trkpt lat="36.199559" lon="33.677243"><ele>67.8</ele></trkpt>
    <trkpt lat="36.200015" lon="33.677444"><ele>67.0</ele></trkpt>
    <trkpt lat="36.200520" lon="33.677612"><ele>65.4</ele></trkpt>
    <trkpt lat="36.201047" lon="33.677765"><ele>63.3</ele></trkpt>
    <trkpt lat="36.201569" lon="33.677922"><ele>60.7</ele></trkpt>
    <trkpt lat="36.202059" lon="33.678100"><ele>57.9</ele></trkpt>
    <trkpt lat="36.202491" lon="33.678318"><ele>55.0</ele></trkpt>
    <trkpt lat="36.202844" lon="33.678588"><ele>52.3</ele></trkpt>
    <trkpt lat="36.203103" lon="33.678921"><ele>49.8</ele></trkpt>
    <trkpt lat="36.203261" lon="33.679323"><ele>47.9</ele></trkpt>
    <trkpt lat="36.203316" lon="33.679793"><ele>46.6</ele></trkpt>
    <trkpt lat="36.203279" lon="33.680325"><ele>46.0</ele></trkpt>
    <trkpt lat="36.203163" lon="33.680911"><ele>46.2</ele></trkpt>
    <trkpt lat="36.202990" lon="33.681534"><ele>47.2</ele></trkpt>
    <trkpt lat="36.202788" lon="33.682177"><ele>49.0</ele></trkpt>
    <trkpt lat="36.202584" lon="33.682822"><ele>51.5</ele></trkpt>
    <trkpt lat="36.202409" lon="33.683447"><ele>54.5</ele></trkpt>
    <trkpt lat="36.202289" lon="33.684035"><ele>57.8</ele></trkpt>
    <trkpt lat="36.202248" lon="33.684570"><ele>61.3</ele></trkpt>
    <trkpt lat="36.202303" lon="33.685040"><ele>64.8</ele></trkpt>
    <trkpt lat="36.202465" lon="33.685439"><ele>68.0</ele></trkpt>
    <trkpt lat="36.202734" lon="33.685766"><ele>70.8</ele></trkpt>
    <trkpt lat="36.203104" lon="33.686025"><ele>73.0</ele></trkpt>
    <trkpt lat="36.203561" lon="33.686225"><ele>74.4</ele></trkpt>
    <trkpt lat="36.204082" lon="33.686382"><ele>75.1</ele></trkpt>
    <trkpt lat="36.204642" lon="33.686514"><ele>74.8</ele></trkpt>
    <trkpt lat="36.205209" lon="33.686640"><ele>73.8</ele></trkpt>
    <trkpt lat="36.205754" lon="33.686782"><ele>72.0</ele></trkpt>
    <trkpt lat="36.206246" lon="33.686958"><ele>69.5</ele></trkpt>
    <trkpt lat="36.206661" lon="33.687187"><ele>66.6</ele></trkpt>
    <trkpt lat="36.206978" lon="33.687481"><ele>63.4</ele></trkpt>
    <trkpt lat="36.207187" lon="33.687848"><ele>60.2</ele></trkpt>
    <trkpt lat="36.207283" lon="33.688291"><ele>57.1</ele></trkpt>
    <trkpt lat="36.207271" lon="33.688807"><ele>54.4</ele></trkpt>
    <trkpt lat="36.207164" lon="33.689386"><ele>52.2</ele></trkpt>
    <trkpt lat="36.206985" lon="33.690013"><ele>50.8</ele></trkpt>
    <trkpt lat="36.206760" lon="33.690672"><ele>50.2</ele></trkpt>
    <trkpt lat="36.206519" lon="33.691341"><ele>50.4</ele></trkpt>
    <trkpt lat="36.206295" lon="33.691999"><ele>51.6</ele></trkpt>
    <trkpt lat="36.206119" lon="33.692625"><ele>53.6</ele></trkpt>
    <trkpt lat="36.206017" lon="33.693201"><ele>56.3</ele></trkpt>
    <trkpt lat="36.206013" lon="33.693712"><ele>59.5</ele></trkpt>
    <trkpt lat="36.206119" lon="33.694148"><ele>63.2</ele></trkpt>
    <trkpt lat="36.206342" lon="33.694505"><ele>67.0</ele></trkpt>
    <trkpt lat="36.206678" lon="33.694787"><ele>70.7</ele></trkpt>
    <trkpt lat="36.207116" lon="33.695000"><ele>74.2</ele></trkpt>
    <trkpt lat="36.207634" lon="33.695159"><ele>77.2</ele></trkpt>
    <trkpt lat="36.208206" lon="33.695282"><ele>79.5</ele></trkpt>
    <trkpt lat="36.208802" lon="33.695390"><ele>81.0</ele></trkpt>
    <trkpt lat="36.209387" lon="33.695503"><ele>81.6</ele></trkpt>
    <trkpt lat="36.209931" lon="33.695645"><ele>81.3</ele></trkpt>
    <trkpt lat="36.210404" lon="33.695835"><ele>80.1</ele></trkpt>
    <trkpt lat="36.210781" lon="33.696089"><ele>78.1</ele></trkpt>
    <trkpt lat="36.211047" lon="33.696418"><ele>75.5</ele></trkpt>
    <trkpt lat="36.211194" lon="33.696827"><ele>72.3</ele></trkpt>
    <trkpt lat="36.211223" lon="33.697314"><ele>68.9</ele></trkpt>
    <trkpt lat="36.211145" lon="33.697874"><ele>65.4</ele></trkpt>
    <trkpt lat="36.210979" lon="33.698493"><ele>62.2</ele></trkpt>
    <trkpt lat="36.210751" lon="33.699154"><ele>59.3</ele></trkpt>
    <trkpt lat="36.210492" lon="33.699836"><ele>57.0</ele></trkpt>
    <trkpt lat="36.210235" lon="33.700516"><ele>55.5</ele></trkpt>
    <trkpt lat="36.210014" lon="33.701172"><ele>54.9</ele></trkpt>
    <trkpt lat="36.209859" lon="33.701783"><ele>55.2</ele></trkpt>
    <trkpt lat="36.209797" lon="33.702333"><ele>56.4</ele></trkpt>
    <trkpt lat="36.209844" lon="33.702808"><ele>58.5</ele></trkpt>
    <trkpt lat="36.210012" lon="33.703203"><ele>61.4</ele></trkpt>
    <trkpt lat="36.210301" lon="33.703516"><ele>64.8</ele></trkpt>
    <trkpt lat="36.210702" lon="33.703754"><ele>68.6</ele></trkpt>
    <trkpt lat="36.211198" lon="33.703929"><ele>72.6</ele></trkpt>
    <trkpt lat="36.211763" lon="33.704056"><ele>76.5</ele></trkpt>
    <trkpt lat="36.212367" lon="33.704158"><ele>80.1</ele></trkpt>
    <trkpt lat="36.212976" lon="33.704256"><ele>83.2</ele></trkpt>
    <trkpt lat="36.213557" lon="33.704373"><ele>85.6</ele></trkpt>
    <trkpt lat="36.214077" lon="33.704531"><ele>87.1</ele></trkpt>
    <trkpt lat="36.214510" lon="33.704747"><ele>87.7</ele></trkpt>
    <trkpt lat="36.214834" lon="33.705037"><ele>87.3</ele></trkpt>
    <trkpt lat="36.215038" lon="33.705407"><ele>86.0</ele></trkpt>
    <trkpt lat="36.215120" lon="33.705860"><ele>83.9</ele></trkpt>
    <trkpt lat="36.215085" lon="33.706391"><ele>81.2</ele></trkpt>
    <trkpt lat="36.214950" lon="33.706989"><ele>77.9</ele></trkpt>
    <trkpt lat="36.214739" lon="33.707638"><ele>74.4</ele></trkpt>
    <trkpt lat="36.214482" lon="33.708318"><ele>70.8</ele></trkpt>
    <trkpt lat="36.214211" lon="33.709008"><ele>67.5</ele></trkpt>
    <trkpt lat="36.213961" lon="33.709683"><ele>64.5</ele></trkpt>
    <trkpt lat="36.213766" lon="33.710322"><ele>62.3</ele></trkpt>
    <trkpt lat="36.213652" lon="33.710906"><ele>60.7</ele></trkpt>
    <trkpt lat="36.213644" lon="33.711419"><ele>60.1</ele></trkpt>
    <trkpt lat="36.213754" lon="33.711853"><ele>60.5</ele></trkpt>
    <trkpt lat="36.213987" lon="33.712203"><ele>61.8</ele></trkpt>
    <trkpt lat="36.214339" lon="33.712474"><ele>63.9</ele></trkpt>
    <trkpt lat="36.214795" lon="33.712675"><ele>66.8</ele></trkpt>
    <trkpt lat="36.215334" lon="33.712821"><ele>70.3</ele></trkpt>
    <trkpt lat="36.215926" lon="33.712930"><ele>74.2</ele></trkpt>
    <trkpt lat="36.216539" lon="33.713025"><ele>78.2</ele></trkpt>
    <trkpt lat="36.217139" lon="33.713129"><ele>82.1</ele></trkpt>
    <trkpt lat="36.217693" lon="33.713265"><ele>85.7</ele></trkpt>
    <trkpt lat="36.218170" lon="33.713452"><ele>88.8</ele></trkpt>
    <trkpt lat="36.218547" lon="33.713706"><ele>91.1</ele></trkpt>
    <trkpt lat="36.218808" lon="33.714037"><ele>92.6</ele></trkpt>
    <trkpt lat="36.218948" lon="33.714451"><ele>93.1</ele></trkpt>
    <trkpt lat="36.218967" lon="33.714946"><ele>92.8</ele></trkpt>
    <trkpt lat="36.218878" lon="33.715513"><ele>91.5</ele></trkpt>
    <trkpt lat="36.218702" lon="33.716139"><ele>89.4</ele></trkpt>
    <trkpt lat="36.218466" lon="33.716805"><ele>86.6</ele></trkpt>
    <trkpt lat="36.218202" lon="33.717490"><ele>83.3</ele></trkpt>
    <trkpt lat="36.217943" lon="33.718172"><ele>79.9</ele></trkpt>
    <trkpt lat="36.217723" lon="33.718827"><ele>76.3</ele></trkpt>
    <trkpt lat="36.217572" lon="33.719436"><ele>73.0</ele></trkpt>
    <trkpt lat="36.217515" lon="33.719982"><ele>70.2</ele></trkpt>
    <trkpt lat="36.217570" lon="33.720452"><ele>68.0</ele></trkpt>
    <trkpt lat="36.217745" lon="33.720842"><ele>66.5</ele></trkpt>
    <trkpt lat="36.218039" lon="33.721152"><ele>65.9</ele></trkpt>
    <trkpt lat="36.218444" lon="33.721387"><ele>66.3</ele></trkpt>
    <trkpt lat="36.218940" lon="33.721561"><ele>67.6</ele></trkpt>
    <trkpt lat="36.219501" lon="33.721691"><ele>69.7</ele></trkpt>
    <trkpt lat="36.220099" lon="33.721797"><ele>72.6</ele></trkpt>
    <trkpt lat="36.220698" lon="33.721902"><ele>76.0</ele></trkpt>
    <trkpt lat="36.221266" lon="33.722027"><ele>79.8</ele></trkpt>
    <trkpt lat="36.221773" lon="33.722194"><ele>83.7</ele></trkpt>
    <trkpt lat="36.222192" lon="33.722420"><ele>87.5</ele></trkpt>
    <trkpt lat="36.222505" lon="33.722717"><ele>91.0</ele></trkpt>
    <trkpt lat="36.222701" lon="33.723093"><ele>93.9</ele></trkpt>
    <trkpt lat="36.222779" lon="33.723548"><ele>96.1</ele></trkpt>
    <trkpt lat="36.222747" lon="33.724077"><ele>97.6</ele></trkpt>
    <trkpt lat="36.222620" lon="33.724669"><ele>98.1</ele></trkpt>
    <trkpt lat="36.222423" lon="33.725309"><ele>97.7</ele></trkpt>
    <trkpt lat="36.222185" lon="33.725977"><ele>96.4</ele></trkpt>
    <trkpt lat="36.221937" lon="33.726652"><ele>94.4</ele></trkpt>
    <trkpt lat="36.221711" lon="33.727311"><ele>91.7</ele></trkpt>
    <trkpt lat="36.221540" lon="33.727933"><ele>88.6</ele></trkpt>
    <trkpt lat="36.221448" lon="33.728502"><ele>85.3</ele></trkpt>
    <trkpt lat="36.221457" lon="33.729004"><ele>82.0</ele></trkpt>
    <trkpt lat="36.221577" lon="33.729431"><ele>78.9</ele></trkpt>
    <trkpt lat="36.221813" lon="33.729780"><ele>76.2</ele></trkpt>
    <trkpt lat="36.222158" lon="33.730055"><ele>74.1</ele></trkpt>
    <trkpt lat="36.222599" lon="33.730266"><ele>72.8</ele></trkpt>
    <trkpt lat="36.223114" lon="33.730427"><ele>72.3</ele></trkpt>
    <trkpt lat="36.223677" lon="33.730557"><ele>72.7</ele></trkpt>
    <trkpt lat="36.224255" lon="33.730675"><ele>74.0</ele></trkpt>
    <trkpt lat="36.224818" lon="33.730804"><ele>76.0</ele></trkpt>
    <trkpt lat="36.225336" lon="33.730964"><ele>78.7</ele></trkpt>
    <trkpt lat="36.225782" lon="33.731171"><ele>82.0</ele></trkpt>
    <trkpt lat="36.226135" lon="33.731442"><ele>85.5</ele></trkpt>
    <trkpt lat="36.226382" lon="33.731783"><ele>89.2</ele></trkpt>
    <trkpt lat="36.226518" lon="33.732199"><ele>92.7</ele></trkpt>
    <trkpt lat="36.226546" lon="33.732688"><ele>95.9</ele></trkpt>
    <trkpt lat="36.226478" lon="33.733241"><ele>98.7</ele></trkpt>
    <trkpt lat="36.226334" lon="33.733845"><ele>100.7</ele></trkpt>
    <trkpt lat="36.226139" lon="33.734484"><ele>102.0</ele></trkpt>
    <trkpt lat="36.225921" lon="33.735138"><ele>102.5</ele></trkpt>
    <trkpt lat="36.225710" lon="33.735787"><ele>102.1</ele></trkpt>
    <trkpt lat="36.225538" lon="33.736411"><ele>100.9</ele></trkpt>
    <trkpt lat="36.225429" lon="33.736992"><ele>99.0</ele></trkpt>
    <trkpt lat="36.225404" lon="33.737515"><ele>96.6</ele></trkpt>
    <trkpt lat="36.225479" lon="33.737972"><ele>93.8</ele></trkpt>
    <trkpt lat="36.225660" lon="33.738358"><ele>90.8</ele></trkpt>
    <trkpt lat="36.225946" lon="33.738674"><ele>87.7</ele></trkpt>
    <trkpt lat="36.226325" lon="33.738926"><ele>84.9</ele></trkpt>
    <trkpt lat="36.226782" lon="33.739127"><ele>82.5</ele></trkpt>
    <trkpt lat="36.227294" lon="33.739290"><ele>80.7</ele></trkpt>
    <trkpt lat="36.227833" lon="33.739435"><ele>79.6</ele></trkpt>
    <trkpt lat="36.228372" lon="33.739580"><ele>79.2</ele></trkpt>
    <trkpt lat="36.228881" lon="33.739746"><ele>79.6</ele></trkpt>
    <trkpt lat="36.229334" lon="33.739948"><ele>80.8</ele></trkpt>
    <trkpt lat="36.229712" lon="33.740202"><ele>82.7</ele></trkpt>
    <trkpt lat="36.229997" lon="33.740518"><ele>85.2</ele></trkpt>
    <trkpt lat="36.230183" lon="33.740900"><ele>88.1</ele></trkpt>
    <trkpt lat="36.230270" lon="33.741349"><ele>91.3</ele></trkpt>
    <trkpt lat="36.230265" lon="33.741860"><ele>94.6</ele></trkpt>
    <trkpt lat="36.230183" lon="33.742423"><ele>97.7</ele></trkpt>
    <trkpt lat="36.230044" lon="33.743024"><ele>100.6</ele></trkpt>
    <trkpt lat="36.229873" lon="33.743646"><ele>103.0</ele></trkpt>
    <trkpt lat="36.229697" lon="33.744272"><ele>104.8</ele></trkpt>
    <trkpt lat="36.229543" lon="33.744883"><ele>106.0</ele></trkpt>
    <trkpt lat="36.229436" lon="33.745462"><ele>106.4</ele></trkpt>
    <trkpt lat="36.229397" lon="33.745996"><ele>106.0</ele></trkpt>
    <trkpt lat="36.229441" lon="33.746474"><ele>105.0</ele></trkpt>
    <trkpt lat="36.229577" lon="33.746890"><ele>103.4</ele></trkpt>
    <trkpt lat="36.229807" lon="33.747243"><ele>101.2</ele></trkpt>
    <trkpt lat="36.230124" lon="33.747537"><ele>98.8</ele></trkpt>
    <trkpt lat="36.230517" lon="33.747781"><ele>96.2</ele></trkpt>
    <trkpt lat="36.230968" lon="33.747985"><ele>93.6</ele></trkpt>
    <trkpt lat="36.231453" lon="33.748167"><ele>91.2</ele></trkpt>
    <trkpt lat="36.231948" lon="33.748341"><ele>89.2</ele></trkpt>
    <trkpt lat="36.232428" lon="33.748526"><ele>87.7</ele></trkpt>
    <trkpt lat="36.232870" lon="33.748736"><ele>86.8</ele></trkpt>
    <trkpt lat="36.233253" lon="33.748986"><ele>86.5</ele></trkpt>
    <trkpt lat="36.233561" lon="33.749287"><ele>86.9</ele></trkpt>
    <trkpt lat="36.233785" lon="33.749643"><ele>88.0</ele></trkpt>
    <trkpt lat="36.233923" lon="33.750058"><ele>89.7</ele></trkpt>
    <trkpt lat="36.233978" lon="33.750529"><ele>91.8</ele></trkpt>
    <trkpt lat="36.233960" lon="33.751048"><ele>94.4</ele></trkpt>
    <trkpt lat="36.233886" lon="33.751606"><ele>97.1</ele></trkpt>
    <trkpt lat="36.233776" lon="33.752187"><ele>99.9</ele></trkpt>
    <trkpt lat="36.233651" lon="33.752779"><ele>102.6</ele></trkpt>
    <trkpt lat="36.233535" lon="33.753365"><ele>105.0</ele></trkpt>
    <trkpt lat="36.233450" lon="33.753929"><ele>107.0</ele></trkpt>
    <trkpt lat="36.233415" lon="33.754460"><ele>108.5</ele></trkpt>
    <trkpt lat="36.233446" lon="33.754947"><ele>109.5</ele></trkpt>
    <trkpt lat="36.233551" lon="33.755383"><ele>109.8</ele></trkpt>
    <trkpt lat="36.233736" lon="33.755767"><ele>109.5</ele></trkpt>
    <trkpt lat="36.233997" lon="33.756099"><ele>108.7</ele></trkpt>
    <trkpt lat="36.234326" lon="33.756385"><ele>107.4</ele></trkpt>
    <trkpt lat="36.234709" lon="33.756635"><ele>105.7</ele></trkpt>
    <trkpt lat="36.235130" lon="33.756859"><ele>103.7</ele></trkpt>
    <trkpt lat="36.235568" lon="33.757073"><ele>101.6</ele></trkpt>
    <trkpt lat="36.236002" lon="33.757288"><ele>99.6</ele></trkpt>
    <trkpt lat="36.236412" lon="33.757520"><ele>97.8</ele></trkpt>
    <trkpt lat="36.236780" lon="33.757780"><ele>96.2</ele></trkpt>
    <trkpt lat="36.237091" lon="33.758078"><ele>95.0</ele></trkpt>
    <trkpt lat="36.237337" lon="33.758420"><ele>94.4</ele></trkpt>
    <trkpt lat="36.237513" lon="33.758810"><ele>94.3</ele></trkpt>
    <trkpt lat="36.237619" lon="33.759246"><ele>94.7</ele></trkpt>
    <trkpt lat="36.237664" lon="33.759723"><ele>95.6</ele></trkpt>
    <trkpt lat="36.237657" lon="33.760236"><ele>97.0</ele></trkpt>
    <trkpt lat="36.237614" lon="33.760772"><ele>98.8</ele></trkpt>
    <trkpt lat="36.237552" lon="33.761321"><ele>100.8</ele></trkpt>
    <trkpt lat="36.237490" lon="33.761871"><ele>103.0</ele></trkpt>
    <trkpt lat="36.237445" lon="33.762408"><ele>105.2</ele></trkpt>
    <trkpt lat="36.237435" lon="33.762922"><ele>107.3</ele></trkpt>
    <trkpt lat="36.237472" lon="33.763405"><ele>109.2</ele></trkpt>
    <trkpt lat="36.237566" lon="33.763849"><ele>110.8</ele></trkpt>
    <trkpt lat="36.237721" lon="33.764253"><ele>111.9</ele></trkpt>
    <trkpt lat="36.237936" lon="33.764615"><ele>112.7</ele></trkpt>
    <trkpt lat="36.238207" lon="33.764941"><ele>112.9</ele></trkpt>
    <trkpt lat="36.238525" lon="33.765235"><ele>112.7</ele></trkpt>
    <trkpt lat="36.238877" lon="33.765506"><ele>112.1</ele></trkpt>
    <trkpt lat="36.239247" lon="33.765764"><ele>111.2</ele></trkpt>
    <trkpt lat="36.239621" lon="33.766020"><ele>110.0</ele></trkpt>
    <trkpt lat="36.239982" lon="33.766285"><ele>108.6</ele></trkpt>
    <trkpt lat="36.240316" lon="33.766568"><ele>107.1</ele></trkpt>
    <trkpt lat="36.240611" lon="33.766877"><ele>105.7</ele></trkpt>
    <trkpt lat="36.240859" lon="33.767218"><ele>104.4</ele></trkpt>
    <trkpt lat="36.241056" lon="33.767593"><ele>103.4</ele></trkpt>
    <trkpt lat="36.241200" lon="33.768003"><ele>102.7</ele></trkpt>
    <trkpt lat="36.241297" lon="33.768446"><ele>102.3</ele></trkpt>
    <trkpt lat="36.241354" lon="33.768915"><ele>102.3</ele></trkpt>
    <trkpt lat="36.241379" lon="33.769405"><ele>102.7</ele></trkpt>
    <trkpt lat="36.241388" lon="33.769908"><ele>103.5</ele></trkpt>
    <trkpt lat="36.241391" lon="33.770413"><ele>104.5</ele></trkpt>
    <trkpt lat="36.241403" lon="33.770912"><ele>105.8</ele></trkpt>
    <trkpt lat="36.241436" lon="33.771398"><ele>107.3</ele></trkpt>
    <trkpt lat="36.241499" lon="33.771863"><ele>108.9</ele></trkpt>
    <trkpt lat="36.241600" lon="33.772302"><ele>110.4</ele></trkpt>
    <trkpt lat="36.241744" lon="33.772713"><ele>111.9</ele></trkpt>
    <trkpt lat="36.241929" lon="33.773096"><ele>113.2</ele></trkpt>
    <trkpt lat="36.242154" lon="33.773452"><ele>114.3</ele></trkpt>
    <trkpt lat="36.242413" lon="33.773786"><ele>115.1</ele></trkpt>
    <trkpt lat="36.242697" lon="33.774102"><ele>115.6</ele></trkpt>
    <trkpt lat="36.242996" lon="33.774409"><ele>115.8</ele></trkpt>
    <trkpt lat="36.243300" lon="33.774711"><ele>115.7</ele></trkpt>
    <trkpt lat="36.243599" lon="33.775018"><ele>115.3</ele></trkpt>
    <trkpt lat="36.243882" lon="33.775335"><ele>114.8</ele></trkpt>
    <trkpt lat="36.244142" lon="33.775668"><ele>114.1</ele></trkpt>
    <trkpt lat="36.244372" lon="33.776021"><ele>113.3</ele></trkpt>
    <trkpt lat="36.244571" lon="33.776395"><ele>112.6</ele></trkpt>
    <trkpt lat="36.244736" lon="33.776791"><ele>111.8</ele></trkpt>
    <trkpt lat="36.244872" lon="33.777208"><ele>111.2</ele></trkpt>
    <trkpt lat="36.244981" lon="33.777641"><ele>110.7</ele></trkpt>
    <trkpt lat="36.245072" lon="33.778088"><ele>110.5</ele></trkpt>
    <trkpt lat="36.245151" lon="33.778543"><ele>110.4</ele></trkpt>
    <trkpt lat="36.245226" lon="33.779000"><ele>110.6</ele></trkpt>
    <trkpt lat="36.245305" lon="33.779454"><ele>111.0</ele></trkpt>
    <trkpt lat="36.245396" lon="33.779901"><ele>111.5</ele></trkpt>
    <trkpt lat="36.245503" lon="33.780336"><ele>112.2</ele></trkpt>
    <trkpt lat="36.245632" lon="33.780757"><ele>113.0</ele></trkpt>
    <trkpt lat="36.245783" lon="33.781162"><ele>113.9</ele></trkpt>
    <trkpt lat="36.245958" lon="33.781553"><ele>114.8</ele></trkpt>
    <trkpt lat="36.246152" lon="33.781929"><ele>115.6</ele></trkpt>
    <trkpt lat="36.246364" lon="33.782294"><ele>116.4</ele></trkpt>
    <trkpt lat="36.246588" lon="33.782651"><ele>117.1</ele></trkpt>
    <trkpt lat="36.246819" lon="33.783003"><ele>117.6</ele></trkpt>
    <trkpt lat="36.247051" lon="33.783355"><ele>118.0</ele></trkpt>
    <trkpt lat="36.247279" lon="33.783709"><ele>118.3</ele></trkpt>
    <trkpt lat="36.247498" lon="33.784069"><ele>118.4</ele></trkpt>
    <trkpt lat="36.247706" lon="33.784437"><ele>118.5</ele></trkpt>
    <trkpt lat="36.247900" lon="33.784814"><ele>118.4</ele></trkpt>
    <trkpt lat="36.248080" lon="33.785201"><ele>118.3</ele></trkpt>
    <trkpt lat="36.248247" lon="33.785596"><ele>118.2</ele></trkpt>
    <trkpt lat="36.248403" lon="33.785998"><ele>118.1</ele></trkpt>
    <trkpt lat="36.248552" lon="33.786406"><ele>118.0</ele></trkpt>
    <trkpt lat="36.248697" lon="33.786816"><ele>118.0</ele></trkpt>
    <trkpt lat="36.248840" lon="33.787227"><ele>118.1</ele></trkpt>
    <trkpt lat="36.248987" lon="33.787636"><ele>118.2</ele></trkpt>
    <trkpt lat="36.249139" lon="33.788041"><ele>118.4</ele></trkpt>
    <trkpt lat="36.249298" lon="33.788442"><ele>118.7</ele></trkpt>
    <trkpt lat="36.249464" lon="33.788838"><ele>119.0</ele></trkpt>
    <trkpt lat="36.249638" lon="33.789229"><ele>119.3</ele></trkpt>
    <trkpt lat="36.249817" lon="33.789615"><ele>119.7</ele></trkpt>
    <trkpt lat="36.250000" lon="33.790000"><ele>120.0</ele></trkpt>
    <trkpt lat="36.250236" lon="33.790339"><ele>119.5</ele></trkpt>
    <trkpt lat="36.250474" lon="33.790674"><ele>119.1</ele></trkpt>
    <trkpt lat="36.250717" lon="33.791004"><ele>118.8</ele></trkpt>
    <trkpt lat="36.250968" lon="33.791324"><ele>118.6</ele></trkpt>
    <trkpt lat="36.251229" lon="33.791632"><ele>118.4</ele></trkpt>
    <trkpt lat="36.251499" lon="33.791930"><ele>118.3</ele></trkpt>
    <trkpt lat="36.251777" lon="33.792218"><ele>118.3</ele></trkpt>
    <trkpt lat="36.252061" lon="33.792499"><ele>118.2</ele></trkpt>
    <trkpt lat="36.252346" lon="33.792778"><ele>118.1</ele></trkpt>
    <trkpt lat="36.252630" lon="33.793059"><ele>117.9</ele></trkpt>
    <trkpt lat="36.252907" lon="33.793347"><ele>117.7</ele></trkpt>
    <trkpt lat="36.253174" lon="33.793649"><ele>117.2</ele></trkpt>
    <trkpt lat="36.253426" lon="33.793968"><ele>116.6</ele></trkpt>
    <trkpt lat="36.253662" lon="33.794306"><ele>115.9</ele></trkpt>
    <trkpt lat="36.253880" lon="33.794666"><ele>115.0</ele></trkpt>
    <trkpt lat="36.254082" lon="33.795045"><ele>114.0</ele></trkpt>
    <trkpt lat="36.254270" lon="33.795441"><ele>112.9</ele></trkpt>
    <trkpt lat="36.254448" lon="33.795848"><ele>111.8</ele></trkpt>
    <trkpt lat="36.254623" lon="33.796259"><ele>110.7</ele></trkpt>
    <trkpt lat="36.254801" lon="33.796667"><ele>109.7</ele></trkpt>
    <trkpt lat="36.254988" lon="33.797063"><ele>108.8</ele></trkpt>
    <trkpt lat="36.255192" lon="33.797440"><ele>108.1</ele></trkpt>
    <trkpt lat="36.255418" lon="33.797790"><ele>107.6</ele></trkpt>
    <trkpt lat="36.255670" lon="33.798109"><ele>107.3</ele></trkpt>
    <trkpt lat="36.255950" lon="33.798395"><ele>107.4</ele></trkpt>
    <trkpt lat="36.256257" lon="33.798648"><ele>107.7</ele></trkpt>
    <trkpt lat="36.256590" lon="33.798871"><ele>108.2</ele></trkpt>
    <trkpt lat="36.256941" lon="33.799070"><ele>108.9</ele></trkpt>
    <trkpt lat="36.257305" lon="33.799255"><ele>109.7</ele></trkpt>
    <trkpt lat="36.257672" lon="33.799437"><ele>110.6</ele></trkpt>
    <trkpt lat="36.258033" lon="33.799626"><ele>111.4</ele></trkpt>
    <trkpt lat="36.258378" lon="33.799834"><ele>112.1</ele></trkpt>
    <trkpt lat="36.258697" lon="33.800072"><ele>112.6</ele></trkpt>
    <trkpt lat="36.258984" lon="33.800349"><ele>112.8</ele></trkpt>
    <trkpt lat="36.259234" lon="33.800671"><ele>112.7</ele></trkpt>
    <trkpt lat="36.259444" lon="33.801040"><ele>112.2</ele></trkpt>
    <trkpt lat="36.259616" lon="33.801455"><ele>111.3</ele></trkpt>
    <trkpt lat="36.259755" lon="33.801910"><ele>110.1</ele></trkpt>
    <trkpt lat="36.259867" lon="33.802396"><ele>108.5</ele></trkpt>
    <trkpt lat="36.259962" lon="33.802902"><ele>106.7</ele></trkpt>
    <trkpt lat="36.260054" lon="33.803413"><ele>104.6</ele></trkpt>
    <trkpt lat="36.260154" lon="33.803914"><ele>102.6</ele></trkpt>
    <trkpt lat="36.260275" lon="33.804390"><ele>100.5</ele></trkpt>
    <trkpt lat="36.260429" lon="33.804826"><ele>98.6</ele></trkpt>
    <trkpt lat="36.260624" lon="33.805213"><ele>96.9</ele></trkpt>
    <trkpt lat="36.260867" lon="33.805543"><ele>95.6</ele></trkpt>
    <trkpt lat="36.261161" lon="33.805812"><ele>94.8</ele></trkpt>
    <trkpt lat="36.261503" lon="33.806023"><ele>94.4</ele></trkpt>
    <trkpt lat="36.261889" lon="33.806182"><ele>94.5</ele></trkpt>
    <trkpt lat="36.262309" lon="33.806300"><ele>95.0</ele></trkpt>
    <trkpt lat="36.262750" lon="33.806393"><ele>96.1</ele></trkpt>
    <trkpt lat="36.263198" lon="33.806478"><ele>97.4</ele></trkpt>
    <trkpt lat="36.263637" lon="33.806573"><ele>99.1</ele></trkpt>
    <trkpt lat="36.264051" lon="33.806698"><ele>100.8</ele></trkpt>
    <trkpt lat="36.264427" lon="33.806868"><ele>102.6</ele></trkpt>
    <trkpt lat="36.264754" lon="33.807098"><ele>104.2</ele></trkpt>
    <trkpt lat="36.265022" lon="33.807397"><ele>105.6</ele></trkpt>
    <trkpt lat="36.265231" lon="33.807769"><ele>106.6</ele></trkpt>
    <trkpt lat="36.265379" lon="33.808211"><ele>107.0</ele></trkpt>
    <trkpt lat="36.265475" lon="33.808717"><ele>106.9</ele></trkpt>
    <trkpt lat="36.265529" lon="33.809273"><ele>106.2</ele></trkpt>
    <trkpt lat="36.265556" lon="33.809862"><ele>104.9</ele></trkpt>
    <trkpt lat="36.265572" lon="33.810463"><ele>103.1</ele></trkpt>
    <trkpt lat="36.265595" lon="33.811056"><ele>100.8</ele></trkpt>
    <trkpt lat="36.265645" lon="33.811616"><ele>98.1</ele></trkpt>
    <trkpt lat="36.265738" lon="33.812126"><ele>95.2</ele></trkpt>
    <trkpt lat="36.265887" lon="33.812569"><ele>92.3</ele></trkpt>
    <trkpt lat="36.266101" lon="33.812932"><ele>89.4</ele></trkpt>
    <trkpt lat="36.266386" lon="33.813212"><ele>86.8</ele></trkpt>
    <trkpt lat="36.266740" lon="33.813410"><ele>84.7</ele></trkpt>
    <trkpt lat="36.267156" lon="33.813532"><ele>83.1</ele></trkpt>
    <trkpt lat="36.267622" lon="33.813595"><ele>82.1</ele></trkpt>
    <trkpt lat="36.268123" lon="33.813616"><ele>81.8</ele></trkpt>
    <trkpt lat="36.268640" lon="33.813619"><ele>82.2</ele></trkpt>
    <trkpt lat="36.269151" lon="33.813628"><ele>83.2</ele></trkpt>
    <trkpt lat="36.269635" lon="33.813669"><ele>84.8</ele></trkpt>
    <trkpt lat="36.270074" lon="33.813764"><ele>87.0</ele></trkpt>
    <trkpt lat="36.270452" lon="33.813932"><ele>89.4</ele></trkpt>
    <trkpt lat="36.270758" lon="33.814187"><ele>91.9</ele></trkpt>
    <trkpt lat="36.270985" lon="33.814535"><ele>94.4</ele></trkpt>
    <trkpt lat="36.271135" lon="33.814977"><ele>96.7</ele></trkpt>
    <trkpt lat="36.271213" lon="33.815504"><ele>98.6</ele></trkpt>
    <trkpt lat="36.271232" lon="33.816102"><ele>99.9</ele></trkpt>
    <trkpt lat="36.271210" lon="33.816749"><ele>100.6</ele></trkpt>
    <trkpt lat="36.271166" lon="33.817422"><ele>100.5</ele></trkpt>
    <trkpt lat="36.271124" lon="33.818092"><ele>99.6</ele></trkpt>
    <trkpt lat="36.271108" lon="33.818733"><ele>97.9</ele></trkpt>
    <trkpt lat="36.271137" lon="33.819318"><ele>95.6</ele></trkpt>
    <trkpt lat="36.271231" lon="33.819826"><ele>92.7</ele></trkpt>
    <trkpt lat="36.271403" lon="33.820241"><ele>89.3</ele></trkpt>
    <trkpt lat="36.271659" lon="33.820555"><ele>85.7</ele></trkpt>
    <trkpt lat="36.272001" lon="33.820766"><ele>82.1</ele></trkpt>
    <trkpt lat="36.272423" lon="33.820883"><ele>78.7</ele></trkpt>
    <trkpt lat="36.272911" lon="33.820919"><ele>75.6</ele></trkpt>
    <trkpt lat="36.273449" lon="33.820896"><ele>73.1</ele></trkpt>
    <trkpt lat="36.274014" lon="33.820840"><ele>71.3</ele></trkpt>
    <trkpt lat="36.274582" lon="33.820782"><ele>70.2</ele></trkpt>
    <trkpt lat="36.275127" lon="33.820750"><ele>70.0</ele></trkpt>
    <trkpt lat="36.275627" lon="33.820772"><ele>70.7</ele></trkpt>
    <trkpt lat="36.276061" lon="33.820874"><ele>72.1</ele></trkpt>
    <trkpt lat="36.276414" lon="33.821072"><ele>74.2</ele></trkpt>
    <trkpt lat="36.276677" lon="33.821378"><ele>76.8</ele></trkpt>
    <trkpt lat="36.276848" lon="33.821793"><ele>79.8</ele></trkpt>
    <trkpt lat="36.276932" lon="33.822313"><ele>82.9</ele></trkpt>
    <trkpt lat="36.276942" lon="33.822921"><ele>85.9</ele></trkpt>
    <trkpt lat="36.276896" lon="33.823597"><ele>88.7</ele></trkpt>
    <trkpt lat="36.276816" lon="33.824313"><ele>90.9</ele></trkpt>
    <trkpt lat="36.276728" lon="33.825039"><ele>92.4</ele></trkpt>
    <trkpt lat="36.276659" lon="33.825743"><ele>93.2</ele></trkpt>
    <trkpt lat="36.276633" lon="33.826395"><ele>93.0</ele></trkpt>
    <trkpt lat="36.276672" lon="33.826968"><ele>92.0</ele></trkpt>
    <trkpt lat="36.276794" lon="33.827443"><ele>90.1</ele></trkpt>
    <trkpt lat="36.277009" lon="33.827806"><ele>87.4</ele></trkpt>
    <trkpt lat="36.277321" lon="33.828054"><ele>84.0</ele></trkpt>
    <trkpt lat="36.277725" lon="33.828191"><ele>80.3</ele></trkpt>
    <trkpt lat="36.278210" lon="33.828231"><ele>76.3</ele></trkpt>
    <trkpt lat="36.278759" lon="33.828195"><ele>72.3</ele></trkpt>
    <trkpt lat="36.279347" lon="33.828112"><ele>68.5</ele></trkpt>
    <trkpt lat="36.279949" lon="33.828012"><ele>65.1</ele></trkpt>
    <trkpt lat="36.280537" lon="33.827928"><ele>62.4</ele></trkpt>
    <trkpt lat="36.281086" lon="33.827893"><ele>60.5</ele></trkpt>
    <trkpt lat="36.281570" lon="33.827933"><ele>59.4</ele></trkpt>
    <trkpt lat="36.281973" lon="33.828072"><ele>59.3</ele></trkpt>
    <trkpt lat="36.282280" lon="33.828325"><ele>60.1</ele></trkpt>
    <trkpt lat="36.282489" lon="33.828696"><ele>61.8</ele></trkpt>
    <trkpt lat="36.282600" lon="33.829183"><ele>64.2</ele></trkpt>
    <trkpt lat="36.282626" lon="33.829773"><ele>67.1</ele></trkpt>
    <trkpt lat="36.282582" lon="33.830446"><ele>70.4</ele></trkpt>
    <trkpt lat="36.282492" lon="33.831174"><ele>73.8</ele></trkpt>
    <trkpt lat="36.282383" lon="33.831926"><ele>77.1</ele></trkpt>
    <trkpt lat="36.282281" lon="33.832668"><ele>80.0</ele></trkpt>
    <trkpt lat="36.282216" lon="33.833367"><ele>82.3</ele></trkpt>
    <trkpt lat="36.282210" lon="33.833994"><ele>83.9</ele></trkpt>
    <trkpt lat="36.282286" lon="33.834525"><ele>84.7</ele></trkpt>
    <trkpt lat="36.282455" lon="33.834943"><ele>84.5</ele></trkpt>
    <trkpt lat="36.282725" lon="33.835240"><ele>83.3</ele></trkpt>
    <trkpt lat="36.283094" lon="33.835419"><ele>81.2</ele></trkpt>
    <trkpt lat="36.283553" lon="33.835490"><ele>78.4</ele></trkpt>
    <trkpt lat="36.284086" lon="33.835473"><ele>74.9</ele></trkpt>
    <trkpt lat="36.284671" lon="33.835394"><ele>71.0</ele></trkpt>
    <trkpt lat="36.285281" lon="33.835284"><ele>66.8</ele></trkpt>
    <trkpt lat="36.285888" lon="33.835178"><ele>62.7</ele></trkpt>
    <trkpt lat="36.286466" lon="33.835108"><ele>58.8</ele></trkpt>
    <trkpt lat="36.286987" lon="33.835104"><ele>55.4</ele></trkpt>
    <trkpt lat="36.287432" lon="33.835193"><ele>52.7</ele></trkpt>
    <trkpt lat="36.287784" lon="33.835392"><ele>50.8</ele></trkpt>
    <trkpt lat="36.288036" lon="33.835710"><ele>49.8</ele></trkpt>
    <trkpt lat="36.288189" lon="33.836148"><ele>49.7</ele></trkpt>
    <trkpt lat="36.288250" lon="33.836696"><ele>50.6</ele></trkpt>
    <trkpt lat="36.288233" lon="33.837337"><ele>52.4</ele></trkpt>
    <trkpt lat="36.288160" lon="33.838045"><ele>54.8</ele></trkpt>
    <trkpt lat="36.288056" lon="33.838790"><ele>57.8</ele></trkpt>
    <trkpt lat="36.287949" lon="33.839539"><ele>61.1</ele></trkpt>
    <trkpt lat="36.287866" lon="33.840259"><ele>64.5</ele></trkpt>
    <trkpt lat="36.287834" lon="33.840918"><ele>67.7</ele></trkpt>
    <trkpt lat="36.287874" lon="33.841491"><ele>70.6</ele></trkpt>
    <trkpt lat="36.288002" lon="33.841958"><ele>72.8</ele></trkpt>
    <trkpt lat="36.288228" lon="33.842309"><ele>74.3</ele></trkpt>
    <trkpt lat="36.288552" lon="33.842542"><ele>75.0</ele></trkpt>
    <trkpt lat="36.288969" lon="33.842663"><ele>74.7</ele></trkpt>
    <trkpt lat="36.289465" lon="33.842690"><ele>73.5</ele></trkpt>
    <trkpt lat="36.290020" lon="33.842646"><ele>71.4</ele></trkpt>
    <trkpt lat="36.290611" lon="33.842559"><ele>68.6</ele></trkpt>
    <trkpt lat="36.291211" lon="33.842462"><ele>65.2</ele></trkpt>
    <trkpt lat="36.291792" lon="33.842387"><ele>61.4</ele></trkpt>
    <trkpt lat="36.292329" lon="33.842364"><ele>57.4</ele></trkpt>
    <trkpt lat="36.292800" lon="33.842421"><ele>53.4</ele></trkpt>
    <trkpt lat="36.293188" lon="33.842578"><ele>49.7</ele></trkpt>
    <trkpt lat="36.293483" lon="33.842845"><ele>46.5</ele></trkpt>
    <trkpt lat="36.293682" lon="33.843227"><ele>44.0</ele></trkpt>
    <trkpt lat="36.293790" lon="33.843719"><ele>42.2</ele></trkpt>
    <trkpt lat="36.293819" lon="33.844305"><ele>41.3</ele></trkpt>
    <trkpt lat="36.293786" lon="33.844966"><ele>41.3</ele></trkpt>
    <trkpt lat="36.293714" lon="33.845673"><ele>42.2</ele></trkpt>
    <trkpt lat="36.293628" lon="33.846396"><ele>43.8</ele></trkpt>
    <trkpt lat="36.293555" lon="33.847104"><ele>46.1</ele></trkpt>
    <trkpt lat="36.293519" lon="33.847768"><ele>48.9</ele></trkpt>
    <trkpt lat="36.293543" lon="33.848360"><ele>51.9</ele></trkpt>
    <trkpt lat="36.293643" lon="33.848861"><ele>55.0</ele></trkpt>
    <trkpt lat="36.293831" lon="33.849257"><ele>57.9</ele></trkpt>
    <trkpt lat="36.294109" lon="33.849545"><ele>60.4</ele></trkpt>
    <trkpt lat="36.294475" lon="33.849727"><ele>62.4</ele></trkpt>
    <trkpt lat="36.294920" lon="33.849816"><ele>63.7</ele></trkpt>
    <trkpt lat="36.295426" lon="33.849830"><ele>64.2</ele></trkpt>
    <trkpt lat="36.295973" lon="33.849795"><ele>63.8</ele></trkpt>
    <trkpt lat="36.296539" lon="33.849739"><ele>62.7</ele></trkpt>
    <trkpt lat="36.297097" lon="33.849692"><ele>60.7</ele></trkpt>
    <trkpt lat="36.297624" lon="33.849681"><ele>58.1</ele></trkpt>
    <trkpt lat="36.298100" lon="33.849732"><ele>55.0</ele></trkpt>
    <trkpt lat="36.298507" lon="33.849866"><ele>51.5</ele></trkpt>
    <trkpt lat="36.298833" lon="33.850096"><ele>48.0</ele></trkpt>
    <trkpt lat="36.299075" lon="33.850427"><ele>44.5</ele></trkpt>
    <trkpt lat="36.299234" lon="33.850857"><ele>41.2</ele></trkpt>
    <trkpt lat="36.299319" lon="33.851377"><ele>38.4</ele></trkpt>
    <trkpt lat="36.299342" lon="33.851969"><ele>36.2</ele></trkpt>
    <trkpt lat="36.299324" lon="33.852612"><ele>34.7</ele></trkpt>
    <trkpt lat="36.299285" lon="33.853280"><ele>34.0</ele></trkpt>
    <trkpt lat="36.299248" lon="33.853945"><ele>34.0</ele></trkpt>
    <trkpt lat="36.299235" lon="33.854581"><ele>34.7</ele></trkpt>
    <trkpt lat="36.299266" lon="33.855164"><ele>36.1</ele></trkpt>
    <trkpt lat="36.299359" lon="33.855675"><ele>38.0</ele></trkpt>
    <trkpt lat="36.299522" lon="33.856099"><ele>40.3</ele></trkpt>
    <trkpt lat="36.299763" lon="33.856432"><ele>42.8</ele></trkpt>
    <trkpt lat="36.300080" lon="33.856673"><ele>45.3</ele></trkpt>
    <trkpt lat="36.300467" lon="33.856830"><ele>47.6</ele></trkpt>
    <trkpt lat="36.300911" lon="33.856919"><ele>49.6</ele></trkpt>
    <trkpt lat="36.301397" lon="33.856958"><ele>51.1</ele></trkpt>
    <trkpt lat="36.301906" lon="33.856970"><ele>52.1</ele></trkpt>
    <trkpt lat="36.302416" lon="33.856980"><ele>52.3</ele></trkpt>
    <trkpt lat="36.302907" lon="33.857012"><ele>51.9</ele></trkpt>
    <trkpt lat="36.303362" lon="33.857089"><ele>50.8</ele></trkpt>
    <trkpt lat="36.303765" lon="33.857227"><ele>49.1</ele></trkpt>
    <trkpt lat="36.304105" lon="33.857440"><ele>46.9</ele></trkpt>
    <trkpt lat="36.304378" lon="33.857734"><ele>44.3</ele></trkpt>
    <trkpt lat="36.304582" lon="33.858111"><ele>41.5</ele></trkpt>
    <trkpt lat="36.304723" lon="33.858562"><ele>38.6</ele></trkpt>
    <trkpt lat="36.304812" lon="33.859077"><ele>35.8</ele></trkpt>
    <trkpt lat="36.304861" lon="33.859639"><ele>33.3</ele></trkpt>
    <trkpt lat="36.304888" lon="33.860228"><ele>31.1</ele></trkpt>
    <trkpt lat="36.304910" lon="33.860822"><ele>29.3</ele></trkpt>
    <trkpt lat="36.304945" lon="33.861401"><ele>28.2</ele></trkpt>
    <trkpt lat="36.305010" lon="33.861944"><ele>27.6</ele></trkpt>
    <trkpt lat="36.305118" lon="33.862435"><ele>27.6</ele></trkpt>
    <trkpt lat="36.305279" lon="33.862863"><ele>28.1</ele></trkpt>
    <trkpt lat="36.305498" lon="33.863222"><ele>29.1</ele></trkpt>
    <trkpt lat="36.305776" lon="33.863509"><ele>30.5</ele></trkpt>
    <trkpt lat="36.306109" lon="33.863732"><ele>32.1</ele></trkpt>
    <trkpt lat="36.306489" lon="33.863898"><ele>33.8</ele></trkpt>
    <trkpt lat="36.306903" lon="33.864023"><ele>35.5</ele></trkpt>
    <trkpt lat="36.307338" lon="33.864122"><ele>37.0</ele></trkpt>
    <trkpt lat="36.307780" lon="33.864214"><ele>38.3</ele></trkpt>
    <trkpt lat="36.308212" lon="33.864317"><ele>39.2</ele></trkpt>
    <trkpt lat="36.308621" lon="33.864448"><ele>39.6</ele></trkpt>
    <trkpt lat="36.308996" lon="33.864620"><ele>39.6</ele></trkpt>
    <trkpt lat="36.309327" lon="33.864844"><ele>39.2</ele></trkpt>
    <trkpt lat="36.309611" lon="33.865125"><ele>38.2</ele></trkpt>
    <trkpt lat="36.309847" lon="33.865464"><ele>36.9</ele></trkpt>
    <trkpt lat="36.310037" lon="33.865857"><ele>35.3</ele></trkpt>
    <trkpt lat="36.310189" lon="33.866296"><ele>33.4</ele></trkpt>
    <trkpt lat="36.310311" lon="33.866771"><ele>31.4</ele></trkpt>
    <trkpt lat="36.310415" lon="33.867267"><ele>29.4</ele></trkpt>
    <trkpt lat="36.310513" lon="33.867770"><ele>27.4</ele></trkpt>
    <trkpt lat="36.310617" lon="33.868266"><ele>25.7</ele></trkpt>
    <trkpt lat="36.310739" lon="33.868741"><ele>24.2</ele></trkpt>
    <trkpt lat="36.310888" lon="33.869184"><ele>23.1</ele></trkpt>
    <trkpt lat="36.311070" lon="33.869587"><ele>22.3</ele></trkpt>
    <trkpt lat="36.311288" lon="33.869946"><ele>21.9</ele></trkpt>
    <trkpt lat="36.311544" lon="33.870260"><ele>21.8</ele></trkpt>
    <trkpt lat="36.311835" lon="33.870533"><ele>22.0</ele></trkpt>
    <trkpt lat="36.312156" lon="33.870770"><ele>22.5</ele></trkpt>
    <trkpt lat="36.312498" lon="33.870980"><ele>23.2</ele></trkpt>
    <trkpt lat="36.312854" lon="33.871175"><ele>24.0</ele></trkpt>
    <trkpt lat="36.313215" lon="33.871364"><ele>24.8</ele></trkpt>
    <trkpt lat="36.313570" lon="33.871559"><ele>25.5</ele></trkpt>
    <trkpt lat="36.313912" lon="33.871770"><ele>26.1</ele></trkpt>
    <trkpt lat="36.314235" lon="33.872004"><ele>26.5</ele></trkpt>
    <trkpt lat="36.314534" lon="33.872267"><ele>26.7</ele></trkpt>
    <trkpt lat="36.314807" lon="33.872561"><ele>26.7</ele></trkpt>
    <trkpt lat="36.315054" lon="33.872886"><ele>26.4</ele></trkpt>
    <trkpt lat="36.315277" lon="33.873239"><ele>25.9</ele></trkpt>
    <trkpt lat="36.315481" lon="33.873616"><ele>25.1</ele></trkpt>
    <trkpt lat="36.315672" lon="33.874009"><ele>24.2</ele></trkpt>
    <trkpt lat="36.315855" lon="33.874410"><ele>23.2</ele></trkpt>
    <trkpt lat="36.316037" lon="33.874813"><ele>22.2</ele></trkpt>
    <trkpt lat="36.316224" lon="33.875210"><ele>21.1</ele></trkpt>
    <trkpt lat="36.316421" lon="33.875595"><ele>20.1</ele></trkpt>
    <trkpt lat="36.316631" lon="33.875964"><ele>19.2</ele></trkpt>
    <trkpt lat="36.316857" lon="33.876314"><ele>18.4</ele></trkpt>
    <trkpt lat="36.317099" lon="33.876646"><ele>17.8</ele></trkpt>
    <trkpt lat="36.317355" lon="33.876960"><ele>17.3</ele></trkpt>
    <trkpt lat="36.317622" lon="33.877260"><ele>16.9</ele></trkpt>
    <trkpt lat="36.317898" lon="33.877551"><ele>16.6</ele></trkpt>
    <trkpt lat="36.318178" lon="33.877837"><ele>16.5</ele></trkpt>
    <trkpt lat="36.318458" lon="33.878122"><ele>16.3</ele></trkpt>
    <trkpt lat="36.318734" lon="33.878413"><ele>16.2</ele></trkpt>
    <trkpt lat="36.319003" lon="33.878711"><ele>16.1</ele></trkpt>
    <trkpt lat="36.319264" lon="33.879019"><ele>16.0</ele></trkpt>
    <trkpt lat="36.319517" lon="33.879337"><ele>15.7</ele></trkpt>
    <trkpt lat="36.319761" lon="33.879665"><ele>15.4</ele></trkpt>
    <trkpt lat="36.320000" lon="33.880000"><ele>15.0</ele></trkpt>
    <trkpt lat="36.320303" lon="33.880243"><ele>15.3</ele></trkpt>
    <trkpt lat="36.320606" lon="33.880486"><ele>15.6</ele></trkpt>
    <trkpt lat="36.320905" lon="33.880736"><ele>16.0</ele></trkpt>
    <trkpt lat="36.321196" lon="33.880998"><ele>16.4</ele></trkpt>
    <trkpt lat="36.321477" lon="33.881277"><ele>16.8</ele></trkpt>
    <trkpt lat="36.321746" lon="33.881575"><ele>17.1</ele></trkpt>
    <trkpt lat="36.322004" lon="33.881891"><ele>17.2</ele></trkpt>
    <trkpt lat="36.322253" lon="33.882223"><ele>17.2</ele></trkpt>
    <trkpt lat="36.322495" lon="33.882565"><ele>17.1</ele></trkpt>
    <trkpt lat="36.322736" lon="33.882910"><ele>16.7</ele></trkpt>
    <trkpt lat="36.322980" lon="33.883249"><ele>16.2</ele></trkpt>
    <trkpt lat="36.323232" lon="33.883575"><ele>15.7</ele></trkpt>
    <trkpt lat="36.323499" lon="33.883877"><ele>15.0</ele></trkpt>
    <trkpt lat="36.323783" lon="33.884151"><ele>14.4</ele></trkpt>
    <trkpt lat="36.324088" lon="33.884391"><ele>13.8</ele></trkpt>
    <trkpt lat="36.324414" lon="33.884596"><ele>13.4</ele></trkpt>
    <trkpt lat="36.324760" lon="33.884769"><ele>13.1</ele></trkpt>
    <trkpt lat="36.325123" lon="33.884915"><ele>13.1</ele></trkpt>
    <trkpt lat="36.325497" lon="33.885042"><ele>13.4</ele></trkpt>
    <trkpt lat="36.325875" lon="33.885163"><ele>14.0</ele></trkpt>
    <trkpt lat="36.326249" lon="33.885291"><ele>14.9</ele></trkpt>
    <trkpt lat="36.326610" lon="33.885438"><ele>16.1</ele></trkpt>
    <trkpt lat="36.326952" lon="33.885618"><ele>17.4</ele></trkpt>
    <trkpt lat="36.327267" lon="33.885842"><ele>18.9</ele></trkpt>
    <trkpt lat="36.327551" lon="33.886116"><ele>20.5</ele></trkpt>
    <trkpt lat="36.327801" lon="33.886445"><ele>22.0</ele></trkpt>
    <trkpt lat="36.328018" lon="33.886828"><ele>23.3</ele></trkpt>
    <trkpt lat="36.328206" lon="33.887259"><ele>24.4</ele></trkpt>
    <trkpt lat="36.328371" lon="33.887727"><ele>25.2</ele></trkpt>
    <trkpt lat="36.328522" lon="33.888218"><ele>25.5</ele></trkpt>
    <trkpt lat="36.328669" lon="33.888715"><ele>25.5</ele></trkpt>
    <trkpt lat="36.328823" lon="33.889200"><ele>24.9</ele></trkpt>
    <trkpt lat="36.328997" lon="33.889653"><ele>24.0</ele></trkpt>
    <trkpt lat="36.329201" lon="33.890057"><ele>22.6</ele></trkpt>
    <trkpt lat="36.329443" lon="33.890400"><ele>21.0</ele></trkpt>
    <trkpt lat="36.329729" lon="33.890671"><ele>19.1</ele></trkpt>
    <trkpt lat="36.330060" lon="33.890867"><ele>17.2</ele></trkpt>
    <trkpt lat="36.330437" lon="33.890991"><ele>15.3</ele></trkpt>
    <trkpt lat="36.330852" lon="33.891051"><ele>13.6</ele></trkpt>
    <trkpt lat="36.331298" lon="33.891061"><ele>12.3</ele></trkpt>
    <trkpt lat="36.331763" lon="33.891041"><ele>11.4</ele></trkpt>
    <trkpt lat="36.332233" lon="33.891013"><ele>11.0</ele></trkpt>
    <trkpt lat="36.332692" lon="33.891000"><ele>11.2</ele></trkpt>
    <trkpt lat="36.333128" lon="33.891028"><ele>12.0</ele></trkpt>
    <trkpt lat="36.333526" lon="33.891116"><ele>13.3</ele></trkpt>
    <trkpt lat="36.333876" lon="33.891283"><ele>15.2</ele></trkpt>
    <trkpt lat="36.334171" lon="33.891538"><ele>17.6</ele></trkpt>
    <trkpt lat="36.334409" lon="33.891888"><ele>20.2</ele></trkpt>
    <trkpt lat="36.334591" lon="33.892327"><ele>22.9</ele></trkpt>
    <trkpt lat="36.334724" lon="33.892847"><ele>25.6</ele></trkpt>
    <trkpt lat="36.334819" lon="33.893429"><ele>28.1</ele></trkpt>
    <trkpt lat="36.334890" lon="33.894050"><ele>30.3</ele></trkpt>
    <trkpt lat="36.334953" lon="33.894684"><ele>31.9</ele></trkpt>
    <trkpt lat="36.335026" lon="33.895301"><ele>32.9</ele></trkpt>
    <trkpt lat="36.335127" lon="33.895874"><ele>33.3</ele></trkpt>
    <trkpt lat="36.335270" lon="33.896377"><ele>32.9</ele></trkpt>
    <trkpt lat="36.335469" lon="33.896790"><ele>31.7</ele></trkpt>
    <trkpt lat="36.335732" lon="33.897098"><ele>30.0</ele></trkpt>
    <trkpt lat="36.336062" lon="33.897297"><ele>27.7</ele></trkpt>
    <trkpt lat="36.336458" lon="33.897389"><ele>24.9</ele></trkpt>
    <trkpt lat="36.336912" lon="33.897387"><ele>22.0</ele></trkpt>
    <trkpt lat="36.337412" lon="33.897309"><ele>19.0</ele></trkpt>
    <trkpt lat="36.337942" lon="33.897182"><ele>16.2</ele></trkpt>
    <trkpt lat="36.338484" lon="33.897036"><ele>13.8</ele></trkpt>
    <trkpt lat="36.339017" lon="33.896904"><ele>11.9</ele></trkpt>
    <trkpt lat="36.339521" lon="33.896819"><ele>10.7</ele></trkpt>
    <trkpt lat="36.339980" lon="33.896809"><ele>10.2</ele></trkpt>
    <trkpt lat="36.340378" lon="33.896897"><ele>10.6</ele></trkpt>
    <trkpt lat="36.340705" lon="33.897101"><ele>11.8</ele></trkpt>
    <trkpt lat="36.340957" lon="33.897427"><ele>13.7</ele></trkpt>
    <trkpt lat="36.341135" lon="33.897874"><ele>16.4</ele></trkpt>
    <trkpt lat="36.341247" lon="33.898428"><ele>19.5</ele></trkpt>
    <trkpt lat="36.341305" lon="33.899069"><ele>23.0</ele></trkpt>
    <trkpt lat="36.341328" lon="33.899770"><ele>26.6</ele></trkpt>
    <trkpt lat="36.341334" lon="33.900497"><ele>30.1</ele></trkpt>
    <trkpt lat="36.341345" lon="33.901214"><ele>33.2</ele></trkpt>
    <trkpt lat="36.341385" lon="33.901887"><ele>35.9</ele></trkpt>
    <trkpt lat="36.341471" lon="33.902482"><ele>37.8</ele></trkpt>
    <trkpt lat="36.341622" lon="33.902974"><ele>39.0</ele></trkpt>
    <trkpt lat="36.341847" lon="33.903344"><ele>39.2</ele></trkpt>
    <trkpt lat="36.342152" lon="33.903583"><ele>38.6</ele></trkpt>
    <trkpt lat="36.342538" lon="33.903692"><ele>37.1</ele></trkpt>
    <trkpt lat="36.342996" lon="33.903682"><ele>34.8</ele></trkpt>
    <trkpt lat="36.343514" lon="33.903574"><ele>31.9</ele></trkpt>
    <trkpt lat="36.344074" lon="33.903398"><ele>28.6</ele></trkpt>
    <trkpt lat="36.344656" lon="33.903188"><ele>25.0</ele></trkpt>
    <trkpt lat="36.345235" lon="33.902981"><ele>21.5</ele></trkpt>
    <trkpt lat="36.345789" lon="33.902815"><ele>18.2</ele></trkpt>
    <trkpt lat="36.346297" lon="33.902724"><ele>15.4</ele></trkpt>
    <trkpt lat="36.346741" lon="33.902738"><ele>13.2</ele></trkpt>
    <trkpt lat="36.347108" lon="33.902876"><ele>11.9</ele></trkpt>
    <trkpt lat="36.347392" lon="33.903151"><ele>11.4</ele></trkpt>
    <trkpt lat="36.347592" lon="33.903561"><ele>11.9</ele></trkpt>
    <trkpt lat="36.347715" lon="33.904097"><ele>13.4</ele></trkpt>
    <trkpt lat="36.347774" lon="33.904739"><ele>15.6</ele></trkpt>
    <trkpt lat="36.347785" lon="33.905457"><ele>18.6</ele></trkpt>
    <trkpt lat="36.347771" lon="33.906217"><ele>22.1</ele></trkpt>
    <trkpt lat="36.347754" lon="33.906981"><ele>26.0</ele></trkpt>
    <trkpt lat="36.347759" lon="33.907709"><ele>29.9</ele></trkpt>
    <trkpt lat="36.347807" lon="33.908367"><ele>33.6</ele></trkpt>
    <trkpt lat="36.347918" lon="33.908924"><ele>37.0</ele></trkpt>
    <trkpt lat="36.348104" lon="33.909358"><ele>39.8</ele></trkpt>
    <trkpt lat="36.348374" lon="33.909655"><ele>41.8</ele></trkpt>
    <trkpt lat="36.348728" lon="33.909814"><ele>42.9</ele></trkpt>
    <trkpt lat="36.349162" lon="33.909844"><ele>43.1</ele></trkpt>
    <trkpt lat="36.349663" lon="33.909764"><ele>42.3</ele></trkpt>
    <trkpt lat="36.350215" lon="33.909601"><ele>40.7</ele></trkpt>
    <trkpt lat="36.350797" lon="33.909390"><ele>38.2</ele></trkpt>
    <trkpt lat="36.351385" lon="33.909168"><ele>35.2</ele></trkpt>
    <trkpt lat="36.351957" lon="33.908974"><ele>31.8</ele></trkpt>
    <trkpt lat="36.352489" lon="33.908844"><ele>28.1</ele></trkpt>
    <trkpt lat="36.352962" lon="33.908809"><ele>24.6</ele></trkpt>
    <trkpt lat="36.353363" lon="33.908892"><ele>21.3</ele></trkpt>
    <trkpt lat="36.353684" lon="33.909107"><ele>18.6</ele></trkpt>
    <trkpt lat="36.353920" lon="33.909458"><ele>16.5</ele></trkpt>
    <trkpt lat="36.354079" lon="33.909937"><ele>15.3</ele></trkpt>
    <trkpt lat="36.354168" lon="33.910528"><ele>14.9</ele></trkpt>
    <trkpt lat="36.354206" lon="33.911204"><ele>15.5</ele></trkpt>
    <trkpt lat="36.354211" lon="33.911933"><ele>16.9</ele></trkpt>
    <trkpt lat="36.354205" lon="33.912679"><ele>19.2</ele></trkpt>
    <trkpt lat="36.354212" lon="33.913404"><ele>22.1</ele></trkpt>
    <trkpt lat="36.354253" lon="33.914075"><ele>25.5</ele></trkpt>
    <trkpt lat="36.354346" lon="33.914659"><ele>29.1</ele></trkpt>
    <trkpt lat="36.354507" lon="33.915134"><ele>32.8</ele></trkpt>
    <trkpt lat="36.354744" lon="33.915485"><ele>36.3</ele></trkpt>
    <trkpt lat="36.355060" lon="33.915707"><ele>39.4</ele></trkpt>
    <trkpt lat="36.355451" lon="33.915806"><ele>41.9</ele></trkpt>
    <trkpt lat="36.355909" lon="33.915796"><ele>43.6</ele></trkpt>
    <trkpt lat="36.356420" lon="33.915701"><ele>44.6</ele></trkpt>
    <trkpt lat="36.356964" lon="33.915551"><ele>44.7</ele></trkpt>
    <trkpt lat="36.357522" lon="33.915379"><ele>43.9</ele></trkpt>
    <trkpt lat="36.358071" lon="33.915220"><ele>42.4</ele></trkpt>
    <trkpt lat="36.358593" lon="33.915107"><ele>40.2</ele></trkpt>
    <trkpt lat="36.359068" lon="33.915069"><ele>37.5</ele></trkpt>
    <trkpt lat="36.359483" lon="33.915129"><ele>34.5</ele></trkpt>
    <trkpt lat="36.359830" lon="33.915302"><ele>31.4</ele></trkpt>
    <trkpt lat="36.360103" lon="33.915593"><ele>28.3</ele></trkpt>
    <trkpt lat="36.360307" lon="33.915997"><ele>25.6</ele></trkpt>
    <trkpt lat="36.360449" lon="33.916504"><ele>23.4</ele></trkpt>
    <trkpt lat="36.360540" lon="33.917091"><ele>21.7</ele></trkpt>
    <trkpt lat="36.360599" lon="33.917733"><ele>20.8</ele></trkpt>
    <trkpt lat="36.360642" lon="33.918399"><ele>20.6</ele></trkpt>
    <trkpt lat="36.360689" lon="33.919059"><ele>21.2</ele></trkpt>
    <trkpt lat="36.360759" lon="33.919682"><ele>22.5</ele></trkpt>
    <trkpt lat="36.360868" lon="33.920241"><ele>24.4</ele></trkpt>
    <trkpt lat="36.361029" lon="33.920717"><ele>26.8</ele></trkpt>
    <trkpt lat="36.361249" lon="33.921094"><ele>29.6</ele></trkpt>
    <trkpt lat="36.361533" lon="33.921368"><ele>32.5</ele></trkpt>
    <trkpt lat="36.361880" lon="33.921540"><ele>35.4</ele></trkpt>
    <trkpt lat="36.362282" lon="33.921622"><ele>38.1</ele></trkpt>
    <trkpt lat="36.362728" lon="33.921631"><ele>40.4</ele></trkpt>
    <trkpt lat="36.363206" lon="33.921589"><ele>42.3</ele></trkpt>
    <trkpt lat="36.363699" lon="33.921523"><ele>43.6</ele></trkpt>
    <trkpt lat="36.364190" lon="33.921459"><ele>44.2</ele></trkpt>
    <trkpt lat="36.364664" lon="33.921423"><ele>44.2</ele></trkpt>
    <trkpt lat="36.365107" lon="33.921438"><ele>43.6</ele></trkpt>
    <trkpt lat="36.365507" lon="33.921523"><ele>42.4</ele></trkpt>
    <trkpt lat="36.365857" lon="33.921690"><ele>40.8</ele></trkpt>
    <trkpt lat="36.366154" lon="33.921943"><ele>38.9</ele></trkpt>
    <trkpt lat="36.366399" lon="33.922280"><ele>36.8</ele></trkpt>
    <trkpt lat="36.366598" lon="33.922693"><ele>34.7</ele></trkpt>
    <trkpt lat="36.366758" lon="33.923168"><ele>32.6</ele></trkpt>
    <trkpt lat="36.366892" lon="33.923687"><ele>30.9</ele></trkpt>
    <trkpt lat="36.367013" lon="33.924227"><ele>29.5</ele></trkpt>
    <trkpt lat="36.367134" lon="33.924766"><ele>28.5</ele></trkpt>
    <trkpt lat="36.367269" lon="33.925284"><ele>28.1</ele></trkpt>
    <trkpt lat="36.367427" lon="33.925763"><ele>28.1</ele></trkpt>
    <trkpt lat="36.367619" lon="33.926187"><ele>28.6</ele></trkpt>
    <trkpt lat="36.367850" lon="33.926547"><ele>29.6</ele></trkpt>
    <trkpt lat="36.368122" lon="33.926841"><ele>30.9</ele></trkpt>
    <trkpt lat="36.368435" lon="33.927069"><ele>32.5</ele></trkpt>
    <trkpt lat="36.368782" lon="33.927238"><ele>34.2</ele></trkpt>
    <trkpt lat="36.369159" lon="33.927361"><ele>36.0</ele></trkpt>
    <trkpt lat="36.369555" lon="33.927452"><ele>37.7</ele></trkpt>
    <trkpt lat="36.369961" lon="33.927528"><ele>39.2</ele></trkpt>
    <trkpt lat="36.370367" lon="33.927604"><ele>40.5</ele></trkpt>
    <trkpt lat="36.370762" lon="33.927696"><ele>41.4</ele></trkpt>
    <trkpt lat="36.371139" lon="33.927819"><ele>42.0</ele></trkpt>
    <trkpt lat="36.371492" lon="33.927981"><ele>42.3</ele></trkpt>
    <trkpt lat="36.371817" lon="33.928188"><ele>42.2</ele></trkpt>
    <trkpt lat="36.372113" lon="33.928442"><ele>41.9</ele></trkpt>
    <trkpt lat="36.372382" lon="33.928741"><ele>41.3</ele></trkpt>
    <trkpt lat="36.372628" lon="33.929077"><ele>40.5</ele></trkpt>
    <trkpt lat="36.372856" lon="33.929442"><ele>39.7</ele></trkpt>
    <trkpt lat="36.373073" lon="33.929826"><ele>38.8</ele></trkpt>
    <trkpt lat="36.373286" lon="33.930215"><ele>38.0</ele></trkpt>
    <trkpt lat="36.373501" lon="33.930601"><ele>37.3</ele></trkpt>
    <trkpt lat="36.373726" lon="33.930972"><ele>36.8</ele></trkpt>
    <trkpt lat="36.373964" lon="33.931321"><ele>36.5</ele></trkpt>
    <trkpt lat="36.374217" lon="33.931645"><ele>36.4</ele></trkpt>
    <trkpt lat="36.374488" lon="33.931940"><ele>36.5</ele></trkpt>
    <trkpt lat="36.374775" lon="33.932210"><ele>36.8</ele></trkpt>
    <trkpt lat="36.375075" lon="33.932457"><ele>37.2</ele></trkpt>
    <trkpt lat="36.375385" lon="33.932688"><ele>37.7</ele></trkpt>
    <trkpt lat="36.375701" lon="33.932911"><ele>38.2</ele></trkpt>
    <trkpt lat="36.376017" lon="33.933132"><ele>38.7</ele></trkpt>
    <trkpt lat="36.376331" lon="33.933358"><ele>39.2</ele></trkpt>
    <trkpt lat="36.376637" lon="33.933596"><ele>39.6</ele></trkpt>
    <trkpt lat="36.376934" lon="33.933849"><ele>39.8</ele></trkpt>
    <trkpt lat="36.377222" lon="33.934117"><ele>40.0</ele></trkpt>
    <trkpt lat="36.377500" lon="33.934400"><ele>40.0</ele></trkpt>
    </trkseg>
  </trk>
</gpx>
