<?xml version="1.0" encoding="UTF-8"?>
<gpx version="1.1" creator="tripplanner (sketch line from researched control points)" xmlns="http://www.topografix.com/GPX/1/1">
  <metadata>
    <name>taurus-coast-cols — Silifke → Uzuncaburç → Kırobası → Arslanköy</name>
    <desc>120.0 km, 2800 m. Sketch line through researched control points, calibrated to 120 km / 2800 m of road — drawn, not routed.</desc>
  </metadata>
  <trk>
    <name>taurus-coast-cols — Silifke → Uzuncaburç → Kırobası → Arslanköy</name>
    <trkseg>
    <trkpt lat="36.377500" lon="33.934400"><ele>40.0</ele></trkpt>
    <trkpt lat="36.377842" lon="33.934259"><ele>41.6</ele></trkpt>
    <trkpt lat="36.378181" lon="33.934104"><ele>43.3</ele></trkpt>
    <trkpt lat="36.378521" lon="33.933956"><ele>45.1</ele></trkpt>
    <trkpt lat="36.378869" lon="33.933838"><ele>46.9</ele></trkpt>
    <trkpt lat="36.379226" lon="33.933759"><ele>48.8</ele></trkpt>
    <trkpt lat="36.379589" lon="33.933704"><ele>50.6</ele></trkpt>
    <trkpt lat="36.379949" lon="33.933640"><ele>52.3</ele></trkpt>
    <trkpt lat="36.380299" lon="33.933530"><ele>54.0</ele></trkpt>
    <trkpt lat="36.380632" lon="33.933353"><ele>55.4</ele></trkpt>
    <trkpt lat="36.380951" lon="33.933114"><ele>56.7</ele></trkpt>
    <trkpt lat="36.381264" lon="33.932852"><ele>57.8</ele></trkpt>
    <trkpt lat="36.381585" lon="33.932623"><ele>58.7</ele></trkpt>
    <trkpt lat="36.381926" lon="33.932477"><ele>59.5</ele></trkpt>
    <trkpt lat="36.382292" lon="33.932436"><ele>60.2</ele></trkpt>
    <trkpt lat="36.382678" lon="33.932479"><ele>60.8</ele></trkpt>
    <trkpt lat="36.383070" lon="33.932544"><ele>61.5</ele></trkpt>
    <trkpt lat="36.383448" lon="33.932553"><ele>62.4</ele></trkpt>
    <trkpt lat="36.383797" lon="33.932440"><ele>63.4</ele></trkpt>
    <trkpt lat="36.384112" lon="33.932185"><ele>64.6</ele></trkpt>
    <trkpt lat="36.384401" lon="33.931825"><ele>66.1</ele></trkpt>
    <trkpt lat="36.384685" lon="33.931444"><ele>68.0</ele></trkpt>
    <trkpt lat="36.384989" lon="33.931144"><ele>70.1</ele></trkpt>
    <trkpt lat="36.385331" lon="33.931003"><ele>72.6</ele></trkpt>
    <trkpt lat="36.385716" lon="33.931040"><ele>75.4</ele></trkpt>
    <trkpt lat="36.386132" lon="33.931204"><ele>78.3</ele></trkpt>
    <trkpt lat="36.386552" lon="33.931386"><ele>81.3</ele></trkpt>
    <trkpt lat="36.386946" lon="33.931462"><ele>84.4</ele></trkpt>
    <trkpt lat="36.387294" lon="33.931343"><ele>87.4</ele></trkpt>
    <trkpt lat="36.387590" lon="33.931011"><ele>90.1</ele></trkpt>
    <trkpt lat="36.387850" lon="33.930531"><ele>92.6</ele></trkpt>
    <trkpt lat="36.388107" lon="33.930036"><ele>94.6</ele></trkpt>
    <trkpt lat="36.388395" lon="33.929670"><ele>96.2</ele></trkpt>
    <trkpt lat="36.388739" lon="33.929536"><ele>97.4</ele></trkpt>
    <trkpt lat="36.389142" lon="33.929651"><ele>98.0</ele></trkpt>
    <trkpt lat="36.389586" lon="33.929932"><ele>98.2</ele></trkpt>
    <trkpt lat="36.390033" lon="33.930225"><ele>98.0</ele></trkpt>
    <trkpt lat="36.390443" lon="33.930366"><ele>97.6</ele></trkpt>
    <trkpt lat="36.390788" lon="33.930238"><ele>96.9</ele></trkpt>
    <trkpt lat="36.391066" lon="33.929829"><ele>96.2</ele></trkpt>
    <trkpt lat="36.391298" lon="33.929235"><ele>95.7</ele></trkpt>
    <trkpt lat="36.391529" lon="33.928630"><ele>95.4</ele></trkpt>
    <trkpt lat="36.391802" lon="33.928204"><ele>95.5</ele></trkpt>
    <trkpt lat="36.392148" lon="33.928079"><ele>96.1</ele></trkpt>
    <trkpt lat="36.392570" lon="33.928270"><ele>97.3</ele></trkpt>
    <trkpt lat="36.393041" lon="33.928663"><ele>99.2</ele></trkpt>
    <trkpt lat="36.393513" lon="33.929062"><ele>101.7</ele></trkpt>
    <trkpt lat="36.393937" lon="33.929260"><ele>104.8</ele></trkpt>
    <trkpt lat="36.394280" lon="33.929122"><ele>108.4</ele></trkpt>
    <trkpt lat="36.394539" lon="33.928638"><ele>112.4</ele></trkpt>
    <trkpt lat="36.394746" lon="33.927934"><ele>116.7</ele></trkpt>
    <trkpt lat="36.394952" lon="33.927229"><ele>121.1</ele></trkpt>
    <trkpt lat="36.395212" lon="33.926747"><ele>125.3</ele></trkpt>
    <trkpt lat="36.395561" lon="33.926635"><ele>129.3</ele></trkpt>
    <trkpt lat="36.396001" lon="33.926899"><ele>132.9</ele></trkpt>
    <trkpt lat="36.396497" lon="33.927397"><ele>135.8</ele></trkpt>
    <trkpt lat="36.396993" lon="33.927893"><ele>138.0</ele></trkpt>
    <trkpt lat="36.397429" lon="33.928144"><ele>139.5</ele></trkpt>
    <trkpt lat="36.397769" lon="33.927992"><ele>140.1</ele></trkpt>
    <trkpt lat="36.398011" lon="33.927437"><ele>140.0</ele></trkpt>
    <trkpt lat="36.398193" lon="33.926632"><ele>139.2</ele></trkpt>
    <trkpt lat="36.398377" lon="33.925834"><ele>137.9</ele></trkpt>
    <trkpt lat="36.398625" lon="33.925304"><ele>136.2</ele></trkpt>
    <trkpt lat="36.398977" lon="33.925205"><ele>134.3</ele></trkpt>
    <trkpt lat="36.399434" lon="33.925538"><ele>132.5</ele></trkpt>
    <trkpt lat="36.399953" lon="33.926134"><ele>130.9</ele></trkpt>
    <trkpt lat="36.400470" lon="33.926718"><ele>129.8</ele></trkpt>
    <trkpt lat="36.400917" lon="33.927013"><ele>129.4</ele></trkpt>
    <trkpt lat="36.401253" lon="33.926847"><ele>129.7</ele></trkpt>
    <trkpt lat="36.401480" lon="33.926225"><ele>130.9</ele></trkpt>
    <trkpt lat="36.401639" lon="33.925327"><ele>133.1</ele></trkpt>
    <trkpt lat="36.401803" lon="33.924446"><ele>136.2</ele></trkpt>
    <trkpt lat="36.402042" lon="33.923875"><ele>140.1</ele></trkpt>
    <trkpt lat="36.402398" lon="33.923791"><ele>144.7</ele></trkpt>
    <trkpt lat="36.402869" lon="33.924188"><ele>149.8</ele></trkpt>
    <trkpt lat="36.403410" lon="33.924872"><ele>155.2</ele></trkpt>
    <trkpt lat="36.403945" lon="33.925534"><ele>160.6</ele></trkpt>
    <trkpt lat="36.404402" lon="33.925866"><ele>165.9</ele></trkpt>
    <trkpt lat="36.404734" lon="33.925685"><ele>170.7</ele></trkpt>
    <trkpt lat="36.404945" lon="33.925001"><ele>174.8</ele></trkpt>
    <trkpt lat="36.405085" lon="33.924021"><ele>178.1</ele></trkpt>
    <trkpt lat="36.405232" lon="33.923068"><ele>180.4</ele></trkpt>
    <trkpt lat="36.405462" lon="33.922463"><ele>181.7</ele></trkpt>
    <trkpt lat="36.405822" lon="33.922396"><ele>181.9</ele></trkpt>
    <trkpt lat="36.406308" lon="33.922851"><ele>181.2</ele></trkpt>
    <trkpt lat="36.406867" lon="33.923612"><ele>179.6</ele></trkpt>
    <trkpt lat="36.407418" lon="33.924339"><ele>177.3</ele></trkpt>
    <trkpt lat="36.407882" lon="33.924701"><ele>174.7</ele></trkpt>
    <trkpt lat="36.408210" lon="33.924504"><ele>171.9</ele></trkpt>
    <trkpt lat="36.408408" lon="33.923765"><ele>169.1</ele></trkpt>
    <trkpt lat="36.408531" lon="33.922714"><ele>166.8</ele></trkpt>
    <trkpt lat="36.408663" lon="33.921702"><ele>165.1</ele></trkpt>
    <trkpt lat="36.408887" lon="33.921071"><ele>164.3</ele></trkpt>
    <trkpt lat="36.409251" lon="33.921020"><ele>164.5</ele></trkpt>
    <trkpt lat="36.409749" lon="33.921526"><ele>165.8</ele></trkpt>
    <trkpt lat="36.410324" lon="33.922352"><ele>168.3</ele></trkpt>
    <trkpt lat="36.410888" lon="33.923132"><ele>171.8</ele></trkpt>
    <trkpt lat="36.411357" lon="33.923517"><ele>176.3</ele></trkpt>
    <trkpt lat="36.411682" lon="33.923303"><ele>181.6</ele></trkpt>
    <trkpt lat="36.411868" lon="33.922517"><ele>187.5</ele></trkpt>
    <trkpt lat="36.411977" lon="33.921407"><ele>193.7</ele></trkpt>
    <trkpt lat="36.412098" lon="33.920347"><ele>199.9</ele></trkpt>
    <trkpt lat="36.412318" lon="33.919699"><ele>205.8</ele></trkpt>
    <trkpt lat="36.412685" lon="33.919664"><ele>211.1</ele></trkpt>
    <trkpt lat="36.413194" lon="33.920214"><ele>215.6</ele></trkpt>
    <trkpt lat="36.413781" lon="33.921091"><ele>219.0</ele></trkpt>
    <trkpt lat="36.414355" lon="33.921912"><ele>221.4</ele></trkpt>
    <trkpt lat="36.414827" lon="33.922311"><ele>222.5</ele></trkpt>
    <trkpt lat="36.415148" lon="33.922080"><ele>222.4</ele></trkpt>
    <trkpt lat="36.415325" lon="33.921255"><ele>221.2</ele></trkpt>
    <trkpt lat="36.415423" lon="33.920100"><ele>219.1</ele></trkpt>
    <trkpt lat="36.415536" lon="33.919007"><ele>216.2</ele></trkpt>
    <trkpt lat="36.415753" lon="33.918348"><ele>213.0</ele></trkpt>
    <trkpt lat="36.416125" lon="33.918330"><ele>209.6</ele></trkpt>
    <trkpt lat="36.416642" lon="33.918914"><ele>206.3</ele></trkpt>
    <trkpt lat="36.417238" lon="33.919830"><ele>203.6</ele></trkpt>
    <trkpt lat="36.417818" lon="33.920678"><ele>201.6</ele></trkpt>
    <trkpt lat="36.418292" lon="33.921082"><ele>200.6</ele></trkpt>
    <trkpt lat="36.418609" lon="33.920836"><ele>200.8</ele></trkpt>
    <trkpt lat="36.418779" lon="33.919982"><ele>202.2</ele></trkpt>
    <trkpt lat="36.418869" lon="33.918795"><ele>204.9</ele></trkpt>
    <trkpt lat="36.418977" lon="33.917682"><ele>208.7</ele></trkpt>
    <trkpt lat="36.419194" lon="33.917021"><ele>213.6</ele></trkpt>
    <trkpt lat="36.419570" lon="33.917018"><ele>219.3</ele></trkpt>
    <trkpt lat="36.420092" lon="33.917627"><ele>225.6</ele></trkpt>
    <trkpt lat="36.420695" lon="33.918567"><ele>232.2</ele></trkpt>
    <trkpt lat="36.421278" lon="33.919428"><ele>238.7</ele></trkpt>
    <trkpt lat="36.421751" lon="33.919831"><ele>244.9</ele></trkpt>
    <trkpt lat="36.422064" lon="33.919570"><ele>250.4</ele></trkpt>
    <trkpt lat="36.422230" lon="33.918695"><ele>255.0</ele></trkpt>
    <trkpt lat="36.422316" lon="33.917492"><ele>258.4</ele></trkpt>
    <trkpt lat="36.422423" lon="33.916373"><ele>260.7</ele></trkpt>
    <trkpt lat="36.422641" lon="33.915718"><ele>261.6</ele></trkpt>
    <trkpt lat="36.423020" lon="33.915728"><ele>261.3</ele></trkpt>
    <trkpt lat="36.423546" lon="33.916352"><ele>259.9</ele></trkpt>
    <trkpt lat="36.424150" lon="33.917301"><ele>257.6</ele></trkpt>
    <trkpt lat="36.424734" lon="33.918162"><ele>254.5</ele></trkpt>
    <trkpt lat="36.425204" lon="33.918555"><ele>251.1</ele></trkpt>
    <trkpt lat="36.425515" lon="33.918281"><ele>247.5</ele></trkpt>
    <trkpt lat="36.425678" lon="33.917397"><ele>244.2</ele></trkpt>
    <trkpt lat="36.425764" lon="33.916193"><ele>241.4</ele></trkpt>
    <trkpt lat="36.425872" lon="33.915081"><ele>239.5</ele></trkpt>
    <trkpt lat="36.426093" lon="33.914438"><ele>238.5</ele></trkpt>
    <trkpt lat="36.426475" lon="33.914461"><ele>238.8</ele></trkpt>
    <trkpt lat="36.427002" lon="33.915089"><ele>240.3</ele></trkpt>
    <trkpt lat="36.427605" lon="33.916032"><ele>243.1</ele></trkpt>
    <trkpt lat="36.428185" lon="33.916878"><ele>247.0</ele></trkpt>
    <trkpt lat="36.428652" lon="33.917255"><ele>252.0</ele></trkpt>
    <trkpt lat="36.428960" lon="33.916971"><ele>257.8</ele></trkpt>
    <trkpt lat="36.429123" lon="33.916087"><ele>264.1</ele></trkpt>
    <trkpt lat="36.429212" lon="33.914896"><ele>270.6</ele></trkpt>
    <trkpt lat="36.429326" lon="33.913805"><ele>277.1</ele></trkpt>
    <trkpt lat="36.429552" lon="33.913183"><ele>283.1</ele></trkpt>
    <trkpt lat="36.429936" lon="33.913215"><ele>288.4</ele></trkpt>
    <trkpt lat="36.430461" lon="33.913837"><ele>292.8</ele></trkpt>
    <trkpt lat="36.431059" lon="33.914759"><ele>296.2</ele></trkpt>
    <trkpt lat="36.431633" lon="33.915578"><ele>298.3</ele></trkpt>
    <trkpt lat="36.432094" lon="33.915932"><ele>299.1</ele></trkpt>
    <trkpt lat="36.432399" lon="33.915639"><ele>298.8</ele></trkpt>
    <trkpt lat="36.432566" lon="33.914767"><ele>297.4</ele></trkpt>
    <trkpt lat="36.432662" lon="33.913604"><ele>295.2</ele></trkpt>
    <trkpt lat="36.432783" lon="33.912547"><ele>292.3</ele></trkpt>
    <trkpt lat="36.433016" lon="33.911951"><ele>289.1</ele></trkpt>
    <trkpt lat="36.433401" lon="33.911990"><ele>285.8</ele></trkpt>
    <trkpt lat="36.433923" lon="33.912595"><ele>282.8</ele></trkpt>
    <trkpt lat="36.434512" lon="33.913482"><ele>280.3</ele></trkpt>
    <trkpt lat="36.435076" lon="33.914260"><ele>278.7</ele></trkpt>
    <trkpt lat="36.435530" lon="33.914585"><ele>278.0</ele></trkpt>
    <trkpt lat="36.435834" lon="33.914287"><ele>278.5</ele></trkpt>
    <trkpt lat="36.436006" lon="33.913437"><ele>280.1</ele></trkpt>
    <trkpt lat="36.436112" lon="33.912317"><ele>282.9</ele></trkpt>
    <trkpt lat="36.436245" lon="33.911307"><ele>286.7</ele></trkpt>
    <trkpt lat="36.436485" lon="33.910742"><ele>291.5</ele></trkpt>
    <trkpt lat="36.436872" lon="33.910785"><ele>297.0</ele></trkpt>
    <trkpt lat="36.437387" lon="33.911362"><ele>302.9</ele></trkpt>
    <trkpt lat="36.437964" lon="33.912199"><ele>308.9</ele></trkpt>
    <trkpt lat="36.438515" lon="33.912925"><ele>314.9</ele></trkpt>
    <trkpt lat="36.438961" lon="33.913215"><ele>320.4</ele></trkpt>
    <trkpt lat="36.439265" lon="33.912915"><ele>325.2</ele></trkpt>
    <trkpt lat="36.439444" lon="33.912099"><ele>329.2</ele></trkpt>
    <trkpt lat="36.439564" lon="33.911035"><ele>332.3</ele></trkpt>
    <trkpt lat="36.439711" lon="33.910083"><ele>334.2</ele></trkpt>
    <trkpt lat="36.439960" lon="33.909556"><ele>335.0</ele></trkpt>
    <trkpt lat="36.440347" lon="33.909598"><ele>334.8</ele></trkpt>
    <trkpt lat="36.440852" lon="33.910138"><ele>333.7</ele></trkpt>
    <trkpt lat="36.441415" lon="33.910912"><ele>331.9</ele></trkpt>
    <trkpt lat="36.441950" lon="33.911573"><ele>329.6</ele></trkpt>
    <trkpt lat="36.442386" lon="33.911824"><ele>327.0</ele></trkpt>
    <trkpt lat="36.442691" lon="33.911526"><ele>324.4</ele></trkpt>
    <trkpt lat="36.442881" lon="33.910753"><ele>322.1</ele></trkpt>
    <trkpt lat="36.443017" lon="33.909758"><ele>320.3</ele></trkpt>
    <trkpt lat="36.443181" lon="33.908876"><ele>319.2</ele></trkpt>
    <trkpt lat="36.443440" lon="33.908390"><ele>319.0</ele></trkpt>
    <trkpt lat="36.443826" lon="33.908429"><ele>319.7</ele></trkpt>
    <trkpt lat="36.444320" lon="33.908920"><ele>321.5</ele></trkpt>
    <trkpt lat="36.444864" lon="33.909618"><ele>324.2</ele></trkpt>
    <trkpt lat="36.445381" lon="33.910206"><ele>327.7</ele></trkpt>
    <trkpt lat="36.445807" lon="33.910413"><ele>332.0</ele></trkpt>
    <trkpt lat="36.446113" lon="33.910120"><ele>336.8</ele></trkpt>
    <trkpt lat="36.446316" lon="33.909400"><ele>341.9</ele></trkpt>
    <trkpt lat="36.446472" lon="33.908488"><ele>347.1</ele></trkpt>
    <trkpt lat="36.446655" lon="33.907684"><ele>352.1</ele></trkpt>
    <trkpt lat="36.446925" lon="33.907243"><ele>356.8</ele></trkpt>
    <trkpt lat="36.447308" lon="33.907275"><ele>360.9</ele></trkpt>
    <trkpt lat="36.447788" lon="33.907708"><ele>364.3</ele></trkpt>
    <trkpt lat="36.448311" lon="33.908319"><ele>366.9</ele></trkpt>
    <trkpt lat="36.448809" lon="33.908823"><ele>368.6</ele></trkpt>
    <trkpt lat="36.449223" lon="33.908983"><ele>369.5</ele></trkpt>
    <trkpt lat="36.449531" lon="33.908700"><ele>369.6</ele></trkpt>
    <trkpt lat="36.449749" lon="33.908043"><ele>369.0</ele></trkpt>
    <trkpt lat="36.449928" lon="33.907223"><ele>367.9</ele></trkpt>
    <trkpt lat="36.450132" lon="33.906507"><ele>366.5</ele></trkpt>
    <trkpt lat="36.450413" lon="33.906114"><ele>364.9</ele></trkpt>
    <trkpt lat="36.450794" lon="33.906135"><ele>363.4</ele></trkpt>
    <trkpt lat="36.451258" lon="33.906500"><ele>362.1</ele></trkpt>
    <trkpt lat="36.451758" lon="33.907013"><ele>361.2</ele></trkpt>
    <trkpt lat="36.452233" lon="33.907426"><ele>360.9</ele></trkpt>
    <trkpt lat="36.452636" lon="33.907537"><ele>361.3</ele></trkpt>
    <trkpt lat="36.452947" lon="33.907267"><ele>362.4</ele></trkpt>
    <trkpt lat="36.453182" lon="33.906682"><ele>364.1</ele></trkpt>
    <trkpt lat="36.453386" lon="33.905964"><ele>366.6</ele></trkpt>
    <trkpt lat="36.453612" lon="33.905343"><ele>369.6</ele></trkpt>
    <trkpt lat="36.453905" lon="33.905000"><ele>373.2</ele></trkpt>
    <trkpt lat="36.454283" lon="33.905005"><ele>377.0</ele></trkpt>
    <trkpt lat="36.454729" lon="33.905296"><ele>381.0</ele></trkpt>
    <trkpt lat="36.455202" lon="33.905701"><ele>385.1</ele></trkpt>
    <trkpt lat="36.455654" lon="33.906017"><ele>388.9</ele></trkpt>
    <trkpt lat="36.456045" lon="33.906078"><ele>392.5</ele></trkpt>
    <trkpt lat="36.456360" lon="33.905824"><ele>395.6</ele></trkpt>
    <trkpt lat="36.456614" lon="33.905318"><ele>398.3</ele></trkpt>
    <trkpt lat="36.456844" lon="33.904712"><ele>400.4</ele></trkpt>
    <trkpt lat="36.457095" lon="33.904191"><ele>401.9</ele></trkpt>
    <trkpt lat="36.457401" lon="33.903899"><ele>402.9</ele></trkpt>
    <trkpt lat="36.457774" lon="33.903885"><ele>403.4</ele></trkpt>
    <trkpt lat="36.458200" lon="33.904093"><ele>403.6</ele></trkpt>
    <trkpt lat="36.458646" lon="33.904384"><ele>403.4</ele></trkpt>
    <trkpt lat="36.459073" lon="33.904596"><ele>403.1</ele></trkpt>
    <trkpt lat="36.459451" lon="33.904606"><ele>402.8</ele></trkpt>
    <trkpt lat="36.459771" lon="33.904374"><ele>402.6</ele></trkpt>
    <trkpt lat="36.460046" lon="33.903953"><ele>402.6</ele></trkpt>
    <trkpt lat="36.460305" lon="33.903465"><ele>402.9</ele></trkpt>
    <trkpt lat="36.460581" lon="33.903049"><ele>403.5</ele></trkpt>
    <trkpt lat="36.460899" lon="33.902808"><ele>404.5</ele></trkpt>
    <trkpt lat="36.461266" lon="33.902771"><ele>405.9</ele></trkpt>
    <trkpt lat="36.461671" lon="33.902891"><ele>407.7</ele></trkpt>
    <trkpt lat="36.462088" lon="33.903061"><ele>409.9</ele></trkpt>
    <trkpt lat="36.462489" lon="33.903167"><ele>412.3</ele></trkpt>
    <trkpt lat="36.462855" lon="33.903126"><ele>414.8</ele></trkpt>
    <trkpt lat="36.463181" lon="33.902918"><ele>417.5</ele></trkpt>
    <trkpt lat="36.463478" lon="33.902588"><ele>420.2</ele></trkpt>
    <trkpt lat="36.463766" lon="33.902223"><ele>422.9</ele></trkpt>
    <trkpt lat="36.464068" lon="33.901915"><ele>425.4</ele></trkpt>
    <trkpt lat="36.464398" lon="33.901724"><ele>427.7</ele></trkpt>
    <trkpt lat="36.464759" lon="33.901662"><ele>429.7</ele></trkpt>
    <trkpt lat="36.465142" lon="33.901688"><ele>431.5</ele></trkpt>
    <trkpt lat="36.465529" lon="33.901733"><ele>433.1</ele></trkpt>
    <trkpt lat="36.465904" lon="33.901730"><ele>434.5</ele></trkpt>
    <trkpt lat="36.466258" lon="33.901639"><ele>435.7</ele></trkpt>
    <trkpt lat="36.466591" lon="33.901459"><ele>436.7</ele></trkpt>
    <trkpt lat="36.466910" lon="33.901225"><ele>437.7</ele></trkpt>
    <trkpt lat="36.467229" lon="33.900986"><ele>438.7</ele></trkpt>
    <trkpt lat="36.467557" lon="33.900787"><ele>439.7</ele></trkpt>
    <trkpt lat="36.467899" lon="33.900646"><ele>440.9</ele></trkpt>
    <trkpt lat="36.468253" lon="33.900554"><ele>442.1</ele></trkpt>
    <trkpt lat="36.468612" lon="33.900483"><ele>443.4</ele></trkpt>
    <trkpt lat="36.468968" lon="33.900401"><ele>444.9</ele></trkpt>
    <trkpt lat="36.469317" lon="33.900289"><ele>446.5</ele></trkpt>
    <trkpt lat="36.469660" lon="33.900149"><ele>448.2</ele></trkpt>
    <trkpt lat="36.470000" lon="33.900000"><ele>450.0</ele></trkpt>
    <trkpt lat="36.470355" lon="33.900066"><ele>452.1</ele></trkpt>
    <trkpt lat="36.470713" lon="33.900110"><ele>454.2</ele></trkpt>
    <trkpt lat="36.471073" lon="33.900139"><ele>456.3</ele></trkpt>
    <trkpt lat="36.471432" lon="33.900169"><ele>458.6</ele></trkpt>
    <trkpt lat="36.471788" lon="33.900225"><ele>460.9</ele></trkpt>
    <trkpt lat="36.472141" lon="33.900318"><ele>463.4</ele></trkpt>
    <trkpt lat="36.472489" lon="33.900445"><ele>465.9</ele></trkpt>
    <trkpt lat="36.472837" lon="33.900580"><ele>468.6</ele></trkpt>
    <trkpt lat="36.473188" lon="33.900687"><ele>471.3</ele></trkpt>
    <trkpt lat="36.473545" lon="33.900738"><ele>474.0</ele></trkpt>
    <trkpt lat="36.473909" lon="33.900723"><ele>476.7</ele></trkpt>
    <trkpt lat="36.474278" lon="33.900663"><ele>479.3</ele></trkpt>
    <trkpt lat="36.474647" lon="33.900602"><ele>481.8</ele></trkpt>
    <trkpt lat="36.475011" lon="33.900593"><ele>484.1</ele></trkpt>
    <trkpt lat="36.475365" lon="33.900673"><ele>486.3</ele></trkpt>
    <trkpt lat="36.475708" lon="33.900847"><ele>488.2</ele></trkpt>
    <trkpt lat="36.476046" lon="33.901078"><ele>490.0</ele></trkpt>
    <trkpt lat="36.476384" lon="33.901302"><ele>491.5</ele></trkpt>
    <trkpt lat="36.476731" lon="33.901450"><ele>493.0</ele></trkpt>
    <trkpt lat="36.477090" lon="33.901476"><ele>494.3</ele></trkpt>
    <trkpt lat="36.477463" lon="33.901382"><ele>495.6</ele></trkpt>
    <trkpt lat="36.477843" lon="33.901218"><ele>496.9</ele></trkpt>
    <trkpt lat="36.478222" lon="33.901068"><ele>498.3</ele></trkpt>
    <trkpt lat="36.478590" lon="33.901019"><ele>499.9</ele></trkpt>
    <trkpt lat="36.478941" lon="33.901122"><ele>501.7</ele></trkpt>
    <trkpt lat="36.479276" lon="33.901374"><ele>503.8</ele></trkpt>
    <trkpt lat="36.479603" lon="33.901707"><ele>506.3</ele></trkpt>
    <trkpt lat="36.479932" lon="33.902020"><ele>509.0</ele></trkpt>
    <trkpt lat="36.480274" lon="33.902209"><ele>512.1</ele></trkpt>
    <trkpt lat="36.480636" lon="33.902213"><ele>515.4</ele></trkpt>
    <trkpt lat="36.481017" lon="33.902043"><ele>519.0</ele></trkpt>
    <trkpt lat="36.481408" lon="33.901777"><ele>522.7</ele></trkpt>
    <trkpt lat="36.481796" lon="33.901539"><ele>526.5</ele></trkpt>
    <trkpt lat="36.482168" lon="33.901449"><ele>530.2</ele></trkpt>
    <trkpt lat="36.482517" lon="33.901573"><ele>533.8</ele></trkpt>
    <trkpt lat="36.482845" lon="33.901900"><ele>537.1</ele></trkpt>
    <trkpt lat="36.483160" lon="33.902334"><ele>540.1</ele></trkpt>
    <trkpt lat="36.483480" lon="33.902734"><ele>542.7</ele></trkpt>
    <trkpt lat="36.483817" lon="33.902964"><ele>544.9</ele></trkpt>
    <trkpt lat="36.484181" lon="33.902948"><ele>546.6</ele></trkpt>
    <trkpt lat="36.484570" lon="33.902704"><ele>547.8</ele></trkpt>
    <trkpt lat="36.484972" lon="33.902340"><ele>548.7</ele></trkpt>
    <trkpt lat="36.485369" lon="33.902016"><ele>549.2</ele></trkpt>
    <trkpt lat="36.485746" lon="33.901884"><ele>549.5</ele></trkpt>
    <trkpt lat="36.486093" lon="33.902027"><ele>549.7</ele></trkpt>
    <trkpt lat="36.486413" lon="33.902425"><ele>550.0</ele></trkpt>
    <trkpt lat="36.486718" lon="33.902956"><ele>550.4</ele></trkpt>
    <trkpt lat="36.487028" lon="33.903441"><ele>551.0</ele></trkpt>
    <trkpt lat="36.487361" lon="33.903713"><ele>552.1</ele></trkpt>
    <trkpt lat="36.487727" lon="33.903679"><ele>553.7</ele></trkpt>
    <trkpt lat="36.488124" lon="33.903365"><ele>555.8</ele></trkpt>
    <trkpt lat="36.488536" lon="33.902906"><ele>558.6</ele></trkpt>
    <trkpt lat="36.488942" lon="33.902498"><ele>561.9</ele></trkpt>
    <trkpt lat="36.489323" lon="33.902325"><ele>565.7</ele></trkpt>
    <trkpt lat="36.489668" lon="33.902485"><ele>570.0</ele></trkpt>
    <trkpt lat="36.489981" lon="33.902951"><ele>574.6</ele></trkpt>
    <trkpt lat="36.490276" lon="33.903575"><ele>579.4</ele></trkpt>
    <trkpt lat="36.490577" lon="33.904142"><ele>584.2</ele></trkpt>
    <trkpt lat="36.490906" lon="33.904454"><ele>588.9</ele></trkpt>
    <trkpt lat="36.491274" lon="33.904405"><ele>593.3</ele></trkpt>
    <trkpt lat="36.491677" lon="33.904026"><ele>597.2</ele></trkpt>
    <trkpt lat="36.492099" lon="33.903477"><ele>600.6</ele></trkpt>
    <trkpt lat="36.492514" lon="33.902988"><ele>603.3</ele></trkpt>
    <trkpt lat="36.492900" lon="33.902775"><ele>605.3</ele></trkpt>
    <trkpt lat="36.493243" lon="33.902949"><ele>606.6</ele></trkpt>
    <trkpt lat="36.493549" lon="33.903478"><ele>607.2</ele></trkpt>
    <trkpt lat="36.493835" lon="33.904189"><ele>607.3</ele></trkpt>
    <trkpt lat="36.494128" lon="33.904835"><ele>606.9</ele></trkpt>
    <trkpt lat="36.494452" lon="33.905187"><ele>606.2</ele></trkpt>
    <trkpt lat="36.494821" lon="33.905125"><ele>605.4</ele></trkpt>
    <trkpt lat="36.495231" lon="33.904685"><ele>604.6</ele></trkpt>
    <trkpt lat="36.495662" lon="33.904051"><ele>604.2</ele></trkpt>
    <trkpt lat="36.496085" lon="33.903486"><ele>604.2</ele></trkpt>
    <trkpt lat="36.496475" lon="33.903233"><ele>604.8</ele></trkpt>
    <trkpt lat="36.496817" lon="33.903420"><ele>606.2</ele></trkpt>
    <trkpt lat="36.497117" lon="33.904007"><ele>608.3</ele></trkpt>
    <trkpt lat="36.497394" lon="33.904800"><ele>611.3</ele></trkpt>
    <trkpt lat="36.497679" lon="33.905520"><ele>615.1</ele></trkpt>
    <trkpt lat="36.497999" lon="33.905910"><ele>619.6</ele></trkpt>
    <trkpt lat="36.498369" lon="33.905837"><ele>624.7</ele></trkpt>
    <trkpt lat="36.498785" lon="33.905342"><ele>630.2</ele></trkpt>
    <trkpt lat="36.499224" lon="33.904630"><ele>636.0</ele></trkpt>
    <trkpt lat="36.499655" lon="33.903993"><ele>641.7</ele></trkpt>
    <trkpt lat="36.500049" lon="33.903702"><ele>647.2</ele></trkpt>
    <trkpt lat="36.500390" lon="33.903899"><ele>652.3</ele></trkpt>
    <trkpt lat="36.500684" lon="33.904538"><ele>656.8</ele></trkpt>
    <trkpt lat="36.500953" lon="33.905406"><ele>660.5</ele></trkpt>
    <trkpt lat="36.501231" lon="33.906195"><ele>663.3</ele></trkpt>
    <trkpt lat="36.501547" lon="33.906623"><ele>665.2</ele></trkpt>
    <trkpt lat="36.501918" lon="33.906541"><ele>666.1</ele></trkpt>
    <trkpt lat="36.502339" lon="33.905996"><ele>666.2</ele></trkpt>
    <trkpt lat="36.502786" lon="33.905212"><ele>665.6</ele></trkpt>
    <trkpt lat="36.503224" lon="33.904510"><ele>664.4</ele></trkpt>
    <trkpt lat="36.503622" lon="33.904183"><ele>662.8</ele></trkpt>
    <trkpt lat="36.503963" lon="33.904386"><ele>661.2</ele></trkpt>
    <trkpt lat="36.504251" lon="33.905073"><ele>659.7</ele></trkpt>
    <trkpt lat="36.504513" lon="33.906008"><ele>658.5</ele></trkpt>
    <trkpt lat="36.504784" lon="33.906860"><ele>658.0</ele></trkpt>
    <trkpt lat="36.505096" lon="33.907323"><ele>658.2</ele></trkpt>
    <trkpt lat="36.505468" lon="33.907236"><ele>659.4</ele></trkpt>
    <trkpt lat="36.505894" lon="33.906647"><ele>661.5</ele></trkpt>
    <trkpt lat="36.506348" lon="33.905799"><ele>664.7</ele></trkpt>
    <trkpt lat="36.506792" lon="33.905036"><ele>668.9</ele></trkpt>
    <trkpt lat="36.507194" lon="33.904676"><ele>673.9</ele></trkpt>
    <trkpt lat="36.507534" lon="33.904884"><ele>679.7</ele></trkpt>
    <trkpt lat="36.507818" lon="33.905611"><ele>686.0</ele></trkpt>
    <trkpt lat="36.508073" lon="33.906607"><ele>692.4</ele></trkpt>
    <trkpt lat="36.508338" lon="33.907516"><ele>698.9</ele></trkpt>
    <trkpt lat="36.508647" lon="33.908010"><ele>705.1</ele></trkpt>
    <trkpt lat="36.509019" lon="33.907919"><ele>710.7</ele></trkpt>
    <trkpt lat="36.509449" lon="33.907293"><ele>715.6</ele></trkpt>
    <trkpt lat="36.509909" lon="33.906389"><ele>719.6</ele></trkpt>
    <trkpt lat="36.510359" lon="33.905573"><ele>722.5</ele></trkpt>
    <trkpt lat="36.510764" lon="33.905182"><ele>724.2</ele></trkpt>
    <trkpt lat="36.511104" lon="33.905393"><ele>724.9</ele></trkpt>
    <trkpt lat="36.511384" lon="33.906154"><ele>724.6</ele></trkpt>
    <trkpt lat="36.511634" lon="33.907202"><ele>723.5</ele></trkpt>
    <trkpt lat="36.511893" lon="33.908160"><ele>721.7</ele></trkpt>
    <trkpt lat="36.512199" lon="33.908684"><ele>719.5</ele></trkpt>
    <trkpt lat="36.512572" lon="33.908591"><ele>717.2</ele></trkpt>
    <trkpt lat="36.513005" lon="33.907935"><ele>715.1</ele></trkpt>
    <trkpt lat="36.513470" lon="33.906983"><ele>713.4</ele></trkpt>
    <trkpt lat="36.513925" lon="33.906121"><ele>712.4</ele></trkpt>
    <trkpt lat="36.514333" lon="33.905702"><ele>712.4</ele></trkpt>
    <trkpt lat="36.514672" lon="33.905914"><ele>713.4</ele></trkpt>
    <trkpt lat="36.514950" lon="33.906702"><ele>715.6</ele></trkpt>
    <trkpt lat="36.515195" lon="33.907793"><ele>718.9</ele></trkpt>
    <trkpt lat="36.515450" lon="33.908794"><ele>723.4</ele></trkpt>
    <trkpt lat="36.515753" lon="33.909344"><ele>728.8</ele></trkpt>
    <trkpt lat="36.516125" lon="33.909251"><ele>735.0</ele></trkpt>
    <trkpt lat="36.516561" lon="33.908571"><ele>741.8</ele></trkpt>
    <trkpt lat="36.517030" lon="33.907580"><ele>748.8</ele></trkpt>
    <trkpt lat="36.517490" lon="33.906680"><ele>755.8</ele></trkpt>
    <trkpt lat="36.517900" lon="33.906237"><ele>762.4</ele></trkpt>
    <trkpt lat="36.518240" lon="33.906447"><ele>768.5</ele></trkpt>
    <trkpt lat="36.518515" lon="33.907256"><ele>773.6</ele></trkpt>
    <trkpt lat="36.518756" lon="33.908381"><ele>777.7</ele></trkpt>
    <trkpt lat="36.519007" lon="33.909416"><ele>780.7</ele></trkpt>
    <trkpt lat="36.519308" lon="33.909988"><ele>782.4</ele></trkpt>
    <trkpt lat="36.519681" lon="33.909898"><ele>782.9</ele></trkpt>
    <trkpt lat="36.520118" lon="33.909200"><ele>782.4</ele></trkpt>
    <trkpt lat="36.520590" lon="33.908181"><ele>780.9</ele></trkpt>
    <trkpt lat="36.521053" lon="33.907250"><ele>778.7</ele></trkpt>
    <trkpt lat="36.521465" lon="33.906788"><ele>776.1</ele></trkpt>
    <trkpt lat="36.521805" lon="33.906994"><ele>773.5</ele></trkpt>
    <trkpt lat="36.522079" lon="33.907816"><ele>771.0</ele></trkpt>
    <trkpt lat="36.522318" lon="33.908966"><ele>769.0</ele></trkpt>
    <trkpt lat="36.522566" lon="33.910027"><ele>767.8</ele></trkpt>
    <trkpt lat="36.522865" lon="33.910617"><ele>767.6</ele></trkpt>
    <trkpt lat="36.523237" lon="33.910532"><ele>768.5</ele></trkpt>
    <trkpt lat="36.523676" lon="33.909824"><ele>770.7</ele></trkpt>
    <trkpt lat="36.524150" lon="33.908784"><ele>774.1</ele></trkpt>
    <trkpt lat="36.524615" lon="33.907832"><ele>778.7</ele></trkpt>
    <trkpt lat="36.525029" lon="33.907353"><ele>784.3</ele></trkpt>
    <trkpt lat="36.525370" lon="33.907555"><ele>790.8</ele></trkpt>
    <trkpt lat="36.525643" lon="33.908384"><ele>797.8</ele></trkpt>
    <trkpt lat="36.525880" lon="33.909548"><ele>805.1</ele></trkpt>
    <trkpt lat="36.526127" lon="33.910627"><ele>812.3</ele></trkpt>
    <trkpt lat="36.526424" lon="33.911231"><ele>819.2</ele></trkpt>
    <trkpt lat="36.526795" lon="33.911151"><ele>825.4</ele></trkpt>
    <trkpt lat="36.527234" lon="33.910440"><ele>830.7</ele></trkpt>
    <trkpt lat="36.527710" lon="33.909390"><ele>834.9</ele></trkpt>
    <trkpt lat="36.528176" lon="33.908425"><ele>837.8</ele></trkpt>
    <trkpt lat="36.528591" lon="33.907934"><ele>839.5</ele></trkpt>
    <trkpt lat="36.528933" lon="33.908129"><ele>840.0</ele></trkpt>
    <trkpt lat="36.529206" lon="33.908958"><ele>839.3</ele></trkpt>
    <trkpt lat="36.529443" lon="33.910128"><ele>837.7</ele></trkpt>
    <trkpt lat="36.529688" lon="33.911215"><ele>835.4</ele></trkpt>
    <trkpt lat="36.529984" lon="33.911828"><ele>832.7</ele></trkpt>
    <trkpt lat="36.530355" lon="33.911756"><ele>829.9</ele></trkpt>
    <trkpt lat="36.530793" lon="33.911048"><ele>827.3</ele></trkpt>
    <trkpt lat="36.531269" lon="33.909998"><ele>825.2</ele></trkpt>
    <trkpt lat="36.531736" lon="33.909029"><ele>824.0</ele></trkpt>
    <trkpt lat="36.532152" lon="33.908532"><ele>823.7</ele></trkpt>
    <trkpt lat="36.532494" lon="33.908719"><ele>824.6</ele></trkpt>
    <trkpt lat="36.532768" lon="33.909541"><ele>826.8</ele></trkpt>
    <trkpt lat="36.533005" lon="33.910706"><ele>830.2</ele></trkpt>
    <trkpt lat="36.533251" lon="33.911793"><ele>834.9</ele></trkpt>
    <trkpt lat="36.533547" lon="33.912410"><ele>840.5</ele></trkpt>
    <trkpt lat="36.533916" lon="33.912346"><ele>847.0</ele></trkpt>
    <trkpt lat="36.534353" lon="33.911649"><ele>854.0</ele></trkpt>
    <trkpt lat="36.534828" lon="33.910608"><ele>861.3</ele></trkpt>
    <trkpt lat="36.535294" lon="33.909643"><ele>868.5</ele></trkpt>
    <trkpt lat="36.535710" lon="33.909144"><ele>875.4</ele></trkpt>
    <trkpt lat="36.536054" lon="33.909323"><ele>881.5</ele></trkpt>
    <trkpt lat="36.536329" lon="33.910131"><ele>886.8</ele></trkpt>
    <trkpt lat="36.536568" lon="33.911283"><ele>891.0</ele></trkpt>
    <trkpt lat="36.536814" lon="33.912360"><ele>893.9</ele></trkpt>
    <trkpt lat="36.537110" lon="33.912977"><ele>895.6</ele></trkpt>
    <trkpt lat="36.537479" lon="33.912922"><ele>896.1</ele></trkpt>
    <trkpt lat="36.537914" lon="33.912241"><ele>895.5</ele></trkpt>
    <trkpt lat="36.538387" lon="33.911219"><ele>894.0</ele></trkpt>
    <trkpt lat="36.538852" lon="33.910268"><ele>891.8</ele></trkpt>
    <trkpt lat="36.539267" lon="33.909773"><ele>889.2</ele></trkpt>
    <trkpt lat="36.539612" lon="33.909941"><ele>886.6</ele></trkpt>
    <trkpt lat="36.539889" lon="33.910730"><ele>884.1</ele></trkpt>
    <trkpt lat="36.540130" lon="33.911858"><ele>882.2</ele></trkpt>
    <trkpt lat="36.540379" lon="33.912917"><ele>881.0</ele></trkpt>
    <trkpt lat="36.540676" lon="33.913528"><ele>880.9</ele></trkpt>
    <trkpt lat="36.541043" lon="33.913483"><ele>881.9</ele></trkpt>
    <trkpt lat="36.541476" lon="33.912825"><ele>884.0</ele></trkpt>
    <trkpt lat="36.541946" lon="33.911831"><ele>887.4</ele></trkpt>
    <trkpt lat="36.542408" lon="33.910903"><ele>891.9</ele></trkpt>
    <trkpt lat="36.542823" lon="33.910416"><ele>897.4</ele></trkpt>
    <trkpt lat="36.543168" lon="33.910575"><ele>903.7</ele></trkpt>
    <trkpt lat="36.543449" lon="33.911337"><ele>910.5</ele></trkpt>
    <trkpt lat="36.543693" lon="33.912432"><ele>917.5</ele></trkpt>
    <trkpt lat="36.543945" lon="33.913464"><ele>924.4</ele></trkpt>
    <trkpt lat="36.544243" lon="33.914064"><ele>931.0</ele></trkpt>
    <trkpt lat="36.544609" lon="33.914029"><ele>936.9</ele></trkpt>
    <trkpt lat="36.545039" lon="33.913400"><ele>942.0</ele></trkpt>
    <trkpt lat="36.545504" lon="33.912444"><ele>946.0</ele></trkpt>
    <trkpt lat="36.545963" lon="33.911547"><ele>948.9</ele></trkpt>
    <trkpt lat="36.546377" lon="33.911074"><ele>950.6</ele></trkpt>
    <trkpt lat="36.546723" lon="33.911222"><ele>951.3</ele></trkpt>
    <trkpt lat="36.547007" lon="33.911953"><ele>950.9</ele></trkpt>
    <trkpt lat="36.547256" lon="33.913007"><ele>949.6</ele></trkpt>
    <trkpt lat="36.547512" lon="33.914003"><ele>947.8</ele></trkpt>
    <trkpt lat="36.547811" lon="33.914586"><ele>945.6</ele></trkpt>
    <trkpt lat="36.548176" lon="33.914562"><ele>943.4</ele></trkpt>
    <trkpt lat="36.548603" lon="33.913967"><ele>941.3</ele></trkpt>
    <trkpt lat="36.549063" lon="33.913056"><ele>939.8</ele></trkpt>
    <trkpt lat="36.549518" lon="33.912200"><ele>938.9</ele></trkpt>
    <trkpt lat="36.549929" lon="33.911746"><ele>939.0</ele></trkpt>
    <trkpt lat="36.550277" lon="33.911884"><ele>940.1</ele></trkpt>
    <trkpt lat="36.550565" lon="33.912578"><ele>942.3</ele></trkpt>
    <trkpt lat="36.550819" lon="33.913581"><ele>945.6</ele></trkpt>
    <trkpt lat="36.551079" lon="33.914533"><ele>949.9</ele></trkpt>
    <trkpt lat="36.551381" lon="33.915094"><ele>955.1</ele></trkpt>
    <trkpt lat="36.551745" lon="33.915080"><ele>960.9</ele></trkpt>
    <trkpt lat="36.552167" lon="33.914525"><ele>967.2</ele></trkpt>
    <trkpt lat="36.552622" lon="33.913669"><ele>973.6</ele></trkpt>
    <trkpt lat="36.553071" lon="33.912861"><ele>980.0</ele></trkpt>
    <trkpt lat="36.553480" lon="33.912431"><ele>986.1</ele></trkpt>
    <trkpt lat="36.553829" lon="33.912558"><ele>991.6</ele></trkpt>
    <trkpt lat="36.554121" lon="33.913211"><ele>996.3</ele></trkpt>
    <trkpt lat="36.554382" lon="33.914156"><ele>1000.1</ele></trkpt>
    <trkpt lat="36.554648" lon="33.915055"><ele>1002.9</ele></trkpt>
    <trkpt lat="36.554953" lon="33.915590"><ele>1004.7</ele></trkpt>
    <trkpt lat="36.555316" lon="33.915586"><ele>1005.5</ele></trkpt>
    <trkpt lat="36.555733" lon="33.915075"><ele>1005.5</ele></trkpt>
    <trkpt lat="36.556181" lon="33.914280"><ele>1004.7</ele></trkpt>
    <trkpt lat="36.556624" lon="33.913529"><ele>1003.4</ele></trkpt>
    <trkpt lat="36.557030" lon="33.913128"><ele>1001.9</ele></trkpt>
    <trkpt lat="36.557380" lon="33.913246"><ele>1000.3</ele></trkpt>
    <trkpt lat="36.557677" lon="33.913852"><ele>998.9</ele></trkpt>
    <trkpt lat="36.557945" lon="33.914732"><ele>997.9</ele></trkpt>
    <trkpt lat="36.558217" lon="33.915570"><ele>997.6</ele></trkpt>
    <trkpt lat="36.558525" lon="33.916073"><ele>998.0</ele></trkpt>
    <trkpt lat="36.558887" lon="33.916079"><ele>999.3</ele></trkpt>
    <trkpt lat="36.559299" lon="33.915617"><ele>1001.5</ele></trkpt>
    <trkpt lat="36.559740" lon="33.914891"><ele>1004.7</ele></trkpt>
    <trkpt lat="36.560176" lon="33.914204"><ele>1008.6</ele></trkpt>
    <trkpt lat="36.560578" lon="33.913837"><ele>1013.3</ele></trkpt>
    <trkpt lat="36.560929" lon="33.913945"><ele>1018.5</ele></trkpt>
    <trkpt lat="36.561232" lon="33.914501"><ele>1024.1</ele></trkpt>
    <trkpt lat="36.561507" lon="33.915308"><ele>1029.8</ele></trkpt>
    <trkpt lat="36.561787" lon="33.916079"><ele>1035.5</ele></trkpt>
    <trkpt lat="36.562099" lon="33.916546"><ele>1040.8</ele></trkpt>
    <trkpt lat="36.562460" lon="33.916561"><ele>1045.6</ele></trkpt>
    <trkpt lat="36.562867" lon="33.916150"><ele>1049.9</ele></trkpt>
    <trkpt lat="36.563299" lon="33.915500"><ele>1053.3</ele></trkpt>
    <trkpt lat="36.563728" lon="33.914884"><ele>1056.0</ele></trkpt>
    <trkpt lat="36.564125" lon="33.914556"><ele>1057.9</ele></trkpt>
    <trkpt lat="36.564477" lon="33.914656"><ele>1059.0</ele></trkpt>
    <trkpt lat="36.564786" lon="33.915158"><ele>1059.4</ele></trkpt>
    <trkpt lat="36.565070" lon="33.915887"><ele>1059.2</ele></trkpt>
    <trkpt lat="36.565357" lon="33.916584"><ele>1058.7</ele></trkpt>
    <trkpt lat="36.565674" lon="33.917009"><ele>1058.0</ele></trkpt>
    <trkpt lat="36.566034" lon="33.917032"><ele>1057.3</ele></trkpt>
    <trkpt lat="36.566435" lon="33.916676"><ele>1056.7</ele></trkpt>
    <trkpt lat="36.566858" lon="33.916108"><ele>1056.5</ele></trkpt>
    <trkpt lat="36.567279" lon="33.915569"><ele>1056.8</ele></trkpt>
    <trkpt lat="36.567672" lon="33.915285"><ele>1057.7</ele></trkpt>
    <trkpt lat="36.568024" lon="33.915377"><ele>1059.3</ele></trkpt>
    <trkpt lat="36.568339" lon="33.915823"><ele>1061.5</ele></trkpt>
    <trkpt lat="36.568632" lon="33.916467"><ele>1064.5</ele></trkpt>
    <trkpt lat="36.568928" lon="33.917084"><ele>1068.1</ele></trkpt>
    <trkpt lat="36.569250" lon="33.917464"><ele>1072.1</ele></trkpt>
    <trkpt lat="36.569609" lon="33.917494"><ele>1076.6</ele></trkpt>
    <trkpt lat="36.570004" lon="33.917195"><ele>1081.3</ele></trkpt>
    <trkpt lat="36.570418" lon="33.916714"><ele>1086.1</ele></trkpt>
    <trkpt lat="36.570829" lon="33.916258"><ele>1090.7</ele></trkpt>
    <trkpt lat="36.571217" lon="33.916021"><ele>1095.2</ele></trkpt>
    <trkpt lat="36.571570" lon="33.916107"><ele>1099.3</ele></trkpt>
    <trkpt lat="36.571891" lon="33.916494"><ele>1102.9</ele></trkpt>
    <trkpt lat="36.572194" lon="33.917050"><ele>1105.9</ele></trkpt>
    <trkpt lat="36.572499" lon="33.917581"><ele>1108.4</ele></trkpt>
    <trkpt lat="36.572826" lon="33.917911"><ele>1110.4</ele></trkpt>
    <trkpt lat="36.573185" lon="33.917947"><ele>1111.8</ele></trkpt>
    <trkpt lat="36.573573" lon="33.917708"><ele>1112.7</ele></trkpt>
    <trkpt lat="36.573978" lon="33.917317"><ele>1113.3</ele></trkpt>
    <trkpt lat="36.574380" lon="33.916949"><ele>1113.7</ele></trkpt>
    <trkpt lat="36.574762" lon="33.916764"><ele>1114.0</ele></trkpt>
    <trkpt lat="36.575116" lon="33.916844"><ele>1114.3</ele></trkpt>
    <trkpt lat="36.575443" lon="33.917172"><ele>1114.7</ele></trkpt>
    <trkpt lat="36.575756" lon="33.917634"><ele>1115.4</ele></trkpt>
    <trkpt lat="36.576071" lon="33.918075"><ele>1116.5</ele></trkpt>
    <trkpt lat="36.576404" lon="33.918352"><ele>1117.9</ele></trkpt>
    <trkpt lat="36.576762" lon="33.918392"><ele>1119.8</ele></trkpt>
    <trkpt lat="36.577143" lon="33.918214"><ele>1122.1</ele></trkpt>
    <trkpt lat="36.577538" lon="33.917918"><ele>1124.9</ele></trkpt>
    <trkpt lat="36.577930" lon="33.917643"><ele>1128.0</ele></trkpt>
    <trkpt lat="36.578306" lon="33.917512"><ele>1131.4</ele></trkpt>
    <trkpt lat="36.578660" lon="33.917589"><ele>1135.0</ele></trkpt>
    <trkpt lat="36.578994" lon="33.917855"><ele>1138.7</ele></trkpt>
    <trkpt lat="36.579317" lon="33.918222"><ele>1142.4</ele></trkpt>
    <trkpt lat="36.579642" lon="33.918568"><ele>1146.0</ele></trkpt>
    <trkpt lat="36.579981" lon="33.918789"><ele>1149.4</ele></trkpt>
    <trkpt lat="36.580339" lon="33.918832"><ele>1152.6</ele></trkpt>
    <trkpt lat="36.580714" lon="33.918716"><ele>1155.5</ele></trkpt>
    <trkpt lat="36.581098" lon="33.918516"><ele>1158.1</ele></trkpt>
    <trkpt lat="36.581480" lon="33.918337"><ele>1160.4</ele></trkpt>
    <trkpt lat="36.581850" lon="33.918264"><ele>1162.4</ele></trkpt>
    <trkpt lat="36.582204" lon="33.918339"><ele>1164.1</ele></trkpt>
    <trkpt lat="36.582545" lon="33.918543"><ele>1165.7</ele></trkpt>
    <trkpt lat="36.582878" lon="33.918812"><ele>1167.1</ele></trkpt>
    <trkpt lat="36.583214" lon="33.919061"><ele>1168.5</ele></trkpt>
    <trkpt lat="36.583559" lon="33.919223"><ele>1169.8</ele></trkpt>
    <trkpt lat="36.583917" lon="33.919267"><ele>1171.3</ele></trkpt>
    <trkpt lat="36.584285" lon="33.919212"><ele>1172.8</ele></trkpt>
    <trkpt lat="36.584659" lon="33.919112"><ele>1174.5</ele></trkpt>
    <trkpt lat="36.585030" lon="33.919030"><ele>1176.4</ele></trkpt>
    <trkpt lat="36.585394" lon="33.919018"><ele>1178.5</ele></trkpt>
    <trkpt lat="36.585748" lon="33.919092"><ele>1180.7</ele></trkpt>
    <trkpt lat="36.586095" lon="33.919235"><ele>1183.1</ele></trkpt>
    <trkpt lat="36.586439" lon="33.919404"><ele>1185.7</ele></trkpt>
    <trkpt lat="36.586786" lon="33.919555"><ele>1188.3</ele></trkpt>
    <trkpt lat="36.587137" lon="33.919655"><ele>1190.9</ele></trkpt>
    <trkpt lat="36.587495" lon="33.919699"><ele>1193.6</ele></trkpt>
    <trkpt lat="36.587857" lon="33.919706"><ele>1196.2</ele></trkpt>
    <trkpt lat="36.588219" lon="33.919705"><ele>1198.7</ele></trkpt>
    <trkpt lat="36.588580" lon="33.919723"><ele>1201.2</ele></trkpt>
    <trkpt lat="36.588937" lon="33.919773"><ele>1203.5</ele></trkpt>
    <trkpt lat="36.589291" lon="33.919849"><ele>1205.7</ele></trkpt>
    <trkpt lat="36.589645" lon="33.919930"><ele>1207.9</ele></trkpt>
    <trkpt lat="36.590000" lon="33.920000"><ele>1210.0</ele></trkpt>
    <trkpt lat="36.590218" lon="33.920357"><ele>1209.7</ele></trkpt>
    <trkpt lat="36.590421" lon="33.920730"><ele>1209.5</ele></trkpt>
    <trkpt lat="36.590630" lon="33.921096"><ele>1209.1</ele></trkpt>
    <trkpt lat="36.590870" lon="33.921431"><ele>1208.6</ele></trkpt>
    <trkpt lat="36.591147" lon="33.921726"><ele>1207.9</ele></trkpt>
    <trkpt lat="36.591450" lon="33.921996"><ele>1207.0</ele></trkpt>
    <trkpt lat="36.591745" lon="33.922273"><ele>1205.9</ele></trkpt>
    <trkpt lat="36.591997" lon="33.922596"><ele>1204.6</ele></trkpt>
    <trkpt lat="36.592180" lon="33.922988"><ele>1203.1</ele></trkpt>
    <trkpt lat="36.592303" lon="33.923444"><ele>1201.6</ele></trkpt>
    <trkpt lat="36.592399" lon="33.923927"><ele>1200.0</ele></trkpt>
    <trkpt lat="36.592526" lon="33.924378"><ele>1198.5</ele></trkpt>
    <trkpt lat="36.592734" lon="33.924746"><ele>1197.2</ele></trkpt>
    <trkpt lat="36.593046" lon="33.925006"><ele>1196.1</ele></trkpt>
    <trkpt lat="36.593443" lon="33.925178"><ele>1195.3</ele></trkpt>
    <trkpt lat="36.593865" lon="33.925324"><ele>1195.0</ele></trkpt>
    <trkpt lat="36.594235" lon="33.925524"><ele>1195.0</ele></trkpt>
    <trkpt lat="36.594487" lon="33.925846"><ele>1195.5</ele></trkpt>
    <trkpt lat="36.594599" lon="33.926313"><ele>1196.2</ele></trkpt>
    <trkpt lat="36.594604" lon="33.926890"><ele>1197.3</ele></trkpt>
    <trkpt lat="36.594584" lon="33.927493"><ele>1198.5</ele></trkpt>
    <trkpt lat="36.594639" lon="33.928019"><ele>1199.8</ele></trkpt>
    <trkpt lat="36.594846" lon="33.928387"><ele>1201.0</ele></trkpt>
    <trkpt lat="36.595229" lon="33.928574"><ele>1202.0</ele></trkpt>
    <trkpt lat="36.595740" lon="33.928628"><ele>1202.6</ele></trkpt>
    <trkpt lat="36.596275" lon="33.928657"><ele>1202.7</ele></trkpt>
    <trkpt lat="36.596714" lon="33.928786"><ele>1202.3</ele></trkpt>
    <trkpt lat="36.596966" lon="33.929108"><ele>1201.2</ele></trkpt>
    <trkpt lat="36.597009" lon="33.929646"><ele>1199.5</ele></trkpt>
    <trkpt lat="36.596905" lon="33.930336"><ele>1197.2</ele></trkpt>
    <trkpt lat="36.596776" lon="33.931052"><ele>1194.4</ele></trkpt>
    <trkpt lat="36.596765" lon="33.931646"><ele>1191.2</ele></trkpt>
    <trkpt lat="36.596973" lon="33.932013"><ele>1187.8</ele></trkpt>
    <trkpt lat="36.597422" lon="33.932132"><ele>1184.3</ele></trkpt>
    <trkpt lat="36.598037" lon="33.932078"><ele>1180.9</ele></trkpt>
    <trkpt lat="36.598676" lon="33.932000"><ele>1177.8</ele></trkpt>
    <trkpt lat="36.599177" lon="33.932064"><ele>1175.3</ele></trkpt>
    <trkpt lat="36.599428" lon="33.932388"><ele>1173.4</ele></trkpt>
    <trkpt lat="36.599408" lon="33.932991"><ele>1172.2</ele></trkpt>
    <trkpt lat="36.599204" lon="33.933784"><ele>1171.9</ele></trkpt>
    <trkpt lat="36.598979" lon="33.934600"><ele>1172.5</ele></trkpt>
    <trkpt lat="36.598910" lon="33.935254"><ele>1173.9</ele></trkpt>
    <trkpt lat="36.599120" lon="33.935619"><ele>1175.9</ele></trkpt>
    <trkpt lat="36.599628" lon="33.935676"><ele>1178.5</ele></trkpt>
    <trkpt lat="36.600336" lon="33.935527"><ele>1181.5</ele></trkpt>
    <trkpt lat="36.601064" lon="33.935356"><ele>1184.6</ele></trkpt>
    <trkpt lat="36.601618" lon="33.935365"><ele>1187.6</ele></trkpt>
    <trkpt lat="36.601866" lon="33.935691"><ele>1190.2</ele></trkpt>
    <trkpt lat="36.601792" lon="33.936351"><ele>1192.2</ele></trkpt>
    <trkpt lat="36.601503" lon="33.937232"><ele>1193.5</ele></trkpt>
    <trkpt lat="36.601196" lon="33.938133"><ele>1193.9</ele></trkpt>
    <trkpt lat="36.601079" lon="33.938836"><ele>1193.2</ele></trkpt>
    <trkpt lat="36.601292" lon="33.939199"><ele>1191.5</ele></trkpt>
    <trkpt lat="36.601850" lon="33.939204"><ele>1188.8</ele></trkpt>
    <trkpt lat="36.602635" lon="33.938974"><ele>1185.3</ele></trkpt>
    <trkpt lat="36.603436" lon="33.938728"><ele>1181.0</ele></trkpt>
    <trkpt lat="36.604033" lon="33.938694"><ele>1176.2</ele></trkpt>
    <trkpt lat="36.604278" lon="33.939023"><ele>1171.2</ele></trkpt>
    <trkpt lat="36.604158" lon="33.939729"><ele>1166.2</ele></trkpt>
    <trkpt lat="36.603801" lon="33.940681"><ele>1161.6</ele></trkpt>
    <trkpt lat="36.603430" lon="33.941648"><ele>1157.5</ele></trkpt>
    <trkpt lat="36.603276" lon="33.942389"><ele>1154.3</ele></trkpt>
    <trkpt lat="36.603493" lon="33.942748"><ele>1152.1</ele></trkpt>
    <trkpt lat="36.604091" lon="33.942712"><ele>1151.0</ele></trkpt>
    <trkpt lat="36.604935" lon="33.942422"><ele>1151.1</ele></trkpt>
    <trkpt lat="36.605791" lon="33.942119"><ele>1152.3</ele></trkpt>
    <trkpt lat="36.606418" lon="33.942053"><ele>1154.6</ele></trkpt>
    <trkpt lat="36.606659" lon="33.942386"><ele>1157.8</ele></trkpt>
    <trkpt lat="36.606505" lon="33.943128"><ele>1161.6</ele></trkpt>
    <trkpt lat="36.606099" lon="33.944131"><ele>1165.7</ele></trkpt>
    <trkpt lat="36.605683" lon="33.945144"><ele>1169.9</ele></trkpt>
    <trkpt lat="36.605506" lon="33.945910"><ele>1173.9</ele></trkpt>
    <trkpt lat="36.605726" lon="33.946264"><ele>1177.3</ele></trkpt>
    <trkpt lat="36.606352" lon="33.946199"><ele>1179.8</ele></trkpt>
    <trkpt lat="36.607235" lon="33.945869"><ele>1181.4</ele></trkpt>
    <trkpt lat="36.608125" lon="33.945530"><ele>1181.8</ele></trkpt>
    <trkpt lat="36.608770" lon="33.945446"><ele>1180.9</ele></trkpt>
    <trkpt lat="36.609006" lon="33.945784"><ele>1178.8</ele></trkpt>
    <trkpt lat="36.608831" lon="33.946548"><ele>1175.5</ele></trkpt>
    <trkpt lat="36.608396" lon="33.947581"><ele>1171.3</ele></trkpt>
    <trkpt lat="36.607957" lon="33.948618"><ele>1166.2</ele></trkpt>
    <trkpt lat="36.607769" lon="33.949395"><ele>1160.7</ele></trkpt>
    <trkpt lat="36.607994" lon="33.949745"><ele>1155.0</ele></trkpt>
    <trkpt lat="36.608635" lon="33.949664"><ele>1149.5</ele></trkpt>
    <trkpt lat="36.609536" lon="33.949315"><ele>1144.4</ele></trkpt>
    <trkpt lat="36.610439" lon="33.948963"><ele>1140.0</ele></trkpt>
    <trkpt lat="36.611087" lon="33.948876"><ele>1136.7</ele></trkpt>
    <trkpt lat="36.611319" lon="33.949218"><ele>1134.5</ele></trkpt>
    <trkpt lat="36.611135" lon="33.949991"><ele>1133.5</ele></trkpt>
    <trkpt lat="36.610694" lon="33.951031"><ele>1133.8</ele></trkpt>
    <trkpt lat="36.610252" lon="33.952070"><ele>1135.4</ele></trkpt>
    <trkpt lat="36.610067" lon="33.952844"><ele>1138.0</ele></trkpt>
    <trkpt lat="36.610297" lon="33.953189"><ele>1141.5</ele></trkpt>
    <trkpt lat="36.610940" lon="33.953107"><ele>1145.6</ele></trkpt>
    <trkpt lat="36.611836" lon="33.952762"><ele>1149.9</ele></trkpt>
    <trkpt lat="36.612730" lon="33.952419"><ele>1154.3</ele></trkpt>
    <trkpt lat="36.613368" lon="33.952342"><ele>1158.3</ele></trkpt>
    <trkpt lat="36.613596" lon="33.952689"><ele>1161.6</ele></trkpt>
    <trkpt lat="36.613417" lon="33.953456"><ele>1164.1</ele></trkpt>
    <trkpt lat="36.612991" lon="33.954480"><ele>1165.5</ele></trkpt>
    <trkpt lat="36.612569" lon="33.955499"><ele>1165.7</ele></trkpt>
    <trkpt lat="36.612401" lon="33.956256"><ele>1164.7</ele></trkpt>
    <trkpt lat="36.612635" lon="33.956597"><ele>1162.5</ele></trkpt>
    <trkpt lat="36.613266" lon="33.956527"><ele>1159.2</ele></trkpt>
    <trkpt lat="36.614136" lon="33.956208"><ele>1154.9</ele></trkpt>
    <trkpt lat="36.615000" lon="33.955898"><ele>1150.0</ele></trkpt>
    <trkpt lat="36.615615" lon="33.955844"><ele>1144.7</ele></trkpt>
    <trkpt lat="36.615839" lon="33.956195"><ele>1139.4</ele></trkpt>
    <trkpt lat="36.615678" lon="33.956944"><ele>1134.2</ele></trkpt>
    <trkpt lat="36.615288" lon="33.957930"><ele>1129.6</ele></trkpt>
    <trkpt lat="36.614908" lon="33.958907"><ele>1125.7</ele></trkpt>
    <trkpt lat="36.614768" lon="33.959634"><ele>1122.7</ele></trkpt>
    <trkpt lat="36.615007" lon="33.959970"><ele>1120.8</ele></trkpt>
    <trkpt lat="36.615613" lon="33.959925"><ele>1120.1</ele></trkpt>
    <trkpt lat="36.616437" lon="33.959655"><ele>1120.4</ele></trkpt>
    <trkpt lat="36.617249" lon="33.959398"><ele>1121.8</ele></trkpt>
    <trkpt lat="36.617829" lon="33.959380"><ele>1124.1</ele></trkpt>
    <trkpt lat="36.618048" lon="33.959736"><ele>1127.1</ele></trkpt>
    <trkpt lat="36.617919" lon="33.960452"><ele>1130.5</ele></trkpt>
    <trkpt lat="36.617586" lon="33.961380"><ele>1134.1</ele></trkpt>
    <trkpt lat="36.617266" lon="33.962293"><ele>1137.6</ele></trkpt>
    <trkpt lat="36.617168" lon="33.962978"><ele>1140.8</ele></trkpt>
    <trkpt lat="36.617410" lon="33.963310"><ele>1143.3</ele></trkpt>
    <trkpt lat="36.617978" lon="33.963304"><ele>1145.1</ele></trkpt>
    <trkpt lat="36.618736" lon="33.963103"><ele>1145.9</ele></trkpt>
    <trkpt lat="36.619479" lon="33.962917"><ele>1145.8</ele></trkpt>
    <trkpt lat="36.620012" lon="33.962948"><ele>1144.7</ele></trkpt>
    <trkpt lat="36.620228" lon="33.963307"><ele>1142.6</ele></trkpt>
    <trkpt lat="36.620142" lon="33.963979"><ele>1139.8</ele></trkpt>
    <trkpt lat="36.619884" lon="33.964829"><ele>1136.3</ele></trkpt>
    <trkpt lat="36.619643" lon="33.965661"><ele>1132.4</ele></trkpt>
    <trkpt lat="36.619596" lon="33.966292"><ele>1128.3</ele></trkpt>
    <trkpt lat="36.619841" lon="33.966621"><ele>1124.2</ele></trkpt>
    <trkpt lat="36.620361" lon="33.966666"><ele>1120.3</ele></trkpt>
    <trkpt lat="36.621036" lon="33.966550"><ele>1116.9</ele></trkpt>
    <trkpt lat="36.621691" lon="33.966455"><ele>1114.1</ele></trkpt>
    <trkpt lat="36.622169" lon="33.966543"><ele>1112.0</ele></trkpt>
    <trkpt lat="36.622382" lon="33.966905"><ele>1110.7</ele></trkpt>
    <trkpt lat="36.622350" lon="33.967521"><ele>1110.2</ele></trkpt>
    <trkpt lat="36.622182" lon="33.968277"><ele>1110.4</ele></trkpt>
    <trkpt lat="36.622035" lon="33.969012"><ele>1111.3</ele></trkpt>
    <trkpt lat="36.622049" lon="33.969581"><ele>1112.7</ele></trkpt>
    <trkpt lat="36.622296" lon="33.969908"><ele>1114.4</ele></trkpt>
    <trkpt lat="36.622758" lon="33.970013"><ele>1116.4</ele></trkpt>
    <trkpt lat="36.623335" lon="33.969998"><ele>1118.3</ele></trkpt>
    <trkpt lat="36.623890" lon="33.970007"><ele>1120.2</ele></trkpt>
    <trkpt lat="36.624303" lon="33.970162"><ele>1121.7</ele></trkpt>
    <trkpt lat="36.624515" lon="33.970526"><ele>1122.7</ele></trkpt>
    <trkpt lat="36.624545" lon="33.971077"><ele>1123.3</ele></trkpt>
    <trkpt lat="36.624481" lon="33.971726"><ele>1123.3</ele></trkpt>
    <trkpt lat="36.624440" lon="33.972351"><ele>1122.7</ele></trkpt>
    <trkpt lat="36.624521" lon="33.972850"><ele>1121.6</ele></trkpt>
    <trkpt lat="36.624770" lon="33.973175"><ele>1120.1</ele></trkpt>
    <trkpt lat="36.625166" lon="33.973348"><ele>1118.2</ele></trkpt>
    <trkpt lat="36.625634" lon="33.973447"><ele>1116.0</ele></trkpt>
    <trkpt lat="36.626078" lon="33.973570"><ele>1113.8</ele></trkpt>
    <trkpt lat="36.626421" lon="33.973797"><ele>1111.5</ele></trkpt>
    <trkpt lat="36.626631" lon="33.974162"><ele>1109.4</ele></trkpt>
    <trkpt lat="36.626731" lon="33.974642"><ele>1107.5</ele></trkpt>
    <trkpt lat="36.626781" lon="33.975174"><ele>1105.9</ele></trkpt>
    <trkpt lat="36.626854" lon="33.975680"><ele>1104.6</ele></trkpt>
    <trkpt lat="36.627007" lon="33.976104"><ele>1103.6</ele></trkpt>
    <trkpt lat="36.627257" lon="33.976429"><ele>1103.0</ele></trkpt>
    <trkpt lat="36.627581" lon="33.976676"><ele>1102.7</ele></trkpt>
    <trkpt lat="36.627932" lon="33.976896"><ele>1102.6</ele></trkpt>
    <trkpt lat="36.628258" lon="33.977141"><ele>1102.6</ele></trkpt>
    <trkpt lat="36.628528" lon="33.977444"><ele>1102.7</ele></trkpt>
    <trkpt lat="36.628738" lon="33.977809"><ele>1102.7</ele></trkpt>
    <trkpt lat="36.628911" lon="33.978213"><ele>1102.7</ele></trkpt>
    <trkpt lat="36.629080" lon="33.978621"><ele>1102.5</ele></trkpt>
    <trkpt lat="36.629274" lon="33.979003"><ele>1102.2</ele></trkpt>
    <trkpt lat="36.629501" lon="33.979351"><ele>1101.6</ele></trkpt>
    <trkpt lat="36.629751" lon="33.979675"><ele>1100.9</ele></trkpt>
    <trkpt lat="36.630000" lon="33.980000"><ele>1100.0</ele></trkpt>
    <trkpt lat="36.630170" lon="33.980395"><ele>1101.2</ele></trkpt>
    <trkpt lat="36.630367" lon="33.980773"><ele>1102.4</ele></trkpt>
    <trkpt lat="36.630575" lon="33.981142"><ele>1103.6</ele></trkpt>
    <trkpt lat="36.630766" lon="33.981523"><ele>1104.7</ele></trkpt>
    <trkpt lat="36.630915" lon="33.981932"><ele>1105.6</ele></trkpt>
    <trkpt lat="36.631016" lon="33.982373"><ele>1106.3</ele></trkpt>
    <trkpt lat="36.631090" lon="33.982832"><ele>1106.9</ele></trkpt>
    <trkpt lat="36.631179" lon="33.983282"><ele>1107.1</ele></trkpt>
    <trkpt lat="36.631327" lon="33.983691"><ele>1107.2</ele></trkpt>
    <trkpt lat="36.631560" lon="33.984045"><ele>1107.1</ele></trkpt>
    <trkpt lat="36.631866" lon="33.984349"><ele>1107.0</ele></trkpt>
    <trkpt lat="36.632198" lon="33.984636"><ele>1106.9</ele></trkpt>
    <trkpt lat="36.632489" lon="33.984951"><ele>1106.8</ele></trkpt>
    <trkpt lat="36.632679" lon="33.985333"><ele>1107.0</ele></trkpt>
    <trkpt lat="36.632743" lon="33.985798"><ele>1107.4</ele></trkpt>
    <trkpt lat="36.632710" lon="33.986329"><ele>1108.2</ele></trkpt>
    <trkpt lat="36.632650" lon="33.986877"><ele>1109.3</ele></trkpt>
    <trkpt lat="36.632658" lon="33.987380"><ele>1110.9</ele></trkpt>
    <trkpt lat="36.632808" lon="33.987788"><ele>1112.9</ele></trkpt>
    <trkpt lat="36.633124" lon="33.988086"><ele>1115.2</ele></trkpt>
    <trkpt lat="36.633563" lon="33.988303"><ele>1117.8</ele></trkpt>
    <trkpt lat="36.634025" lon="33.988503"><ele>1120.6</ele></trkpt>
    <trkpt lat="36.634395" lon="33.988766"><ele>1123.4</ele></trkpt>
    <trkpt lat="36.634582" lon="33.989149"><ele>1126.1</ele></trkpt>
    <trkpt lat="36.634565" lon="33.989669"><ele>1128.5</ele></trkpt>
    <trkpt lat="36.634403" lon="33.990285"><ele>1130.6</ele></trkpt>
    <trkpt lat="36.634217" lon="33.990917"><ele>1132.2</ele></trkpt>
    <trkpt lat="36.634150" lon="33.991470"><ele>1133.2</ele></trkpt>
    <trkpt lat="36.634303" lon="33.991877"><ele>1133.6</ele></trkpt>
    <trkpt lat="36.634698" lon="33.992122"><ele>1133.3</ele></trkpt>
    <trkpt lat="36.635260" lon="33.992256"><ele>1132.5</ele></trkpt>
    <trkpt lat="36.635843" lon="33.992376"><ele>1131.1</ele></trkpt>
    <trkpt lat="36.636285" lon="33.992591"><ele>1129.3</ele></trkpt>
    <trkpt lat="36.636469" lon="33.992976"><ele>1127.3</ele></trkpt>
    <trkpt lat="36.636376" lon="33.993546"><ele>1125.3</ele></trkpt>
    <trkpt lat="36.636095" lon="33.994242"><ele>1123.4</ele></trkpt>
    <trkpt lat="36.635795" lon="33.994950"><ele>1121.8</ele></trkpt>
    <trkpt lat="36.635660" lon="33.995548"><ele>1120.7</ele></trkpt>
    <trkpt lat="36.635816" lon="33.995952"><ele>1120.3</ele></trkpt>
    <trkpt lat="36.636283" lon="33.996150"><ele>1120.7</ele></trkpt>
    <trkpt lat="36.636957" lon="33.996210"><ele>1121.9</ele></trkpt>
    <trkpt lat="36.637648" lon="33.996258"><ele>1124.0</ele></trkpt>
    <trkpt lat="36.638153" lon="33.996430"><ele>1126.9</ele></trkpt>
    <trkpt lat="36.638333" lon="33.996818"><ele>1130.5</ele></trkpt>
    <trkpt lat="36.638173" lon="33.997433"><ele>1134.6</ele></trkpt>
    <trkpt lat="36.637788" lon="33.998198"><ele>1139.0</ele></trkpt>
    <trkpt lat="36.637388" lon="33.998972"><ele>1143.6</ele></trkpt>
    <trkpt lat="36.637194" lon="33.999610"><ele>1148.1</ele></trkpt>
    <trkpt lat="36.637355" lon="34.000011"><ele>1152.2</ele></trkpt>
    <trkpt lat="36.637884" lon="34.000167"><ele>1155.7</ele></trkpt>
    <trkpt lat="36.638654" lon="34.000163"><ele>1158.4</ele></trkpt>
    <trkpt lat="36.639436" lon="34.000151"><ele>1160.2</ele></trkpt>
    <trkpt lat="36.639994" lon="34.000288"><ele>1161.0</ele></trkpt>
    <trkpt lat="36.640170" lon="34.000679"><ele>1160.7</ele></trkpt>
    <trkpt lat="36.639952" lon="34.001332"><ele>1159.5</ele></trkpt>
    <trkpt lat="36.639481" lon="34.002154"><ele>1157.4</ele></trkpt>
    <trkpt lat="36.638999" lon="34.002983"><ele>1154.6</ele></trkpt>
    <trkpt lat="36.638758" lon="34.003652"><ele>1151.3</ele></trkpt>
    <trkpt lat="36.638923" lon="34.004050"><ele>1147.7</ele></trkpt>
    <trkpt lat="36.639504" lon="34.004172"><ele>1144.3</ele></trkpt>
    <trkpt lat="36.640350" lon="34.004117"><ele>1141.1</ele></trkpt>
    <trkpt lat="36.641205" lon="34.004056"><ele>1138.6</ele></trkpt>
    <trkpt lat="36.641803" lon="34.004166"><ele>1136.9</ele></trkpt>
    <trkpt lat="36.641975" lon="34.004560"><ele>1136.2</ele></trkpt>
    <trkpt lat="36.641712" lon="34.005244"><ele>1136.6</ele></trkpt>
    <trkpt lat="36.641174" lon="34.006110"><ele>1138.2</ele></trkpt>
    <trkpt lat="36.640630" lon="34.006980"><ele>1140.9</ele></trkpt>
    <trkpt lat="36.640356" lon="34.007671"><ele>1144.7</ele></trkpt>
    <trkpt lat="36.640525" lon="34.008067"><ele>1149.4</ele></trkpt>
    <trkpt lat="36.641145" lon="34.008162"><ele>1154.6</ele></trkpt>
    <trkpt lat="36.642047" lon="34.008070"><ele>1160.2</ele></trkpt>
    <trkpt lat="36.642952" lon="34.007976"><ele>1165.9</ele></trkpt>
    <trkpt lat="36.643577" lon="34.008068"><ele>1171.3</ele></trkpt>
    <trkpt lat="36.643745" lon="34.008465"><ele>1176.2</ele></trkpt>
    <trkpt lat="36.643450" lon="34.009170"><ele>1180.2</ele></trkpt>
    <trkpt lat="36.642868" lon="34.010066"><ele>1183.2</ele></trkpt>
    <trkpt lat="36.642285" lon="34.010962"><ele>1185.1</ele></trkpt>
    <trkpt lat="36.641990" lon="34.011666"><ele>1185.7</ele></trkpt>
    <trkpt lat="36.642164" lon="34.012059"><ele>1185.0</ele></trkpt>
    <trkpt lat="36.642808" lon="34.012138"><ele>1183.2</ele></trkpt>
    <trkpt lat="36.643743" lon="34.012025"><ele>1180.4</ele></trkpt>
    <trkpt lat="36.644675" lon="34.011912"><ele>1176.8</ele></trkpt>
    <trkpt lat="36.645314" lon="34.011996"><ele>1172.8</ele></trkpt>
    <trkpt lat="36.645476" lon="34.012396"><ele>1168.6</ele></trkpt>
    <trkpt lat="36.645165" lon="34.013111"><ele>1164.5</ele></trkpt>
    <trkpt lat="36.644562" lon="34.014021"><ele>1160.9</ele></trkpt>
    <trkpt lat="36.643964" lon="34.014928"><ele>1158.1</ele></trkpt>
    <trkpt lat="36.643664" lon="34.015636"><ele>1156.2</ele></trkpt>
    <trkpt lat="36.643842" lon="34.016025"><ele>1155.5</ele></trkpt>
    <trkpt lat="36.644495" lon="34.016098"><ele>1156.0</ele></trkpt>
    <trkpt lat="36.645438" lon="34.015979"><ele>1157.9</ele></trkpt>
    <trkpt lat="36.646374" lon="34.015864"><ele>1160.9</ele></trkpt>
    <trkpt lat="36.647011" lon="34.015949"><ele>1165.0</ele></trkpt>
    <trkpt lat="36.647169" lon="34.016352"><ele>1170.0</ele></trkpt>
    <trkpt lat="36.646856" lon="34.017069"><ele>1175.6</ele></trkpt>
    <trkpt lat="36.646257" lon="34.017976"><ele>1181.4</ele></trkpt>
    <trkpt lat="36.645667" lon="34.018877"><ele>1187.3</ele></trkpt>
    <trkpt lat="36.645376" lon="34.019579"><ele>1192.8</ele></trkpt>
    <trkpt lat="36.645558" lon="34.019966"><ele>1197.6</ele></trkpt>
    <trkpt lat="36.646206" lon="34.020043"><ele>1201.6</ele></trkpt>
    <trkpt lat="36.647133" lon="34.019934"><ele>1204.4</ele></trkpt>
    <trkpt lat="36.648049" lon="34.019833"><ele>1206.1</ele></trkpt>
    <trkpt lat="36.648668" lon="34.019928"><ele>1206.5</ele></trkpt>
    <trkpt lat="36.648823" lon="34.020334"><ele>1205.8</ele></trkpt>
    <trkpt lat="36.648523" lon="34.021042"><ele>1203.9</ele></trkpt>
    <trkpt lat="36.647952" lon="34.021930"><ele>1201.1</ele></trkpt>
    <trkpt lat="36.647395" lon="34.022810"><ele>1197.7</ele></trkpt>
    <trkpt lat="36.647127" lon="34.023496"><ele>1193.8</ele></trkpt>
    <trkpt lat="36.647313" lon="34.023881"><ele>1189.9</ele></trkpt>
    <trkpt lat="36.647940" lon="34.023972"><ele>1186.2</ele></trkpt>
    <trkpt lat="36.648827" lon="34.023889"><ele>1183.0</ele></trkpt>
    <trkpt lat="36.649699" lon="34.023817"><ele>1180.6</ele></trkpt>
    <trkpt lat="36.650288" lon="34.023933"><ele>1179.1</ele></trkpt>
    <trkpt lat="36.650440" lon="34.024341"><ele>1178.7</ele></trkpt>
    <trkpt lat="36.650168" lon="34.025030"><ele>1179.4</ele></trkpt>
    <trkpt lat="36.649648" lon="34.025884"><ele>1181.3</ele></trkpt>
    <trkpt lat="36.649146" lon="34.026727"><ele>1184.2</ele></trkpt>
    <trkpt lat="36.648916" lon="34.027389"><ele>1188.0</ele></trkpt>
    <trkpt lat="36.649104" lon="34.027771"><ele>1192.5</ele></trkpt>
    <trkpt lat="36.649696" lon="34.027886"><ele>1197.5</ele></trkpt>
    <trkpt lat="36.650521" lon="34.027845"><ele>1202.6</ele></trkpt>
    <trkpt lat="36.651326" lon="34.027817"><ele>1207.6</ele></trkpt>
    <trkpt lat="36.651872" lon="34.027962"><ele>1212.3</ele></trkpt>
    <trkpt lat="36.652021" lon="34.028371"><ele>1216.4</ele></trkpt>
    <trkpt lat="36.651792" lon="34.029032"><ele>1219.6</ele></trkpt>
    <trkpt lat="36.651344" lon="34.029838"><ele>1222.0</ele></trkpt>
    <trkpt lat="36.650918" lon="34.030630"><ele>1223.3</ele></trkpt>
    <trkpt lat="36.650738" lon="34.031258"><ele>1223.7</ele></trkpt>
    <trkpt lat="36.650929" lon="34.031640"><ele>1223.1</ele></trkpt>
    <trkpt lat="36.651472" lon="34.031787"><ele>1221.7</ele></trkpt>
    <trkpt lat="36.652214" lon="34.031801"><ele>1219.6</ele></trkpt>
    <trkpt lat="36.652934" lon="34.031830"><ele>1217.2</ele></trkpt>
    <trkpt lat="36.653424" lon="34.032012"><ele>1214.4</ele></trkpt>
    <trkpt lat="36.653571" lon="34.032422"><ele>1211.7</ele></trkpt>
    <trkpt lat="36.653396" lon="34.033047"><ele>1209.3</ele></trkpt>
    <trkpt lat="36.653041" lon="34.033792"><ele>1207.3</ele></trkpt>
    <trkpt lat="36.652710" lon="34.034520"><ele>1205.9</ele></trkpt>
    <trkpt lat="36.652591" lon="34.035108"><ele>1205.2</ele></trkpt>
    <trkpt lat="36.652783" lon="34.035489"><ele>1205.3</ele></trkpt>
    <trkpt lat="36.653265" lon="34.035676"><ele>1206.3</ele></trkpt>
    <trkpt lat="36.653907" lon="34.035757"><ele>1208.0</ele></trkpt>
    <trkpt lat="36.654523" lon="34.035855"><ele>1210.4</ele></trkpt>
    <trkpt lat="36.654948" lon="34.036081"><ele>1213.3</ele></trkpt>
    <trkpt lat="36.655094" lon="34.036492"><ele>1216.7</ele></trkpt>
    <trkpt lat="36.654985" lon="34.037073"><ele>1220.2</ele></trkpt>
    <trkpt lat="36.654738" lon="34.037745"><ele>1223.8</ele></trkpt>
    <trkpt lat="36.654518" lon="34.038400"><ele>1227.2</ele></trkpt>
    <trkpt lat="36.654469" lon="34.038941"><ele>1230.3</ele></trkpt>
    <trkpt lat="36.654662" lon="34.039321"><ele>1232.9</ele></trkpt>
    <trkpt lat="36.655073" lon="34.039555"><ele>1235.0</ele></trkpt>
    <trkpt lat="36.655599" lon="34.039713"><ele>1236.6</ele></trkpt>
    <trkpt lat="36.656098" lon="34.039889"><ele>1237.5</ele></trkpt>
    <trkpt lat="36.656449" lon="34.040164"><ele>1237.9</ele></trkpt>
    <trkpt lat="36.656595" lon="34.040575"><ele>1237.8</ele></trkpt>
    <trkpt lat="36.656560" lon="34.041107"><ele>1237.3</ele></trkpt>
    <trkpt lat="36.656436" lon="34.041698"><ele>1236.5</ele></trkpt>
    <trkpt lat="36.656338" lon="34.042271"><ele>1235.6</ele></trkpt>
    <trkpt lat="36.656366" lon="34.042762"><ele>1234.7</ele></trkpt>
    <trkpt lat="36.656559" lon="34.043141"><ele>1233.9</ele></trkpt>
    <trkpt lat="36.656893" lon="34.043427"><ele>1233.4</ele></trkpt>
    <trkpt lat="36.657292" lon="34.043670"><ele>1233.1</ele></trkpt>
    <trkpt lat="36.657663" lon="34.043931"><ele>1233.2</ele></trkpt>
    <trkpt lat="36.657935" lon="34.044258"><ele>1233.6</ele></trkpt>
    <trkpt lat="36.658081" lon="34.044669"><ele>1234.4</ele></trkpt>
    <trkpt lat="36.658127" lon="34.045147"><ele>1235.6</ele></trkpt>
    <trkpt lat="36.658133" lon="34.045651"><ele>1236.9</ele></trkpt>
    <trkpt lat="36.658167" lon="34.046137"><ele>1238.5</ele></trkpt>
    <trkpt lat="36.658276" lon="34.046573"><ele>1240.2</ele></trkpt>
    <trkpt lat="36.658468" lon="34.046953"><ele>1241.8</ele></trkpt>
    <trkpt lat="36.658719" lon="34.047294"><ele>1243.5</ele></trkpt>
    <trkpt lat="36.658984" lon="34.047626"><ele>1244.9</ele></trkpt>
    <trkpt lat="36.659222" lon="34.047977"><ele>1246.2</ele></trkpt>
    <trkpt lat="36.659411" lon="34.048359"><ele>1247.3</ele></trkpt>
    <trkpt lat="36.659558" lon="34.048769"><ele>1248.2</ele></trkpt>
    <trkpt lat="36.659688" lon="34.049191"><ele>1248.9</ele></trkpt>
    <trkpt lat="36.659830" lon="34.049605"><ele>1249.5</ele></trkpt>
    <trkpt lat="36.660000" lon="34.050000"><ele>1250.0</ele></trkpt>
    <trkpt lat="36.660272" lon="34.050294"><ele>1250.7</ele></trkpt>
    <trkpt lat="36.660543" lon="34.050588"><ele>1251.3</ele></trkpt>
    <trkpt lat="36.660825" lon="34.050866"><ele>1251.9</ele></trkpt>
    <trkpt lat="36.661122" lon="34.051121"><ele>1252.3</ele></trkpt>
    <trkpt lat="36.661429" lon="34.051360"><ele>1252.7</ele></trkpt>
    <trkpt lat="36.661734" lon="34.051601"><ele>1253.0</ele></trkpt>
    <trkpt lat="36.662023" lon="34.051869"><ele>1253.1</ele></trkpt>
    <trkpt lat="36.662285" lon="34.052177"><ele>1253.2</ele></trkpt>
    <trkpt lat="36.662523" lon="34.052524"><ele>1253.2</ele></trkpt>
    <trkpt lat="36.662750" lon="34.052887"><ele>1253.1</ele></trkpt>
    <trkpt lat="36.662989" lon="34.053232"><ele>1253.2</ele></trkpt>
    <trkpt lat="36.663261" lon="34.053525"><ele>1253.3</ele></trkpt>
    <trkpt lat="36.663576" lon="34.053752"><ele>1253.5</ele></trkpt>
    <trkpt lat="36.663925" lon="34.053925"><ele>1253.9</ele></trkpt>
    <trkpt lat="36.664286" lon="34.054081"><ele>1254.5</ele></trkpt>
    <trkpt lat="36.664624" lon="34.054271"><ele>1255.3</ele></trkpt>
    <trkpt lat="36.664913" lon="34.054539"><ele>1256.3</ele></trkpt>
    <trkpt lat="36.665143" lon="34.054898"><ele>1257.5</ele></trkpt>
    <trkpt lat="36.665327" lon="34.055327"><ele>1258.9</ele></trkpt>
    <trkpt lat="36.665501" lon="34.055772"><ele>1260.3</ele></trkpt>
    <trkpt lat="36.665707" lon="34.056168"><ele>1261.8</ele></trkpt>
    <trkpt lat="36.665979" lon="34.056462"><ele>1263.2</ele></trkpt>
    <trkpt lat="36.666326" lon="34.056639"><ele>1264.6</ele></trkpt>
    <trkpt lat="36.666728" lon="34.056730"><ele>1265.7</ele></trkpt>
    <trkpt lat="36.667141" lon="34.056805"><ele>1266.6</ele></trkpt>
    <trkpt lat="36.667512" lon="34.056944"><ele>1267.2</ele></trkpt>
    <trkpt lat="36.667802" lon="34.057210"><ele>1267.4</ele></trkpt>
    <trkpt lat="36.668000" lon="34.057619"><ele>1267.3</ele></trkpt>
    <trkpt lat="36.668132" lon="34.058128"><ele>1266.9</ele></trkpt>
    <trkpt lat="36.668254" lon="34.058655"><ele>1266.2</ele></trkpt>
    <trkpt lat="36.668428" lon="34.059102"><ele>1265.3</ele></trkpt>
    <trkpt lat="36.668699" lon="34.059397"><ele>1264.2</ele></trkpt>
    <trkpt lat="36.669077" lon="34.059525"><ele>1263.1</ele></trkpt>
    <trkpt lat="36.669530" lon="34.059537"><ele>1262.0</ele></trkpt>
    <trkpt lat="36.669994" lon="34.059531"><ele>1261.1</ele></trkpt>
    <trkpt lat="36.670398" lon="34.059620"><ele>1260.5</ele></trkpt>
    <trkpt lat="36.670688" lon="34.059885"><ele>1260.2</ele></trkpt>
    <trkpt lat="36.670856" lon="34.060341"><ele>1260.4</ele></trkpt>
    <trkpt lat="36.670939" lon="34.060928"><ele>1261.0</ele></trkpt>
    <trkpt lat="36.671010" lon="34.061534"><ele>1262.1</ele></trkpt>
    <trkpt lat="36.671151" lon="34.062030"><ele>1263.7</ele></trkpt>
    <trkpt lat="36.671421" lon="34.062328"><ele>1265.7</ele></trkpt>
    <trkpt lat="36.671828" lon="34.062410"><ele>1268.0</ele></trkpt>
    <trkpt lat="36.672331" lon="34.062345"><ele>1270.5</ele></trkpt>
    <trkpt lat="36.672845" lon="34.062262"><ele>1273.1</ele></trkpt>
    <trkpt lat="36.673280" lon="34.062302"><ele>1275.7</ele></trkpt>
    <trkpt lat="36.673572" lon="34.062564"><ele>1278.1</ele></trkpt>
    <trkpt lat="36.673711" lon="34.063064"><ele>1280.1</ele></trkpt>
    <trkpt lat="36.673746" lon="34.063727"><ele>1281.8</ele></trkpt>
    <trkpt lat="36.673768" lon="34.064409"><ele>1282.9</ele></trkpt>
    <trkpt lat="36.673878" lon="34.064953"><ele>1283.4</ele></trkpt>
    <trkpt lat="36.674146" lon="34.065254"><ele>1283.3</ele></trkpt>
    <trkpt lat="36.674582" lon="34.065292"><ele>1282.6</ele></trkpt>
    <trkpt lat="36.675131" lon="34.065155"><ele>1281.3</ele></trkpt>
    <trkpt lat="36.675693" lon="34.064997"><ele>1279.6</ele></trkpt>
    <trkpt lat="36.676159" lon="34.064989"><ele>1277.6</ele></trkpt>
    <trkpt lat="36.676453" lon="34.065248"><ele>1275.4</ele></trkpt>
    <trkpt lat="36.676565" lon="34.065791"><ele>1273.2</ele></trkpt>
    <trkpt lat="36.676553" lon="34.066524"><ele>1271.1</ele></trkpt>
    <trkpt lat="36.676529" lon="34.067278"><ele>1269.4</ele></trkpt>
    <trkpt lat="36.676609" lon="34.067870"><ele>1268.2</ele></trkpt>
    <trkpt lat="36.676875" lon="34.068174"><ele>1267.6</ele></trkpt>
    <trkpt lat="36.677337" lon="34.068172"><ele>1267.7</ele></trkpt>
    <trkpt lat="36.677930" lon="34.067965"><ele>1268.6</ele></trkpt>
    <trkpt lat="36.678537" lon="34.067737"><ele>1270.1</ele></trkpt>
    <trkpt lat="36.679033" lon="34.067684"><ele>1272.4</ele></trkpt>
    <trkpt lat="36.679329" lon="34.067939"><ele>1275.2</ele></trkpt>
    <trkpt lat="36.679416" lon="34.068521"><ele>1278.5</ele></trkpt>
    <trkpt lat="36.679362" lon="34.069320"><ele>1282.1</ele></trkpt>
    <trkpt lat="36.679294" lon="34.070143"><ele>1285.8</ele></trkpt>
    <trkpt lat="36.679346" lon="34.070779"><ele>1289.3</ele></trkpt>
    <trkpt lat="36.679608" lon="34.071086"><ele>1292.5</ele></trkpt>
    <trkpt lat="36.680094" lon="34.071047"><ele>1295.2</ele></trkpt>
    <trkpt lat="36.680729" lon="34.070777"><ele>1297.3</ele></trkpt>
    <trkpt lat="36.681378" lon="34.070484"><ele>1298.6</ele></trkpt>
    <trkpt lat="36.681901" lon="34.070387"><ele>1299.0</ele></trkpt>
    <trkpt lat="36.682200" lon="34.070638"><ele>1298.6</ele></trkpt>
    <trkpt lat="36.682264" lon="34.071255"><ele>1297.4</ele></trkpt>
    <trkpt lat="36.682172" lon="34.072115"><ele>1295.4</ele></trkpt>
    <trkpt lat="36.682063" lon="34.073001"><ele>1292.8</ele></trkpt>
    <trkpt lat="36.682088" lon="34.073678"><ele>1289.9</ele></trkpt>
    <trkpt lat="36.682347" lon="34.073991"><ele>1286.7</ele></trkpt>
    <trkpt lat="36.682855" lon="34.073919"><ele>1283.6</ele></trkpt>
    <trkpt lat="36.683526" lon="34.073590"><ele>1280.7</ele></trkpt>
    <trkpt lat="36.684215" lon="34.073236"><ele>1278.3</ele></trkpt>
    <trkpt lat="36.684763" lon="34.073100"><ele>1276.6</ele></trkpt>
    <trkpt lat="36.685066" lon="34.073345"><ele>1275.7</ele></trkpt>
    <trkpt lat="36.685110" lon="34.073994"><ele>1275.8</ele></trkpt>
    <trkpt lat="36.684982" lon="34.074909"><ele>1276.8</ele></trkpt>
    <trkpt lat="36.684836" lon="34.075853"><ele>1278.7</ele></trkpt>
    <trkpt lat="36.684836" lon="34.076569"><ele>1281.5</ele></trkpt>
    <trkpt lat="36.685092" lon="34.076886"><ele>1285.1</ele></trkpt>
    <trkpt lat="36.685618" lon="34.076784"><ele>1289.2</ele></trkpt>
    <trkpt lat="36.686324" lon="34.076404"><ele>1293.6</ele></trkpt>
    <trkpt lat="36.687047" lon="34.075995"><ele>1298.2</ele></trkpt>
    <trkpt lat="36.687619" lon="34.075822"><ele>1302.5</ele></trkpt>
    <trkpt lat="36.687925" lon="34.076063"><ele>1306.4</ele></trkpt>
    <trkpt lat="36.687952" lon="34.076738"><ele>1309.6</ele></trkpt>
    <trkpt lat="36.687792" lon="34.077703"><ele>1312.1</ele></trkpt>
    <trkpt lat="36.687613" lon="34.078697"><ele>1313.5</ele></trkpt>
    <trkpt lat="36.687591" lon="34.079448"><ele>1313.9</ele></trkpt>
    <trkpt lat="36.687844" lon="34.079771"><ele>1313.2</ele></trkpt>
    <trkpt lat="36.688386" lon="34.079644"><ele>1311.6</ele></trkpt>
    <trkpt lat="36.689120" lon="34.079219"><ele>1309.0</ele></trkpt>
    <trkpt lat="36.689875" lon="34.078761"><ele>1305.8</ele></trkpt>
    <trkpt lat="36.690468" lon="34.078556"><ele>1302.1</ele></trkpt>
    <trkpt lat="36.690778" lon="34.078790"><ele>1298.2</ele></trkpt>
    <trkpt lat="36.690789" lon="34.079489"><ele>1294.3</ele></trkpt>
    <trkpt lat="36.690603" lon="34.080495"><ele>1290.8</ele></trkpt>
    <trkpt lat="36.690395" lon="34.081535"><ele>1287.9</ele></trkpt>
    <trkpt lat="36.690353" lon="34.082316"><ele>1285.8</ele></trkpt>
    <trkpt lat="36.690602" lon="34.082645"><ele>1284.7</ele></trkpt>
    <trkpt lat="36.691158" lon="34.082498"><ele>1284.7</ele></trkpt>
    <trkpt lat="36.691917" lon="34.082034"><ele>1285.8</ele></trkpt>
    <trkpt lat="36.692698" lon="34.081535"><ele>1288.1</ele></trkpt>
    <trkpt lat="36.693310" lon="34.081300"><ele>1291.3</ele></trkpt>
    <trkpt lat="36.693623" lon="34.081530"><ele>1295.4</ele></trkpt>
    <trkpt lat="36.693623" lon="34.082246"><ele>1300.1</ele></trkpt>
    <trkpt lat="36.693414" lon="34.083288"><ele>1305.2</ele></trkpt>
    <trkpt lat="36.693182" lon="34.084365"><ele>1310.3</ele></trkpt>
    <trkpt lat="36.693123" lon="34.085173"><ele>1315.2</ele></trkpt>
    <trkpt lat="36.693369" lon="34.085508"><ele>1319.6</ele></trkpt>
    <trkpt lat="36.693934" lon="34.085344"><ele>1323.2</ele></trkpt>
    <trkpt lat="36.694713" lon="34.084849"><ele>1325.9</ele></trkpt>
    <trkpt lat="36.695516" lon="34.084316"><ele>1327.4</ele></trkpt>
    <trkpt lat="36.696143" lon="34.084057"><ele>1327.8</ele></trkpt>
    <trkpt lat="36.696460" lon="34.084281"><ele>1326.9</ele></trkpt>
    <trkpt lat="36.696451" lon="34.085011"><ele>1325.0</ele></trkpt>
    <trkpt lat="36.696225" lon="34.086080"><ele>1322.0</ele></trkpt>
    <trkpt lat="36.695974" lon="34.087188"><ele>1318.3</ele></trkpt>
    <trkpt lat="36.695901" lon="34.088017"><ele>1314.2</ele></trkpt>
    <trkpt lat="36.696143" lon="34.088358"><ele>1309.7</ele></trkpt>
    <trkpt lat="36.696716" lon="34.088183"><ele>1305.4</ele></trkpt>
    <trkpt lat="36.697510" lon="34.087664"><ele>1301.5</ele></trkpt>
    <trkpt lat="36.698330" lon="34.087105"><ele>1298.3</ele></trkpt>
    <trkpt lat="36.698969" lon="34.086827"><ele>1296.0</ele></trkpt>
    <trkpt lat="36.699290" lon="34.087045"><ele>1294.7</ele></trkpt>
    <trkpt lat="36.699275" lon="34.087784"><ele>1294.7</ele></trkpt>
    <trkpt lat="36.699036" lon="34.088873"><ele>1295.9</ele></trkpt>
    <trkpt lat="36.698770" lon="34.090002"><ele>1298.3</ele></trkpt>
    <trkpt lat="36.698686" lon="34.090849"><ele>1301.9</ele></trkpt>
    <trkpt lat="36.698925" lon="34.091195"><ele>1306.2</ele></trkpt>
    <trkpt lat="36.699502" lon="34.091013"><ele>1311.3</ele></trkpt>
    <trkpt lat="36.700307" lon="34.090479"><ele>1316.7</ele></trkpt>
    <trkpt lat="36.701138" lon="34.089901"><ele>1322.2</ele></trkpt>
    <trkpt lat="36.701787" lon="34.089609"><ele>1327.4</ele></trkpt>
    <trkpt lat="36.702111" lon="34.089821"><ele>1332.0</ele></trkpt>
    <trkpt lat="36.702093" lon="34.090565"><ele>1335.8</ele></trkpt>
    <trkpt lat="36.701846" lon="34.091666"><ele>1338.6</ele></trkpt>
    <trkpt lat="36.701572" lon="34.092810"><ele>1340.2</ele></trkpt>
    <trkpt lat="36.701481" lon="34.093668"><ele>1340.5</ele></trkpt>
    <trkpt lat="36.701716" lon="34.094019"><ele>1339.6</ele></trkpt>
    <trkpt lat="36.702294" lon="34.093835"><ele>1337.5</ele></trkpt>
    <trkpt lat="36.703104" lon="34.093293"><ele>1334.4</ele></trkpt>
    <trkpt lat="36.703942" lon="34.092705"><ele>1330.5</ele></trkpt>
    <trkpt lat="36.704596" lon="34.092404"><ele>1326.1</ele></trkpt>
    <trkpt lat="36.704923" lon="34.092611"><ele>1321.5</ele></trkpt>
    <trkpt lat="36.704906" lon="34.093355"><ele>1317.0</ele></trkpt>
    <trkpt lat="36.704657" lon="34.094459"><ele>1312.9</ele></trkpt>
    <trkpt lat="36.704378" lon="34.095610"><ele>1309.6</ele></trkpt>
    <trkpt lat="36.704283" lon="34.096474"><ele>1307.2</ele></trkpt>
    <trkpt lat="36.704515" lon="34.096830"><ele>1305.9</ele></trkpt>
    <trkpt lat="36.705092" lon="34.096648"><ele>1305.9</ele></trkpt>
    <trkpt lat="36.705901" lon="34.096106"><ele>1307.2</ele></trkpt>
    <trkpt lat="36.706741" lon="34.095517"><ele>1309.6</ele></trkpt>
    <trkpt lat="36.707397" lon="34.095212"><ele>1313.2</ele></trkpt>
    <trkpt lat="36.707727" lon="34.095415"><ele>1317.7</ele></trkpt>
    <trkpt lat="36.707713" lon="34.096154"><ele>1322.8</ele></trkpt>
    <trkpt lat="36.707466" lon="34.097254"><ele>1328.2</ele></trkpt>
    <trkpt lat="36.707189" lon="34.098402"><ele>1333.8</ele></trkpt>
    <trkpt lat="36.707094" lon="34.099267"><ele>1339.0</ele></trkpt>
    <trkpt lat="36.707323" lon="34.099627"><ele>1343.6</ele></trkpt>
    <trkpt lat="36.707896" lon="34.099452"><ele>1347.4</ele></trkpt>
    <trkpt lat="36.708700" lon="34.098918"><ele>1350.2</ele></trkpt>
    <trkpt lat="36.709535" lon="34.098335"><ele>1351.7</ele></trkpt>
    <trkpt lat="36.710190" lon="34.098033"><ele>1352.1</ele></trkpt>
    <trkpt lat="36.710522" lon="34.098232"><ele>1351.1</ele></trkpt>
    <trkpt lat="36.710514" lon="34.098962"><ele>1349.0</ele></trkpt>
    <trkpt lat="36.710275" lon="34.100050"><ele>1346.0</ele></trkpt>
    <trkpt lat="36.710004" lon="34.101187"><ele>1342.2</ele></trkpt>
    <trkpt lat="36.709912" lon="34.102047"><ele>1337.8</ele></trkpt>
    <trkpt lat="36.710140" lon="34.102410"><ele>1333.3</ele></trkpt>
    <trkpt lat="36.710705" lon="34.102247"><ele>1329.0</ele></trkpt>
    <trkpt lat="36.711499" lon="34.101729"><ele>1325.0</ele></trkpt>
    <trkpt lat="36.712324" lon="34.101161"><ele>1321.8</ele></trkpt>
    <trkpt lat="36.712974" lon="34.100866"><ele>1319.5</ele></trkpt>
    <trkpt lat="36.713309" lon="34.101063"><ele>1318.3</ele></trkpt>
    <trkpt lat="36.713309" lon="34.101779"><ele>1318.3</ele></trkpt>
    <trkpt lat="36.713083" lon="34.102848"><ele>1319.5</ele></trkpt>
    <trkpt lat="36.712824" lon="34.103966"><ele>1322.0</ele></trkpt>
    <trkpt lat="36.712739" lon="34.104815"><ele>1325.4</ele></trkpt>
    <trkpt lat="36.712965" lon="34.105181"><ele>1329.7</ele></trkpt>
    <trkpt lat="36.713520" lon="34.105033"><ele>1334.6</ele></trkpt>
    <trkpt lat="36.714299" lon="34.104538"><ele>1339.8</ele></trkpt>
    <trkpt lat="36.715110" lon="34.103993"><ele>1345.1</ele></trkpt>
    <trkpt lat="36.715751" lon="34.103712"><ele>1350.0</ele></trkpt>
    <trkpt lat="36.716087" lon="34.103906"><ele>1354.4</ele></trkpt>
    <trkpt lat="36.716098" lon="34.104606"><ele>1358.0</ele></trkpt>
    <trkpt lat="36.715889" lon="34.105647"><ele>1360.6</ele></trkpt>
    <trkpt lat="36.715648" lon="34.106738"><ele>1362.1</ele></trkpt>
    <trkpt lat="36.715574" lon="34.107571"><ele>1362.4</ele></trkpt>
    <trkpt lat="36.715799" lon="34.107938"><ele>1361.6</ele></trkpt>
    <trkpt lat="36.716342" lon="34.107809"><ele>1359.7</ele></trkpt>
    <trkpt lat="36.717101" lon="34.107345"><ele>1356.8</ele></trkpt>
    <trkpt lat="36.717892" lon="34.106831"><ele>1353.3</ele></trkpt>
    <trkpt lat="36.718520" lon="34.106569"><ele>1349.4</ele></trkpt>
    <trkpt lat="36.718856" lon="34.106763"><ele>1345.3</ele></trkpt>
    <trkpt lat="36.718881" lon="34.107441"><ele>1341.3</ele></trkpt>
    <trkpt lat="36.718694" lon="34.108448"><ele>1337.8</ele></trkpt>
    <trkpt lat="36.718476" lon="34.109505"><ele>1334.9</ele></trkpt>
    <trkpt lat="36.718415" lon="34.110316"><ele>1332.8</ele></trkpt>
    <trkpt lat="36.718640" lon="34.110683"><ele>1331.8</ele></trkpt>
    <trkpt lat="36.719169" lon="34.110577"><ele>1331.9</ele></trkpt>
    <trkpt lat="36.719903" lon="34.110150"><ele>1333.1</ele></trkpt>
    <trkpt lat="36.720670" lon="34.109675"><ele>1335.3</ele></trkpt>
    <trkpt lat="36.721283" lon="34.109437"><ele>1338.5</ele></trkpt>
    <trkpt lat="36.721618" lon="34.109632"><ele>1342.4</ele></trkpt>
    <trkpt lat="36.721658" lon="34.110286"><ele>1346.8</ele></trkpt>
    <trkpt lat="36.721498" lon="34.111252"><ele>1351.5</ele></trkpt>
    <trkpt lat="36.721307" lon="34.112266"><ele>1356.2</ele></trkpt>
    <trkpt lat="36.721264" lon="34.113050"><ele>1360.6</ele></trkpt>
    <trkpt lat="36.721490" lon="34.113415"><ele>1364.6</ele></trkpt>
    <trkpt lat="36.722002" lon="34.113335"><ele>1367.8</ele></trkpt>
    <trkpt lat="36.722708" lon="34.112953"><ele>1370.1</ele></trkpt>
    <trkpt lat="36.723444" lon="34.112523"><ele>1371.4</ele></trkpt>
    <trkpt lat="36.724038" lon="34.112316"><ele>1371.7</ele></trkpt>
    <trkpt lat="36.724372" lon="34.112513"><ele>1371.0</ele></trkpt>
    <trkpt lat="36.724430" lon="34.113139"><ele>1369.4</ele></trkpt>
    <trkpt lat="36.724301" lon="34.114058"><ele>1367.0</ele></trkpt>
    <trkpt lat="36.724141" lon="34.115022"><ele>1364.0</ele></trkpt>
    <trkpt lat="36.724119" lon="34.115773"><ele>1360.7</ele></trkpt>
    <trkpt lat="36.724347" lon="34.116136"><ele>1357.3</ele></trkpt>
    <trkpt lat="36.724840" lon="34.116085"><ele>1354.0</ele></trkpt>
    <trkpt lat="36.725514" lon="34.115753"><ele>1351.1</ele></trkpt>
    <trkpt lat="36.726216" lon="34.115377"><ele>1348.7</ele></trkpt>
    <trkpt lat="36.726787" lon="34.115205"><ele>1347.1</ele></trkpt>
    <trkpt lat="36.727119" lon="34.115405"><ele>1346.3</ele></trkpt>
    <trkpt lat="36.727197" lon="34.116001"><ele>1346.5</ele></trkpt>
    <trkpt lat="36.727101" lon="34.116866"><ele>1347.6</ele></trkpt>
    <trkpt lat="36.726978" lon="34.117775"><ele>1349.5</ele></trkpt>
    <trkpt lat="36.726980" lon="34.118488"><ele>1352.3</ele></trkpt>
    <trkpt lat="36.727211" lon="34.118846"><ele>1355.6</ele></trkpt>
    <trkpt lat="36.727684" lon="34.118827"><ele>1359.3</ele></trkpt>
    <trkpt lat="36.728321" lon="34.118551"><ele>1363.2</ele></trkpt>
    <trkpt lat="36.728986" lon="34.118234"><ele>1367.1</ele></trkpt>
    <trkpt lat="36.729531" lon="34.118102"><ele>1370.8</ele></trkpt>
    <trkpt lat="36.729860" lon="34.118307"><ele>1374.0</ele></trkpt>
    <trkpt lat="36.729958" lon="34.118871"><ele>1376.7</ele></trkpt>
    <trkpt lat="36.729900" lon="34.119677"><ele>1378.6</ele></trkpt>
    <trkpt lat="36.729817" lon="34.120524"><ele>1379.7</ele></trkpt>
    <trkpt lat="36.729847" lon="34.121194"><ele>1380.0</ele></trkpt>
    <trkpt lat="36.730081" lon="34.121547"><ele>1379.5</ele></trkpt>
    <trkpt lat="36.730532" lon="34.121561"><ele>1378.3</ele></trkpt>
    <trkpt lat="36.731131" lon="34.121346"><ele>1376.5</ele></trkpt>
    <trkpt lat="36.731753" lon="34.121094"><ele>1374.3</ele></trkpt>
    <trkpt lat="36.732270" lon="34.121007"><ele>1371.9</ele></trkpt>
    <trkpt lat="36.732594" lon="34.121219"><ele>1369.3</ele></trkpt>
    <trkpt lat="36.732715" lon="34.121748"><ele>1366.9</ele></trkpt>
    <trkpt lat="36.732697" lon="34.122491"><ele>1364.8</ele></trkpt>
    <trkpt lat="36.732658" lon="34.123269"><ele>1363.2</ele></trkpt>
    <trkpt lat="36.732718" lon="34.123893"><ele>1362.1</ele></trkpt>
    <trkpt lat="36.732957" lon="34.124238"><ele>1361.7</ele></trkpt>
    <trkpt lat="36.733385" lon="34.124288"><ele>1362.0</ele></trkpt>
    <trkpt lat="36.733942" lon="34.124138"><ele>1363.0</ele></trkpt>
    <trkpt lat="36.734519" lon="34.123956"><ele>1364.6</ele></trkpt>
    <trkpt lat="36.735004" lon="34.123918"><ele>1366.7</ele></trkpt>
    <trkpt lat="36.735323" lon="34.124139"><ele>1369.3</ele></trkpt>
    <trkpt lat="36.735467" lon="34.124632"><ele>1372.1</ele></trkpt>
    <trkpt lat="36.735493" lon="34.125308"><ele>1375.1</ele></trkpt>
    <trkpt lat="36.735500" lon="34.126013"><ele>1378.0</ele></trkpt>
    <trkpt lat="36.735593" lon="34.126586"><ele>1380.7</ele></trkpt>
    <trkpt lat="36.735838" lon="34.126922"><ele>1383.1</ele></trkpt>
    <trkpt lat="36.736243" lon="34.127008"><ele>1385.0</ele></trkpt>
    <trkpt lat="36.736755" lon="34.126927"><ele>1386.4</ele></trkpt>
    <trkpt lat="36.737284" lon="34.126821"><ele>1387.3</ele></trkpt>
    <trkpt lat="36.737735" lon="34.126835"><ele>1387.6</ele></trkpt>
    <trkpt lat="36.738047" lon="34.127066"><ele>1387.3</ele></trkpt>
    <trkpt lat="36.738215" lon="34.127522"><ele>1386.6</ele></trkpt>
    <trkpt lat="36.738286" lon="34.128128"><ele>1385.6</ele></trkpt>
    <trkpt lat="36.738343" lon="34.128756"><ele>1384.2</ele></trkpt>
    <trkpt lat="36.738471" lon="34.129274"><ele>1382.8</ele></trkpt>
    <trkpt lat="36.738723" lon="34.129599"><ele>1381.3</ele></trkpt>
    <trkpt lat="36.739104" lon="34.129723"><ele>1380.0</ele></trkpt>
    <trkpt lat="36.739570" lon="34.129714"><ele>1378.9</ele></trkpt>
    <trkpt lat="36.740048" lon="34.129686"><ele>1378.1</ele></trkpt>
    <trkpt lat="36.740463" lon="34.129757"><ele>1377.7</ele></trkpt>
    <trkpt lat="36.740768" lon="34.129999"><ele>1377.7</ele></trkpt>
    <trkpt lat="36.740960" lon="34.130417"><ele>1378.1</ele></trkpt>
    <trkpt lat="36.741078" lon="34.130950"><ele>1379.0</ele></trkpt>
    <trkpt lat="36.741187" lon="34.131498"><ele>1380.2</ele></trkpt>
    <trkpt lat="36.741351" lon="34.131958"><ele>1381.7</ele></trkpt>
    <trkpt lat="36.741611" lon="34.132271"><ele>1383.4</ele></trkpt>
    <trkpt lat="36.741968" lon="34.132432"><ele>1385.2</ele></trkpt>
    <trkpt lat="36.742387" lon="34.132497"><ele>1387.0</ele></trkpt>
    <trkpt lat="36.742812" lon="34.132552"><ele>1388.8</ele></trkpt>
    <trkpt lat="36.743189" lon="34.132682"><ele>1390.4</ele></trkpt>
    <trkpt lat="36.743486" lon="34.132937"><ele>1391.8</ele></trkpt>
    <trkpt lat="36.743702" lon="34.133317"><ele>1392.9</ele></trkpt>
    <trkpt lat="36.743868" lon="34.133776"><ele>1393.7</ele></trkpt>
    <trkpt lat="36.744031" lon="34.134239"><ele>1394.3</ele></trkpt>
    <trkpt lat="36.744234" lon="34.134640"><ele>1394.6</ele></trkpt>
    <trkpt lat="36.744502" lon="34.134938"><ele>1394.6</ele></trkpt>
    <trkpt lat="36.744835" lon="34.135138"><ele>1394.5</ele></trkpt>
    <trkpt lat="36.745205" lon="34.135278"><ele>1394.2</ele></trkpt>
    <trkpt lat="36.745576" lon="34.135418"><ele>1393.9</ele></trkpt>
    <trkpt lat="36.745914" lon="34.135609"><ele>1393.6</ele></trkpt>
    <trkpt lat="36.746201" lon="34.135879"><ele>1393.3</ele></trkpt>
    <trkpt lat="36.746441" lon="34.136221"><ele>1393.2</ele></trkpt>
    <trkpt lat="36.746656" lon="34.136603"><ele>1393.1</ele></trkpt>
    <trkpt lat="36.746874" lon="34.136982"><ele>1393.3</ele></trkpt>
    <trkpt lat="36.747117" lon="34.137320"><ele>1393.6</ele></trkpt>
    <trkpt lat="36.747395" lon="34.137603"><ele>1394.1</ele></trkpt>
    <trkpt lat="36.747704" lon="34.137840"><ele>1394.7</ele></trkpt>
    <trkpt lat="36.748025" lon="34.138057"><ele>1395.4</ele></trkpt>
    <trkpt lat="36.748341" lon="34.138282"><ele>1396.1</ele></trkpt>
    <trkpt lat="36.748638" lon="34.138536"><ele>1396.9</ele></trkpt>
    <trkpt lat="36.748915" lon="34.138822"><ele>1397.7</ele></trkpt>
    <trkpt lat="36.749179" lon="34.139128"><ele>1398.4</ele></trkpt>
    <trkpt lat="36.749443" lon="34.139434"><ele>1399.0</ele></trkpt>
    <trkpt lat="36.749716" lon="34.139726"><ele>1399.6</ele></trkpt>
    <trkpt lat="36.750000" lon="34.140000"><ele>1400.0</ele></trkpt>
    <trkpt lat="36.750190" lon="34.140383"><ele>1400.5</ele></trkpt>
    <trkpt lat="36.750386" lon="34.140760"><ele>1401.0</ele></trkpt>
    <trkpt lat="36.750600" lon="34.141121"><ele>1401.6</ele></trkpt>
    <trkpt lat="36.750833" lon="34.141468"><ele>1402.2</ele></trkpt>
    <trkpt lat="36.751070" lon="34.141810"><ele>1402.8</ele></trkpt>
    <trkpt lat="36.751294" lon="34.142164"><ele>1403.2</ele></trkpt>
    <trkpt lat="36.751486" lon="34.142545"><ele>1403.6</ele></trkpt>
    <trkpt lat="36.751642" lon="34.142956"><ele>1403.8</ele></trkpt>
    <trkpt lat="36.751775" lon="34.143387"><ele>1403.9</ele></trkpt>
    <trkpt lat="36.751913" lon="34.143813"><ele>1403.8</ele></trkpt>
    <trkpt lat="36.752088" lon="34.144209"><ele>1403.6</ele></trkpt>
    <trkpt lat="36.752318" lon="34.144556"><ele>1403.3</ele></trkpt>
    <trkpt lat="36.752603" lon="34.144858"><ele>1402.9</ele></trkpt>
    <trkpt lat="36.752915" lon="34.145137"><ele>1402.6</ele></trkpt>
    <trkpt lat="36.753211" lon="34.145429"><ele>1402.3</ele></trkpt>
    <trkpt lat="36.753449" lon="34.145771"><ele>1402.1</ele></trkpt>
    <trkpt lat="36.753606" lon="34.146181"><ele>1402.1</ele></trkpt>
    <trkpt lat="36.753692" lon="34.146653"><ele>1402.3</ele></trkpt>
    <trkpt lat="36.753746" lon="34.147151"><ele>1402.8</ele></trkpt>
    <trkpt lat="36.753827" lon="34.147626"><ele>1403.6</ele></trkpt>
    <trkpt lat="36.753987" lon="34.148033"><ele>1404.7</ele></trkpt>
    <trkpt lat="36.754253" lon="34.148351"><ele>1405.9</ele></trkpt>
    <trkpt lat="36.754609" lon="34.148593"><ele>1407.4</ele></trkpt>
    <trkpt lat="36.754999" lon="34.148805"><ele>1409.0</ele></trkpt>
    <trkpt lat="36.755351" lon="34.149049"><ele>1410.7</ele></trkpt>
    <trkpt lat="36.755602" lon="34.149380"><ele>1412.3</ele></trkpt>
    <trkpt lat="36.755724" lon="34.149821"><ele>1413.7</ele></trkpt>
    <trkpt lat="36.755739" lon="34.150352"><ele>1415.0</ele></trkpt>
    <trkpt lat="36.755716" lon="34.150915"><ele>1415.9</ele></trkpt>
    <trkpt lat="36.755741" lon="34.151437"><ele>1416.4</ele></trkpt>
    <trkpt lat="36.755890" lon="34.151854"><ele>1416.6</ele></trkpt>
    <trkpt lat="36.756192" lon="34.152142"><ele>1416.3</ele></trkpt>
    <trkpt lat="36.756617" lon="34.152325"><ele>1415.6</ele></trkpt>
    <trkpt lat="36.757083" lon="34.152473"><ele>1414.6</ele></trkpt>
    <trkpt lat="36.757489" lon="34.152671"><ele>1413.2</ele></trkpt>
    <trkpt lat="36.757751" lon="34.152993"><ele>1411.7</ele></trkpt>
    <trkpt lat="36.757837" lon="34.153464"><ele>1410.1</ele></trkpt>
    <trkpt lat="36.757784" lon="34.154053"><ele>1408.6</ele></trkpt>
    <trkpt lat="36.757686" lon="34.154680"><ele>1407.3</ele></trkpt>
    <trkpt lat="36.757659" lon="34.155246"><ele>1406.2</ele></trkpt>
    <trkpt lat="36.757798" lon="34.155672"><ele>1405.6</ele></trkpt>
    <trkpt lat="36.758136" lon="34.155929"><ele>1405.4</ele></trkpt>
    <trkpt lat="36.758627" lon="34.156055"><ele>1405.9</ele></trkpt>
    <trkpt lat="36.759167" lon="34.156141"><ele>1406.9</ele></trkpt>
    <trkpt lat="36.759623" lon="34.156297"><ele>1408.4</ele></trkpt>
    <trkpt lat="36.759894" lon="34.156610"><ele>1410.4</ele></trkpt>
    <trkpt lat="36.759945" lon="34.157111"><ele>1412.9</ele></trkpt>
    <trkpt lat="36.759826" lon="34.157756"><ele>1415.6</ele></trkpt>
    <trkpt lat="36.759657" lon="34.158444"><ele>1418.4</ele></trkpt>
    <trkpt lat="36.759582" lon="34.159052"><ele>1421.3</ele></trkpt>
    <trkpt lat="36.759712" lon="34.159484"><ele>1423.9</ele></trkpt>
    <trkpt lat="36.760084" lon="34.159712"><ele>1426.2</ele></trkpt>
    <trkpt lat="36.760641" lon="34.159783"><ele>1428.0</ele></trkpt>
    <trkpt lat="36.761249" lon="34.159810"><ele>1429.2</ele></trkpt>
    <trkpt lat="36.761753" lon="34.159926"><ele>1429.7</ele></trkpt>
    <trkpt lat="36.762031" lon="34.160233"><ele>1429.5</ele></trkpt>
    <trkpt lat="36.762047" lon="34.160764"><ele>1428.6</ele></trkpt>
    <trkpt lat="36.761865" lon="34.161462"><ele>1427.0</ele></trkpt>
    <trkpt lat="36.761629" lon="34.162206"><ele>1425.0</ele></trkpt>
    <trkpt lat="36.761509" lon="34.162852"><ele>1422.5</ele></trkpt>
    <trkpt lat="36.761633" lon="34.163291"><ele>1419.8</ele></trkpt>
    <trkpt lat="36.762040" lon="34.163489"><ele>1417.1</ele></trkpt>
    <trkpt lat="36.762657" lon="34.163509"><ele>1414.5</ele></trkpt>
    <trkpt lat="36.763329" lon="34.163481"><ele>1412.3</ele></trkpt>
    <trkpt lat="36.763876" lon="34.163560"><ele>1410.6</ele></trkpt>
    <trkpt lat="36.764160" lon="34.163863"><ele>1409.6</ele></trkpt>
    <trkpt lat="36.764142" lon="34.164422"><ele>1409.4</ele></trkpt>
    <trkpt lat="36.763902" lon="34.165170"><ele>1410.0</ele></trkpt>
    <trkpt lat="36.763604" lon="34.165967"><ele>1411.5</ele></trkpt>
    <trkpt lat="36.763443" lon="34.166647"><ele>1413.7</ele></trkpt>
    <trkpt lat="36.763563" lon="34.167090"><ele>1416.6</ele></trkpt>
    <trkpt lat="36.764002" lon="34.167260"><ele>1420.1</ele></trkpt>
    <trkpt lat="36.764676" lon="34.167232"><ele>1423.9</ele></trkpt>
    <trkpt lat="36.765407" lon="34.167154"><ele>1427.8</ele></trkpt>
    <trkpt lat="36.765992" lon="34.167201"><ele>1431.6</ele></trkpt>
    <trkpt lat="36.766279" lon="34.167501"><ele>1435.1</ele></trkpt>
    <trkpt lat="36.766230" lon="34.168086"><ele>1438.0</ele></trkpt>
    <trkpt lat="36.765935" lon="34.168881"><ele>1440.3</ele></trkpt>
    <trkpt lat="36.765582" lon="34.169724"><ele>1441.7</ele></trkpt>
    <trkpt lat="36.765386" lon="34.170436"><ele>1442.1</ele></trkpt>
    <trkpt lat="36.765502" lon="34.170880"><ele>1441.6</ele></trkpt>
    <trkpt lat="36.765972" lon="34.171025"><ele>1440.2</ele></trkpt>
    <trkpt lat="36.766697" lon="34.170952"><ele>1437.9</ele></trkpt>
    <trkpt lat="36.767481" lon="34.170830"><ele>1435.0</ele></trkpt>
    <trkpt lat="36.768099" lon="34.170849"><ele>1431.5</ele></trkpt>
    <trkpt lat="36.768389" lon="34.171147"><ele>1427.9</ele></trkpt>
    <trkpt lat="36.768310" lon="34.171757"><ele>1424.2</ele></trkpt>
    <trkpt lat="36.767966" lon="34.172593"><ele>1420.8</ele></trkpt>
    <trkpt lat="36.767564" lon="34.173479"><ele>1418.0</ele></trkpt>
    <trkpt lat="36.767337" lon="34.174217"><ele>1415.8</ele></trkpt>
    <trkpt lat="36.767452" lon="34.174662"><ele>1414.5</ele></trkpt>
    <trkpt lat="36.767950" lon="34.174783"><ele>1414.3</ele></trkpt>
    <trkpt lat="36.768722" lon="34.174671"><ele>1415.1</ele></trkpt>
    <trkpt lat="36.769551" lon="34.174510"><ele>1416.9</ele></trkpt>
    <trkpt lat="36.770198" lon="34.174504"><ele>1419.7</ele></trkpt>
    <trkpt lat="36.770487" lon="34.174802"><ele>1423.4</ele></trkpt>
    <trkpt lat="36.770382" lon="34.175436"><ele>1427.6</ele></trkpt>
    <trkpt lat="36.769995" lon="34.176308"><ele>1432.2</ele></trkpt>
    <trkpt lat="36.769551" lon="34.177230"><ele>1437.0</ele></trkpt>
    <trkpt lat="36.769298" lon="34.177989"><ele>1441.5</ele></trkpt>
    <trkpt lat="36.769414" lon="34.178434"><ele>1445.7</ele></trkpt>
    <trkpt lat="36.769937" lon="34.178533"><ele>1449.1</ele></trkpt>
    <trkpt lat="36.770748" lon="34.178388"><ele>1451.6</ele></trkpt>
    <trkpt lat="36.771616" lon="34.178194"><ele>1453.1</ele></trkpt>
    <trkpt lat="36.772286" lon="34.178169"><ele>1453.5</ele></trkpt>
    <trkpt lat="36.772574" lon="34.178467"><ele>1452.7</ele></trkpt>
    <trkpt lat="36.772445" lon="34.179121"><ele>1450.8</ele></trkpt>
    <trkpt lat="36.772021" lon="34.180025"><ele>1448.0</ele></trkpt>
    <trkpt lat="36.771542" lon="34.180976"><ele>1444.4</ele></trkpt>
    <trkpt lat="36.771269" lon="34.181752"><ele>1440.3</ele></trkpt>
    <trkpt lat="36.771387" lon="34.182196"><ele>1436.0</ele></trkpt>
    <trkpt lat="36.771933" lon="34.182276"><ele>1431.7</ele></trkpt>
    <trkpt lat="36.772777" lon="34.182102"><ele>1427.8</ele></trkpt>
    <trkpt lat="36.773676" lon="34.181882"><ele>1424.5</ele></trkpt>
    <trkpt lat="36.774363" lon="34.181842"><ele>1422.0</ele></trkpt>
    <trkpt lat="36.774648" lon="34.182143"><ele>1420.6</ele></trkpt>
    <trkpt lat="36.774499" lon="34.182815"><ele>1420.3</ele></trkpt>
    <trkpt lat="36.774046" lon="34.183744"><ele>1421.3</ele></trkpt>
    <trkpt lat="36.773539" lon="34.184718"><ele>1423.5</ele></trkpt>
    <trkpt lat="36.773252" lon="34.185506"><ele>1426.7</ele></trkpt>
    <trkpt lat="36.773373" lon="34.185947"><ele>1430.8</ele></trkpt>
    <trkpt lat="36.773937" lon="34.186011"><ele>1435.6</ele></trkpt>
    <trkpt lat="36.774808" lon="34.185815"><ele>1440.7</ele></trkpt>
    <trkpt lat="36.775730" lon="34.185575"><ele>1446.0</ele></trkpt>
    <trkpt lat="36.776428" lon="34.185526"><ele>1451.0</ele></trkpt>
    <trkpt lat="36.776710" lon="34.185830"><ele>1455.5</ele></trkpt>
    <trkpt lat="36.776543" lon="34.186516"><ele>1459.2</ele></trkpt>
    <trkpt lat="36.776068" lon="34.187464"><ele>1461.8</ele></trkpt>
    <trkpt lat="36.775543" lon="34.188454"><ele>1463.3</ele></trkpt>
    <trkpt lat="36.775247" lon="34.189250"><ele>1463.6</ele></trkpt>
    <trkpt lat="36.775373" lon="34.189687"><ele>1462.6</ele></trkpt>
    <trkpt lat="36.775951" lon="34.189739"><ele>1460.5</ele></trkpt>
    <trkpt lat="36.776840" lon="34.189527"><ele>1457.3</ele></trkpt>
    <trkpt lat="36.777777" lon="34.189274"><ele>1453.4</ele></trkpt>
    <trkpt lat="36.778481" lon="34.189220"><ele>1448.9</ele></trkpt>
    <trkpt lat="36.778758" lon="34.189529"><ele>1444.2</ele></trkpt>
    <trkpt lat="36.778579" lon="34.190225"><ele>1439.6</ele></trkpt>
    <trkpt lat="36.778089" lon="34.191185"><ele>1435.4</ele></trkpt>
    <trkpt lat="36.777553" lon="34.192185"><ele>1431.9</ele></trkpt>
    <trkpt lat="36.777254" lon="34.192983"><ele>1429.4</ele></trkpt>
    <trkpt lat="36.777385" lon="34.193415"><ele>1427.9</ele></trkpt>
    <trkpt lat="36.777975" lon="34.193458"><ele>1427.7</ele></trkpt>
    <trkpt lat="36.778874" lon="34.193237"><ele>1428.8</ele></trkpt>
    <trkpt lat="36.779818" lon="34.192979"><ele>1431.2</ele></trkpt>
    <trkpt lat="36.780521" lon="34.192925"><ele>1434.6</ele></trkpt>
    <trkpt lat="36.780792" lon="34.193238"><ele>1438.9</ele></trkpt>
    <trkpt lat="36.780605" lon="34.193942"><ele>1443.9</ele></trkpt>
    <trkpt lat="36.780108" lon="34.194908"><ele>1449.3</ele></trkpt>
    <trkpt lat="36.779570" lon="34.195910"><ele>1454.7</ele></trkpt>
    <trkpt lat="36.779274" lon="34.196705"><ele>1459.8</ele></trkpt>
    <trkpt lat="36.779412" lon="34.197132"><ele>1464.4</ele></trkpt>
    <trkpt lat="36.780007" lon="34.197170"><ele>1468.1</ele></trkpt>
    <trkpt lat="36.780910" lon="34.196946"><ele>1470.7</ele></trkpt>
    <trkpt lat="36.781851" lon="34.196690"><ele>1472.2</ele></trkpt>
    <trkpt lat="36.782549" lon="34.196640"><ele>1472.3</ele></trkpt>
    <trkpt lat="36.782814" lon="34.196959"><ele>1471.3</ele></trkpt>
    <trkpt lat="36.782622" lon="34.197666"><ele>1469.0</ele></trkpt>
    <trkpt lat="36.782126" lon="34.198632"><ele>1465.8</ele></trkpt>
    <trkpt lat="36.781594" lon="34.199628"><ele>1461.7</ele></trkpt>
    <trkpt lat="36.781307" lon="34.200417"><ele>1457.2</ele></trkpt>
    <trkpt lat="36.781451" lon="34.200838"><ele>1452.5</ele></trkpt>
    <trkpt lat="36.782048" lon="34.200874"><ele>1447.9</ele></trkpt>
    <trkpt lat="36.782946" lon="34.200655"><ele>1443.8</ele></trkpt>
    <trkpt lat="36.783877" lon="34.200407"><ele>1440.4</ele></trkpt>
    <trkpt lat="36.784564" lon="34.200367"><ele>1438.0</ele></trkpt>
    <trkpt lat="36.784821" lon="34.200692"><ele>1436.6</ele></trkpt>
    <trkpt lat="36.784631" lon="34.201398"><ele>1436.6</ele></trkpt>
    <trkpt lat="36.784144" lon="34.202356"><ele>1437.7</ele></trkpt>
    <trkpt lat="36.783626" lon="34.203340"><ele>1440.1</ele></trkpt>
    <trkpt lat="36.783353" lon="34.204117"><ele>1443.5</ele></trkpt>
    <trkpt lat="36.783504" lon="34.204532"><ele>1447.8</ele></trkpt>
    <trkpt lat="36.784098" lon="34.204571"><ele>1452.7</ele></trkpt>
    <trkpt lat="36.784983" lon="34.204363"><ele>1457.9</ele></trkpt>
    <trkpt lat="36.785896" lon="34.204130"><ele>1463.1</ele></trkpt>
    <trkpt lat="36.786566" lon="34.204104"><ele>1468.0</ele></trkpt>
    <trkpt lat="36.786816" lon="34.204436"><ele>1472.3</ele></trkpt>
    <trkpt lat="36.786631" lon="34.205137"><ele>1475.8</ele></trkpt>
    <trkpt lat="36.786161" lon="34.206081"><ele>1478.3</ele></trkpt>
    <trkpt lat="36.785665" lon="34.207046"><ele>1479.6</ele></trkpt>
    <trkpt lat="36.785411" lon="34.207807"><ele>1479.7</ele></trkpt>
    <trkpt lat="36.785570" lon="34.208215"><ele>1478.6</ele></trkpt>
    <trkpt lat="36.786156" lon="34.208261"><ele>1476.4</ele></trkpt>
    <trkpt lat="36.787020" lon="34.208070"><ele>1473.3</ele></trkpt>
    <trkpt lat="36.787907" lon="34.207860"><ele>1469.5</ele></trkpt>
    <trkpt lat="36.788555" lon="34.207853"><ele>1465.3</ele></trkpt>
    <trkpt lat="36.788798" lon="34.208190"><ele>1461.0</ele></trkpt>
    <trkpt lat="36.788623" lon="34.208883"><ele>1456.8</ele></trkpt>
    <trkpt lat="36.788178" lon="34.209806"><ele>1453.0</ele></trkpt>
    <trkpt lat="36.787712" lon="34.210745"><ele>1450.0</ele></trkpt>
    <trkpt lat="36.787482" lon="34.211486"><ele>1447.8</ele></trkpt>
    <trkpt lat="36.787648" lon="34.211888"><ele>1446.7</ele></trkpt>
    <trkpt lat="36.788222" lon="34.211944"><ele>1446.8</ele></trkpt>
    <trkpt lat="36.789057" lon="34.211778"><ele>1447.9</ele></trkpt>
    <trkpt lat="36.789910" lon="34.211596"><ele>1450.2</ele></trkpt>
    <trkpt lat="36.790533" lon="34.211611"><ele>1453.4</ele></trkpt>
    <trkpt lat="36.790767" lon="34.211955"><ele>1457.3</ele></trkpt>
    <trkpt lat="36.790607" lon="34.212636"><ele>1461.8</ele></trkpt>
    <trkpt lat="36.790194" lon="34.213531"><ele>1466.5</ele></trkpt>
    <trkpt lat="36.789767" lon="34.214438"><ele>1471.2</ele></trkpt>
    <trkpt lat="36.789564" lon="34.215155"><ele>1475.6</ele></trkpt>
    <trkpt lat="36.789739" lon="34.215550"><ele>1479.4</ele></trkpt>
    <trkpt lat="36.790295" lon="34.215621"><ele>1482.4</ele></trkpt>
    <trkpt lat="36.791095" lon="34.215485"><ele>1484.6</ele></trkpt>
    <trkpt lat="36.791906" lon="34.215339"><ele>1485.7</ele></trkpt>
    <trkpt lat="36.792498" lon="34.215380"><ele>1485.7</ele></trkpt>
    <trkpt lat="36.792726" lon="34.215730"><ele>1484.7</ele></trkpt>
    <trkpt lat="36.792585" lon="34.216394"><ele>1482.8</ele></trkpt>
    <trkpt lat="36.792211" lon="34.217256"><ele>1480.1</ele></trkpt>
    <trkpt lat="36.791828" lon="34.218125"><ele>1476.9</ele></trkpt>
    <trkpt lat="36.791658" lon="34.218814"><ele>1473.3</ele></trkpt>
    <trkpt lat="36.791840" lon="34.219203"><ele>1469.6</ele></trkpt>
    <trkpt lat="36.792375" lon="34.219292"><ele>1466.1</ele></trkpt>
    <trkpt lat="36.793131" lon="34.219193"><ele>1463.0</ele></trkpt>
    <trkpt lat="36.793895" lon="34.219088"><ele>1460.5</ele></trkpt>
    <trkpt lat="36.794453" lon="34.219157"><ele>1458.9</ele></trkpt>
    <trkpt lat="36.794673" lon="34.219514"><ele>1458.1</ele></trkpt>
    <trkpt lat="36.794556" lon="34.220158"><ele>1458.2</ele></trkpt>
    <trkpt lat="36.794229" lon="34.220980"><ele>1459.4</ele></trkpt>
    <trkpt lat="36.793897" lon="34.221806"><ele>1461.4</ele></trkpt>
    <trkpt lat="36.793763" lon="34.222464"><ele>1464.1</ele></trkpt>
    <trkpt lat="36.793951" lon="34.222848"><ele>1467.5</ele></trkpt>
    <trkpt lat="36.794461" lon="34.222959"><ele>1471.2</ele></trkpt>
    <trkpt lat="36.795168" lon="34.222901"><ele>1475.1</ele></trkpt>
    <trkpt lat="36.795877" lon="34.222842"><ele>1478.9</ele></trkpt>
    <trkpt lat="36.796397" lon="34.222944"><ele>1482.5</ele></trkpt>
    <trkpt lat="36.796611" lon="34.223306"><ele>1485.6</ele></trkpt>
    <trkpt lat="36.796522" lon="34.223926"><ele>1488.0</ele></trkpt>
    <trkpt lat="36.796247" lon="34.224704"><ele>1489.7</ele></trkpt>
    <trkpt lat="36.795972" lon="34.225482"><ele>1490.6</ele></trkpt>
    <trkpt lat="36.795878" lon="34.226106"><ele>1490.6</ele></trkpt>
    <trkpt lat="36.796072" lon="34.226484"><ele>1489.8</ele></trkpt>
    <trkpt lat="36.796551" lon="34.226621"><ele>1488.3</ele></trkpt>
    <trkpt lat="36.797203" lon="34.226610"><ele>1486.2</ele></trkpt>
    <trkpt lat="36.797853" lon="34.226602"><ele>1483.8</ele></trkpt>
    <trkpt lat="36.798332" lon="34.226738"><ele>1481.1</ele></trkpt>
    <trkpt lat="36.798540" lon="34.227105"><ele>1478.4</ele></trkpt>
    <trkpt lat="36.798483" lon="34.227698"><ele>1475.8</ele></trkpt>
    <trkpt lat="36.798266" lon="34.228427"><ele>1473.6</ele></trkpt>
    <trkpt lat="36.798053" lon="34.229152"><ele>1472.0</ele></trkpt>
    <trkpt lat="36.798001" lon="34.229740"><ele>1470.9</ele></trkpt>
    <trkpt lat="36.798201" lon="34.230114"><ele>1470.5</ele></trkpt>
    <trkpt lat="36.798646" lon="34.230279"><ele>1470.8</ele></trkpt>
    <trkpt lat="36.799238" lon="34.230320"><ele>1471.8</ele></trkpt>
    <trkpt lat="36.799823" lon="34.230366"><ele>1473.4</ele></trkpt>
    <trkpt lat="36.800259" lon="34.230540"><ele>1475.5</ele></trkpt>
    <trkpt lat="36.800461" lon="34.230911"><ele>1478.1</ele></trkpt>
    <trkpt lat="36.800440" lon="34.231474"><ele>1480.8</ele></trkpt>
    <trkpt lat="36.800286" lon="34.232149"><ele>1483.7</ele></trkpt>
    <trkpt lat="36.800140" lon="34.232817"><ele>1486.4</ele></trkpt>
    <trkpt lat="36.800132" lon="34.233368"><ele>1489.0</ele></trkpt>
    <trkpt lat="36.800337" lon="34.233738"><ele>1491.1</ele></trkpt>
    <trkpt lat="36.800745" lon="34.233934"><ele>1492.8</ele></trkpt>
    <trkpt lat="36.801271" lon="34.234031"><ele>1493.9</ele></trkpt>
    <trkpt lat="36.801788" lon="34.234135"><ele>1494.5</ele></trkpt>
    <trkpt lat="36.802178" lon="34.234348"><ele>1494.6</ele></trkpt>
    <trkpt lat="36.802377" lon="34.234723"><ele>1494.1</ele></trkpt>
    <trkpt lat="36.802394" lon="34.235252"><ele>1493.2</ele></trkpt>
    <trkpt lat="36.802307" lon="34.235870"><ele>1491.9</ele></trkpt>
    <trkpt lat="36.802231" lon="34.236479"><ele>1490.4</ele></trkpt>
    <trkpt lat="36.802270" lon="34.236990"><ele>1488.8</ele></trkpt>
    <trkpt lat="36.802479" lon="34.237356"><ele>1487.3</ele></trkpt>
    <trkpt lat="36.802847" lon="34.237587"><ele>1485.9</ele></trkpt>
    <trkpt lat="36.803303" lon="34.237743"><ele>1484.8</ele></trkpt>
    <trkpt lat="36.803748" lon="34.237908"><ele>1484.0</ele></trkpt>
    <trkpt lat="36.804092" lon="34.238160"><ele>1483.6</ele></trkpt>
    <trkpt lat="36.804287" lon="34.238538"><ele>1483.6</ele></trkpt>
    <trkpt lat="36.804345" lon="34.239033"><ele>1484.1</ele></trkpt>
    <trkpt lat="36.804330" lon="34.239590"><ele>1484.9</ele></trkpt>
    <trkpt lat="36.804327" lon="34.240136"><ele>1486.0</ele></trkpt>
    <trkpt lat="36.804413" lon="34.240607"><ele>1487.4</ele></trkpt>
    <trkpt lat="36.804625" lon="34.240971"><ele>1489.0</ele></trkpt>
    <trkpt lat="36.804950" lon="34.241239"><ele>1490.6</ele></trkpt>
    <trkpt lat="36.805334" lon="34.241456"><ele>1492.2</ele></trkpt>
    <trkpt lat="36.805705" lon="34.241685"><ele>1493.7</ele></trkpt>
    <trkpt lat="36.806001" lon="34.241977"><ele>1495.0</ele></trkpt>
    <trkpt lat="36.806193" lon="34.242357"><ele>1496.2</ele></trkpt>
    <trkpt lat="36.806295" lon="34.242814"><ele>1497.0</ele></trkpt>
    <trkpt lat="36.806354" lon="34.243309"><ele>1497.6</ele></trkpt>
    <trkpt lat="36.806426" lon="34.243791"><ele>1497.9</ele></trkpt>
    <trkpt lat="36.806560" lon="34.244222"><ele>1498.0</ele></trkpt>
    <trkpt lat="36.806774" lon="34.244584"><ele>1497.8</ele></trkpt>
    <trkpt lat="36.807054" lon="34.244889"><ele>1497.6</ele></trkpt>
    <trkpt lat="36.807364" lon="34.245170"><ele>1497.3</ele></trkpt>
    <trkpt lat="36.807658" lon="34.245463"><ele>1496.9</ele></trkpt>
    <trkpt lat="36.807906" lon="34.245797"><ele>1496.6</ele></trkpt>
    <trkpt lat="36.808097" lon="34.246178"><ele>1496.4</ele></trkpt>
    <trkpt lat="36.808245" lon="34.246596"><ele>1496.3</ele></trkpt>
    <trkpt lat="36.808379" lon="34.247027"><ele>1496.3</ele></trkpt>
    <trkpt lat="36.808528" lon="34.247444"><ele>1496.5</ele></trkpt>
    <trkpt lat="36.808710" lon="34.247833"><ele>1496.8</ele></trkpt>
    <trkpt lat="36.808924" lon="34.248195"><ele>1497.3</ele></trkpt>
    <trkpt lat="36.809158" lon="34.248540"><ele>1497.8</ele></trkpt>
    <trkpt lat="36.809392" lon="34.248885"><ele>1498.4</ele></trkpt>
    <trkpt lat="36.809610" lon="34.249244"><ele>1499.0</ele></trkpt>
    <trkpt lat="36.809810" lon="34.249618"><ele>1499.5</ele></trkpt>
    <trkpt lat="36.810000" lon="34.250000"><ele>1500.0</ele></trkpt>
    <trkpt lat="36.810275" lon="34.250290"><ele>1499.9</ele></trkpt>
    <trkpt lat="36.810541" lon="34.250593"><ele>1499.9</ele></trkpt>
    <trkpt lat="36.810797" lon="34.250910"><ele>1499.9</ele></trkpt>
    <trkpt lat="36.811051" lon="34.251230"><ele>1500.1</ele></trkpt>
    <trkpt lat="36.811313" lon="34.251538"><ele>1500.2</ele></trkpt>
    <trkpt lat="36.811594" lon="34.251820"><ele>1500.5</ele></trkpt>
    <trkpt lat="36.811892" lon="34.252076"><ele>1500.7</ele></trkpt>
    <trkpt lat="36.812201" lon="34.252319"><ele>1500.8</ele></trkpt>
    <trkpt lat="36.812502" lon="34.252571"><ele>1500.9</ele></trkpt>
    <trkpt lat="36.812780" lon="34.252857"><ele>1500.9</ele></trkpt>
    <trkpt lat="36.813026" lon="34.253188"><ele>1500.7</ele></trkpt>
    <trkpt lat="36.813244" lon="34.253559"><ele>1500.4</ele></trkpt>
    <trkpt lat="36.813453" lon="34.253944"><ele>1499.9</ele></trkpt>
    <trkpt lat="36.813677" lon="34.254305"><ele>1499.4</ele></trkpt>
    <trkpt lat="36.813940" lon="34.254612"><ele>1498.7</ele></trkpt>
    <trkpt lat="36.814250" lon="34.254853"><ele>1498.0</ele></trkpt>
    <trkpt lat="36.814596" lon="34.255042"><ele>1497.2</ele></trkpt>
    <trkpt lat="36.814952" lon="34.255217"><ele>1496.5</ele></trkpt>
    <trkpt lat="36.815282" lon="34.255428"><ele>1495.9</ele></trkpt>
    <trkpt lat="36.815560" lon="34.255714"><ele>1495.4</ele></trkpt>
    <trkpt lat="36.815776" lon="34.256087"><ele>1495.1</ele></trkpt>
    <trkpt lat="36.815947" lon="34.256526"><ele>1495.1</ele></trkpt>
    <trkpt lat="36.816109" lon="34.256977"><ele>1495.3</ele></trkpt>
    <trkpt lat="36.816305" lon="34.257379"><ele>1495.7</ele></trkpt>
    <trkpt lat="36.816568" lon="34.257686"><ele>1496.4</ele></trkpt>
    <trkpt lat="36.816907" lon="34.257885"><ele>1497.2</ele></trkpt>
    <trkpt lat="36.817300" lon="34.258007"><ele>1498.2</ele></trkpt>
    <trkpt lat="36.817702" lon="34.258116"><ele>1499.3</ele></trkpt>
    <trkpt lat="36.818061" lon="34.258286"><ele>1500.4</ele></trkpt>
    <trkpt lat="36.818338" lon="34.258573"><ele>1501.4</ele></trkpt>
    <trkpt lat="36.818526" lon="34.258988"><ele>1502.3</ele></trkpt>
    <trkpt lat="36.818650" lon="34.259492"><ele>1502.9</ele></trkpt>
    <trkpt lat="36.818765" lon="34.260009"><ele>1503.3</ele></trkpt>
    <trkpt lat="36.818933" lon="34.260452"><ele>1503.3</ele></trkpt>
    <trkpt lat="36.819197" lon="34.260758"><ele>1502.9</ele></trkpt>
    <trkpt lat="36.819565" lon="34.260916"><ele>1502.2</ele></trkpt>
    <trkpt lat="36.820004" lon="34.260972"><ele>1501.1</ele></trkpt>
    <trkpt lat="36.820452" lon="34.261016"><ele>1499.8</ele></trkpt>
    <trkpt lat="36.820839" lon="34.261147"><ele>1498.2</ele></trkpt>
    <trkpt lat="36.821115" lon="34.261434"><ele>1496.5</ele></trkpt>
    <trkpt lat="36.821274" lon="34.261890"><ele>1494.8</ele></trkpt>
    <trkpt lat="36.821353" lon="34.262459"><ele>1493.2</ele></trkpt>
    <trkpt lat="36.821423" lon="34.263040"><ele>1491.7</ele></trkpt>
    <trkpt lat="36.821563" lon="34.263522"><ele>1490.6</ele></trkpt>
    <trkpt lat="36.821828" lon="34.263827"><ele>1489.8</ele></trkpt>
    <trkpt lat="36.822224" lon="34.263945"><ele>1489.5</ele></trkpt>
    <trkpt lat="36.822708" lon="34.263937"><ele>1489.6</ele></trkpt>
    <trkpt lat="36.823200" lon="34.263918"><ele>1490.3</ele></trkpt>
    <trkpt lat="36.823614" lon="34.264010"><ele>1491.3</ele></trkpt>
    <trkpt lat="36.823890" lon="34.264298"><ele>1492.8</ele></trkpt>
    <trkpt lat="36.824021" lon="34.264794"><ele>1494.6</ele></trkpt>
    <trkpt lat="36.824055" lon="34.265426"><ele>1496.6</ele></trkpt>
    <trkpt lat="36.824082" lon="34.266069"><ele>1498.7</ele></trkpt>
    <trkpt lat="36.824196" lon="34.266589"><ele>1500.7</ele></trkpt>
    <trkpt lat="36.824461" lon="34.266893"><ele>1502.5</ele></trkpt>
    <trkpt lat="36.824884" lon="34.266971"><ele>1504.0</ele></trkpt>
    <trkpt lat="36.825412" lon="34.266901"><ele>1505.0</ele></trkpt>
    <trkpt lat="36.825948" lon="34.266821"><ele>1505.5</ele></trkpt>
    <trkpt lat="36.826387" lon="34.266877"><ele>1505.4</ele></trkpt>
    <trkpt lat="36.826663" lon="34.267166"><ele>1504.8</ele></trkpt>
    <trkpt lat="36.826766" lon="34.267700"><ele>1503.5</ele></trkpt>
    <trkpt lat="36.826758" lon="34.268393"><ele>1501.7</ele></trkpt>
    <trkpt lat="36.826742" lon="34.269096"><ele>1499.5</ele></trkpt>
    <trkpt lat="36.826831" lon="34.269652"><ele>1497.1</ele></trkpt>
    <trkpt lat="36.827097" lon="34.269955"><ele>1494.4</ele></trkpt>
    <trkpt lat="36.827547" lon="34.269995"><ele>1491.8</ele></trkpt>
    <trkpt lat="36.828117" lon="34.269866"><ele>1489.3</ele></trkpt>
    <trkpt lat="36.828693" lon="34.269727"><ele>1487.2</ele></trkpt>
    <trkpt lat="36.829158" lon="34.269748"><ele>1485.6</ele></trkpt>
    <trkpt lat="36.829432" lon="34.270039"><ele>1484.5</ele></trkpt>
    <trkpt lat="36.829509" lon="34.270609"><ele>1484.2</ele></trkpt>
    <trkpt lat="36.829460" lon="34.271361"><ele>1484.5</ele></trkpt>
    <trkpt lat="36.829405" lon="34.272121"><ele>1485.5</ele></trkpt>
    <trkpt lat="36.829469" lon="34.272710"><ele>1487.2</ele></trkpt>
    <trkpt lat="36.829736" lon="34.273012"><ele>1489.4</ele></trkpt>
    <trkpt lat="36.830212" lon="34.273016"><ele>1492.1</ele></trkpt>
    <trkpt lat="36.830821" lon="34.272830"><ele>1495.0</ele></trkpt>
    <trkpt lat="36.831437" lon="34.272636"><ele>1497.9</ele></trkpt>
    <trkpt lat="36.831924" lon="34.272623"><ele>1500.8</ele></trkpt>
    <trkpt lat="36.832198" lon="34.272916"><ele>1503.3</ele></trkpt>
    <trkpt lat="36.832251" lon="34.273522"><ele>1505.3</ele></trkpt>
    <trkpt lat="36.832163" lon="34.274328"><ele>1506.7</ele></trkpt>
    <trkpt lat="36.832069" lon="34.275142"><ele>1507.4</ele></trkpt>
    <trkpt lat="36.832111" lon="34.275764"><ele>1507.2</ele></trkpt>
    <trkpt lat="36.832379" lon="34.276064"><ele>1506.2</ele></trkpt>
    <trkpt lat="36.832879" lon="34.276034"><ele>1504.5</ele></trkpt>
    <trkpt lat="36.833526" lon="34.275795"><ele>1502.1</ele></trkpt>
    <trkpt lat="36.834178" lon="34.275548"><ele>1499.1</ele></trkpt>
    <trkpt lat="36.834687" lon="34.275504"><ele>1495.8</ele></trkpt>
    <trkpt lat="36.834959" lon="34.275798"><ele>1492.3</ele></trkpt>
    <trkpt lat="36.834989" lon="34.276437"><ele>1488.9</ele></trkpt>
    <trkpt lat="36.834865" lon="34.277295"><ele>1485.7</ele></trkpt>
    <trkpt lat="36.834736" lon="34.278160"><ele>1483.0</ele></trkpt>
    <trkpt lat="36.834757" lon="34.278811"><ele>1481.0</ele></trkpt>
    <trkpt lat="36.835026" lon="34.279110"><ele>1479.7</ele></trkpt>
    <trkpt lat="36.835548" lon="34.279048"><ele>1479.3</ele></trkpt>
    <trkpt lat="36.836230" lon="34.278759"><ele>1479.8</ele></trkpt>
    <trkpt lat="36.836916" lon="34.278464"><ele>1481.2</ele></trkpt>
    <trkpt lat="36.837446" lon="34.278392"><ele>1483.4</ele></trkpt>
    <trkpt lat="36.837717" lon="34.278687"><ele>1486.3</ele></trkpt>
    <trkpt lat="36.837725" lon="34.279357"><ele>1489.7</ele></trkpt>
    <trkpt lat="36.837567" lon="34.280263"><ele>1493.4</ele></trkpt>
    <trkpt lat="36.837406" lon="34.281173"><ele>1497.1</ele></trkpt>
    <trkpt lat="36.837408" lon="34.281853"><ele>1500.6</ele></trkpt>
    <trkpt lat="36.837678" lon="34.282150"><ele>1503.7</ele></trkpt>
    <trkpt lat="36.838220" lon="34.282059"><ele>1506.2</ele></trkpt>
    <trkpt lat="36.838934" lon="34.281724"><ele>1507.9</ele></trkpt>
    <trkpt lat="36.839652" lon="34.281384"><ele>1508.6</ele></trkpt>
    <trkpt lat="36.840200" lon="34.281285"><ele>1508.4</ele></trkpt>
    <trkpt lat="36.840470" lon="34.281582"><ele>1507.2</ele></trkpt>
    <trkpt lat="36.840458" lon="34.282280"><ele>1505.1</ele></trkpt>
    <trkpt lat="36.840270" lon="34.283230"><ele>1502.1</ele></trkpt>
    <trkpt lat="36.840079" lon="34.284183"><ele>1498.5</ele></trkpt>
    <trkpt lat="36.840063" lon="34.284887"><ele>1494.5</ele></trkpt>
    <trkpt lat="36.840334" lon="34.285183"><ele>1490.3</ele></trkpt>
    <trkpt lat="36.840895" lon="34.285065"><ele>1486.2</ele></trkpt>
    <trkpt lat="36.841639" lon="34.284688"><ele>1482.5</ele></trkpt>
    <trkpt lat="36.842384" lon="34.284309"><ele>1479.3</ele></trkpt>
    <trkpt lat="36.842949" lon="34.284186"><ele>1476.9</ele></trkpt>
    <trkpt lat="36.843218" lon="34.284485"><ele>1475.5</ele></trkpt>
    <trkpt lat="36.843188" lon="34.285208"><ele>1475.1</ele></trkpt>
    <trkpt lat="36.842972" lon="34.286197"><ele>1475.7</ele></trkpt>
    <trkpt lat="36.842755" lon="34.287188"><ele>1477.4</ele></trkpt>
    <trkpt lat="36.842723" lon="34.287914"><ele>1480.1</ele></trkpt>
    <trkpt lat="36.842995" lon="34.288208"><ele>1483.5</ele></trkpt>
    <trkpt lat="36.843574" lon="34.288066"><ele>1487.5</ele></trkpt>
    <trkpt lat="36.844343" lon="34.287653"><ele>1491.7</ele></trkpt>
    <trkpt lat="36.845113" lon="34.287238"><ele>1496.1</ele></trkpt>
    <trkpt lat="36.845693" lon="34.287095"><ele>1500.1</ele></trkpt>
    <trkpt lat="36.845961" lon="34.287395"><ele>1503.7</ele></trkpt>
    <trkpt lat="36.845915" lon="34.288141"><ele>1506.5</ele></trkpt>
    <trkpt lat="36.845675" lon="34.289164"><ele>1508.4</ele></trkpt>
    <trkpt lat="36.845434" lon="34.290188"><ele>1509.3</ele></trkpt>
    <trkpt lat="36.845389" lon="34.290934"><ele>1509.0</ele></trkpt>
    <trkpt lat="36.845662" lon="34.291226"><ele>1507.6</ele></trkpt>
    <trkpt lat="36.846255" lon="34.291063"><ele>1505.1</ele></trkpt>
    <trkpt lat="36.847047" lon="34.290618"><ele>1501.7</ele></trkpt>
    <trkpt lat="36.847839" lon="34.290172"><ele>1497.6</ele></trkpt>
    <trkpt lat="36.848431" lon="34.290011"><ele>1493.1</ele></trkpt>
    <trkpt lat="36.848698" lon="34.290312"><ele>1488.4</ele></trkpt>
    <trkpt lat="36.848639" lon="34.291078"><ele>1483.8</ele></trkpt>
    <trkpt lat="36.848378" lon="34.292131"><ele>1479.6</ele></trkpt>
    <trkpt lat="36.848117" lon="34.293183"><ele>1476.1</ele></trkpt>
    <trkpt lat="36.848061" lon="34.293945"><ele>1473.5</ele></trkpt>
    <trkpt lat="36.848335" lon="34.294236"><ele>1471.9</ele></trkpt>
    <trkpt lat="36.848940" lon="34.294055"><ele>1471.5</ele></trkpt>
    <trkpt lat="36.849751" lon="34.293583"><ele>1472.3</ele></trkpt>
    <trkpt lat="36.850561" lon="34.293112"><ele>1474.3</ele></trkpt>
    <trkpt lat="36.851163" lon="34.292936"><ele>1477.2</ele></trkpt>
    <trkpt lat="36.851429" lon="34.293238"><ele>1481.0</ele></trkpt>
    <trkpt lat="36.851359" lon="34.294020"><ele>1485.4</ele></trkpt>
    <trkpt lat="36.851081" lon="34.295097"><ele>1490.1</ele></trkpt>
    <trkpt lat="36.850804" lon="34.296173"><ele>1494.9</ele></trkpt>
    <trkpt lat="36.850738" lon="34.296948"><ele>1499.3</ele></trkpt>
    <trkpt lat="36.851013" lon="34.297238"><ele>1503.2</ele></trkpt>
    <trkpt lat="36.851629" lon="34.297043"><ele>1506.2</ele></trkpt>
    <trkpt lat="36.852455" lon="34.296548"><ele>1508.3</ele></trkpt>
    <trkpt lat="36.853279" lon="34.296056"><ele>1509.2</ele></trkpt>
    <trkpt lat="36.853889" lon="34.295869"><ele>1508.8</ele></trkpt>
    <trkpt lat="36.854155" lon="34.296173"><ele>1507.2</ele></trkpt>
    <trkpt lat="36.854075" lon="34.296967"><ele>1504.5</ele></trkpt>
    <trkpt lat="36.853784" lon="34.298064"><ele>1500.9</ele></trkpt>
    <trkpt lat="36.853495" lon="34.299157"><ele>1496.5</ele></trkpt>
    <trkpt lat="36.853422" lon="34.299942"><ele>1491.6</ele></trkpt>
    <trkpt lat="36.853697" lon="34.300231"><ele>1486.6</ele></trkpt>
    <trkpt lat="36.854321" lon="34.300024"><ele>1481.7</ele></trkpt>
    <trkpt lat="36.855159" lon="34.299514"><ele>1477.3</ele></trkpt>
    <trkpt lat="36.855993" lon="34.299007"><ele>1473.6</ele></trkpt>
    <trkpt lat="36.856610" lon="34.298811"><ele>1470.8</ele></trkpt>
    <trkpt lat="36.856874" lon="34.299116"><ele>1469.2</ele></trkpt>
    <trkpt lat="36.856788" lon="34.299920"><ele>1468.8</ele></trkpt>
    <trkpt lat="36.856487" lon="34.301030"><ele>1469.7</ele></trkpt>
    <trkpt lat="36.856189" lon="34.302135"><ele>1471.8</ele></trkpt>
    <trkpt lat="36.856112" lon="34.302927"><ele>1474.9</ele></trkpt>
    <trkpt lat="36.856388" lon="34.303215"><ele>1478.9</ele></trkpt>
    <trkpt lat="36.857017" lon="34.303001"><ele>1483.5</ele></trkpt>
    <trkpt lat="36.857862" lon="34.302480"><ele>1488.5</ele></trkpt>
    <trkpt lat="36.858704" lon="34.301963"><ele>1493.4</ele></trkpt>
    <trkpt lat="36.859323" lon="34.301762"><ele>1498.1</ele></trkpt>
    <trkpt lat="36.859587" lon="34.302068"><ele>1502.1</ele></trkpt>
    <trkpt lat="36.859497" lon="34.302877"><ele>1505.2</ele></trkpt>
    <trkpt lat="36.859191" lon="34.303995"><ele>1507.3</ele></trkpt>
    <trkpt lat="36.858888" lon="34.305108"><ele>1508.2</ele></trkpt>
    <trkpt lat="36.858808" lon="34.305904"><ele>1507.8</ele></trkpt>
    <trkpt lat="36.859085" lon="34.306191"><ele>1506.1</ele></trkpt>
    <trkpt lat="36.859717" lon="34.305972"><ele>1503.3</ele></trkpt>
    <trkpt lat="36.860565" lon="34.305446"><ele>1499.6</ele></trkpt>
    <trkpt lat="36.861410" lon="34.304925"><ele>1495.0</ele></trkpt>
    <trkpt lat="36.862031" lon="34.304722"><ele>1490.0</ele></trkpt>
    <trkpt lat="36.862294" lon="34.305028"><ele>1484.9</ele></trkpt>
    <trkpt lat="36.862202" lon="34.305841"><ele>1479.9</ele></trkpt>
    <trkpt lat="36.861894" lon="34.306961"><ele>1475.4</ele></trkpt>
    <trkpt lat="36.861590" lon="34.308075"><ele>1471.7</ele></trkpt>
    <trkpt lat="36.861510" lon="34.308871"><ele>1468.9</ele></trkpt>
    <trkpt lat="36.861788" lon="34.309157"><ele>1467.3</ele></trkpt>
    <trkpt lat="36.862420" lon="34.308938"><ele>1466.9</ele></trkpt>
    <trkpt lat="36.863268" lon="34.308412"><ele>1467.8</ele></trkpt>
    <trkpt lat="36.864112" lon="34.307892"><ele>1470.0</ele></trkpt>
    <trkpt lat="36.864732" lon="34.307691"><ele>1473.2</ele></trkpt>
    <trkpt lat="36.864995" lon="34.307998"><ele>1477.2</ele></trkpt>
    <trkpt lat="36.864904" lon="34.308809"><ele>1481.9</ele></trkpt>
    <trkpt lat="36.864598" lon="34.309926"><ele>1486.8</ele></trkpt>
    <trkpt lat="36.864297" lon="34.311037"><ele>1491.8</ele></trkpt>
    <trkpt lat="36.864219" lon="34.311829"><ele>1496.4</ele></trkpt>
    <trkpt lat="36.864497" lon="34.312115"><ele>1500.4</ele></trkpt>
    <trkpt lat="36.865127" lon="34.311899"><ele>1503.5</ele></trkpt>
    <trkpt lat="36.865971" lon="34.311378"><ele>1505.6</ele></trkpt>
    <trkpt lat="36.866810" lon="34.310865"><ele>1506.4</ele></trkpt>
    <trkpt lat="36.867427" lon="34.310669"><ele>1506.0</ele></trkpt>
    <trkpt lat="36.867689" lon="34.310977"><ele>1504.3</ele></trkpt>
    <trkpt lat="36.867602" lon="34.311783"><ele>1501.5</ele></trkpt>
    <trkpt lat="36.867302" lon="34.312892"><ele>1497.8</ele></trkpt>
    <trkpt lat="36.867008" lon="34.313992"><ele>1493.3</ele></trkpt>
    <trkpt lat="36.866934" lon="34.314778"><ele>1488.4</ele></trkpt>
    <trkpt lat="36.867213" lon="34.315063"><ele>1483.3</ele></trkpt>
    <trkpt lat="36.867838" lon="34.314854"><ele>1478.4</ele></trkpt>
    <trkpt lat="36.868674" lon="34.314345"><ele>1474.1</ele></trkpt>
    <trkpt lat="36.869504" lon="34.313844"><ele>1470.4</ele></trkpt>
    <trkpt lat="36.870115" lon="34.313656"><ele>1467.8</ele></trkpt>
    <trkpt lat="36.870377" lon="34.313964"><ele>1466.2</ele></trkpt>
    <trkpt lat="36.870296" lon="34.314762"><ele>1465.9</ele></trkpt>
    <trkpt lat="36.870006" lon="34.315856"><ele>1466.8</ele></trkpt>
    <trkpt lat="36.869722" lon="34.316942"><ele>1468.9</ele></trkpt>
    <trkpt lat="36.869656" lon="34.317718"><ele>1472.0</ele></trkpt>
    <trkpt lat="36.869934" lon="34.318003"><ele>1475.9</ele></trkpt>
    <trkpt lat="36.870553" lon="34.317804"><ele>1480.4</ele></trkpt>
    <trkpt lat="36.871377" lon="34.317312"><ele>1485.2</ele></trkpt>
    <trkpt lat="36.872195" lon="34.316829"><ele>1489.9</ele></trkpt>
    <trkpt lat="36.872797" lon="34.316652"><ele>1494.3</ele></trkpt>
    <trkpt lat="36.873059" lon="34.316961"><ele>1498.1</ele></trkpt>
    <trkpt lat="36.872986" lon="34.317747"><ele>1501.1</ele></trkpt>
    <trkpt lat="36.872710" lon="34.318821"><ele>1503.0</ele></trkpt>
    <trkpt lat="36.872441" lon="34.319886"><ele>1503.7</ele></trkpt>
    <trkpt lat="36.872384" lon="34.320650"><ele>1503.3</ele></trkpt>
    <trkpt lat="36.872662" lon="34.320935"><ele>1501.7</ele></trkpt>
    <trkpt lat="36.873271" lon="34.320749"><ele>1499.0</ele></trkpt>
    <trkpt lat="36.874079" lon="34.320279"><ele>1495.4</ele></trkpt>
    <trkpt lat="36.874881" lon="34.319819"><ele>1491.2</ele></trkpt>
    <trkpt lat="36.875473" lon="34.319657"><ele>1486.6</ele></trkpt>
    <trkpt lat="36.875736" lon="34.319965"><ele>1481.9</ele></trkpt>
    <trkpt lat="36.875673" lon="34.320736"><ele>1477.3</ele></trkpt>
    <trkpt lat="36.875415" lon="34.321786"><ele>1473.2</ele></trkpt>
    <trkpt lat="36.875163" lon="34.322825"><ele>1469.8</ele></trkpt>
    <trkpt lat="36.875117" lon="34.323572"><ele>1467.4</ele></trkpt>
    <trkpt lat="36.875396" lon="34.323857"><ele>1466.0</ele></trkpt>
    <trkpt lat="36.875993" lon="34.323688"><ele>1465.7</ele></trkpt>
    <trkpt lat="36.876782" lon="34.323246"><ele>1466.6</ele></trkpt>
    <trkpt lat="36.877564" lon="34.322815"><ele>1468.5</ele></trkpt>
    <trkpt lat="36.878144" lon="34.322670"><ele>1471.4</ele></trkpt>
    <trkpt lat="36.878406" lon="34.322978"><ele>1475.0</ele></trkpt>
    <trkpt lat="36.878356" lon="34.323731"><ele>1479.2</ele></trkpt>
    <trkpt lat="36.878119" lon="34.324750"><ele>1483.5</ele></trkpt>
    <trkpt lat="36.877889" lon="34.325759"><ele>1487.8</ele></trkpt>
    <trkpt lat="36.877857" lon="34.326487"><ele>1491.8</ele></trkpt>
    <trkpt lat="36.878135" lon="34.326772"><ele>1495.3</ele></trkpt>
    <trkpt lat="36.878718" lon="34.326623"><ele>1497.9</ele></trkpt>
    <trkpt lat="36.879484" lon="34.326214"><ele>1499.6</ele></trkpt>
    <trkpt lat="36.880243" lon="34.325815"><ele>1500.3</ele></trkpt>
    <trkpt lat="36.880808" lon="34.325691"><ele>1499.8</ele></trkpt>
    <trkpt lat="36.881071" lon="34.325999"><ele>1498.3</ele></trkpt>
    <trkpt lat="36.881036" lon="34.326730"><ele>1495.9</ele></trkpt>
    <trkpt lat="36.880823" lon="34.327715"><ele>1492.7</ele></trkpt>
    <trkpt lat="36.880618" lon="34.328688"><ele>1488.9</ele></trkpt>
    <trkpt lat="36.880602" lon="34.329394"><ele>1484.7</ele></trkpt>
    <trkpt lat="36.880880" lon="34.329679"><ele>1480.5</ele></trkpt>
    <trkpt lat="36.881447" lon="34.329553"><ele>1476.4</ele></trkpt>
    <trkpt lat="36.882187" lon="34.329181"><ele>1472.8</ele></trkpt>
    <trkpt lat="36.882918" lon="34.328820"><ele>1469.8</ele></trkpt>
    <trkpt lat="36.883467" lon="34.328720"><ele>1467.7</ele></trkpt>
    <trkpt lat="36.883730" lon="34.329028"><ele>1466.5</ele></trkpt>
    <trkpt lat="36.883713" lon="34.329734"><ele>1466.3</ele></trkpt>
    <trkpt lat="36.883528" lon="34.330679"><ele>1467.1</ele></trkpt>
    <trkpt lat="36.883351" lon="34.331612"><ele>1468.8</ele></trkpt>
    <trkpt lat="36.883352" lon="34.332293"><ele>1471.3</ele></trkpt>
    <trkpt lat="36.883630" lon="34.332579"><ele>1474.5</ele></trkpt>
    <trkpt lat="36.884179" lon="34.332479"><ele>1478.1</ele></trkpt>
    <trkpt lat="36.884889" lon="34.332149"><ele>1481.9</ele></trkpt>
    <trkpt lat="36.885591" lon="34.331830"><ele>1485.6</ele></trkpt>
    <trkpt lat="36.886122" lon="34.331756"><ele>1489.0</ele></trkpt>
    <trkpt lat="36.886384" lon="34.332063"><ele>1491.9</ele></trkpt>
    <trkpt lat="36.886386" lon="34.332743"><ele>1494.1</ele></trkpt>
    <trkpt lat="36.886232" lon="34.333643"><ele>1495.6</ele></trkpt>
    <trkpt lat="36.886087" lon="34.334532"><ele>1496.1</ele></trkpt>
    <trkpt lat="36.886107" lon="34.335186"><ele>1495.6</ele></trkpt>
    <trkpt lat="36.886385" lon="34.335472"><ele>1494.3</ele></trkpt>
    <trkpt lat="36.886913" lon="34.335400"><ele>1492.2</ele></trkpt>
    <trkpt lat="36.887591" lon="34.335116"><ele>1489.5</ele></trkpt>
    <trkpt lat="36.888261" lon="34.334844"><ele>1486.3</ele></trkpt>
    <trkpt lat="36.888771" lon="34.334798"><ele>1482.8</ele></trkpt>
    <trkpt lat="36.889034" lon="34.335105"><ele>1479.2</ele></trkpt>
    <trkpt lat="36.889057" lon="34.335755"><ele>1475.8</ele></trkpt>
    <trkpt lat="36.888937" lon="34.336607"><ele>1472.8</ele></trkpt>
    <trkpt lat="36.888825" lon="34.337448"><ele>1470.4</ele></trkpt>
    <trkpt lat="36.888866" lon="34.338072"><ele>1468.6</ele></trkpt>
    <trkpt lat="36.889144" lon="34.338358"><ele>1467.7</ele></trkpt>
    <trkpt lat="36.889651" lon="34.338317"><ele>1467.5</ele></trkpt>
    <trkpt lat="36.890293" lon="34.338084"><ele>1468.2</ele></trkpt>
    <trkpt lat="36.890928" lon="34.337862"><ele>1469.6</ele></trkpt>
    <trkpt lat="36.891416" lon="34.337847"><ele>1471.7</ele></trkpt>
    <trkpt lat="36.891679" lon="34.338154"><ele>1474.3</ele></trkpt>
    <trkpt lat="36.891725" lon="34.338772"><ele>1477.2</ele></trkpt>
    <trkpt lat="36.891641" lon="34.339572"><ele>1480.2</ele></trkpt>
    <trkpt lat="36.891566" lon="34.340361"><ele>1483.2</ele></trkpt>
    <trkpt lat="36.891630" lon="34.340952"><ele>1485.9</ele></trkpt>
    <trkpt lat="36.891907" lon="34.341238"><ele>1488.1</ele></trkpt>
    <trkpt lat="36.892391" lon="34.341231"><ele>1489.9</ele></trkpt>
    <trkpt lat="36.892996" lon="34.341051"><ele>1490.9</ele></trkpt>
    <trkpt lat="36.893592" lon="34.340883"><ele>1491.2</ele></trkpt>
    <trkpt lat="36.894058" lon="34.340902"><ele>1490.9</ele></trkpt>
    <trkpt lat="36.894321" lon="34.341208"><ele>1489.8</ele></trkpt>
    <trkpt lat="36.894390" lon="34.341791"><ele>1488.1</ele></trkpt>
    <trkpt lat="36.894346" lon="34.342536"><ele>1485.9</ele></trkpt>
    <trkpt lat="36.894310" lon="34.343270"><ele>1483.4</ele></trkpt>
    <trkpt lat="36.894398" lon="34.343826"><ele>1480.7</ele></trkpt>
    <trkpt lat="36.894675" lon="34.344113"><ele>1478.0</ele></trkpt>
    <trkpt lat="36.895134" lon="34.344141"><ele>1475.5</ele></trkpt>
    <trkpt lat="36.895698" lon="34.344018"><ele>1473.2</ele></trkpt>
    <trkpt lat="36.896255" lon="34.343907"><ele>1471.4</ele></trkpt>
    <trkpt lat="36.896695" lon="34.343961"><ele>1470.1</ele></trkpt>
    <trkpt lat="36.896959" lon="34.344267"><ele>1469.4</ele></trkpt>
    <trkpt lat="36.897053" lon="34.344815"><ele>1469.3</ele></trkpt>
    <trkpt lat="36.897050" lon="34.345501"><ele>1469.9</ele></trkpt>
    <trkpt lat="36.897055" lon="34.346176"><ele>1470.9</ele></trkpt>
    <trkpt lat="36.897168" lon="34.346696"><ele>1472.5</ele></trkpt>
    <trkpt lat="36.897445" lon="34.346983"><ele>1474.3</ele></trkpt>
    <trkpt lat="36.897878" lon="34.347048"><ele>1476.4</ele></trkpt>
    <trkpt lat="36.898401" lon="34.346985"><ele>1478.5</ele></trkpt>
    <trkpt lat="36.898916" lon="34.346934"><ele>1480.6</ele></trkpt>
    <trkpt lat="36.899330" lon="34.347025"><ele>1482.5</ele></trkpt>
    <trkpt lat="36.899594" lon="34.347331"><ele>1484.0</ele></trkpt>
    <trkpt lat="36.899714" lon="34.347841"><ele>1485.1</ele></trkpt>
    <trkpt lat="36.899754" lon="34.348466"><ele>1485.8</ele></trkpt>
    <trkpt lat="36.899802" lon="34.349080"><ele>1486.0</ele></trkpt>
    <trkpt lat="36.899942" lon="34.349562"><ele>1485.6</ele></trkpt>
    <trkpt lat="36.900219" lon="34.349850"><ele>1484.8</ele></trkpt>
    <trkpt lat="36.900625" lon="34.349952"><ele>1483.6</ele></trkpt>
    <trkpt lat="36.901104" lon="34.349951"><ele>1482.1</ele></trkpt>
    <trkpt lat="36.901575" lon="34.349963"><ele>1480.4</ele></trkpt>
    <trkpt lat="36.901962" lon="34.350092"><ele>1478.6</ele></trkpt>
    <trkpt lat="36.902226" lon="34.350399"><ele>1476.9</ele></trkpt>
    <trkpt lat="36.902374" lon="34.350869"><ele>1475.2</ele></trkpt>
    <trkpt lat="36.902458" lon="34.351432"><ele>1473.8</ele></trkpt>
    <trkpt lat="36.902550" lon="34.351982"><ele>1472.7</ele></trkpt>
    <trkpt lat="36.902718" lon="34.352425"><ele>1471.9</ele></trkpt>
    <trkpt lat="36.902995" lon="34.352712"><ele>1471.5</ele></trkpt>
    <trkpt lat="36.903373" lon="34.352855"><ele>1471.5</ele></trkpt>
    <trkpt lat="36.903807" lon="34.352918"><ele>1471.9</ele></trkpt>
    <trkpt lat="36.904233" lon="34.352993"><ele>1472.6</ele></trkpt>
    <trkpt lat="36.904592" lon="34.353163"><ele>1473.5</ele></trkpt>
    <trkpt lat="36.904856" lon="34.353469"><ele>1474.6</ele></trkpt>
    <trkpt lat="36.905032" lon="34.353900"><ele>1475.7</ele></trkpt>
    <trkpt lat="36.905161" lon="34.354397"><ele>1476.9</ele></trkpt>
    <trkpt lat="36.905300" lon="34.354882"><ele>1478.0</ele></trkpt>
    <trkpt lat="36.905495" lon="34.355285"><ele>1478.9</ele></trkpt>
    <trkpt lat="36.905772" lon="34.355572"><ele>1479.7</ele></trkpt>
    <trkpt lat="36.906123" lon="34.355755"><ele>1480.1</ele></trkpt>
    <trkpt lat="36.906511" lon="34.355884"><ele>1480.4</ele></trkpt>
    <trkpt lat="36.906890" lon="34.356025"><ele>1480.3</ele></trkpt>
    <trkpt lat="36.907220" lon="34.356236"><ele>1480.0</ele></trkpt>
    <trkpt lat="36.907484" lon="34.356542"><ele>1479.5</ele></trkpt>
    <trkpt lat="36.907689" lon="34.356932"><ele>1478.9</ele></trkpt>
    <trkpt lat="36.907865" lon="34.357363"><ele>1478.1</ele></trkpt>
    <trkpt lat="36.908049" lon="34.357782"><ele>1477.3</ele></trkpt>
    <trkpt lat="36.908274" lon="34.358143"><ele>1476.5</ele></trkpt>
    <trkpt lat="36.908552" lon="34.358430"><ele>1475.7</ele></trkpt>
    <trkpt lat="36.908873" lon="34.358654"><ele>1475.1</ele></trkpt>
    <trkpt lat="36.909214" lon="34.358849"><ele>1474.6</ele></trkpt>
    <trkpt lat="36.909547" lon="34.359057"><ele>1474.2</ele></trkpt>
    <trkpt lat="36.909848" lon="34.359310"><ele>1474.0</ele></trkpt>
    <trkpt lat="36.910111" lon="34.359617"><ele>1473.9</ele></trkpt>
    <trkpt lat="36.910345" lon="34.359966"><ele>1474.0</ele></trkpt>
    <trkpt lat="36.910568" lon="34.360330"><ele>1474.2</ele></trkpt>
    <trkpt lat="36.910800" lon="34.360681"><ele>1474.4</ele></trkpt>
    <trkpt lat="36.911054" lon="34.361000"><ele>1474.7</ele></trkpt>
    <trkpt lat="36.911332" lon="34.361286"><ele>1474.9</ele></trkpt>
    <trkpt lat="36.911624" lon="34.361551"><ele>1475.1</ele></trkpt>
    <trkpt lat="36.911918" lon="34.361814"><ele>1475.3</ele></trkpt>
    <trkpt lat="36.912203" lon="34.362090"><ele>1475.3</ele></trkpt>
    <trkpt lat="36.912475" lon="34.362385"><ele>1475.3</ele></trkpt>
    <trkpt lat="36.912737" lon="34.362692"><ele>1475.2</ele></trkpt>
    <trkpt lat="36.913000" lon="34.363000"><ele>1475.0</ele></trkpt>
    </trkseg>
  </trk>
</gpx>
