<?xml version="1.0" encoding="UTF-8"?>
<gpx version="1.1" creator="tripplanner (sketch line from researched control points)" xmlns="http://www.topografix.com/GPX/1/1">
  <metadata>
    <name>taurus-coast-cols — Ermenek → Gezende → Anamur</name>
    <desc>100.0 km, 1300 m. Sketch line through researched control points, calibrated to 100 km / 1300 m of road — drawn, not routed.</desc>
  </metadata>
  <trk>
    <name>taurus-coast-cols — Ermenek → Gezende → Anamur</name>
    <trkseg>
    <trkpt lat="36.639000" lon="32.890000"><ele>1250.0</ele></trkpt>
    <trkpt lat="36.638692" lon="32.890230"><ele>1249.6</ele></trkpt>
    <trkpt lat="36.638392" lon="32.890480"><ele>1249.3</ele></trkpt>
    <trkpt lat="36.638088" lon="32.890720"><ele>1249.1</ele></trkpt>
    <trkpt lat="36.637766" lon="32.890920"><ele>1249.1</ele></trkpt>
    <trkpt lat="36.637423" lon="32.891070"><ele>1249.1</ele></trkpt>
    <trkpt lat="36.637065" lon="32.891188"><ele>1249.0</ele></trkpt>
    <trkpt lat="36.636712" lon="32.891315"><ele>1248.8</ele></trkpt>
    <trkpt lat="36.636385" lon="32.891503"><ele>1248.4</ele></trkpt>
    <trkpt lat="36.636097" lon="32.891779"><ele>1247.7</ele></trkpt>
    <trkpt lat="36.635844" lon="32.892136"><ele>1246.8</ele></trkpt>
    <trkpt lat="36.635605" lon="32.892527"><ele>1245.6</ele></trkpt>
    <trkpt lat="36.635349" lon="32.892877"><ele>1244.1</ele></trkpt>
    <trkpt lat="36.635046" lon="32.893119"><ele>1242.5</ele></trkpt>
    <trkpt lat="36.634682" lon="32.893223"><ele>1240.7</ele></trkpt>
    <trkpt lat="36.634270" lon="32.893214"><ele>1238.8</ele></trkpt>
    <trkpt lat="36.633843" lon="32.893173"><ele>1237.0</ele></trkpt>
    <trkpt lat="36.633446" lon="32.893201"><ele>1235.4</ele></trkpt>
    <trkpt lat="36.633118" lon="32.893385"><ele>1234.0</ele></trkpt>
    <trkpt lat="36.632870" lon="32.893755"><ele>1233.0</ele></trkpt>
    <trkpt lat="36.632685" lon="32.894268"><ele>1232.5</ele></trkpt>
    <trkpt lat="36.632515" lon="32.894814"><ele>1232.4</ele></trkpt>
    <trkpt lat="36.632302" lon="32.895263"><ele>1232.8</ele></trkpt>
    <trkpt lat="36.632001" lon="32.895509"><ele>1233.7</ele></trkpt>
    <trkpt lat="36.631597" lon="32.895522"><ele>1235.0</ele></trkpt>
    <trkpt lat="36.631119" lon="32.895364"><ele>1236.5</ele></trkpt>
    <trkpt lat="36.630626" lon="32.895169"><ele>1238.3</ele></trkpt>
    <trkpt lat="36.630187" lon="32.895101"><ele>1240.1</ele></trkpt>
    <trkpt lat="36.629856" lon="32.895279"><ele>1241.7</ele></trkpt>
    <trkpt lat="36.629647" lon="32.895737"><ele>1243.0</ele></trkpt>
    <trkpt lat="36.629525" lon="32.896394"><ele>1243.9</ele></trkpt>
    <trkpt lat="36.629419" lon="32.897089"><ele>1244.2</ele></trkpt>
    <trkpt lat="36.629247" lon="32.897632"><ele>1243.9</ele></trkpt>
    <trkpt lat="36.628949" lon="32.897885"><ele>1242.8</ele></trkpt>
    <trkpt lat="36.628509" lon="32.897815"><ele>1241.0</ele></trkpt>
    <trkpt lat="36.627971" lon="32.897517"><ele>1238.5</ele></trkpt>
    <trkpt lat="36.627415" lon="32.897181"><ele>1235.5</ele></trkpt>
    <trkpt lat="36.626936" lon="32.897021"><ele>1232.0</ele></trkpt>
    <trkpt lat="36.626602" lon="32.897192"><ele>1228.2</ele></trkpt>
    <trkpt lat="36.626427" lon="32.897728"><ele>1224.4</ele></trkpt>
    <trkpt lat="36.626363" lon="32.898517"><ele>1220.8</ele></trkpt>
    <trkpt lat="36.626316" lon="32.899347"><ele>1217.5</ele></trkpt>
    <trkpt lat="36.626182" lon="32.899977"><ele>1214.9</ele></trkpt>
    <trkpt lat="36.625887" lon="32.900238"><ele>1212.9</ele></trkpt>
    <trkpt lat="36.625416" lon="32.900096"><ele>1211.8</ele></trkpt>
    <trkpt lat="36.624823" lon="32.899674"><ele>1211.6</ele></trkpt>
    <trkpt lat="36.624212" lon="32.899211"><ele>1212.4</ele></trkpt>
    <trkpt lat="36.623697" lon="32.898968"><ele>1214.1</ele></trkpt>
    <trkpt lat="36.623359" lon="32.899131"><ele>1216.5</ele></trkpt>
    <trkpt lat="36.623213" lon="32.899733"><ele>1219.5</ele></trkpt>
    <trkpt lat="36.623199" lon="32.900637"><ele>1223.0</ele></trkpt>
    <trkpt lat="36.623204" lon="32.901585"><ele>1226.5</ele></trkpt>
    <trkpt lat="36.623105" lon="32.902293"><ele>1229.9</ele></trkpt>
    <trkpt lat="36.622813" lon="32.902563"><ele>1233.0</ele></trkpt>
    <trkpt lat="36.622316" lon="32.902360"><ele>1235.4</ele></trkpt>
    <trkpt lat="36.621677" lon="32.901833"><ele>1237.0</ele></trkpt>
    <trkpt lat="36.621018" lon="32.901261"><ele>1237.6</ele></trkpt>
    <trkpt lat="36.620472" lon="32.900946"><ele>1237.1</ele></trkpt>
    <trkpt lat="36.620130" lon="32.901100"><ele>1235.5</ele></trkpt>
    <trkpt lat="36.620008" lon="32.901756"><ele>1232.8</ele></trkpt>
    <trkpt lat="36.620035" lon="32.902755"><ele>1229.1</ele></trkpt>
    <trkpt lat="36.620083" lon="32.903802"><ele>1224.6</ele></trkpt>
    <trkpt lat="36.620012" lon="32.904575"><ele>1219.6</ele></trkpt>
    <trkpt lat="36.619725" lon="32.904854"><ele>1214.4</ele></trkpt>
    <trkpt lat="36.619207" lon="32.904604"><ele>1209.2</ele></trkpt>
    <trkpt lat="36.618531" lon="32.903993"><ele>1204.3</ele></trkpt>
    <trkpt lat="36.617834" lon="32.903334"><ele>1200.0</ele></trkpt>
    <trkpt lat="36.617263" lon="32.902962"><ele>1196.6</ele></trkpt>
    <trkpt lat="36.616917" lon="32.903106"><ele>1194.3</ele></trkpt>
    <trkpt lat="36.616812" lon="32.903802"><ele>1193.1</ele></trkpt>
    <trkpt lat="36.616871" lon="32.904873"><ele>1193.3</ele></trkpt>
    <trkpt lat="36.616952" lon="32.905995"><ele>1194.6</ele></trkpt>
    <trkpt lat="36.616902" lon="32.906818"><ele>1197.1</ele></trkpt>
    <trkpt lat="36.616619" lon="32.907106"><ele>1200.6</ele></trkpt>
    <trkpt lat="36.616087" lon="32.906823"><ele>1204.7</ele></trkpt>
    <trkpt lat="36.615385" lon="32.906153"><ele>1209.3</ele></trkpt>
    <trkpt lat="36.614661" lon="32.905431"><ele>1214.0</ele></trkpt>
    <trkpt lat="36.614071" lon="32.905016"><ele>1218.4</ele></trkpt>
    <trkpt lat="36.613721" lon="32.905152"><ele>1222.2</ele></trkpt>
    <trkpt lat="36.613627" lon="32.905874"><ele>1225.3</ele></trkpt>
    <trkpt lat="36.613707" lon="32.906992"><ele>1227.2</ele></trkpt>
    <trkpt lat="36.613809" lon="32.908163"><ele>1227.9</ele></trkpt>
    <trkpt lat="36.613775" lon="32.909021"><ele>1227.3</ele></trkpt>
    <trkpt lat="36.613496" lon="32.909317"><ele>1225.3</ele></trkpt>
    <trkpt lat="36.612955" lon="32.909016"><ele>1222.1</ele></trkpt>
    <trkpt lat="36.612239" lon="32.908312"><ele>1217.8</ele></trkpt>
    <trkpt lat="36.611498" lon="32.907553"><ele>1212.6</ele></trkpt>
    <trkpt lat="36.610897" lon="32.907112"><ele>1206.9</ele></trkpt>
    <trkpt lat="36.610544" lon="32.907241"><ele>1200.9</ele></trkpt>
    <trkpt lat="36.610455" lon="32.907973"><ele>1195.1</ele></trkpt>
    <trkpt lat="36.610544" lon="32.909113"><ele>1189.7</ele></trkpt>
    <trkpt lat="36.610657" lon="32.910307"><ele>1185.0</ele></trkpt>
    <trkpt lat="36.610630" lon="32.911182"><ele>1181.4</ele></trkpt>
    <trkpt lat="36.610353" lon="32.911484"><ele>1179.0</ele></trkpt>
    <trkpt lat="36.609811" lon="32.911180"><ele>1177.9</ele></trkpt>
    <trkpt lat="36.609091" lon="32.910467"><ele>1178.2</ele></trkpt>
    <trkpt lat="36.608346" lon="32.909699"><ele>1179.9</ele></trkpt>
    <trkpt lat="36.607741" lon="32.909251"><ele>1182.7</ele></trkpt>
    <trkpt lat="36.607386" lon="32.909374"><ele>1186.4</ele></trkpt>
    <trkpt lat="36.607295" lon="32.910102"><ele>1190.9</ele></trkpt>
    <trkpt lat="36.607383" lon="32.911238"><ele>1195.7</ele></trkpt>
    <trkpt lat="36.607493" lon="32.912428"><ele>1200.6</ele></trkpt>
    <trkpt lat="36.607466" lon="32.913300"><ele>1205.1</ele></trkpt>
    <trkpt lat="36.607190" lon="32.913606"><ele>1209.0</ele></trkpt>
    <trkpt lat="36.606653" lon="32.913313"><ele>1212.0</ele></trkpt>
    <trkpt lat="36.605941" lon="32.912618"><ele>1213.9</ele></trkpt>
    <trkpt lat="36.605204" lon="32.911868"><ele>1214.5</ele></trkpt>
    <trkpt lat="36.604604" lon="32.911431"><ele>1213.8</ele></trkpt>
    <trkpt lat="36.604248" lon="32.911553"><ele>1211.7</ele></trkpt>
    <trkpt lat="36.604150" lon="32.912263"><ele>1208.5</ele></trkpt>
    <trkpt lat="36.604223" lon="32.913368"><ele>1204.2</ele></trkpt>
    <trkpt lat="36.604320" lon="32.914526"><ele>1199.1</ele></trkpt>
    <trkpt lat="36.604284" lon="32.915377"><ele>1193.6</ele></trkpt>
    <trkpt lat="36.604008" lon="32.915684"><ele>1187.9</ele></trkpt>
    <trkpt lat="36.603482" lon="32.915416"><ele>1182.3</ele></trkpt>
    <trkpt lat="36.602788" lon="32.914763"><ele>1177.2</ele></trkpt>
    <trkpt lat="36.602072" lon="32.914059"><ele>1172.9</ele></trkpt>
    <trkpt lat="36.601485" lon="32.913653"><ele>1169.6</ele></trkpt>
    <trkpt lat="36.601130" lon="32.913775"><ele>1167.5</ele></trkpt>
    <trkpt lat="36.601017" lon="32.914453"><ele>1166.5</ele></trkpt>
    <trkpt lat="36.601067" lon="32.915503"><ele>1166.9</ele></trkpt>
    <trkpt lat="36.601138" lon="32.916602"><ele>1168.4</ele></trkpt>
    <trkpt lat="36.601084" lon="32.917415"><ele>1170.9</ele></trkpt>
    <trkpt lat="36.600808" lon="32.917718"><ele>1174.2</ele></trkpt>
    <trkpt lat="36.600298" lon="32.917488"><ele>1178.1</ele></trkpt>
    <trkpt lat="36.599633" lon="32.916902"><ele>1182.3</ele></trkpt>
    <trkpt lat="36.598948" lon="32.916270"><ele>1186.4</ele></trkpt>
    <trkpt lat="36.598383" lon="32.915912"><ele>1190.2</ele></trkpt>
    <trkpt lat="36.598029" lon="32.916039"><ele>1193.4</ele></trkpt>
    <trkpt lat="36.597898" lon="32.916674"><ele>1195.8</ele></trkpt>
    <trkpt lat="36.597913" lon="32.917646"><ele>1197.1</ele></trkpt>
    <trkpt lat="36.597948" lon="32.918661"><ele>1197.4</ele></trkpt>
    <trkpt lat="36.597869" lon="32.919416"><ele>1196.6</ele></trkpt>
    <trkpt lat="36.597589" lon="32.919712"><ele>1194.8</ele></trkpt>
    <trkpt lat="36.597101" lon="32.919531"><ele>1191.9</ele></trkpt>
    <trkpt lat="36.596475" lon="32.919034"><ele>1188.3</ele></trkpt>
    <trkpt lat="36.595832" lon="32.918497"><ele>1184.1</ele></trkpt>
    <trkpt lat="36.595295" lon="32.918206"><ele>1179.6</ele></trkpt>
    <trkpt lat="36.594946" lon="32.918342"><ele>1175.0</ele></trkpt>
    <trkpt lat="36.594791" lon="32.918923"><ele>1170.6</ele></trkpt>
    <trkpt lat="36.594763" lon="32.919796"><ele>1166.7</ele></trkpt>
    <trkpt lat="36.594751" lon="32.920704"><ele>1163.4</ele></trkpt>
    <trkpt lat="36.594639" lon="32.921385"><ele>1160.9</ele></trkpt>
    <trkpt lat="36.594355" lon="32.921670"><ele>1159.3</ele></trkpt>
    <trkpt lat="36.593893" lon="32.921547"><ele>1158.6</ele></trkpt>
    <trkpt lat="36.593313" lon="32.921158"><ele>1158.8</ele></trkpt>
    <trkpt lat="36.592721" lon="32.920739"><ele>1159.8</ele></trkpt>
    <trkpt lat="36.592220" lon="32.920529"><ele>1161.6</ele></trkpt>
    <trkpt lat="36.591877" lon="32.920679"><ele>1163.8</ele></trkpt>
    <trkpt lat="36.591694" lon="32.921197"><ele>1166.4</ele></trkpt>
    <trkpt lat="36.591616" lon="32.921954"><ele>1169.1</ele></trkpt>
    <trkpt lat="36.591549" lon="32.922735"><ele>1171.7</ele></trkpt>
    <trkpt lat="36.591398" lon="32.923327"><ele>1173.9</ele></trkpt>
    <trkpt lat="36.591107" lon="32.923597"><ele>1175.7</ele></trkpt>
    <trkpt lat="36.590673" lon="32.923540"><ele>1177.0</ele></trkpt>
    <trkpt lat="36.590148" lon="32.923275"><ele>1177.5</ele></trkpt>
    <trkpt lat="36.589616" lon="32.922991"><ele>1177.3</ele></trkpt>
    <trkpt lat="36.589156" lon="32.922876"><ele>1176.5</ele></trkpt>
    <trkpt lat="36.588820" lon="32.923043"><ele>1175.0</ele></trkpt>
    <trkpt lat="36.588608" lon="32.923493"><ele>1172.9</ele></trkpt>
    <trkpt lat="36.588473" lon="32.924119"><ele>1170.5</ele></trkpt>
    <trkpt lat="36.588343" lon="32.924757"><ele>1167.8</ele></trkpt>
    <trkpt lat="36.588148" lon="32.925248"><ele>1165.0</ele></trkpt>
    <trkpt lat="36.587848" lon="32.925498"><ele>1162.3</ele></trkpt>
    <trkpt lat="36.587446" lon="32.925513"><ele>1159.7</ele></trkpt>
    <trkpt lat="36.586980" lon="32.925384"><ele>1157.5</ele></trkpt>
    <trkpt lat="36.586513" lon="32.925250"><ele>1155.7</ele></trkpt>
    <trkpt lat="36.586100" lon="32.925242"><ele>1154.4</ele></trkpt>
    <trkpt lat="36.585774" lon="32.925430"><ele>1153.5</ele></trkpt>
    <trkpt lat="36.585529" lon="32.925806"><ele>1153.1</ele></trkpt>
    <trkpt lat="36.585332" lon="32.926292"><ele>1153.1</ele></trkpt>
    <trkpt lat="36.585134" lon="32.926774"><ele>1153.5</ele></trkpt>
    <trkpt lat="36.584891" lon="32.927154"><ele>1154.1</ele></trkpt>
    <trkpt lat="36.584581" lon="32.927381"><ele>1154.8</ele></trkpt>
    <trkpt lat="36.584211" lon="32.927470"><ele>1155.5</ele></trkpt>
    <trkpt lat="36.583809" lon="32.927486"><ele>1156.1</ele></trkpt>
    <trkpt lat="36.583412" lon="32.927512"><ele>1156.6</ele></trkpt>
    <trkpt lat="36.583049" lon="32.927618"><ele>1156.9</ele></trkpt>
    <trkpt lat="36.582733" lon="32.927832"><ele>1156.9</ele></trkpt>
    <trkpt lat="36.582456" lon="32.928133"><ele>1156.6</ele></trkpt>
    <trkpt lat="36.582195" lon="32.928471"><ele>1156.1</ele></trkpt>
    <trkpt lat="36.581925" lon="32.928790"><ele>1155.4</ele></trkpt>
    <trkpt lat="36.581631" lon="32.929052"><ele>1154.5</ele></trkpt>
    <trkpt lat="36.581309" lon="32.929253"><ele>1153.5</ele></trkpt>
    <trkpt lat="36.580972" lon="32.929417"><ele>1152.5</ele></trkpt>
    <trkpt lat="36.580635" lon="32.929581"><ele>1151.5</ele></trkpt>
    <trkpt lat="36.580310" lon="32.929774"><ele>1150.7</ele></trkpt>
    <trkpt lat="36.580000" lon="32.930000"><ele>1150.0</ele></trkpt>
    <trkpt lat="36.579646" lon="32.929920"><ele>1147.7</ele></trkpt>
    <trkpt lat="36.579290" lon="32.929855"><ele>1145.2</ele></trkpt>
    <trkpt lat="36.578930" lon="32.929832"><ele>1142.6</ele></trkpt>
    <trkpt lat="36.578567" lon="32.929848"><ele>1139.8</ele></trkpt>
    <trkpt lat="36.578202" lon="32.929875"><ele>1137.0</ele></trkpt>
    <trkpt lat="36.577841" lon="32.929869"><ele>1134.2</ele></trkpt>
    <trkpt lat="36.577486" lon="32.929792"><ele>1131.5</ele></trkpt>
    <trkpt lat="36.577139" lon="32.929633"><ele>1128.9</ele></trkpt>
    <trkpt lat="36.576796" lon="32.929425"><ele>1126.6</ele></trkpt>
    <trkpt lat="36.576453" lon="32.929230"><ele>1124.5</ele></trkpt>
    <trkpt lat="36.576101" lon="32.929118"><ele>1122.7</ele></trkpt>
    <trkpt lat="36.575738" lon="32.929133"><ele>1121.1</ele></trkpt>
    <trkpt lat="36.575363" lon="32.929270"><ele>1119.8</ele></trkpt>
    <trkpt lat="36.574983" lon="32.929465"><ele>1118.7</ele></trkpt>
    <trkpt lat="36.574607" lon="32.929622"><ele>1117.7</ele></trkpt>
    <trkpt lat="36.574243" lon="32.929648"><ele>1116.8</ele></trkpt>
    <trkpt lat="36.573896" lon="32.929491"><ele>1115.7</ele></trkpt>
    <trkpt lat="36.573563" lon="32.929175"><ele>1114.4</ele></trkpt>
    <trkpt lat="36.573236" lon="32.928790"><ele>1112.9</ele></trkpt>
    <trkpt lat="36.572904" lon="32.928467"><ele>1110.9</ele></trkpt>
    <trkpt lat="36.572556" lon="32.928324"><ele>1108.5</ele></trkpt>
    <trkpt lat="36.572185" lon="32.928416"><ele>1105.6</ele></trkpt>
    <trkpt lat="36.571797" lon="32.928707"><ele>1102.3</ele></trkpt>
    <trkpt lat="36.571401" lon="32.929075"><ele>1098.5</ele></trkpt>
    <trkpt lat="36.571013" lon="32.929358"><ele>1094.3</ele></trkpt>
    <trkpt lat="36.570646" lon="32.929414"><ele>1089.8</ele></trkpt>
    <trkpt lat="36.570305" lon="32.929184"><ele>1085.3</ele></trkpt>
    <trkpt lat="36.569987" lon="32.928717"><ele>1080.7</ele></trkpt>
    <trkpt lat="36.569676" lon="32.928164"><ele>1076.4</ele></trkpt>
    <trkpt lat="36.569355" lon="32.927719"><ele>1072.3</ele></trkpt>
    <trkpt lat="36.569009" lon="32.927546"><ele>1068.8</ele></trkpt>
    <trkpt lat="36.568632" lon="32.927709"><ele>1065.8</ele></trkpt>
    <trkpt lat="36.568230" lon="32.928145"><ele>1063.6</ele></trkpt>
    <trkpt lat="36.567819" lon="32.928675"><ele>1062.0</ele></trkpt>
    <trkpt lat="36.567421" lon="32.929076"><ele>1061.1</ele></trkpt>
    <trkpt lat="36.567051" lon="32.929162"><ele>1060.9</ele></trkpt>
    <trkpt lat="36.566717" lon="32.928863"><ele>1061.1</ele></trkpt>
    <trkpt lat="36.566410" lon="32.928258"><ele>1061.8</ele></trkpt>
    <trkpt lat="36.566114" lon="32.927550"><ele>1062.7</ele></trkpt>
    <trkpt lat="36.565803" lon="32.926992"><ele>1063.6</ele></trkpt>
    <trkpt lat="36.565460" lon="32.926789"><ele>1064.2</ele></trkpt>
    <trkpt lat="36.565077" lon="32.927018"><ele>1064.5</ele></trkpt>
    <trkpt lat="36.564663" lon="32.927585"><ele>1064.1</ele></trkpt>
    <trkpt lat="36.564239" lon="32.928263"><ele>1063.0</ele></trkpt>
    <trkpt lat="36.563830" lon="32.928771"><ele>1061.0</ele></trkpt>
    <trkpt lat="36.563458" lon="32.928885"><ele>1058.1</ele></trkpt>
    <trkpt lat="36.563129" lon="32.928525"><ele>1054.3</ele></trkpt>
    <trkpt lat="36.562835" lon="32.927796"><ele>1049.6</ele></trkpt>
    <trkpt lat="36.562551" lon="32.926948"><ele>1044.3</ele></trkpt>
    <trkpt lat="36.562250" lon="32.926290"><ele>1038.4</ele></trkpt>
    <trkpt lat="36.561909" lon="32.926061"><ele>1032.1</ele></trkpt>
    <trkpt lat="36.561521" lon="32.926346"><ele>1025.8</ele></trkpt>
    <trkpt lat="36.561096" lon="32.927029"><ele>1019.8</ele></trkpt>
    <trkpt lat="36.560660" lon="32.927836"><ele>1014.1</ele></trkpt>
    <trkpt lat="36.560242" lon="32.928438"><ele>1009.1</ele></trkpt>
    <trkpt lat="36.559868" lon="32.928576"><ele>1005.0</ele></trkpt>
    <trkpt lat="36.559544" lon="32.928164"><ele>1001.9</ele></trkpt>
    <trkpt lat="36.559259" lon="32.927329"><ele>999.9</ele></trkpt>
    <trkpt lat="36.558986" lon="32.926363"><ele>998.9</ele></trkpt>
    <trkpt lat="36.558693" lon="32.925618"><ele>999.0</ele></trkpt>
    <trkpt lat="36.558354" lon="32.925368"><ele>1000.0</ele></trkpt>
    <trkpt lat="36.557962" lon="32.925700"><ele>1001.7</ele></trkpt>
    <trkpt lat="36.557528" lon="32.926478"><ele>1003.9</ele></trkpt>
    <trkpt lat="36.557082" lon="32.927393"><ele>1006.3</ele></trkpt>
    <trkpt lat="36.556658" lon="32.928072"><ele>1008.5</ele></trkpt>
    <trkpt lat="36.556281" lon="32.928230"><ele>1010.3</ele></trkpt>
    <trkpt lat="36.555961" lon="32.927777"><ele>1011.5</ele></trkpt>
    <trkpt lat="36.555684" lon="32.926856"><ele>1011.7</ele></trkpt>
    <trkpt lat="36.555420" lon="32.925795"><ele>1010.9</ele></trkpt>
    <trkpt lat="36.555133" lon="32.924981"><ele>1008.8</ele></trkpt>
    <trkpt lat="36.554796" lon="32.924713"><ele>1005.5</ele></trkpt>
    <trkpt lat="36.554401" lon="32.925081"><ele>1001.0</ele></trkpt>
    <trkpt lat="36.553960" lon="32.925934"><ele>995.5</ele></trkpt>
    <trkpt lat="36.553506" lon="32.926931"><ele>989.0</ele></trkpt>
    <trkpt lat="36.553076" lon="32.927670"><ele>982.0</ele></trkpt>
    <trkpt lat="36.552698" lon="32.927844"><ele>974.6</ele></trkpt>
    <trkpt lat="36.552381" lon="32.927360"><ele>967.2</ele></trkpt>
    <trkpt lat="36.552110" lon="32.926376"><ele>960.2</ele></trkpt>
    <trkpt lat="36.551852" lon="32.925246"><ele>953.7</ele></trkpt>
    <trkpt lat="36.551570" lon="32.924382"><ele>948.2</ele></trkpt>
    <trkpt lat="36.551234" lon="32.924100"><ele>943.8</ele></trkpt>
    <trkpt lat="36.550836" lon="32.924494"><ele>940.7</ele></trkpt>
    <trkpt lat="36.550391" lon="32.925398"><ele>938.8</ele></trkpt>
    <trkpt lat="36.549932" lon="32.926450"><ele>938.3</ele></trkpt>
    <trkpt lat="36.549499" lon="32.927229"><ele>939.0</ele></trkpt>
    <trkpt lat="36.549120" lon="32.927414"><ele>940.7</ele></trkpt>
    <trkpt lat="36.548804" lon="32.926910"><ele>943.2</ele></trkpt>
    <trkpt lat="36.548537" lon="32.925887"><ele>946.2</ele></trkpt>
    <trkpt lat="36.548283" lon="32.924715"><ele>949.3</ele></trkpt>
    <trkpt lat="36.548003" lon="32.923823"><ele>952.2</ele></trkpt>
    <trkpt lat="36.547668" lon="32.923533"><ele>954.5</ele></trkpt>
    <trkpt lat="36.547269" lon="32.923940"><ele>956.1</ele></trkpt>
    <trkpt lat="36.546821" lon="32.924870"><ele>956.5</ele></trkpt>
    <trkpt lat="36.546360" lon="32.925950"><ele>955.7</ele></trkpt>
    <trkpt lat="36.545924" lon="32.926748"><ele>953.5</ele></trkpt>
    <trkpt lat="36.545545" lon="32.926937"><ele>950.0</ele></trkpt>
    <trkpt lat="36.545230" lon="32.926426"><ele>945.2</ele></trkpt>
    <trkpt lat="36.544964" lon="32.925390"><ele>939.3</ele></trkpt>
    <trkpt lat="36.544711" lon="32.924205"><ele>932.4</ele></trkpt>
    <trkpt lat="36.544433" lon="32.923304"><ele>925.0</ele></trkpt>
    <trkpt lat="36.544098" lon="32.923013"><ele>917.2</ele></trkpt>
    <trkpt lat="36.543698" lon="32.923421"><ele>909.6</ele></trkpt>
    <trkpt lat="36.543250" lon="32.924353"><ele>902.3</ele></trkpt>
    <trkpt lat="36.542789" lon="32.925431"><ele>895.8</ele></trkpt>
    <trkpt lat="36.542354" lon="32.926225"><ele>890.2</ele></trkpt>
    <trkpt lat="36.541975" lon="32.926413"><ele>885.8</ele></trkpt>
    <trkpt lat="36.541660" lon="32.925907"><ele>882.8</ele></trkpt>
    <trkpt lat="36.541392" lon="32.924882"><ele>881.1</ele></trkpt>
    <trkpt lat="36.541138" lon="32.923713"><ele>880.7</ele></trkpt>
    <trkpt lat="36.540858" lon="32.922827"><ele>881.5</ele></trkpt>
    <trkpt lat="36.540523" lon="32.922540"><ele>883.3</ele></trkpt>
    <trkpt lat="36.540124" lon="32.922938"><ele>885.8</ele></trkpt>
    <trkpt lat="36.539679" lon="32.923845"><ele>888.7</ele></trkpt>
    <trkpt lat="36.539220" lon="32.924893"><ele>891.7</ele></trkpt>
    <trkpt lat="36.538787" lon="32.925662"><ele>894.4</ele></trkpt>
    <trkpt lat="36.538409" lon="32.925843"><ele>896.6</ele></trkpt>
    <trkpt lat="36.538092" lon="32.925352"><ele>897.9</ele></trkpt>
    <trkpt lat="36.537822" lon="32.924364"><ele>898.1</ele></trkpt>
    <trkpt lat="36.537564" lon="32.923240"><ele>897.1</ele></trkpt>
    <trkpt lat="36.537280" lon="32.922389"><ele>894.8</ele></trkpt>
    <trkpt lat="36.536944" lon="32.922112"><ele>891.3</ele></trkpt>
    <trkpt lat="36.536547" lon="32.922489"><ele>886.5</ele></trkpt>
    <trkpt lat="36.536106" lon="32.923348"><ele>880.8</ele></trkpt>
    <trkpt lat="36.535653" lon="32.924338"><ele>874.3</ele></trkpt>
    <trkpt lat="36.535224" lon="32.925061"><ele>867.2</ele></trkpt>
    <trkpt lat="36.534847" lon="32.925227"><ele>860.0</ele></trkpt>
    <trkpt lat="36.534528" lon="32.924763"><ele>852.9</ele></trkpt>
    <trkpt lat="36.534252" lon="32.923835"><ele>846.2</ele></trkpt>
    <trkpt lat="36.533987" lon="32.922783"><ele>840.2</ele></trkpt>
    <trkpt lat="36.533699" lon="32.921989"><ele>835.1</ele></trkpt>
    <trkpt lat="36.533361" lon="32.921729"><ele>831.1</ele></trkpt>
    <trkpt lat="36.532967" lon="32.922074"><ele>828.3</ele></trkpt>
    <trkpt lat="36.532532" lon="32.922862"><ele>826.6</ele></trkpt>
    <trkpt lat="36.532087" lon="32.923766"><ele>826.1</ele></trkpt>
    <trkpt lat="36.531665" lon="32.924423"><ele>826.5</ele></trkpt>
    <trkpt lat="36.531289" lon="32.924569"><ele>827.7</ele></trkpt>
    <trkpt lat="36.530967" lon="32.924142"><ele>829.5</ele></trkpt>
    <trkpt lat="36.530683" lon="32.923296"><ele>831.6</ele></trkpt>
    <trkpt lat="36.530409" lon="32.922342"><ele>833.6</ele></trkpt>
    <trkpt lat="36.530114" lon="32.921623"><ele>835.4</ele></trkpt>
    <trkpt lat="36.529774" lon="32.921387"><ele>836.6</ele></trkpt>
    <trkpt lat="36.529384" lon="32.921691"><ele>837.1</ele></trkpt>
    <trkpt lat="36.528958" lon="32.922386"><ele>836.7</ele></trkpt>
    <trkpt lat="36.528523" lon="32.923180"><ele>835.3</ele></trkpt>
    <trkpt lat="36.528108" lon="32.923752"><ele>832.9</ele></trkpt>
    <trkpt lat="36.527735" lon="32.923872"><ele>829.5</ele></trkpt>
    <trkpt lat="36.527409" lon="32.923490"><ele>825.2</ele></trkpt>
    <trkpt lat="36.527115" lon="32.922746"><ele>820.2</ele></trkpt>
    <trkpt lat="36.526830" lon="32.921913"><ele>814.7</ele></trkpt>
    <trkpt lat="36.526526" lon="32.921289"><ele>808.8</ele></trkpt>
    <trkpt lat="36.526183" lon="32.921081"><ele>802.9</ele></trkpt>
    <trkpt lat="36.525798" lon="32.921336"><ele>797.1</ele></trkpt>
    <trkpt lat="36.525382" lon="32.921920"><ele>791.7</ele></trkpt>
    <trkpt lat="36.524959" lon="32.922582"><ele>786.8</ele></trkpt>
    <trkpt lat="36.524554" lon="32.923052"><ele>782.7</ele></trkpt>
    <trkpt lat="36.524184" lon="32.923141"><ele>779.3</ele></trkpt>
    <trkpt lat="36.523853" lon="32.922812"><ele>776.8</ele></trkpt>
    <trkpt lat="36.523548" lon="32.922188"><ele>775.1</ele></trkpt>
    <trkpt lat="36.523250" lon="32.921496"><ele>774.1</ele></trkpt>
    <trkpt lat="36.522936" lon="32.920980"><ele>773.7</ele></trkpt>
    <trkpt lat="36.522590" lon="32.920807"><ele>773.8</ele></trkpt>
    <trkpt lat="36.522210" lon="32.921005"><ele>774.2</ele></trkpt>
    <trkpt lat="36.521806" lon="32.921462"><ele>774.7</ele></trkpt>
    <trkpt lat="36.521397" lon="32.921975"><ele>775.1</ele></trkpt>
    <trkpt lat="36.521002" lon="32.922329"><ele>775.3</ele></trkpt>
    <trkpt lat="36.520636" lon="32.922382"><ele>775.0</ele></trkpt>
    <trkpt lat="36.520299" lon="32.922112"><ele>774.3</ele></trkpt>
    <trkpt lat="36.519982" lon="32.921621"><ele>773.0</ele></trkpt>
    <trkpt lat="36.519670" lon="32.921086"><ele>771.0</ele></trkpt>
    <trkpt lat="36.519344" lon="32.920693"><ele>768.5</ele></trkpt>
    <trkpt lat="36.518995" lon="32.920558"><ele>765.4</ele></trkpt>
    <trkpt lat="36.518620" lon="32.920694"><ele>761.9</ele></trkpt>
    <trkpt lat="36.518229" lon="32.921013"><ele>758.0</ele></trkpt>
    <trkpt lat="36.517835" lon="32.921361"><ele>754.0</ele></trkpt>
    <trkpt lat="36.517452" lon="32.921588"><ele>749.8</ele></trkpt>
    <trkpt lat="36.517089" lon="32.921600"><ele>745.7</ele></trkpt>
    <trkpt lat="36.516747" lon="32.921394"><ele>741.8</ele></trkpt>
    <trkpt lat="36.516417" lon="32.921046"><ele>738.2</ele></trkpt>
    <trkpt lat="36.516088" lon="32.920682"><ele>734.9</ele></trkpt>
    <trkpt lat="36.515751" lon="32.920420"><ele>732.0</ele></trkpt>
    <trkpt lat="36.515398" lon="32.920327"><ele>729.5</ele></trkpt>
    <trkpt lat="36.515029" lon="32.920399"><ele>727.3</ele></trkpt>
    <trkpt lat="36.514652" lon="32.920569"><ele>725.4</ele></trkpt>
    <trkpt lat="36.514274" lon="32.920743"><ele>723.8</ele></trkpt>
    <trkpt lat="36.513903" lon="32.920835"><ele>722.4</ele></trkpt>
    <trkpt lat="36.513544" lon="32.920804"><ele>721.0</ele></trkpt>
    <trkpt lat="36.513195" lon="32.920663"><ele>719.6</ele></trkpt>
    <trkpt lat="36.512852" lon="32.920467"><ele>718.1</ele></trkpt>
    <trkpt lat="36.512507" lon="32.920281"><ele>716.4</ele></trkpt>
    <trkpt lat="36.512157" lon="32.920157"><ele>714.6</ele></trkpt>
    <trkpt lat="36.511799" lon="32.920108"><ele>712.5</ele></trkpt>
    <trkpt lat="36.511437" lon="32.920113"><ele>710.3</ele></trkpt>
    <trkpt lat="36.511073" lon="32.920131"><ele>707.8</ele></trkpt>
    <trkpt lat="36.510712" lon="32.920124"><ele>705.3</ele></trkpt>
    <trkpt lat="36.510355" lon="32.920076"><ele>702.6</ele></trkpt>
    <trkpt lat="36.510000" lon="32.920000"><ele>700.0</ele></trkpt>
    <trkpt lat="36.509648" lon="32.920096"><ele>698.3</ele></trkpt>
    <trkpt lat="36.509293" lon="32.920169"><ele>696.4</ele></trkpt>
    <trkpt lat="36.508933" lon="32.920211"><ele>694.5</ele></trkpt>
    <trkpt lat="36.508572" lon="32.920239"><ele>692.4</ele></trkpt>
    <trkpt lat="36.508212" lon="32.920281"><ele>690.1</ele></trkpt>
    <trkpt lat="36.507859" lon="32.920368"><ele>687.7</ele></trkpt>
    <trkpt lat="36.507514" lon="32.920512"><ele>685.3</ele></trkpt>
    <trkpt lat="36.507175" lon="32.920696"><ele>682.7</ele></trkpt>
    <trkpt lat="36.506836" lon="32.920880"><ele>680.2</ele></trkpt>
    <trkpt lat="36.506489" lon="32.921012"><ele>677.7</ele></trkpt>
    <trkpt lat="36.506130" lon="32.921057"><ele>675.4</ele></trkpt>
    <trkpt lat="36.505758" lon="32.921012"><ele>673.2</ele></trkpt>
    <trkpt lat="36.505378" lon="32.920915"><ele>671.3</ele></trkpt>
    <trkpt lat="36.505001" lon="32.920836"><ele>669.6</ele></trkpt>
    <trkpt lat="36.504637" lon="32.920845"><ele>668.2</ele></trkpt>
    <trkpt lat="36.504291" lon="32.920984"><ele>667.0</ele></trkpt>
    <trkpt lat="36.503963" lon="32.921245"><ele>666.1</ele></trkpt>
    <trkpt lat="36.503644" lon="32.921567"><ele>665.3</ele></trkpt>
    <trkpt lat="36.503319" lon="32.921856"><ele>664.6</ele></trkpt>
    <trkpt lat="36.502977" lon="32.922021"><ele>663.9</ele></trkpt>
    <trkpt lat="36.502611" lon="32.922014"><ele>663.1</ele></trkpt>
    <trkpt lat="36.502222" lon="32.921852"><ele>662.1</ele></trkpt>
    <trkpt lat="36.501823" lon="32.921619"><ele>660.8</ele></trkpt>
    <trkpt lat="36.501431" lon="32.921437"><ele>659.1</ele></trkpt>
    <trkpt lat="36.501062" lon="32.921414"><ele>657.0</ele></trkpt>
    <trkpt lat="36.500724" lon="32.921605"><ele>654.5</ele></trkpt>
    <trkpt lat="36.500412" lon="32.921981"><ele>651.6</ele></trkpt>
    <trkpt lat="36.500112" lon="32.922438"><ele>648.3</ele></trkpt>
    <trkpt lat="36.499803" lon="32.922828"><ele>644.6</ele></trkpt>
    <trkpt lat="36.499465" lon="32.923023"><ele>640.7</ele></trkpt>
    <trkpt lat="36.499091" lon="32.922964"><ele>636.7</ele></trkpt>
    <trkpt lat="36.498686" lon="32.922689"><ele>632.7</ele></trkpt>
    <trkpt lat="36.498268" lon="32.922325"><ele>628.9</ele></trkpt>
    <trkpt lat="36.497862" lon="32.922043"><ele>625.4</ele></trkpt>
    <trkpt lat="36.497489" lon="32.921991"><ele>622.3</ele></trkpt>
    <trkpt lat="36.497158" lon="32.922234"><ele>619.8</ele></trkpt>
    <trkpt lat="36.496862" lon="32.922721"><ele>617.8</ele></trkpt>
    <trkpt lat="36.496580" lon="32.923306"><ele>616.4</ele></trkpt>
    <trkpt lat="36.496285" lon="32.923792"><ele>615.6</ele></trkpt>
    <trkpt lat="36.495951" lon="32.924015"><ele>615.4</ele></trkpt>
    <trkpt lat="36.495570" lon="32.923905"><ele>615.7</ele></trkpt>
    <trkpt lat="36.495149" lon="32.923521"><ele>616.3</ele></trkpt>
    <trkpt lat="36.494713" lon="32.923033"><ele>617.1</ele></trkpt>
    <trkpt lat="36.494294" lon="32.922659"><ele>617.9</ele></trkpt>
    <trkpt lat="36.493917" lon="32.922581"><ele>618.5</ele></trkpt>
    <trkpt lat="36.493593" lon="32.922873"><ele>618.7</ele></trkpt>
    <trkpt lat="36.493313" lon="32.923466"><ele>618.5</ele></trkpt>
    <trkpt lat="36.493048" lon="32.924170"><ele>617.6</ele></trkpt>
    <trkpt lat="36.492765" lon="32.924746"><ele>615.9</ele></trkpt>
    <trkpt lat="36.492435" lon="32.924993"><ele>613.5</ele></trkpt>
    <trkpt lat="36.492047" lon="32.924835"><ele>610.2</ele></trkpt>
    <trkpt lat="36.491611" lon="32.924349"><ele>606.3</ele></trkpt>
    <trkpt lat="36.491159" lon="32.923746"><ele>601.7</ele></trkpt>
    <trkpt lat="36.490727" lon="32.923286"><ele>596.6</ele></trkpt>
    <trkpt lat="36.490347" lon="32.923185"><ele>591.3</ele></trkpt>
    <trkpt lat="36.490030" lon="32.923524"><ele>585.9</ele></trkpt>
    <trkpt lat="36.489764" lon="32.924215"><ele>580.6</ele></trkpt>
    <trkpt lat="36.489515" lon="32.925030"><ele>575.7</ele></trkpt>
    <trkpt lat="36.489244" lon="32.925687"><ele>571.3</ele></trkpt>
    <trkpt lat="36.488917" lon="32.925955"><ele>567.7</ele></trkpt>
    <trkpt lat="36.488522" lon="32.925751"><ele>565.0</ele></trkpt>
    <trkpt lat="36.488073" lon="32.925172"><ele>563.2</ele></trkpt>
    <trkpt lat="36.487606" lon="32.924463"><ele>562.4</ele></trkpt>
    <trkpt lat="36.487163" lon="32.923927"><ele>562.4</ele></trkpt>
    <trkpt lat="36.486780" lon="32.923807"><ele>563.3</ele></trkpt>
    <trkpt lat="36.486470" lon="32.924190"><ele>564.7</ele></trkpt>
    <trkpt lat="36.486216" lon="32.924970"><ele>566.6</ele></trkpt>
    <trkpt lat="36.485982" lon="32.925884"><ele>568.7</ele></trkpt>
    <trkpt lat="36.485721" lon="32.926612"><ele>570.7</ele></trkpt>
    <trkpt lat="36.485396" lon="32.926898"><ele>572.4</ele></trkpt>
    <trkpt lat="36.484995" lon="32.926652"><ele>573.5</ele></trkpt>
    <trkpt lat="36.484534" lon="32.925989"><ele>573.8</ele></trkpt>
    <trkpt lat="36.484053" lon="32.925187"><ele>573.2</ele></trkpt>
    <trkpt lat="36.483601" lon="32.924585"><ele>571.5</ele></trkpt>
    <trkpt lat="36.483216" lon="32.924449"><ele>568.7</ele></trkpt>
    <trkpt lat="36.482911" lon="32.924872"><ele>564.9</ele></trkpt>
    <trkpt lat="36.482669" lon="32.925730"><ele>560.1</ele></trkpt>
    <trkpt lat="36.482447" lon="32.926731"><ele>554.5</ele></trkpt>
    <trkpt lat="36.482195" lon="32.927520"><ele>548.4</ele></trkpt>
    <trkpt lat="36.481872" lon="32.927820"><ele>541.9</ele></trkpt>
    <trkpt lat="36.481466" lon="32.927537"><ele>535.3</ele></trkpt>
    <trkpt lat="36.480994" lon="32.926801"><ele>529.1</ele></trkpt>
    <trkpt lat="36.480502" lon="32.925919"><ele>523.4</ele></trkpt>
    <trkpt lat="36.480042" lon="32.925261"><ele>518.4</ele></trkpt>
    <trkpt lat="36.479655" lon="32.925114"><ele>514.5</ele></trkpt>
    <trkpt lat="36.479355" lon="32.925571"><ele>511.7</ele></trkpt>
    <trkpt lat="36.479122" lon="32.926497"><ele>510.0</ele></trkpt>
    <trkpt lat="36.478911" lon="32.927570"><ele>509.6</ele></trkpt>
    <trkpt lat="36.478666" lon="32.928409"><ele>510.3</ele></trkpt>
    <trkpt lat="36.478345" lon="32.928718"><ele>511.9</ele></trkpt>
    <trkpt lat="36.477934" lon="32.928403"><ele>514.3</ele></trkpt>
    <trkpt lat="36.477454" lon="32.927606"><ele>517.2</ele></trkpt>
    <trkpt lat="36.476952" lon="32.926660"><ele>520.2</ele></trkpt>
    <trkpt lat="36.476485" lon="32.925957"><ele>523.0</ele></trkpt>
    <trkpt lat="36.476097" lon="32.925802"><ele>525.4</ele></trkpt>
    <trkpt lat="36.475802" lon="32.926290"><ele>527.1</ele></trkpt>
    <trkpt lat="36.475577" lon="32.927270"><ele>527.8</ele></trkpt>
    <trkpt lat="36.475374" lon="32.928400"><ele>527.3</ele></trkpt>
    <trkpt lat="36.475134" lon="32.929277"><ele>525.5</ele></trkpt>
    <trkpt lat="36.474814" lon="32.929592"><ele>522.5</ele></trkpt>
    <trkpt lat="36.474399" lon="32.929249"><ele>518.2</ele></trkpt>
    <trkpt lat="36.473912" lon="32.928405"><ele>512.8</ele></trkpt>
    <trkpt lat="36.473403" lon="32.927410"><ele>506.6</ele></trkpt>
    <trkpt lat="36.472932" lon="32.926676"><ele>499.7</ele></trkpt>
    <trkpt lat="36.472544" lon="32.926517"><ele>492.5</ele></trkpt>
    <trkpt lat="36.472252" lon="32.927028"><ele>485.3</ele></trkpt>
    <trkpt lat="36.472033" lon="32.928049"><ele>478.5</ele></trkpt>
    <trkpt lat="36.471835" lon="32.929220"><ele>472.3</ele></trkpt>
    <trkpt lat="36.471599" lon="32.930122"><ele>467.0</ele></trkpt>
    <trkpt lat="36.471279" lon="32.930439"><ele>462.9</ele></trkpt>
    <trkpt lat="36.470861" lon="32.930075"><ele>460.1</ele></trkpt>
    <trkpt lat="36.470369" lon="32.929197"><ele>458.7</ele></trkpt>
    <trkpt lat="36.469856" lon="32.928170"><ele>458.5</ele></trkpt>
    <trkpt lat="36.469382" lon="32.927417"><ele>459.6</ele></trkpt>
    <trkpt lat="36.468994" lon="32.927258"><ele>461.7</ele></trkpt>
    <trkpt lat="36.468704" lon="32.927787"><ele>464.5</ele></trkpt>
    <trkpt lat="36.468489" lon="32.928834"><ele>467.9</ele></trkpt>
    <trkpt lat="36.468295" lon="32.930029"><ele>471.3</ele></trkpt>
    <trkpt lat="36.468061" lon="32.930944"><ele>474.6</ele></trkpt>
    <trkpt lat="36.467740" lon="32.931259"><ele>477.3</ele></trkpt>
    <trkpt lat="36.467320" lon="32.930881"><ele>479.1</ele></trkpt>
    <trkpt lat="36.466826" lon="32.929984"><ele>479.9</ele></trkpt>
    <trkpt lat="36.466310" lon="32.928941"><ele>479.4</ele></trkpt>
    <trkpt lat="36.465836" lon="32.928181"><ele>477.6</ele></trkpt>
    <trkpt lat="36.465448" lon="32.928027"><ele>474.4</ele></trkpt>
    <trkpt lat="36.465160" lon="32.928567"><ele>469.9</ele></trkpt>
    <trkpt lat="36.464946" lon="32.929625"><ele>464.2</ele></trkpt>
    <trkpt lat="36.464753" lon="32.930827"><ele>457.7</ele></trkpt>
    <trkpt lat="36.464519" lon="32.931742"><ele>450.6</ele></trkpt>
    <trkpt lat="36.464198" lon="32.932051"><ele>443.1</ele></trkpt>
    <trkpt lat="36.463777" lon="32.931666"><ele>435.8</ele></trkpt>
    <trkpt lat="36.463282" lon="32.930764"><ele>428.9</ele></trkpt>
    <trkpt lat="36.462766" lon="32.929723"><ele>422.6</ele></trkpt>
    <trkpt lat="36.462292" lon="32.928970"><ele>417.4</ele></trkpt>
    <trkpt lat="36.461906" lon="32.928823"><ele>413.4</ele></trkpt>
    <trkpt lat="36.461618" lon="32.929367"><ele>410.6</ele></trkpt>
    <trkpt lat="36.461404" lon="32.930422"><ele>409.3</ele></trkpt>
    <trkpt lat="36.461210" lon="32.931614"><ele>409.2</ele></trkpt>
    <trkpt lat="36.460974" lon="32.932516"><ele>410.4</ele></trkpt>
    <trkpt lat="36.460651" lon="32.932815"><ele>412.6</ele></trkpt>
    <trkpt lat="36.460230" lon="32.932430"><ele>415.4</ele></trkpt>
    <trkpt lat="36.459737" lon="32.931539"><ele>418.8</ele></trkpt>
    <trkpt lat="36.459224" lon="32.930517"><ele>422.1</ele></trkpt>
    <trkpt lat="36.458753" lon="32.929783"><ele>425.3</ele></trkpt>
    <trkpt lat="36.458368" lon="32.929647"><ele>427.8</ele></trkpt>
    <trkpt lat="36.458080" lon="32.930188"><ele>429.5</ele></trkpt>
    <trkpt lat="36.457863" lon="32.931225"><ele>430.1</ele></trkpt>
    <trkpt lat="36.457665" lon="32.932389"><ele>429.5</ele></trkpt>
    <trkpt lat="36.457425" lon="32.933266"><ele>427.6</ele></trkpt>
    <trkpt lat="36.457101" lon="32.933552"><ele>424.3</ele></trkpt>
    <trkpt lat="36.456681" lon="32.933174"><ele>419.8</ele></trkpt>
    <trkpt lat="36.456191" lon="32.932309"><ele>414.3</ele></trkpt>
    <trkpt lat="36.455683" lon="32.931322"><ele>407.9</ele></trkpt>
    <trkpt lat="36.455217" lon="32.930620"><ele>401.0</ele></trkpt>
    <trkpt lat="36.454833" lon="32.930499"><ele>393.9</ele></trkpt>
    <trkpt lat="36.454544" lon="32.931028"><ele>386.9</ele></trkpt>
    <trkpt lat="36.454323" lon="32.932032"><ele>380.3</ele></trkpt>
    <trkpt lat="36.454118" lon="32.933152"><ele>374.5</ele></trkpt>
    <trkpt lat="36.453873" lon="32.933992"><ele>369.5</ele></trkpt>
    <trkpt lat="36.453546" lon="32.934263"><ele>365.7</ele></trkpt>
    <trkpt lat="36.453128" lon="32.933899"><ele>363.2</ele></trkpt>
    <trkpt lat="36.452644" lon="32.933075"><ele>361.9</ele></trkpt>
    <trkpt lat="36.452144" lon="32.932140"><ele>361.8</ele></trkpt>
    <trkpt lat="36.451684" lon="32.931481"><ele>362.7</ele></trkpt>
    <trkpt lat="36.451303" lon="32.931376"><ele>364.6</ele></trkpt>
    <trkpt lat="36.451011" lon="32.931888"><ele>367.0</ele></trkpt>
    <trkpt lat="36.450783" lon="32.932844"><ele>369.8</ele></trkpt>
    <trkpt lat="36.450570" lon="32.933904"><ele>372.6</ele></trkpt>
    <trkpt lat="36.450318" lon="32.934695"><ele>375.1</ele></trkpt>
    <trkpt lat="36.449988" lon="32.934948"><ele>377.1</ele></trkpt>
    <trkpt lat="36.449573" lon="32.934605"><ele>378.3</ele></trkpt>
    <trkpt lat="36.449097" lon="32.933836"><ele>378.5</ele></trkpt>
    <trkpt lat="36.448607" lon="32.932968"><ele>377.6</ele></trkpt>
    <trkpt lat="36.448154" lon="32.932363"><ele>375.6</ele></trkpt>
    <trkpt lat="36.447776" lon="32.932278"><ele>372.4</ele></trkpt>
    <trkpt lat="36.447481" lon="32.932765"><ele>368.2</ele></trkpt>
    <trkpt lat="36.447244" lon="32.933659"><ele>363.1</ele></trkpt>
    <trkpt lat="36.447020" lon="32.934645"><ele>357.3</ele></trkpt>
    <trkpt lat="36.446759" lon="32.935376"><ele>351.1</ele></trkpt>
    <trkpt lat="36.446427" lon="32.935609"><ele>344.8</ele></trkpt>
    <trkpt lat="36.446016" lon="32.935295"><ele>338.6</ele></trkpt>
    <trkpt lat="36.445550" lon="32.934593"><ele>332.8</ele></trkpt>
    <trkpt lat="36.445071" lon="32.933807"><ele>327.7</ele></trkpt>
    <trkpt lat="36.444628" lon="32.933267"><ele>323.3</ele></trkpt>
    <trkpt lat="36.444253" lon="32.933202"><ele>320.0</ele></trkpt>
    <trkpt lat="36.443952" lon="32.933657"><ele>317.6</ele></trkpt>
    <trkpt lat="36.443705" lon="32.934478"><ele>316.3</ele></trkpt>
    <trkpt lat="36.443468" lon="32.935376"><ele>315.9</ele></trkpt>
    <trkpt lat="36.443198" lon="32.936038"><ele>316.4</ele></trkpt>
    <trkpt lat="36.442862" lon="32.936249"><ele>317.5</ele></trkpt>
    <trkpt lat="36.442457" lon="32.935969"><ele>319.1</ele></trkpt>
    <trkpt lat="36.442001" lon="32.935347"><ele>320.9</ele></trkpt>
    <trkpt lat="36.441536" lon="32.934656"><ele>322.7</ele></trkpt>
    <trkpt lat="36.441104" lon="32.934190"><ele>324.3</ele></trkpt>
    <trkpt lat="36.440732" lon="32.934148"><ele>325.3</ele></trkpt>
    <trkpt lat="36.440426" lon="32.934565"><ele>325.7</ele></trkpt>
    <trkpt lat="36.440166" lon="32.935300"><ele>325.3</ele></trkpt>
    <trkpt lat="36.439915" lon="32.936096"><ele>324.0</ele></trkpt>
    <trkpt lat="36.439634" lon="32.936681"><ele>321.9</ele></trkpt>
    <trkpt lat="36.439295" lon="32.936869"><ele>318.9</ele></trkpt>
    <trkpt lat="36.438895" lon="32.936631"><ele>315.1</ele></trkpt>
    <trkpt lat="36.438453" lon="32.936100"><ele>310.8</ele></trkpt>
    <trkpt lat="36.438003" lon="32.935515"><ele>306.0</ele></trkpt>
    <trkpt lat="36.437582" lon="32.935130"><ele>300.9</ele></trkpt>
    <trkpt lat="36.437214" lon="32.935111"><ele>295.8</ele></trkpt>
    <trkpt lat="36.436902" lon="32.935484"><ele>290.8</ele></trkpt>
    <trkpt lat="36.436628" lon="32.936123"><ele>286.2</ele></trkpt>
    <trkpt lat="36.436361" lon="32.936808"><ele>282.1</ele></trkpt>
    <trkpt lat="36.436067" lon="32.937308"><ele>278.5</ele></trkpt>
    <trkpt lat="36.435725" lon="32.937472"><ele>275.7</ele></trkpt>
    <trkpt lat="36.435332" lon="32.937280"><ele>273.6</ele></trkpt>
    <trkpt lat="36.434904" lon="32.936850"><ele>272.2</ele></trkpt>
    <trkpt lat="36.434472" lon="32.936382"><ele>271.4</ele></trkpt>
    <trkpt lat="36.434063" lon="32.936084"><ele>271.2</ele></trkpt>
    <trkpt lat="36.433698" lon="32.936091"><ele>271.3</ele></trkpt>
    <trkpt lat="36.433379" lon="32.936414"><ele>271.7</ele></trkpt>
    <trkpt lat="36.433090" lon="32.936948"><ele>272.2</ele></trkpt>
    <trkpt lat="36.432806" lon="32.937512"><ele>272.6</ele></trkpt>
    <trkpt lat="36.432499" lon="32.937921"><ele>272.7</ele></trkpt>
    <trkpt lat="36.432153" lon="32.938061"><ele>272.6</ele></trkpt>
    <trkpt lat="36.431768" lon="32.937921"><ele>271.9</ele></trkpt>
    <trkpt lat="36.431356" lon="32.937600"><ele>270.8</ele></trkpt>
    <trkpt lat="36.430941" lon="32.937257"><ele>269.1</ele></trkpt>
    <trkpt lat="36.430546" lon="32.937052"><ele>266.9</ele></trkpt>
    <trkpt lat="36.430184" lon="32.937082"><ele>264.2</ele></trkpt>
    <trkpt lat="36.429857" lon="32.937352"><ele>261.1</ele></trkpt>
    <trkpt lat="36.429552" lon="32.937774"><ele>257.7</ele></trkpt>
    <trkpt lat="36.429249" lon="32.938209"><ele>254.1</ele></trkpt>
    <trkpt lat="36.428929" lon="32.938524"><ele>250.5</ele></trkpt>
    <trkpt lat="36.428580" lon="32.938639"><ele>246.9</ele></trkpt>
    <trkpt lat="36.428202" lon="32.938555"><ele>243.4</ele></trkpt>
    <trkpt lat="36.427807" lon="32.938349"><ele>240.2</ele></trkpt>
    <trkpt lat="36.427411" lon="32.938137"><ele>237.3</ele></trkpt>
    <trkpt lat="36.427030" lon="32.938029"><ele>234.7</ele></trkpt>
    <trkpt lat="36.426672" lon="32.938084"><ele>232.5</ele></trkpt>
    <trkpt lat="36.426337" lon="32.938295"><ele>230.6</ele></trkpt>
    <trkpt lat="36.426015" lon="32.938599"><ele>229.1</ele></trkpt>
    <trkpt lat="36.425692" lon="32.938901"><ele>227.7</ele></trkpt>
    <trkpt lat="36.425358" lon="32.939118"><ele>226.6</ele></trkpt>
    <trkpt lat="36.425005" lon="32.939209"><ele>225.5</ele></trkpt>
    <trkpt lat="36.424636" lon="32.939184"><ele>224.5</ele></trkpt>
    <trkpt lat="36.424258" lon="32.939099"><ele>223.4</ele></trkpt>
    <trkpt lat="36.423882" lon="32.939023"><ele>222.2</ele></trkpt>
    <trkpt lat="36.423515" lon="32.939012"><ele>220.8</ele></trkpt>
    <trkpt lat="36.423160" lon="32.939091"><ele>219.3</ele></trkpt>
    <trkpt lat="36.422816" lon="32.939242"><ele>217.5</ele></trkpt>
    <trkpt lat="36.422477" lon="32.939424"><ele>215.5</ele></trkpt>
    <trkpt lat="36.422135" lon="32.939589"><ele>213.4</ele></trkpt>
    <trkpt lat="36.421786" lon="32.939707"><ele>211.2</ele></trkpt>
    <trkpt lat="36.421430" lon="32.939774"><ele>208.9</ele></trkpt>
    <trkpt lat="36.421070" lon="32.939812"><ele>206.6</ele></trkpt>
    <trkpt lat="36.420710" lon="32.939850"><ele>204.3</ele></trkpt>
    <trkpt lat="36.420353" lon="32.939911"><ele>202.1</ele></trkpt>
    <trkpt lat="36.420000" lon="32.940000"><ele>200.0</ele></trkpt>
    <trkpt lat="36.419662" lon="32.939844"><ele>201.2</ele></trkpt>
    <trkpt lat="36.419322" lon="32.939699"><ele>202.3</ele></trkpt>
    <trkpt lat="36.418975" lon="32.939580"><ele>203.2</ele></trkpt>
    <trkpt lat="36.418621" lon="32.939486"><ele>204.1</ele></trkpt>
    <trkpt lat="36.418266" lon="32.939400"><ele>205.0</ele></trkpt>
    <trkpt lat="36.417916" lon="32.939291"><ele>205.8</ele></trkpt>
    <trkpt lat="36.417578" lon="32.939135"><ele>206.8</ele></trkpt>
    <trkpt lat="36.417254" lon="32.938928"><ele>207.8</ele></trkpt>
    <trkpt lat="36.416938" lon="32.938690"><ele>208.9</ele></trkpt>
    <trkpt lat="36.416619" lon="32.938461"><ele>210.3</ele></trkpt>
    <trkpt lat="36.416286" lon="32.938287"><ele>211.8</ele></trkpt>
    <trkpt lat="36.415932" lon="32.938195"><ele>213.5</ele></trkpt>
    <trkpt lat="36.415558" lon="32.938181"><ele>215.4</ele></trkpt>
    <trkpt lat="36.415174" lon="32.938202"><ele>217.4</ele></trkpt>
    <trkpt lat="36.414798" lon="32.938198"><ele>219.5</ele></trkpt>
    <trkpt lat="36.414443" lon="32.938107"><ele>221.6</ele></trkpt>
    <trkpt lat="36.414119" lon="32.937898"><ele>223.6</ele></trkpt>
    <trkpt lat="36.413822" lon="32.937587"><ele>225.5</ele></trkpt>
    <trkpt lat="36.413535" lon="32.937234"><ele>227.2</ele></trkpt>
    <trkpt lat="36.413238" lon="32.936924"><ele>228.6</ele></trkpt>
    <trkpt lat="36.412909" lon="32.936733"><ele>229.7</ele></trkpt>
    <trkpt lat="36.412542" lon="32.936694"><ele>230.5</ele></trkpt>
    <trkpt lat="36.412141" lon="32.936782"><ele>231.0</ele></trkpt>
    <trkpt lat="36.411728" lon="32.936917"><ele>231.1</ele></trkpt>
    <trkpt lat="36.411330" lon="32.936993"><ele>231.0</ele></trkpt>
    <trkpt lat="36.410971" lon="32.936920"><ele>230.8</ele></trkpt>
    <trkpt lat="36.410661" lon="32.936658"><ele>230.4</ele></trkpt>
    <trkpt lat="36.410390" lon="32.936246"><ele>230.1</ele></trkpt>
    <trkpt lat="36.410132" lon="32.935781"><ele>229.9</ele></trkpt>
    <trkpt lat="36.409855" lon="32.935391"><ele>229.9</ele></trkpt>
    <trkpt lat="36.409531" lon="32.935183"><ele>230.2</ele></trkpt>
    <trkpt lat="36.409150" lon="32.935196"><ele>231.0</ele></trkpt>
    <trkpt lat="36.408723" lon="32.935384"><ele>232.2</ele></trkpt>
    <trkpt lat="36.408282" lon="32.935630"><ele>233.9</ele></trkpt>
    <trkpt lat="36.407864" lon="32.935784"><ele>236.1</ele></trkpt>
    <trkpt lat="36.407501" lon="32.935727"><ele>238.7</ele></trkpt>
    <trkpt lat="36.407204" lon="32.935414"><ele>241.7</ele></trkpt>
    <trkpt lat="36.406958" lon="32.934903"><ele>245.0</ele></trkpt>
    <trkpt lat="36.406729" lon="32.934330"><ele>248.4</ele></trkpt>
    <trkpt lat="36.406472" lon="32.933864"><ele>251.8</ele></trkpt>
    <trkpt lat="36.406152" lon="32.933640"><ele>255.1</ele></trkpt>
    <trkpt lat="36.405757" lon="32.933703"><ele>258.0</ele></trkpt>
    <trkpt lat="36.405305" lon="32.933988"><ele>260.6</ele></trkpt>
    <trkpt lat="36.404836" lon="32.934340"><ele>262.6</ele></trkpt>
    <trkpt lat="36.404399" lon="32.934569"><ele>264.0</ele></trkpt>
    <trkpt lat="36.404032" lon="32.934526"><ele>264.8</ele></trkpt>
    <trkpt lat="36.403748" lon="32.934165"><ele>264.9</ele></trkpt>
    <trkpt lat="36.403527" lon="32.933559"><ele>264.4</ele></trkpt>
    <trkpt lat="36.403324" lon="32.932882"><ele>263.4</ele></trkpt>
    <trkpt lat="36.403086" lon="32.932344"><ele>262.0</ele></trkpt>
    <trkpt lat="36.402770" lon="32.932105"><ele>260.4</ele></trkpt>
    <trkpt lat="36.402363" lon="32.932216"><ele>258.7</ele></trkpt>
    <trkpt lat="36.401887" lon="32.932594"><ele>257.2</ele></trkpt>
    <trkpt lat="36.401392" lon="32.933045"><ele>256.0</ele></trkpt>
    <trkpt lat="36.400937" lon="32.933344"><ele>255.3</ele></trkpt>
    <trkpt lat="36.400566" lon="32.933316"><ele>255.2</ele></trkpt>
    <trkpt lat="36.400294" lon="32.932908"><ele>255.8</ele></trkpt>
    <trkpt lat="36.400096" lon="32.932212"><ele>257.2</ele></trkpt>
    <trkpt lat="36.399919" lon="32.931439"><ele>259.4</ele></trkpt>
    <trkpt lat="36.399698" lon="32.930833"><ele>262.4</ele></trkpt>
    <trkpt lat="36.399385" lon="32.930581"><ele>266.0</ele></trkpt>
    <trkpt lat="36.398966" lon="32.930738"><ele>270.2</ele></trkpt>
    <trkpt lat="36.398468" lon="32.931201"><ele>274.7</ele></trkpt>
    <trkpt lat="36.397949" lon="32.931746"><ele>279.3</ele></trkpt>
    <trkpt lat="36.397477" lon="32.932110"><ele>283.9</ele></trkpt>
    <trkpt lat="36.397103" lon="32.932094"><ele>288.2</ele></trkpt>
    <trkpt lat="36.396842" lon="32.931642"><ele>292.0</ele></trkpt>
    <trkpt lat="36.396666" lon="32.930864"><ele>295.1</ele></trkpt>
    <trkpt lat="36.396511" lon="32.930001"><ele>297.3</ele></trkpt>
    <trkpt lat="36.396307" lon="32.929333"><ele>298.7</ele></trkpt>
    <trkpt lat="36.395997" lon="32.929069"><ele>299.1</ele></trkpt>
    <trkpt lat="36.395568" lon="32.929268"><ele>298.6</ele></trkpt>
    <trkpt lat="36.395049" lon="32.929811"><ele>297.3</ele></trkpt>
    <trkpt lat="36.394508" lon="32.930441"><ele>295.3</ele></trkpt>
    <trkpt lat="36.394020" lon="32.930865"><ele>292.8</ele></trkpt>
    <trkpt lat="36.393643" lon="32.930860"><ele>290.1</ele></trkpt>
    <trkpt lat="36.393393" lon="32.930367"><ele>287.3</ele></trkpt>
    <trkpt lat="36.393236" lon="32.929514"><ele>284.8</ele></trkpt>
    <trkpt lat="36.393103" lon="32.928570"><ele>282.7</ele></trkpt>
    <trkpt lat="36.392913" lon="32.927845"><ele>281.4</ele></trkpt>
    <trkpt lat="36.392606" lon="32.927571"><ele>280.9</ele></trkpt>
    <trkpt lat="36.392166" lon="32.927809"><ele>281.5</ele></trkpt>
    <trkpt lat="36.391629" lon="32.928423"><ele>283.1</ele></trkpt>
    <trkpt lat="36.391068" lon="32.929130"><ele>285.7</ele></trkpt>
    <trkpt lat="36.390567" lon="32.929606"><ele>289.3</ele></trkpt>
    <trkpt lat="36.390187" lon="32.929610"><ele>293.8</ele></trkpt>
    <trkpt lat="36.389947" lon="32.929081"><ele>298.9</ele></trkpt>
    <trkpt lat="36.389807" lon="32.928160"><ele>304.4</ele></trkpt>
    <trkpt lat="36.389692" lon="32.927145"><ele>310.1</ele></trkpt>
    <trkpt lat="36.389515" lon="32.926372"><ele>315.6</ele></trkpt>
    <trkpt lat="36.389210" lon="32.926089"><ele>320.6</ele></trkpt>
    <trkpt lat="36.388762" lon="32.926361"><ele>325.0</ele></trkpt>
    <trkpt lat="36.388208" lon="32.927038"><ele>328.5</ele></trkpt>
    <trkpt lat="36.387630" lon="32.927811"><ele>331.0</ele></trkpt>
    <trkpt lat="36.387117" lon="32.928332"><ele>332.3</ele></trkpt>
    <trkpt lat="36.386736" lon="32.928344"><ele>332.5</ele></trkpt>
    <trkpt lat="36.386503" lon="32.927783"><ele>331.5</ele></trkpt>
    <trkpt lat="36.386379" lon="32.926804"><ele>329.5</ele></trkpt>
    <trkpt lat="36.386280" lon="32.925727"><ele>326.7</ele></trkpt>
    <trkpt lat="36.386113" lon="32.924913"><ele>323.4</ele></trkpt>
    <trkpt lat="36.385810" lon="32.924624"><ele>319.8</ele></trkpt>
    <trkpt lat="36.385354" lon="32.924925"><ele>316.2</ele></trkpt>
    <trkpt lat="36.384787" lon="32.925655"><ele>313.0</ele></trkpt>
    <trkpt lat="36.384194" lon="32.926485"><ele>310.3</ele></trkpt>
    <trkpt lat="36.383671" lon="32.927044"><ele>308.6</ele></trkpt>
    <trkpt lat="36.383289" lon="32.927061"><ele>307.9</ele></trkpt>
    <trkpt lat="36.383063" lon="32.926473"><ele>308.4</ele></trkpt>
    <trkpt lat="36.382951" lon="32.925446"><ele>310.1</ele></trkpt>
    <trkpt lat="36.382866" lon="32.924318"><ele>313.1</ele></trkpt>
    <trkpt lat="36.382708" lon="32.923470"><ele>317.2</ele></trkpt>
    <trkpt lat="36.382406" lon="32.923176"><ele>322.2</ele></trkpt>
    <trkpt lat="36.381943" lon="32.923502"><ele>328.0</ele></trkpt>
    <trkpt lat="36.381365" lon="32.924276"><ele>334.2</ele></trkpt>
    <trkpt lat="36.380760" lon="32.925151"><ele>340.6</ele></trkpt>
    <trkpt lat="36.380230" lon="32.925739"><ele>346.7</ele></trkpt>
    <trkpt lat="36.379846" lon="32.925760"><ele>352.3</ele></trkpt>
    <trkpt lat="36.379626" lon="32.925149"><ele>357.1</ele></trkpt>
    <trkpt lat="36.379525" lon="32.924084"><ele>360.8</ele></trkpt>
    <trkpt lat="36.379449" lon="32.922917"><ele>363.4</ele></trkpt>
    <trkpt lat="36.379298" lon="32.922043"><ele>364.6</ele></trkpt>
    <trkpt lat="36.378997" lon="32.921747"><ele>364.5</ele></trkpt>
    <trkpt lat="36.378529" lon="32.922093"><ele>363.2</ele></trkpt>
    <trkpt lat="36.377942" lon="32.922900"><ele>360.8</ele></trkpt>
    <trkpt lat="36.377328" lon="32.923807"><ele>357.6</ele></trkpt>
    <trkpt lat="36.376793" lon="32.924416"><ele>353.7</ele></trkpt>
    <trkpt lat="36.376409" lon="32.924439"><ele>349.6</ele></trkpt>
    <trkpt lat="36.376193" lon="32.923812"><ele>345.5</ele></trkpt>
    <trkpt lat="36.376099" lon="32.922719"><ele>341.9</ele></trkpt>
    <trkpt lat="36.376030" lon="32.921525"><ele>338.9</ele></trkpt>
    <trkpt lat="36.375883" lon="32.920635"><ele>337.0</ele></trkpt>
    <trkpt lat="36.375582" lon="32.920338"><ele>336.2</ele></trkpt>
    <trkpt lat="36.375111" lon="32.920698"><ele>336.7</ele></trkpt>
    <trkpt lat="36.374518" lon="32.921526"><ele>338.5</ele></trkpt>
    <trkpt lat="36.373899" lon="32.922455"><ele>341.7</ele></trkpt>
    <trkpt lat="36.373360" lon="32.923076"><ele>346.1</ele></trkpt>
    <trkpt lat="36.372976" lon="32.923099"><ele>351.5</ele></trkpt>
    <trkpt lat="36.372764" lon="32.922461"><ele>357.6</ele></trkpt>
    <trkpt lat="36.372674" lon="32.921351"><ele>364.1</ele></trkpt>
    <trkpt lat="36.372609" lon="32.920142"><ele>370.8</ele></trkpt>
    <trkpt lat="36.372464" lon="32.919244"><ele>377.2</ele></trkpt>
    <trkpt lat="36.372163" lon="32.918948"><ele>383.0</ele></trkpt>
    <trkpt lat="36.371689" lon="32.919316"><ele>387.9</ele></trkpt>
    <trkpt lat="36.371094" lon="32.920156"><ele>391.7</ele></trkpt>
    <trkpt lat="36.370472" lon="32.921093"><ele>394.2</ele></trkpt>
    <trkpt lat="36.369932" lon="32.921718"><ele>395.4</ele></trkpt>
    <trkpt lat="36.369549" lon="32.921739"><ele>395.2</ele></trkpt>
    <trkpt lat="36.369338" lon="32.921095"><ele>393.8</ele></trkpt>
    <trkpt lat="36.369249" lon="32.919980"><ele>391.2</ele></trkpt>
    <trkpt lat="36.369185" lon="32.918769"><ele>387.8</ele></trkpt>
    <trkpt lat="36.369040" lon="32.917872"><ele>383.8</ele></trkpt>
    <trkpt lat="36.368738" lon="32.917579"><ele>379.5</ele></trkpt>
    <trkpt lat="36.368264" lon="32.917949"><ele>375.4</ele></trkpt>
    <trkpt lat="36.367668" lon="32.918788"><ele>371.7</ele></trkpt>
    <trkpt lat="36.367048" lon="32.919722"><ele>368.7</ele></trkpt>
    <trkpt lat="36.366509" lon="32.920342"><ele>366.7</ele></trkpt>
    <trkpt lat="36.366127" lon="32.920359"><ele>366.0</ele></trkpt>
    <trkpt lat="36.365916" lon="32.919715"><ele>366.5</ele></trkpt>
    <trkpt lat="36.365825" lon="32.918607"><ele>368.5</ele></trkpt>
    <trkpt lat="36.365759" lon="32.917405"><ele>371.7</ele></trkpt>
    <trkpt lat="36.365611" lon="32.916518"><ele>376.2</ele></trkpt>
    <trkpt lat="36.365308" lon="32.916229"><ele>381.6</ele></trkpt>
    <trkpt lat="36.364835" lon="32.916597"><ele>387.7</ele></trkpt>
    <trkpt lat="36.364242" lon="32.917424"><ele>394.2</ele></trkpt>
    <trkpt lat="36.363626" lon="32.918342"><ele>400.7</ele></trkpt>
    <trkpt lat="36.363091" lon="32.918947"><ele>407.0</ele></trkpt>
    <trkpt lat="36.362710" lon="32.918958"><ele>412.6</ele></trkpt>
    <trkpt lat="36.362497" lon="32.918321"><ele>417.4</ele></trkpt>
    <trkpt lat="36.362403" lon="32.917230"><ele>421.1</ele></trkpt>
    <trkpt lat="36.362330" lon="32.916051"><ele>423.5</ele></trkpt>
    <trkpt lat="36.362178" lon="32.915181"><ele>424.7</ele></trkpt>
    <trkpt lat="36.361873" lon="32.914900"><ele>424.5</ele></trkpt>
    <trkpt lat="36.361402" lon="32.915258"><ele>423.0</ele></trkpt>
    <trkpt lat="36.360815" lon="32.916062"><ele>420.6</ele></trkpt>
    <trkpt lat="36.360207" lon="32.916952"><ele>417.3</ele></trkpt>
    <trkpt lat="36.359677" lon="32.917535"><ele>413.5</ele></trkpt>
    <trkpt lat="36.359299" lon="32.917538"><ele>409.5</ele></trkpt>
    <trkpt lat="36.359083" lon="32.916913"><ele>405.7</ele></trkpt>
    <trkpt lat="36.358980" lon="32.915850"><ele>402.3</ele></trkpt>
    <trkpt lat="36.358899" lon="32.914705"><ele>399.6</ele></trkpt>
    <trkpt lat="36.358740" lon="32.913863"><ele>397.9</ele></trkpt>
    <trkpt lat="36.358433" lon="32.913590"><ele>397.3</ele></trkpt>
    <trkpt lat="36.357966" lon="32.913933"><ele>398.0</ele></trkpt>
    <trkpt lat="36.357388" lon="32.914703"><ele>399.9</ele></trkpt>
    <trkpt lat="36.356790" lon="32.915553"><ele>403.1</ele></trkpt>
    <trkpt lat="36.356268" lon="32.916105"><ele>407.3</ele></trkpt>
    <trkpt lat="36.355892" lon="32.916099"><ele>412.4</ele></trkpt>
    <trkpt lat="36.355671" lon="32.915492"><ele>418.2</ele></trkpt>
    <trkpt lat="36.355559" lon="32.914468"><ele>424.2</ele></trkpt>
    <trkpt lat="36.355466" lon="32.913369"><ele>430.3</ele></trkpt>
    <trkpt lat="36.355298" lon="32.912562"><ele>436.1</ele></trkpt>
    <trkpt lat="36.354988" lon="32.912298"><ele>441.3</ele></trkpt>
    <trkpt lat="36.354526" lon="32.912620"><ele>445.7</ele></trkpt>
    <trkpt lat="36.353960" lon="32.913347"><ele>449.1</ele></trkpt>
    <trkpt lat="36.353375" lon="32.914145"><ele>451.4</ele></trkpt>
    <trkpt lat="36.352864" lon="32.914658"><ele>452.4</ele></trkpt>
    <trkpt lat="36.352490" lon="32.914642"><ele>452.3</ele></trkpt>
    <trkpt lat="36.352263" lon="32.914058"><ele>451.1</ele></trkpt>
    <trkpt lat="36.352138" lon="32.913084"><ele>449.0</ele></trkpt>
    <trkpt lat="36.352030" lon="32.912042"><ele>446.2</ele></trkpt>
    <trkpt lat="36.351851" lon="32.911277"><ele>443.0</ele></trkpt>
    <trkpt lat="36.351538" lon="32.911024"><ele>439.7</ele></trkpt>
    <trkpt lat="36.351084" lon="32.911321"><ele>436.4</ele></trkpt>
    <trkpt lat="36.350531" lon="32.911993"><ele>433.7</ele></trkpt>
    <trkpt lat="36.349962" lon="32.912729"><ele>431.5</ele></trkpt>
    <trkpt lat="36.349463" lon="32.913195"><ele>430.3</ele></trkpt>
    <trkpt lat="36.349092" lon="32.913168"><ele>430.0</ele></trkpt>
    <trkpt lat="36.348858" lon="32.912613"><ele>430.9</ele></trkpt>
    <trkpt lat="36.348718" lon="32.911697"><ele>432.8</ele></trkpt>
    <trkpt lat="36.348593" lon="32.910722"><ele>435.7</ele></trkpt>
    <trkpt lat="36.348400" lon="32.910008"><ele>439.5</ele></trkpt>
    <trkpt lat="36.348084" lon="32.909767"><ele>444.1</ele></trkpt>
    <trkpt lat="36.347638" lon="32.910032"><ele>449.1</ele></trkpt>
    <trkpt lat="36.347102" lon="32.910641"><ele>454.4</ele></trkpt>
    <trkpt lat="36.346552" lon="32.911304"><ele>459.7</ele></trkpt>
    <trkpt lat="36.346066" lon="32.911718"><ele>464.7</ele></trkpt>
    <trkpt lat="36.345699" lon="32.911677"><ele>469.1</ele></trkpt>
    <trkpt lat="36.345456" lon="32.911156"><ele>472.9</ele></trkpt>
    <trkpt lat="36.345298" lon="32.910308"><ele>475.8</ele></trkpt>
    <trkpt lat="36.345153" lon="32.909411"><ele>477.8</ele></trkpt>
    <trkpt lat="36.344946" lon="32.908752"><ele>478.8</ele></trkpt>
    <trkpt lat="36.344627" lon="32.908525"><ele>478.9</ele></trkpt>
    <trkpt lat="36.344189" lon="32.908754"><ele>478.1</ele></trkpt>
    <trkpt lat="36.343672" lon="32.909291"><ele>476.6</ele></trkpt>
    <trkpt lat="36.343143" lon="32.909872"><ele>474.6</ele></trkpt>
    <trkpt lat="36.342673" lon="32.910226"><ele>472.3</ele></trkpt>
    <trkpt lat="36.342309" lon="32.910172"><ele>469.9</ele></trkpt>
    <trkpt lat="36.342057" lon="32.909689"><ele>467.6</ele></trkpt>
    <trkpt lat="36.341879" lon="32.908918"><ele>465.8</ele></trkpt>
    <trkpt lat="36.341711" lon="32.908107"><ele>464.4</ele></trkpt>
    <trkpt lat="36.341488" lon="32.907510"><ele>463.8</ele></trkpt>
    <trkpt lat="36.341165" lon="32.907297"><ele>464.0</ele></trkpt>
    <trkpt lat="36.340738" lon="32.907486"><ele>465.0</ele></trkpt>
    <trkpt lat="36.340242" lon="32.907942"><ele>466.8</ele></trkpt>
    <trkpt lat="36.339736" lon="32.908434"><ele>469.4</ele></trkpt>
    <trkpt lat="36.339283" lon="32.908723"><ele>472.6</ele></trkpt>
    <trkpt lat="36.338923" lon="32.908654"><ele>476.4</ele></trkpt>
    <trkpt lat="36.338659" lon="32.908214"><ele>480.4</ele></trkpt>
    <trkpt lat="36.338460" lon="32.907526"><ele>484.6</ele></trkpt>
    <trkpt lat="36.338268" lon="32.906808"><ele>488.8</ele></trkpt>
    <trkpt lat="36.338027" lon="32.906280"><ele>492.7</ele></trkpt>
    <trkpt lat="36.337701" lon="32.906082"><ele>496.2</ele></trkpt>
    <trkpt lat="36.337285" lon="32.906226"><ele>499.2</ele></trkpt>
    <trkpt lat="36.336811" lon="32.906595"><ele>501.5</ele></trkpt>
    <trkpt lat="36.336331" lon="32.906989"><ele>503.2</ele></trkpt>
    <trkpt lat="36.335896" lon="32.907209"><ele>504.1</ele></trkpt>
    <trkpt lat="36.335540" lon="32.907125"><ele>504.4</ele></trkpt>
    <trkpt lat="36.335264" lon="32.906730"><ele>504.2</ele></trkpt>
    <trkpt lat="36.335041" lon="32.906134"><ele>503.5</ele></trkpt>
    <trkpt lat="36.334823" lon="32.905516"><ele>502.5</ele></trkpt>
    <trkpt lat="36.334564" lon="32.905059"><ele>501.3</ele></trkpt>
    <trkpt lat="36.334233" lon="32.904876"><ele>500.2</ele></trkpt>
    <trkpt lat="36.333830" lon="32.904972"><ele>499.2</ele></trkpt>
    <trkpt lat="36.333381" lon="32.905248"><ele>498.4</ele></trkpt>
    <trkpt lat="36.332927" lon="32.905539"><ele>498.1</ele></trkpt>
    <trkpt lat="36.332511" lon="32.905685"><ele>498.2</ele></trkpt>
    <trkpt lat="36.332159" lon="32.905586"><ele>498.9</ele></trkpt>
    <trkpt lat="36.331870" lon="32.905241"><ele>500.0</ele></trkpt>
    <trkpt lat="36.331622" lon="32.904740"><ele>501.7</ele></trkpt>
    <trkpt lat="36.331377" lon="32.904228"><ele>503.8</ele></trkpt>
    <trkpt lat="36.331098" lon="32.903846"><ele>506.3</ele></trkpt>
    <trkpt lat="36.330764" lon="32.903679"><ele>509.1</ele></trkpt>
    <trkpt lat="36.330374" lon="32.903725"><ele>512.0</ele></trkpt>
    <trkpt lat="36.329950" lon="32.903902"><ele>514.9</ele></trkpt>
    <trkpt lat="36.329524" lon="32.904085"><ele>517.7</ele></trkpt>
    <trkpt lat="36.329128" lon="32.904155"><ele>520.4</ele></trkpt>
    <trkpt lat="36.328780" lon="32.904040"><ele>522.7</ele></trkpt>
    <trkpt lat="36.328478" lon="32.903747"><ele>524.8</ele></trkpt>
    <trkpt lat="36.328204" lon="32.903346"><ele>526.4</ele></trkpt>
    <trkpt lat="36.327930" lon="32.902944"><ele>527.7</ele></trkpt>
    <trkpt lat="36.327631" lon="32.902640"><ele>528.7</ele></trkpt>
    <trkpt lat="36.327293" lon="32.902488"><ele>529.3</ele></trkpt>
    <trkpt lat="36.326916" lon="32.902481"><ele>529.8</ele></trkpt>
    <trkpt lat="36.326519" lon="32.902557"><ele>530.0</ele></trkpt>
    <trkpt lat="36.326122" lon="32.902628"><ele>530.2</ele></trkpt>
    <trkpt lat="36.325747" lon="32.902618"><ele>530.3</ele></trkpt>
    <trkpt lat="36.325402" lon="32.902489"><ele>530.5</ele></trkpt>
    <trkpt lat="36.325086" lon="32.902249"><ele>530.9</ele></trkpt>
    <trkpt lat="36.324786" lon="32.901952"><ele>531.4</ele></trkpt>
    <trkpt lat="36.324483" lon="32.901663"><ele>532.2</ele></trkpt>
    <trkpt lat="36.324163" lon="32.901439"><ele>533.1</ele></trkpt>
    <trkpt lat="36.323820" lon="32.901302"><ele>534.3</ele></trkpt>
    <trkpt lat="36.323458" lon="32.901240"><ele>535.7</ele></trkpt>
    <trkpt lat="36.323088" lon="32.901211"><ele>537.2</ele></trkpt>
    <trkpt lat="36.322721" lon="32.901169"><ele>538.8</ele></trkpt>
    <trkpt lat="36.322366" lon="32.901079"><ele>540.4</ele></trkpt>
    <trkpt lat="36.322026" lon="32.900934"><ele>542.1</ele></trkpt>
    <trkpt lat="36.321695" lon="32.900750"><ele>543.7</ele></trkpt>
    <trkpt lat="36.321367" lon="32.900558"><ele>545.2</ele></trkpt>
    <trkpt lat="36.321034" lon="32.900384"><ele>546.5</ele></trkpt>
    <trkpt lat="36.320694" lon="32.900240"><ele>547.8</ele></trkpt>
    <trkpt lat="36.320347" lon="32.900118"><ele>549.0</ele></trkpt>
    <trkpt lat="36.320000" lon="32.900000"><ele>550.0</ele></trkpt>
    <trkpt lat="36.319643" lon="32.899943"><ele>549.5</ele></trkpt>
    <trkpt lat="36.319284" lon="32.899905"><ele>549.0</ele></trkpt>
    <trkpt lat="36.318924" lon="32.899878"><ele>548.5</ele></trkpt>
    <trkpt lat="36.318565" lon="32.899843"><ele>547.9</ele></trkpt>
    <trkpt lat="36.318209" lon="32.899780"><ele>547.3</ele></trkpt>
    <trkpt lat="36.317856" lon="32.899682"><ele>546.6</ele></trkpt>
    <trkpt lat="36.317505" lon="32.899562"><ele>545.7</ele></trkpt>
    <trkpt lat="36.317154" lon="32.899446"><ele>544.8</ele></trkpt>
    <trkpt lat="36.316800" lon="32.899365"><ele>543.7</ele></trkpt>
    <trkpt lat="36.316439" lon="32.899342"><ele>542.5</ele></trkpt>
    <trkpt lat="36.316074" lon="32.899374"><ele>541.3</ele></trkpt>
    <trkpt lat="36.315705" lon="32.899433"><ele>540.1</ele></trkpt>
    <trkpt lat="36.315339" lon="32.899472"><ele>538.9</ele></trkpt>
    <trkpt lat="36.314978" lon="32.899448"><ele>537.8</ele></trkpt>
    <trkpt lat="36.314627" lon="32.899338"><ele>536.9</ele></trkpt>
    <trkpt lat="36.314283" lon="32.899152"><ele>536.1</ele></trkpt>
    <trkpt lat="36.313942" lon="32.898936"><ele>535.6</ele></trkpt>
    <trkpt lat="36.313597" lon="32.898753"><ele>535.2</ele></trkpt>
    <trkpt lat="36.313244" lon="32.898662"><ele>535.1</ele></trkpt>
    <trkpt lat="36.312879" lon="32.898686"><ele>535.2</ele></trkpt>
    <trkpt lat="36.312504" lon="32.898806"><ele>535.4</ele></trkpt>
    <trkpt lat="36.312126" lon="32.898960"><ele>535.7</ele></trkpt>
    <trkpt lat="36.311753" lon="32.899065"><ele>536.1</ele></trkpt>
    <trkpt lat="36.311392" lon="32.899052"><ele>536.4</ele></trkpt>
    <trkpt lat="36.311045" lon="32.898894"><ele>536.6</ele></trkpt>
    <trkpt lat="36.310709" lon="32.898620"><ele>536.7</ele></trkpt>
    <trkpt lat="36.310378" lon="32.898310"><ele>536.5</ele></trkpt>
    <trkpt lat="36.310040" lon="32.898062"><ele>535.9</ele></trkpt>
    <trkpt lat="36.309687" lon="32.897960"><ele>535.1</ele></trkpt>
    <trkpt lat="36.309318" lon="32.898032"><ele>533.9</ele></trkpt>
    <trkpt lat="36.308934" lon="32.898239"><ele>532.3</ele></trkpt>
    <trkpt lat="36.308547" lon="32.898487"><ele>530.5</ele></trkpt>
    <trkpt lat="36.308167" lon="32.898656"><ele>528.4</ele></trkpt>
    <trkpt lat="36.307805" lon="32.898653"><ele>526.2</ele></trkpt>
    <trkpt lat="36.307463" lon="32.898448"><ele>523.9</ele></trkpt>
    <trkpt lat="36.307136" lon="32.898088"><ele>521.6</ele></trkpt>
    <trkpt lat="36.306814" lon="32.897685"><ele>519.5</ele></trkpt>
    <trkpt lat="36.306482" lon="32.897374"><ele>517.7</ele></trkpt>
    <trkpt lat="36.306131" lon="32.897262"><ele>516.2</ele></trkpt>
    <trkpt lat="36.305756" lon="32.897381"><ele>515.2</ele></trkpt>
    <trkpt lat="36.305364" lon="32.897674"><ele>514.6</ele></trkpt>
    <trkpt lat="36.304968" lon="32.898012"><ele>514.4</ele></trkpt>
    <trkpt lat="36.304582" lon="32.898243"><ele>514.8</ele></trkpt>
    <trkpt lat="36.304219" lon="32.898250"><ele>515.6</ele></trkpt>
    <trkpt lat="36.303882" lon="32.897998"><ele>516.7</ele></trkpt>
    <trkpt lat="36.303563" lon="32.897554"><ele>518.0</ele></trkpt>
    <trkpt lat="36.303250" lon="32.897061"><ele>519.5</ele></trkpt>
    <trkpt lat="36.302924" lon="32.896690"><ele>520.9</ele></trkpt>
    <trkpt lat="36.302574" lon="32.896569"><ele>522.2</ele></trkpt>
    <trkpt lat="36.302195" lon="32.896733"><ele>523.1</ele></trkpt>
    <trkpt lat="36.301795" lon="32.897109"><ele>523.7</ele></trkpt>
    <trkpt lat="36.301389" lon="32.897536"><ele>523.7</ele></trkpt>
    <trkpt lat="36.300998" lon="32.897827"><ele>523.1</ele></trkpt>
    <trkpt lat="36.300633" lon="32.897842"><ele>522.0</ele></trkpt>
    <trkpt lat="36.300301" lon="32.897545"><ele>520.2</ele></trkpt>
    <trkpt lat="36.299990" lon="32.897018"><ele>517.9</ele></trkpt>
    <trkpt lat="36.299686" lon="32.896439"><ele>515.1</ele></trkpt>
    <trkpt lat="36.299366" lon="32.896010"><ele>511.9</ele></trkpt>
    <trkpt lat="36.299016" lon="32.895881"><ele>508.6</ele></trkpt>
    <trkpt lat="36.298633" lon="32.896091"><ele>505.3</ele></trkpt>
    <trkpt lat="36.298224" lon="32.896546"><ele>502.1</ele></trkpt>
    <trkpt lat="36.297811" lon="32.897057"><ele>499.2</ele></trkpt>
    <trkpt lat="36.297413" lon="32.897405"><ele>496.8</ele></trkpt>
    <trkpt lat="36.297049" lon="32.897428"><ele>494.9</ele></trkpt>
    <trkpt lat="36.296720" lon="32.897086"><ele>493.8</ele></trkpt>
    <trkpt lat="36.296418" lon="32.896482"><ele>493.3</ele></trkpt>
    <trkpt lat="36.296121" lon="32.895820"><ele>493.7</ele></trkpt>
    <trkpt lat="36.295807" lon="32.895336"><ele>494.7</ele></trkpt>
    <trkpt lat="36.295458" lon="32.895200"><ele>496.3</ele></trkpt>
    <trkpt lat="36.295070" lon="32.895453"><ele>498.3</ele></trkpt>
    <trkpt lat="36.294654" lon="32.895985"><ele>500.7</ele></trkpt>
    <trkpt lat="36.294233" lon="32.896576"><ele>503.2</ele></trkpt>
    <trkpt lat="36.293830" lon="32.896977"><ele>505.6</ele></trkpt>
    <trkpt lat="36.293464" lon="32.897006"><ele>507.7</ele></trkpt>
    <trkpt lat="36.293140" lon="32.896622"><ele>509.3</ele></trkpt>
    <trkpt lat="36.292845" lon="32.895943"><ele>510.3</ele></trkpt>
    <trkpt lat="36.292556" lon="32.895204"><ele>510.5</ele></trkpt>
    <trkpt lat="36.292247" lon="32.894668"><ele>509.9</ele></trkpt>
    <trkpt lat="36.291899" lon="32.894526"><ele>508.4</ele></trkpt>
    <trkpt lat="36.291507" lon="32.894821"><ele>506.1</ele></trkpt>
    <trkpt lat="36.291084" lon="32.895425"><ele>503.1</ele></trkpt>
    <trkpt lat="36.290655" lon="32.896091"><ele>499.4</ele></trkpt>
    <trkpt lat="36.290247" lon="32.896542"><ele>495.4</ele></trkpt>
    <trkpt lat="36.289881" lon="32.896576"><ele>491.1</ele></trkpt>
    <trkpt lat="36.289561" lon="32.896152"><ele>486.8</ele></trkpt>
    <trkpt lat="36.289273" lon="32.895404"><ele>482.8</ele></trkpt>
    <trkpt lat="36.288991" lon="32.894592"><ele>479.2</ele></trkpt>
    <trkpt lat="36.288687" lon="32.894008"><ele>476.3</ele></trkpt>
    <trkpt lat="36.288339" lon="32.893862"><ele>474.1</ele></trkpt>
    <trkpt lat="36.287943" lon="32.894195"><ele>472.9</ele></trkpt>
    <trkpt lat="36.287513" lon="32.894867"><ele>472.7</ele></trkpt>
    <trkpt lat="36.287077" lon="32.895603"><ele>473.4</ele></trkpt>
    <trkpt lat="36.286665" lon="32.896099"><ele>474.9</ele></trkpt>
    <trkpt lat="36.286298" lon="32.896138"><ele>477.3</ele></trkpt>
    <trkpt lat="36.285982" lon="32.895676"><ele>480.2</ele></trkpt>
    <trkpt lat="36.285701" lon="32.894862"><ele>483.4</ele></trkpt>
    <trkpt lat="36.285426" lon="32.893984"><ele>486.8</ele></trkpt>
    <trkpt lat="36.285126" lon="32.893357"><ele>490.0</ele></trkpt>
    <trkpt lat="36.284778" lon="32.893206"><ele>492.8</ele></trkpt>
    <trkpt lat="36.284379" lon="32.893576"><ele>494.9</ele></trkpt>
    <trkpt lat="36.283943" lon="32.894310"><ele>496.3</ele></trkpt>
    <trkpt lat="36.283500" lon="32.895110"><ele>496.7</ele></trkpt>
    <trkpt lat="36.283084" lon="32.895647"><ele>496.0</ele></trkpt>
    <trkpt lat="36.282717" lon="32.895689"><ele>494.3</ele></trkpt>
    <trkpt lat="36.282404" lon="32.895192"><ele>491.5</ele></trkpt>
    <trkpt lat="36.282129" lon="32.894319"><ele>487.9</ele></trkpt>
    <trkpt lat="36.281860" lon="32.893380"><ele>483.5</ele></trkpt>
    <trkpt lat="36.281564" lon="32.892715"><ele>478.7</ele></trkpt>
    <trkpt lat="36.281216" lon="32.892561"><ele>473.6</ele></trkpt>
    <trkpt lat="36.280813" lon="32.892964"><ele>468.6</ele></trkpt>
    <trkpt lat="36.280372" lon="32.893755"><ele>463.9</ele></trkpt>
    <trkpt lat="36.279923" lon="32.894612"><ele>459.7</ele></trkpt>
    <trkpt lat="36.279503" lon="32.895185"><ele>456.4</ele></trkpt>
    <trkpt lat="36.279136" lon="32.895230"><ele>454.0</ele></trkpt>
    <trkpt lat="36.278827" lon="32.894701"><ele>452.8</ele></trkpt>
    <trkpt lat="36.278557" lon="32.893775"><ele>452.7</ele></trkpt>
    <trkpt lat="36.278293" lon="32.892782"><ele>453.7</ele></trkpt>
    <trkpt lat="36.278001" lon="32.892082"><ele>455.7</ele></trkpt>
    <trkpt lat="36.277653" lon="32.891927"><ele>458.7</ele></trkpt>
    <trkpt lat="36.277247" lon="32.892360"><ele>462.2</ele></trkpt>
    <trkpt lat="36.276801" lon="32.893201"><ele>466.2</ele></trkpt>
    <trkpt lat="36.276347" lon="32.894109"><ele>470.2</ele></trkpt>
    <trkpt lat="36.275924" lon="32.894714"><ele>474.1</ele></trkpt>
    <trkpt lat="36.275557" lon="32.894760"><ele>477.4</ele></trkpt>
    <trkpt lat="36.275250" lon="32.894202"><ele>480.0</ele></trkpt>
    <trkpt lat="36.274985" lon="32.893229"><ele>481.6</ele></trkpt>
    <trkpt lat="36.274726" lon="32.892189"><ele>482.1</ele></trkpt>
    <trkpt lat="36.274436" lon="32.891460"><ele>481.3</ele></trkpt>
    <trkpt lat="36.274089" lon="32.891304"><ele>479.4</ele></trkpt>
    <trkpt lat="36.273681" lon="32.891765"><ele>476.3</ele></trkpt>
    <trkpt lat="36.273230" lon="32.892649"><ele>472.2</ele></trkpt>
    <trkpt lat="36.272772" lon="32.893600"><ele>467.3</ele></trkpt>
    <trkpt lat="36.272346" lon="32.894231"><ele>461.9</ele></trkpt>
    <trkpt lat="36.271979" lon="32.894277"><ele>456.2</ele></trkpt>
    <trkpt lat="36.271674" lon="32.893695"><ele>450.6</ele></trkpt>
    <trkpt lat="36.271413" lon="32.892681"><ele>445.4</ele></trkpt>
    <trkpt lat="36.271159" lon="32.891602"><ele>440.8</ele></trkpt>
    <trkpt lat="36.270871" lon="32.890849"><ele>437.2</ele></trkpt>
    <trkpt lat="36.270524" lon="32.890694"><ele>434.7</ele></trkpt>
    <trkpt lat="36.270113" lon="32.891178"><ele>433.5</ele></trkpt>
    <trkpt lat="36.269658" lon="32.892099"><ele>433.5</ele></trkpt>
    <trkpt lat="36.269197" lon="32.893085"><ele>434.8</ele></trkpt>
    <trkpt lat="36.268769" lon="32.893738"><ele>437.2</ele></trkpt>
    <trkpt lat="36.268402" lon="32.893783"><ele>440.5</ele></trkpt>
    <trkpt lat="36.268100" lon="32.893179"><ele>444.6</ele></trkpt>
    <trkpt lat="36.267842" lon="32.892132"><ele>449.0</ele></trkpt>
    <trkpt lat="36.267590" lon="32.891021"><ele>453.5</ele></trkpt>
    <trkpt lat="36.267305" lon="32.890250"><ele>457.8</ele></trkpt>
    <trkpt lat="36.266958" lon="32.890095"><ele>461.4</ele></trkpt>
    <trkpt lat="36.266545" lon="32.890599"><ele>464.3</ele></trkpt>
    <trkpt lat="36.266087" lon="32.891549"><ele>466.0</ele></trkpt>
    <trkpt lat="36.265623" lon="32.892564"><ele>466.6</ele></trkpt>
    <trkpt lat="36.265193" lon="32.893232"><ele>465.8</ele></trkpt>
    <trkpt lat="36.264826" lon="32.893276"><ele>463.7</ele></trkpt>
    <trkpt lat="36.264526" lon="32.892654"><ele>460.3</ele></trkpt>
    <trkpt lat="36.264270" lon="32.891582"><ele>455.9</ele></trkpt>
    <trkpt lat="36.264021" lon="32.890447"><ele>450.7</ele></trkpt>
    <trkpt lat="36.263737" lon="32.889663"><ele>444.9</ele></trkpt>
    <trkpt lat="36.263390" lon="32.889510"><ele>438.8</ele></trkpt>
    <trkpt lat="36.262975" lon="32.890029"><ele>432.9</ele></trkpt>
    <trkpt lat="36.262515" lon="32.891002"><ele>427.4</ele></trkpt>
    <trkpt lat="36.262049" lon="32.892036"><ele>422.7</ele></trkpt>
    <trkpt lat="36.261619" lon="32.892715"><ele>418.9</ele></trkpt>
    <trkpt lat="36.261252" lon="32.892756"><ele>416.4</ele></trkpt>
    <trkpt lat="36.260953" lon="32.892121"><ele>415.1</ele></trkpt>
    <trkpt lat="36.260699" lon="32.891030"><ele>415.2</ele></trkpt>
    <trkpt lat="36.260452" lon="32.889879"><ele>416.7</ele></trkpt>
    <trkpt lat="36.260168" lon="32.889087"><ele>419.3</ele></trkpt>
    <trkpt lat="36.259821" lon="32.888938"><ele>422.9</ele></trkpt>
    <trkpt lat="36.259405" lon="32.889468"><ele>427.2</ele></trkpt>
    <trkpt lat="36.258943" lon="32.890455"><ele>431.8</ele></trkpt>
    <trkpt lat="36.258476" lon="32.891501"><ele>436.6</ele></trkpt>
    <trkpt lat="36.258045" lon="32.892184"><ele>441.0</ele></trkpt>
    <trkpt lat="36.257679" lon="32.892222"><ele>444.9</ele></trkpt>
    <trkpt lat="36.257381" lon="32.891578"><ele>447.8</ele></trkpt>
    <trkpt lat="36.257128" lon="32.890477"><ele>449.6</ele></trkpt>
    <trkpt lat="36.256881" lon="32.889318"><ele>450.1</ele></trkpt>
    <trkpt lat="36.256598" lon="32.888525"><ele>449.3</ele></trkpt>
    <trkpt lat="36.256250" lon="32.888379"><ele>447.1</ele></trkpt>
    <trkpt lat="36.255834" lon="32.888916"><ele>443.6</ele></trkpt>
    <trkpt lat="36.255372" lon="32.889910"><ele>439.0</ele></trkpt>
    <trkpt lat="36.254904" lon="32.890959"><ele>433.7</ele></trkpt>
    <trkpt lat="36.254473" lon="32.891642"><ele>427.7</ele></trkpt>
    <trkpt lat="36.254107" lon="32.891676"><ele>421.6</ele></trkpt>
    <trkpt lat="36.253809" lon="32.891027"><ele>415.6</ele></trkpt>
    <trkpt lat="36.253557" lon="32.889923"><ele>410.0</ele></trkpt>
    <trkpt lat="36.253310" lon="32.888765"><ele>405.2</ele></trkpt>
    <trkpt lat="36.253027" lon="32.887975"><ele>401.5</ele></trkpt>
    <trkpt lat="36.252678" lon="32.887834"><ele>399.0</ele></trkpt>
    <trkpt lat="36.252262" lon="32.888373"><ele>397.8</ele></trkpt>
    <trkpt lat="36.251800" lon="32.889366"><ele>398.0</ele></trkpt>
    <trkpt lat="36.251333" lon="32.890410"><ele>399.5</ele></trkpt>
    <trkpt lat="36.250902" lon="32.891087"><ele>402.1</ele></trkpt>
    <trkpt lat="36.250537" lon="32.891116"><ele>405.7</ele></trkpt>
    <trkpt lat="36.250239" lon="32.890466"><ele>410.1</ele></trkpt>
    <trkpt lat="36.249986" lon="32.889367"><ele>414.7</ele></trkpt>
    <trkpt lat="36.249739" lon="32.888218"><ele>419.4</ele></trkpt>
    <trkpt lat="36.249454" lon="32.887438"><ele>423.8</ele></trkpt>
    <trkpt lat="36.249105" lon="32.887301"><ele>427.6</ele></trkpt>
    <trkpt lat="36.248689" lon="32.887839"><ele>430.5</ele></trkpt>
    <trkpt lat="36.248228" lon="32.888823"><ele>432.2</ele></trkpt>
    <trkpt lat="36.247762" lon="32.889854"><ele>432.6</ele></trkpt>
    <trkpt lat="36.247333" lon="32.890519"><ele>431.7</ele></trkpt>
    <trkpt lat="36.246968" lon="32.890542"><ele>429.5</ele></trkpt>
    <trkpt lat="36.246670" lon="32.889897"><ele>426.1</ele></trkpt>
    <trkpt lat="36.246416" lon="32.888811"><ele>421.5</ele></trkpt>
    <trkpt lat="36.246166" lon="32.887679"><ele>416.2</ele></trkpt>
    <trkpt lat="36.245880" lon="32.886913"><ele>410.4</ele></trkpt>
    <trkpt lat="36.245531" lon="32.886782"><ele>404.4</ele></trkpt>
    <trkpt lat="36.245115" lon="32.887313"><ele>398.5</ele></trkpt>
    <trkpt lat="36.244655" lon="32.888280"><ele>393.2</ele></trkpt>
    <trkpt lat="36.244192" lon="32.889291"><ele>388.5</ele></trkpt>
    <trkpt lat="36.243764" lon="32.889938"><ele>385.0</ele></trkpt>
    <trkpt lat="36.243400" lon="32.889956"><ele>382.5</ele></trkpt>
    <trkpt lat="36.243101" lon="32.889320"><ele>381.4</ele></trkpt>
    <trkpt lat="36.242845" lon="32.888254"><ele>381.6</ele></trkpt>
    <trkpt lat="36.242593" lon="32.887147"><ele>383.1</ele></trkpt>
    <trkpt lat="36.242305" lon="32.886400"><ele>385.7</ele></trkpt>
    <trkpt lat="36.241955" lon="32.886276"><ele>389.1</ele></trkpt>
    <trkpt lat="36.241540" lon="32.886796"><ele>393.2</ele></trkpt>
    <trkpt lat="36.241083" lon="32.887739"><ele>397.7</ele></trkpt>
    <trkpt lat="36.240622" lon="32.888720"><ele>402.1</ele></trkpt>
    <trkpt lat="36.240197" lon="32.889346"><ele>406.2</ele></trkpt>
    <trkpt lat="36.239833" lon="32.889357"><ele>409.7</ele></trkpt>
    <trkpt lat="36.239533" lon="32.888734"><ele>412.3</ele></trkpt>
    <trkpt lat="36.239274" lon="32.887697"><ele>413.9</ele></trkpt>
    <trkpt lat="36.239019" lon="32.886622"><ele>414.2</ele></trkpt>
    <trkpt lat="36.238729" lon="32.885900"><ele>413.2</ele></trkpt>
    <trkpt lat="36.238378" lon="32.885782"><ele>411.1</ele></trkpt>
    <trkpt lat="36.237965" lon="32.886287"><ele>407.7</ele></trkpt>
    <trkpt lat="36.237511" lon="32.887198"><ele>403.4</ele></trkpt>
    <trkpt lat="36.237054" lon="32.888143"><ele>398.4</ele></trkpt>
    <trkpt lat="36.236631" lon="32.888741"><ele>393.0</ele></trkpt>
    <trkpt lat="36.236268" lon="32.888746"><ele>387.3</ele></trkpt>
    <trkpt lat="36.235966" lon="32.888140"><ele>381.9</ele></trkpt>
    <trkpt lat="36.235704" lon="32.887138"><ele>376.9</ele></trkpt>
    <trkpt lat="36.235445" lon="32.886105"><ele>372.6</ele></trkpt>
    <trkpt lat="36.235151" lon="32.885412"><ele>369.3</ele></trkpt>
    <trkpt lat="36.234800" lon="32.885300"><ele>367.1</ele></trkpt>
    <trkpt lat="36.234389" lon="32.885786"><ele>366.1</ele></trkpt>
    <trkpt lat="36.233939" lon="32.886657"><ele>366.2</ele></trkpt>
    <trkpt lat="36.233486" lon="32.887558"><ele>367.6</ele></trkpt>
    <trkpt lat="36.233067" lon="32.888125"><ele>369.9</ele></trkpt>
    <trkpt lat="36.232704" lon="32.888123"><ele>373.0</ele></trkpt>
    <trkpt lat="36.232400" lon="32.887539"><ele>376.6</ele></trkpt>
    <trkpt lat="36.232133" lon="32.886580"><ele>380.6</ele></trkpt>
    <trkpt lat="36.231869" lon="32.885594"><ele>384.5</ele></trkpt>
    <trkpt lat="36.231573" lon="32.884935"><ele>388.1</ele></trkpt>
    <trkpt lat="36.231220" lon="32.884830"><ele>391.1</ele></trkpt>
    <trkpt lat="36.230812" lon="32.885292"><ele>393.4</ele></trkpt>
    <trkpt lat="36.230366" lon="32.886117"><ele>394.6</ele></trkpt>
    <trkpt lat="36.229919" lon="32.886967"><ele>394.8</ele></trkpt>
    <trkpt lat="36.229503" lon="32.887497"><ele>393.8</ele></trkpt>
    <trkpt lat="36.229141" lon="32.887489"><ele>391.8</ele></trkpt>
    <trkpt lat="36.228834" lon="32.886930"><ele>388.7</ele></trkpt>
    <trkpt lat="36.228563" lon="32.886021"><ele>384.8</ele></trkpt>
    <trkpt lat="36.228293" lon="32.885089"><ele>380.3</ele></trkpt>
    <trkpt lat="36.227993" lon="32.884469"><ele>375.4</ele></trkpt>
    <trkpt lat="36.227640" lon="32.884371"><ele>370.4</ele></trkpt>
    <trkpt lat="36.227234" lon="32.884805"><ele>365.5</ele></trkpt>
    <trkpt lat="36.226794" lon="32.885577"><ele>361.1</ele></trkpt>
    <trkpt lat="36.226352" lon="32.886369"><ele>357.4</ele></trkpt>
    <trkpt lat="36.225940" lon="32.886859"><ele>354.4</ele></trkpt>
    <trkpt lat="36.225579" lon="32.886844"><ele>352.5</ele></trkpt>
    <trkpt lat="36.225269" lon="32.886315"><ele>351.6</ele></trkpt>
    <trkpt lat="36.224992" lon="32.885462"><ele>351.7</ele></trkpt>
    <trkpt lat="36.224717" lon="32.884591"><ele>352.8</ele></trkpt>
    <trkpt lat="36.224412" lon="32.884013"><ele>354.7</ele></trkpt>
    <trkpt lat="36.224058" lon="32.883922"><ele>357.3</ele></trkpt>
    <trkpt lat="36.223656" lon="32.884324"><ele>360.3</ele></trkpt>
    <trkpt lat="36.223222" lon="32.885037"><ele>363.5</ele></trkpt>
    <trkpt lat="36.222786" lon="32.885766"><ele>366.7</ele></trkpt>
    <trkpt lat="36.222379" lon="32.886211"><ele>369.6</ele></trkpt>
    <trkpt lat="36.222018" lon="32.886189"><ele>372.0</ele></trkpt>
    <trkpt lat="36.221705" lon="32.885694"><ele>373.7</ele></trkpt>
    <trkpt lat="36.221422" lon="32.884903"><ele>374.6</ele></trkpt>
    <trkpt lat="36.221140" lon="32.884099"><ele>374.6</ele></trkpt>
    <trkpt lat="36.220830" lon="32.883567"><ele>373.6</ele></trkpt>
    <trkpt lat="36.220476" lon="32.883483"><ele>371.7</ele></trkpt>
    <trkpt lat="36.220077" lon="32.883849"><ele>369.0</ele></trkpt>
    <trkpt lat="36.219649" lon="32.884498"><ele>365.7</ele></trkpt>
    <trkpt lat="36.219221" lon="32.885156"><ele>361.8</ele></trkpt>
    <trkpt lat="36.218818" lon="32.885554"><ele>357.7</ele></trkpt>
    <trkpt lat="36.218458" lon="32.885525"><ele>353.5</ele></trkpt>
    <trkpt lat="36.218141" lon="32.885068"><ele>349.5</ele></trkpt>
    <trkpt lat="36.217851" lon="32.884344"><ele>345.8</ele></trkpt>
    <trkpt lat="36.217562" lon="32.883612"><ele>342.7</ele></trkpt>
    <trkpt lat="36.217248" lon="32.883130"><ele>340.3</ele></trkpt>
    <trkpt lat="36.216893" lon="32.883052"><ele>338.7</ele></trkpt>
    <trkpt lat="36.216497" lon="32.883379"><ele>337.8</ele></trkpt>
    <trkpt lat="36.216077" lon="32.883957"><ele>337.8</ele></trkpt>
    <trkpt lat="36.215656" lon="32.884541"><ele>338.6</ele></trkpt>
    <trkpt lat="36.215258" lon="32.884888"><ele>340.0</ele></trkpt>
    <trkpt lat="36.214899" lon="32.884852"><ele>341.9</ele></trkpt>
    <trkpt lat="36.214578" lon="32.884436"><ele>344.1</ele></trkpt>
    <trkpt lat="36.214281" lon="32.883785"><ele>346.5</ele></trkpt>
    <trkpt lat="36.213984" lon="32.883131"><ele>348.8</ele></trkpt>
    <trkpt lat="36.213664" lon="32.882700"><ele>350.8</ele></trkpt>
    <trkpt lat="36.213309" lon="32.882629"><ele>352.4</ele></trkpt>
    <trkpt lat="36.212917" lon="32.882914"><ele>353.5</ele></trkpt>
    <trkpt lat="36.212504" lon="32.883417"><ele>353.9</ele></trkpt>
    <trkpt lat="36.212091" lon="32.883921"><ele>353.7</ele></trkpt>
    <trkpt lat="36.211699" lon="32.884215"><ele>352.7</ele></trkpt>
    <trkpt lat="36.211341" lon="32.884173"><ele>351.1</ele></trkpt>
    <trkpt lat="36.211015" lon="32.883800"><ele>348.8</ele></trkpt>
    <trkpt lat="36.210710" lon="32.883227"><ele>346.1</ele></trkpt>
    <trkpt lat="36.210405" lon="32.882654"><ele>343.1</ele></trkpt>
    <trkpt lat="36.210080" lon="32.882278"><ele>339.9</ele></trkpt>
    <trkpt lat="36.209724" lon="32.882213"><ele>336.7</ele></trkpt>
    <trkpt lat="36.209337" lon="32.882453"><ele>333.6</ele></trkpt>
    <trkpt lat="36.208932" lon="32.882876"><ele>330.9</ele></trkpt>
    <trkpt lat="36.208527" lon="32.883297"><ele>328.5</ele></trkpt>
    <trkpt lat="36.208141" lon="32.883535"><ele>326.7</ele></trkpt>
    <trkpt lat="36.207783" lon="32.883487"><ele>325.4</ele></trkpt>
    <trkpt lat="36.207453" lon="32.883161"><ele>324.7</ele></trkpt>
    <trkpt lat="36.207140" lon="32.882669"><ele>324.6</ele></trkpt>
    <trkpt lat="36.206826" lon="32.882182"><ele>324.9</ele></trkpt>
    <trkpt lat="36.206495" lon="32.881862"><ele>325.7</ele></trkpt>
    <trkpt lat="36.206138" lon="32.881803"><ele>326.8</ele></trkpt>
    <trkpt lat="36.205757" lon="32.881995"><ele>328.1</ele></trkpt>
    <trkpt lat="36.205360" lon="32.882335"><ele>329.4</ele></trkpt>
    <trkpt lat="36.204964" lon="32.882668"><ele>330.6</ele></trkpt>
    <trkpt lat="36.204583" lon="32.882849"><ele>331.7</ele></trkpt>
    <trkpt lat="36.204226" lon="32.882796"><ele>332.4</ele></trkpt>
    <trkpt lat="36.203891" lon="32.882519"><ele>332.8</ele></trkpt>
    <trkpt lat="36.203569" lon="32.882112"><ele>332.7</ele></trkpt>
    <trkpt lat="36.203246" lon="32.881713"><ele>332.2</ele></trkpt>
    <trkpt lat="36.202910" lon="32.881452"><ele>331.3</ele></trkpt>
    <trkpt lat="36.202553" lon="32.881398"><ele>329.9</ele></trkpt>
    <trkpt lat="36.202176" lon="32.881540"><ele>328.3</ele></trkpt>
    <trkpt lat="36.201788" lon="32.881793"><ele>326.3</ele></trkpt>
    <trkpt lat="36.201401" lon="32.882037"><ele>324.3</ele></trkpt>
    <trkpt lat="36.201026" lon="32.882159"><ele>322.1</ele></trkpt>
    <trkpt lat="36.200669" lon="32.882100"><ele>320.0</ele></trkpt>
    <trkpt lat="36.200329" lon="32.881874"><ele>318.0</ele></trkpt>
    <trkpt lat="36.199998" lon="32.881555"><ele>316.2</ele></trkpt>
    <trkpt lat="36.199667" lon="32.881247"><ele>314.7</ele></trkpt>
    <trkpt lat="36.199324" lon="32.881045"><ele>313.5</ele></trkpt>
    <trkpt lat="36.198966" lon="32.880996"><ele>312.6</ele></trkpt>
    <trkpt lat="36.198595" lon="32.881086"><ele>312.0</ele></trkpt>
    <trkpt lat="36.198216" lon="32.881251"><ele>311.7</ele></trkpt>
    <trkpt lat="36.197838" lon="32.881402"><ele>311.6</ele></trkpt>
    <trkpt lat="36.197469" lon="32.881465"><ele>311.7</ele></trkpt>
    <trkpt lat="36.197112" lon="32.881402"><ele>311.9</ele></trkpt>
    <trkpt lat="36.196767" lon="32.881228"><ele>312.1</ele></trkpt>
    <trkpt lat="36.196428" lon="32.880999"><ele>312.3</ele></trkpt>
    <trkpt lat="36.196086" lon="32.880784"><ele>312.4</ele></trkpt>
    <trkpt lat="36.195738" lon="32.880642"><ele>312.4</ele></trkpt>
    <trkpt lat="36.195380" lon="32.880597"><ele>312.2</ele></trkpt>
    <trkpt lat="36.195014" lon="32.880633"><ele>311.8</ele></trkpt>
    <trkpt lat="36.194644" lon="32.880707"><ele>311.2</ele></trkpt>
    <trkpt lat="36.194275" lon="32.880766"><ele>310.5</ele></trkpt>
    <trkpt lat="36.193912" lon="32.880768"><ele>309.6</ele></trkpt>
    <trkpt lat="36.193556" lon="32.880701"><ele>308.6</ele></trkpt>
    <trkpt lat="36.193206" lon="32.880582"><ele>307.5</ele></trkpt>
    <trkpt lat="36.192857" lon="32.880444"><ele>306.4</ele></trkpt>
    <trkpt lat="36.192506" lon="32.880322"><ele>305.3</ele></trkpt>
    <trkpt lat="36.192152" lon="32.880240"><ele>304.3</ele></trkpt>
    <trkpt lat="36.191793" lon="32.880199"><ele>303.3</ele></trkpt>
    <trkpt lat="36.191432" lon="32.880181"><ele>302.5</ele></trkpt>
    <trkpt lat="36.191072" lon="32.880163"><ele>301.7</ele></trkpt>
    <trkpt lat="36.190712" lon="32.880128"><ele>301.1</ele></trkpt>
    <trkpt lat="36.190356" lon="32.880070"><ele>300.5</ele></trkpt>
    <trkpt lat="36.190000" lon="32.880000"><ele>300.0</ele></trkpt>
    <trkpt lat="36.189654" lon="32.879878"><ele>298.9</ele></trkpt>
    <trkpt lat="36.189313" lon="32.879736"><ele>297.9</ele></trkpt>
    <trkpt lat="36.188977" lon="32.879574"><ele>296.9</ele></trkpt>
    <trkpt lat="36.188642" lon="32.879407"><ele>296.0</ele></trkpt>
    <trkpt lat="36.188303" lon="32.879257"><ele>295.2</ele></trkpt>
    <trkpt lat="36.187955" lon="32.879143"><ele>294.5</ele></trkpt>
    <trkpt lat="36.187597" lon="32.879069"><ele>294.0</ele></trkpt>
    <trkpt lat="36.187234" lon="32.879015"><ele>293.5</ele></trkpt>
    <trkpt lat="36.186874" lon="32.878949"><ele>293.1</ele></trkpt>
    <trkpt lat="36.186526" lon="32.878835"><ele>292.8</ele></trkpt>
    <trkpt lat="36.186195" lon="32.878655"><ele>292.5</ele></trkpt>
    <trkpt lat="36.185878" lon="32.878416"><ele>292.0</ele></trkpt>
    <trkpt lat="36.185567" lon="32.878155"><ele>291.5</ele></trkpt>
    <trkpt lat="36.185248" lon="32.877925"><ele>290.8</ele></trkpt>
    <trkpt lat="36.184910" lon="32.877772"><ele>289.9</ele></trkpt>
    <trkpt lat="36.184547" lon="32.877716"><ele>288.8</ele></trkpt>
    <trkpt lat="36.184165" lon="32.877738"><ele>287.5</ele></trkpt>
    <trkpt lat="36.183777" lon="32.877782"><ele>286.0</ele></trkpt>
    <trkpt lat="36.183401" lon="32.877779"><ele>284.2</ele></trkpt>
    <trkpt lat="36.183052" lon="32.877668"><ele>282.4</ele></trkpt>
    <trkpt lat="36.182735" lon="32.877431"><ele>280.4</ele></trkpt>
    <trkpt lat="36.182443" lon="32.877096"><ele>278.5</ele></trkpt>
    <trkpt lat="36.182156" lon="32.876738"><ele>276.7</ele></trkpt>
    <trkpt lat="36.181853" lon="32.876446"><ele>275.0</ele></trkpt>
    <trkpt lat="36.181516" lon="32.876289"><ele>273.5</ele></trkpt>
    <trkpt lat="36.181139" lon="32.876290"><ele>272.4</ele></trkpt>
    <trkpt lat="36.180733" lon="32.876407"><ele>271.6</ele></trkpt>
    <trkpt lat="36.180320" lon="32.876548"><ele>271.1</ele></trkpt>
    <trkpt lat="36.179929" lon="32.876606"><ele>271.0</ele></trkpt>
    <trkpt lat="36.179579" lon="32.876499"><ele>271.2</ele></trkpt>
    <trkpt lat="36.179276" lon="32.876205"><ele>271.7</ele></trkpt>
    <trkpt lat="36.179008" lon="32.875777"><ele>272.4</ele></trkpt>
    <trkpt lat="36.178745" lon="32.875323"><ele>273.2</ele></trkpt>
    <trkpt lat="36.178457" lon="32.874969"><ele>274.0</ele></trkpt>
    <trkpt lat="36.178121" lon="32.874810"><ele>274.7</ele></trkpt>
    <trkpt lat="36.177730" lon="32.874866"><ele>275.2</ele></trkpt>
    <trkpt lat="36.177300" lon="32.875075"><ele>275.3</ele></trkpt>
    <trkpt lat="36.176864" lon="32.875311"><ele>275.0</ele></trkpt>
    <trkpt lat="36.176458" lon="32.875430"><ele>274.3</ele></trkpt>
    <trkpt lat="36.176107" lon="32.875326"><ele>273.0</ele></trkpt>
    <trkpt lat="36.175818" lon="32.874978"><ele>271.2</ele></trkpt>
    <trkpt lat="36.175572" lon="32.874458"><ele>269.0</ele></trkpt>
    <trkpt lat="36.175333" lon="32.873911"><ele>266.4</ele></trkpt>
    <trkpt lat="36.175060" lon="32.873498"><ele>263.5</ele></trkpt>
    <trkpt lat="36.174725" lon="32.873335"><ele>260.4</ele></trkpt>
    <trkpt lat="36.174320" lon="32.873445"><ele>257.3</ele></trkpt>
    <trkpt lat="36.173868" lon="32.873744"><ele>254.3</ele></trkpt>
    <trkpt lat="36.173409" lon="32.874071"><ele>251.5</ele></trkpt>
    <trkpt lat="36.172988" lon="32.874247"><ele>249.2</ele></trkpt>
    <trkpt lat="36.172637" lon="32.874147"><ele>247.4</ele></trkpt>
    <trkpt lat="36.172361" lon="32.873746"><ele>246.1</ele></trkpt>
    <trkpt lat="36.172137" lon="32.873139"><ele>245.5</ele></trkpt>
    <trkpt lat="36.171920" lon="32.872503"><ele>245.6</ele></trkpt>
    <trkpt lat="36.171662" lon="32.872033"><ele>246.2</ele></trkpt>
    <trkpt lat="36.171327" lon="32.871867"><ele>247.4</ele></trkpt>
    <trkpt lat="36.170910" lon="32.872027"><ele>249.0</ele></trkpt>
    <trkpt lat="36.170436" lon="32.872412"><ele>250.9</ele></trkpt>
    <trkpt lat="36.169955" lon="32.872826"><ele>252.9</ele></trkpt>
    <trkpt lat="36.169520" lon="32.873058"><ele>254.8</ele></trkpt>
    <trkpt lat="36.169168" lon="32.872961"><ele>256.4</ele></trkpt>
    <trkpt lat="36.168904" lon="32.872511"><ele>257.6</ele></trkpt>
    <trkpt lat="36.168701" lon="32.871820"><ele>258.2</ele></trkpt>
    <trkpt lat="36.168506" lon="32.871099"><ele>258.1</ele></trkpt>
    <trkpt lat="36.168261" lon="32.870575"><ele>257.3</ele></trkpt>
    <trkpt lat="36.167927" lon="32.870406"><ele>255.7</ele></trkpt>
    <trkpt lat="36.167498" lon="32.870615"><ele>253.3</ele></trkpt>
    <trkpt lat="36.167004" lon="32.871080"><ele>250.2</ele></trkpt>
    <trkpt lat="36.166503" lon="32.871577"><ele>246.6</ele></trkpt>
    <trkpt lat="36.166054" lon="32.871861"><ele>242.6</ele></trkpt>
    <trkpt lat="36.165701" lon="32.871767"><ele>238.4</ele></trkpt>
    <trkpt lat="36.165449" lon="32.871270"><ele>234.3</ele></trkpt>
    <trkpt lat="36.165266" lon="32.870502"><ele>230.3</ele></trkpt>
    <trkpt lat="36.165091" lon="32.869701"><ele>226.8</ele></trkpt>
    <trkpt lat="36.164859" lon="32.869126"><ele>223.9</ele></trkpt>
    <trkpt lat="36.164525" lon="32.868953"><ele>221.7</ele></trkpt>
    <trkpt lat="36.164085" lon="32.869207"><ele>220.4</ele></trkpt>
    <trkpt lat="36.163572" lon="32.869748"><ele>220.0</ele></trkpt>
    <trkpt lat="36.163051" lon="32.870322"><ele>220.5</ele></trkpt>
    <trkpt lat="36.162590" lon="32.870655"><ele>221.9</ele></trkpt>
    <trkpt lat="36.162237" lon="32.870564"><ele>223.9</ele></trkpt>
    <trkpt lat="36.161996" lon="32.870024"><ele>226.5</ele></trkpt>
    <trkpt lat="36.161831" lon="32.869183"><ele>229.4</ele></trkpt>
    <trkpt lat="36.161674" lon="32.868308"><ele>232.3</ele></trkpt>
    <trkpt lat="36.161454" lon="32.867686"><ele>235.2</ele></trkpt>
    <trkpt lat="36.161121" lon="32.867511"><ele>237.6</ele></trkpt>
    <trkpt lat="36.160670" lon="32.867806"><ele>239.4</ele></trkpt>
    <trkpt lat="36.160140" lon="32.868417"><ele>240.4</ele></trkpt>
    <trkpt lat="36.159601" lon="32.869060"><ele>240.5</ele></trkpt>
    <trkpt lat="36.159129" lon="32.869439"><ele>239.6</ele></trkpt>
    <trkpt lat="36.158775" lon="32.869351"><ele>237.7</ele></trkpt>
    <trkpt lat="36.158544" lon="32.868771"><ele>234.8</ele></trkpt>
    <trkpt lat="36.158395" lon="32.867864"><ele>231.0</ele></trkpt>
    <trkpt lat="36.158256" lon="32.866922"><ele>226.6</ele></trkpt>
    <trkpt lat="36.158046" lon="32.866257"><ele>221.7</ele></trkpt>
    <trkpt lat="36.157714" lon="32.866079"><ele>216.6</ele></trkpt>
    <trkpt lat="36.157254" lon="32.866412"><ele>211.5</ele></trkpt>
    <trkpt lat="36.156708" lon="32.867085"><ele>206.8</ele></trkpt>
    <trkpt lat="36.156153" lon="32.867793"><ele>202.6</ele></trkpt>
    <trkpt lat="36.155671" lon="32.868212"><ele>199.3</ele></trkpt>
    <trkpt lat="36.155316" lon="32.868126"><ele>196.8</ele></trkpt>
    <trkpt lat="36.155094" lon="32.867511"><ele>195.5</ele></trkpt>
    <trkpt lat="36.154960" lon="32.866544"><ele>195.3</ele></trkpt>
    <trkpt lat="36.154836" lon="32.865543"><ele>196.2</ele></trkpt>
    <trkpt lat="36.154636" lon="32.864840"><ele>198.1</ele></trkpt>
    <trkpt lat="36.154304" lon="32.864660"><ele>200.8</ele></trkpt>
    <trkpt lat="36.153835" lon="32.865026"><ele>204.1</ele></trkpt>
    <trkpt lat="36.153275" lon="32.865754"><ele>207.8</ele></trkpt>
    <trkpt lat="36.152707" lon="32.866518"><ele>211.6</ele></trkpt>
    <trkpt lat="36.152215" lon="32.866972"><ele>215.2</ele></trkpt>
    <trkpt lat="36.151860" lon="32.866889"><ele>218.2</ele></trkpt>
    <trkpt lat="36.151646" lon="32.866243"><ele>220.5</ele></trkpt>
    <trkpt lat="36.151525" lon="32.865225"><ele>221.8</ele></trkpt>
    <trkpt lat="36.151413" lon="32.864171"><ele>222.0</ele></trkpt>
    <trkpt lat="36.151222" lon="32.863435"><ele>221.1</ele></trkpt>
    <trkpt lat="36.150891" lon="32.863253"><ele>218.9</ele></trkpt>
    <trkpt lat="36.150415" lon="32.863648"><ele>215.6</ele></trkpt>
    <trkpt lat="36.149843" lon="32.864423"><ele>211.3</ele></trkpt>
    <trkpt lat="36.149262" lon="32.865235"><ele>206.2</ele></trkpt>
    <trkpt lat="36.148763" lon="32.865720"><ele>200.7</ele></trkpt>
    <trkpt lat="36.148407" lon="32.865639"><ele>194.9</ele></trkpt>
    <trkpt lat="36.148200" lon="32.864966"><ele>189.2</ele></trkpt>
    <trkpt lat="36.148090" lon="32.863904"><ele>183.8</ele></trkpt>
    <trkpt lat="36.147990" lon="32.862807"><ele>179.2</ele></trkpt>
    <trkpt lat="36.147805" lon="32.862043"><ele>175.5</ele></trkpt>
    <trkpt lat="36.147475" lon="32.861859"><ele>173.0</ele></trkpt>
    <trkpt lat="36.146992" lon="32.862278"><ele>171.6</ele></trkpt>
    <trkpt lat="36.146411" lon="32.863093"><ele>171.5</ele></trkpt>
    <trkpt lat="36.145820" lon="32.863945"><ele>172.7</ele></trkpt>
    <trkpt lat="36.145314" lon="32.864455"><ele>175.0</ele></trkpt>
    <trkpt lat="36.144958" lon="32.864375"><ele>178.2</ele></trkpt>
    <trkpt lat="36.144756" lon="32.863681"><ele>182.1</ele></trkpt>
    <trkpt lat="36.144655" lon="32.862584"><ele>186.3</ele></trkpt>
    <trkpt lat="36.144564" lon="32.861451"><ele>190.6</ele></trkpt>
    <trkpt lat="36.144385" lon="32.860665"><ele>194.6</ele></trkpt>
    <trkpt lat="36.144055" lon="32.860480"><ele>198.1</ele></trkpt>
    <trkpt lat="36.143568" lon="32.860917"><ele>200.7</ele></trkpt>
    <trkpt lat="36.142978" lon="32.861764"><ele>202.2</ele></trkpt>
    <trkpt lat="36.142379" lon="32.862646"><ele>202.5</ele></trkpt>
    <trkpt lat="36.141869" lon="32.863175"><ele>201.5</ele></trkpt>
    <trkpt lat="36.141512" lon="32.863096"><ele>199.1</ele></trkpt>
    <trkpt lat="36.141314" lon="32.862386"><ele>195.5</ele></trkpt>
    <trkpt lat="36.141220" lon="32.861262"><ele>190.9</ele></trkpt>
    <trkpt lat="36.141135" lon="32.860103"><ele>185.5</ele></trkpt>
    <trkpt lat="36.140961" lon="32.859301"><ele>179.5</ele></trkpt>
    <trkpt lat="36.140631" lon="32.859115"><ele>173.3</ele></trkpt>
    <trkpt lat="36.140140" lon="32.859566"><ele>167.2</ele></trkpt>
    <trkpt lat="36.139545" lon="32.860435"><ele>161.5</ele></trkpt>
    <trkpt lat="36.138941" lon="32.861339"><ele>156.7</ele></trkpt>
    <trkpt lat="36.138427" lon="32.861881"><ele>152.8</ele></trkpt>
    <trkpt lat="36.138070" lon="32.861803"><ele>150.2</ele></trkpt>
    <trkpt lat="36.137875" lon="32.861082"><ele>148.8</ele></trkpt>
    <trkpt lat="36.137786" lon="32.859940"><ele>148.8</ele></trkpt>
    <trkpt lat="36.137705" lon="32.858764"><ele>150.2</ele></trkpt>
    <trkpt lat="36.137533" lon="32.857952"><ele>152.7</ele></trkpt>
    <trkpt lat="36.137203" lon="32.857765"><ele>156.1</ele></trkpt>
    <trkpt lat="36.136711" lon="32.858225"><ele>160.3</ele></trkpt>
    <trkpt lat="36.136112" lon="32.859107"><ele>164.8</ele></trkpt>
    <trkpt lat="36.135505" lon="32.860023"><ele>169.4</ele></trkpt>
    <trkpt lat="36.134989" lon="32.860573"><ele>173.6</ele></trkpt>
    <trkpt lat="36.134632" lon="32.860495"><ele>177.2</ele></trkpt>
    <trkpt lat="36.134439" lon="32.859768"><ele>179.9</ele></trkpt>
    <trkpt lat="36.134351" lon="32.858618"><ele>181.5</ele></trkpt>
    <trkpt lat="36.134273" lon="32.857433"><ele>181.8</ele></trkpt>
    <trkpt lat="36.134102" lon="32.856617"><ele>180.7</ele></trkpt>
    <trkpt lat="36.133772" lon="32.856430"><ele>178.3</ele></trkpt>
    <trkpt lat="36.133279" lon="32.856893"><ele>174.6</ele></trkpt>
    <trkpt lat="36.132679" lon="32.857779"><ele>169.8</ele></trkpt>
    <trkpt lat="36.132071" lon="32.858699"><ele>164.2</ele></trkpt>
    <trkpt lat="36.131555" lon="32.859250"><ele>158.1</ele></trkpt>
    <trkpt lat="36.131198" lon="32.859172"><ele>151.8</ele></trkpt>
    <trkpt lat="36.131005" lon="32.858444"><ele>145.6</ele></trkpt>
    <trkpt lat="36.130917" lon="32.857294"><ele>139.9</ele></trkpt>
    <trkpt lat="36.130838" lon="32.856111"><ele>135.0</ele></trkpt>
    <trkpt lat="36.130667" lon="32.855297"><ele>131.2</ele></trkpt>
    <trkpt lat="36.130337" lon="32.855110"><ele>128.5</ele></trkpt>
    <trkpt lat="36.129844" lon="32.855571"><ele>127.2</ele></trkpt>
    <trkpt lat="36.129245" lon="32.856453"><ele>127.3</ele></trkpt>
    <trkpt lat="36.128639" lon="32.857366"><ele>128.7</ele></trkpt>
    <trkpt lat="36.128124" lon="32.857912"><ele>131.2</ele></trkpt>
    <trkpt lat="36.127768" lon="32.857833"><ele>134.7</ele></trkpt>
    <trkpt lat="36.127573" lon="32.857110"><ele>138.8</ele></trkpt>
    <trkpt lat="36.127483" lon="32.855969"><ele>143.3</ele></trkpt>
    <trkpt lat="36.127402" lon="32.854798"><ele>147.8</ele></trkpt>
    <trkpt lat="36.127228" lon="32.853991"><ele>152.0</ele></trkpt>
    <trkpt lat="36.126898" lon="32.853806"><ele>155.5</ele></trkpt>
    <trkpt lat="36.126407" lon="32.854260"><ele>158.2</ele></trkpt>
    <trkpt lat="36.125812" lon="32.855127"><ele>159.7</ele></trkpt>
    <trkpt lat="36.125209" lon="32.856025"><ele>159.9</ele></trkpt>
    <trkpt lat="36.124698" lon="32.856560"><ele>158.7</ele></trkpt>
    <trkpt lat="36.124341" lon="32.856479"><ele>156.3</ele></trkpt>
    <trkpt lat="36.124144" lon="32.855766"><ele>152.6</ele></trkpt>
    <trkpt lat="36.124050" lon="32.854644"><ele>148.0</ele></trkpt>
    <trkpt lat="36.123963" lon="32.853493"><ele>142.5</ele></trkpt>
    <trkpt lat="36.123786" lon="32.852700"><ele>136.5</ele></trkpt>
    <trkpt lat="36.123455" lon="32.852516"><ele>130.4</ele></trkpt>
    <trkpt lat="36.122967" lon="32.852958"><ele>124.5</ele></trkpt>
    <trkpt lat="36.122378" lon="32.853802"><ele>119.0</ele></trkpt>
    <trkpt lat="36.121781" lon="32.854675"><ele>114.3</ele></trkpt>
    <trkpt lat="36.121274" lon="32.855193"><ele>110.6</ele></trkpt>
    <trkpt lat="36.120918" lon="32.855111"><ele>108.1</ele></trkpt>
    <trkpt lat="36.120717" lon="32.854413"><ele>106.9</ele></trkpt>
    <trkpt lat="36.120616" lon="32.853318"><ele>106.9</ele></trkpt>
    <trkpt lat="36.120522" lon="32.852196"><ele>108.2</ele></trkpt>
    <trkpt lat="36.120340" lon="32.851423"><ele>110.6</ele></trkpt>
    <trkpt lat="36.120009" lon="32.851242"><ele>113.8</ele></trkpt>
    <trkpt lat="36.119525" lon="32.851665"><ele>117.7</ele></trkpt>
    <trkpt lat="36.118944" lon="32.852478"><ele>121.9</ele></trkpt>
    <trkpt lat="36.118356" lon="32.853317"><ele>126.0</ele></trkpt>
    <trkpt lat="36.117854" lon="32.853812"><ele>129.8</ele></trkpt>
    <trkpt lat="36.117499" lon="32.853728"><ele>133.1</ele></trkpt>
    <trkpt lat="36.117293" lon="32.853049"><ele>135.4</ele></trkpt>
    <trkpt lat="36.117183" lon="32.851991"><ele>136.7</ele></trkpt>
    <trkpt lat="36.117079" lon="32.850907"><ele>136.8</ele></trkpt>
    <trkpt lat="36.116890" lon="32.850160"><ele>135.6</ele></trkpt>
    <trkpt lat="36.116559" lon="32.849981"><ele>133.3</ele></trkpt>
    <trkpt lat="36.116081" lon="32.850383"><ele>129.8</ele></trkpt>
    <trkpt lat="36.115510" lon="32.851155"><ele>125.4</ele></trkpt>
    <trkpt lat="36.114932" lon="32.851952"><ele>120.3</ele></trkpt>
    <trkpt lat="36.114438" lon="32.852418"><ele>114.8</ele></trkpt>
    <trkpt lat="36.114083" lon="32.852330"><ele>109.2</ele></trkpt>
    <trkpt lat="36.113871" lon="32.851677"><ele>103.7</ele></trkpt>
    <trkpt lat="36.113750" lon="32.850663"><ele>98.7</ele></trkpt>
    <trkpt lat="36.113634" lon="32.849626"><ele>94.4</ele></trkpt>
    <trkpt lat="36.113438" lon="32.848910"><ele>91.1</ele></trkpt>
    <trkpt lat="36.113105" lon="32.848735"><ele>88.8</ele></trkpt>
    <trkpt lat="36.112634" lon="32.849109"><ele>87.6</ele></trkpt>
    <trkpt lat="36.112075" lon="32.849833"><ele>87.6</ele></trkpt>
    <trkpt lat="36.111510" lon="32.850579"><ele>88.7</ele></trkpt>
    <trkpt lat="36.111025" lon="32.851011"><ele>90.8</ele></trkpt>
    <trkpt lat="36.110671" lon="32.850920"><ele>93.6</ele></trkpt>
    <trkpt lat="36.110451" lon="32.850296"><ele>96.9</ele></trkpt>
    <trkpt lat="36.110317" lon="32.849333"><ele>100.4</ele></trkpt>
    <trkpt lat="36.110188" lon="32.848351"><ele>104.0</ele></trkpt>
    <trkpt lat="36.109982" lon="32.847673"><ele>107.2</ele></trkpt>
    <trkpt lat="36.109648" lon="32.847501"><ele>109.8</ele></trkpt>
    <trkpt lat="36.109185" lon="32.847843"><ele>111.7</ele></trkpt>
    <trkpt lat="36.108640" lon="32.848512"><ele>112.7</ele></trkpt>
    <trkpt lat="36.108090" lon="32.849199"><ele>112.6</ele></trkpt>
    <trkpt lat="36.107615" lon="32.849592"><ele>111.4</ele></trkpt>
    <trkpt lat="36.107262" lon="32.849497"><ele>109.2</ele></trkpt>
    <trkpt lat="36.107034" lon="32.848907"><ele>106.1</ele></trkpt>
    <trkpt lat="36.106885" lon="32.848003"><ele>102.2</ele></trkpt>
    <trkpt lat="36.106739" lon="32.847084"><ele>97.7</ele></trkpt>
    <trkpt lat="36.106523" lon="32.846447"><ele>92.9</ele></trkpt>
    <trkpt lat="36.106189" lon="32.846279"><ele>88.0</ele></trkpt>
    <trkpt lat="36.105735" lon="32.846586"><ele>83.3</ele></trkpt>
    <trkpt lat="36.105205" lon="32.847192"><ele>79.0</ele></trkpt>
    <trkpt lat="36.104672" lon="32.847813"><ele>75.4</ele></trkpt>
    <trkpt lat="36.104207" lon="32.848162"><ele>72.5</ele></trkpt>
    <trkpt lat="36.103856" lon="32.848062"><ele>70.5</ele></trkpt>
    <trkpt lat="36.103618" lon="32.847510"><ele>69.4</ele></trkpt>
    <trkpt lat="36.103452" lon="32.846673"><ele>69.3</ele></trkpt>
    <trkpt lat="36.103290" lon="32.845823"><ele>70.1</ele></trkpt>
    <trkpt lat="36.103062" lon="32.845232"><ele>71.7</ele></trkpt>
    <trkpt lat="36.102726" lon="32.845069"><ele>73.8</ele></trkpt>
    <trkpt lat="36.102282" lon="32.845336"><ele>76.3</ele></trkpt>
    <trkpt lat="36.101770" lon="32.845873"><ele>79.1</ele></trkpt>
    <trkpt lat="36.101255" lon="32.846420"><ele>81.7</ele></trkpt>
    <trkpt lat="36.100803" lon="32.846721"><ele>84.1</ele></trkpt>
    <trkpt lat="36.100452" lon="32.846617"><ele>86.0</ele></trkpt>
    <trkpt lat="36.100204" lon="32.846106"><ele>87.2</ele></trkpt>
    <trkpt lat="36.100020" lon="32.845341"><ele>87.7</ele></trkpt>
    <trkpt lat="36.099838" lon="32.844567"><ele>87.4</ele></trkpt>
    <trkpt lat="36.099598" lon="32.844027"><ele>86.3</ele></trkpt>
    <trkpt lat="36.099261" lon="32.843869"><ele>84.3</ele></trkpt>
    <trkpt lat="36.098827" lon="32.844093"><ele>81.7</ele></trkpt>
    <trkpt lat="36.098334" lon="32.844554"><ele>78.4</ele></trkpt>
    <trkpt lat="36.097840" lon="32.845023"><ele>74.8</ele></trkpt>
    <trkpt lat="36.097400" lon="32.845271"><ele>70.9</ele></trkpt>
    <trkpt lat="36.097051" lon="32.845161"><ele>67.0</ele></trkpt>
    <trkpt lat="36.096792" lon="32.844695"><ele>63.3</ele></trkpt>
    <trkpt lat="36.096588" lon="32.844008"><ele>59.8</ele></trkpt>
    <trkpt lat="36.096386" lon="32.843316"><ele>56.9</ele></trkpt>
    <trkpt lat="36.096131" lon="32.842830"><ele>54.6</ele></trkpt>
    <trkpt lat="36.095793" lon="32.842678"><ele>53.0</ele></trkpt>
    <trkpt lat="36.095372" lon="32.842856"><ele>52.1</ele></trkpt>
    <trkpt lat="36.094899" lon="32.843237"><ele>51.8</ele></trkpt>
    <trkpt lat="36.094425" lon="32.843621"><ele>52.2</ele></trkpt>
    <trkpt lat="36.094000" lon="32.843813"><ele>53.1</ele></trkpt>
    <trkpt lat="36.093652" lon="32.843698"><ele>54.5</ele></trkpt>
    <trkpt lat="36.093381" lon="32.843279"><ele>56.0</ele></trkpt>
    <trkpt lat="36.093156" lon="32.842675"><ele>57.7</ele></trkpt>
    <trkpt lat="36.092932" lon="32.842070"><ele>59.3</ele></trkpt>
    <trkpt lat="36.092663" lon="32.841642"><ele>60.6</ele></trkpt>
    <trkpt lat="36.092324" lon="32.841495"><ele>61.6</ele></trkpt>
    <trkpt lat="36.091914" lon="32.841624"><ele>62.1</ele></trkpt>
    <trkpt lat="36.091463" lon="32.841920"><ele>62.1</ele></trkpt>
    <trkpt lat="36.091012" lon="32.842215"><ele>61.6</ele></trkpt>
    <trkpt lat="36.090601" lon="32.842348"><ele>60.4</ele></trkpt>
    <trkpt lat="36.090255" lon="32.842227"><ele>58.8</ele></trkpt>
    <trkpt lat="36.089971" lon="32.841858"><ele>56.7</ele></trkpt>
    <trkpt lat="36.089725" lon="32.841341"><ele>54.2</ele></trkpt>
    <trkpt lat="36.089478" lon="32.840827"><ele>51.6</ele></trkpt>
    <trkpt lat="36.089194" lon="32.840459"><ele>48.8</ele></trkpt>
    <trkpt lat="36.088852" lon="32.840318"><ele>46.0</ele></trkpt>
    <trkpt lat="36.088456" lon="32.840396"><ele>43.4</ele></trkpt>
    <trkpt lat="36.088027" lon="32.840603"><ele>41.0</ele></trkpt>
    <trkpt lat="36.087599" lon="32.840805"><ele>39.0</ele></trkpt>
    <trkpt lat="36.087204" lon="32.840877"><ele>37.3</ele></trkpt>
    <trkpt lat="36.086860" lon="32.840750"><ele>36.1</ele></trkpt>
    <trkpt lat="36.086563" lon="32.840433"><ele>35.3</ele></trkpt>
    <trkpt lat="36.086294" lon="32.840006"><ele>34.9</ele></trkpt>
    <trkpt lat="36.086022" lon="32.839587"><ele>34.8</ele></trkpt>
    <trkpt lat="36.085723" lon="32.839281"><ele>35.0</ele></trkpt>
    <trkpt lat="36.085380" lon="32.839147"><ele>35.4</ele></trkpt>
    <trkpt lat="36.084997" lon="32.839172"><ele>35.9</ele></trkpt>
    <trkpt lat="36.084591" lon="32.839288"><ele>36.3</ele></trkpt>
    <trkpt lat="36.084187" lon="32.839394"><ele>36.7</ele></trkpt>
    <trkpt lat="36.083808" lon="32.839402"><ele>36.9</ele></trkpt>
    <trkpt lat="36.083465" lon="32.839269"><ele>36.9</ele></trkpt>
    <trkpt lat="36.083155" lon="32.839005"><ele>36.6</ele></trkpt>
    <trkpt lat="36.082862" lon="32.838671"><ele>36.0</ele></trkpt>
    <trkpt lat="36.082567" lon="32.838349"><ele>35.2</ele></trkpt>
    <trkpt lat="36.082251" lon="32.838108"><ele>34.1</ele></trkpt>
    <trkpt lat="36.081906" lon="32.837980"><ele>32.8</ele></trkpt>
    <trkpt lat="36.081537" lon="32.837951"><ele>31.3</ele></trkpt>
    <trkpt lat="36.081155" lon="32.837972"><ele>29.8</ele></trkpt>
    <trkpt lat="36.080776" lon="32.837980"><ele>28.1</ele></trkpt>
    <trkpt lat="36.080413" lon="32.837924"><ele>26.6</ele></trkpt>
    <trkpt lat="36.080072" lon="32.837784"><ele>25.1</ele></trkpt>
    <trkpt lat="36.079748" lon="32.837575"><ele>23.7</ele></trkpt>
    <trkpt lat="36.079431" lon="32.837336"><ele>22.4</ele></trkpt>
    <trkpt lat="36.079111" lon="32.837112"><ele>21.3</ele></trkpt>
    <trkpt lat="36.078778" lon="32.836936"><ele>20.4</ele></trkpt>
    <trkpt lat="36.078432" lon="32.836815"><ele>19.6</ele></trkpt>
    <trkpt lat="36.078076" lon="32.836731"><ele>18.9</ele></trkpt>
    <trkpt lat="36.077718" lon="32.836657"><ele>18.3</ele></trkpt>
    <trkpt lat="36.077364" lon="32.836566"><ele>17.7</ele></trkpt>
    <trkpt lat="36.077018" lon="32.836444"><ele>17.1</ele></trkpt>
    <trkpt lat="36.076679" lon="32.836297"><ele>16.5</ele></trkpt>
    <trkpt lat="36.076341" lon="32.836143"><ele>15.8</ele></trkpt>
    <trkpt lat="36.076000" lon="32.836000"><ele>15.0</ele></trkpt>
    </trkseg>
  </trk>
</gpx>
