<?xml version="1.0" encoding="UTF-8"?>
<gpx version="1.1" creator="tripplanner (routed with BRouter, gravel profile)" xmlns="http://www.topografix.com/GPX/1/1">
  <metadata>
    <name>Toubkal to Telouet — Day 4: Asni → Tighza</name>
    <desc>129 km, 3863 m. Routed with BRouter (gravel profile) over OSM ways — a plan, not a ridden track.</desc>
  </metadata>
  <trk>
    <name>Toubkal to Telouet — Day 4: Asni → Tighza</name>
    <trkseg>
    <trkpt lat="31.249650" lon="-7.978862"><ele>1165.0</ele></trkpt>
    <trkpt lat="31.250025" lon="-7.978810"><ele>1160.5</ele></trkpt>
    <trkpt lat="31.252970" lon="-7.976317"><ele>1153.2</ele></trkpt>
    <trkpt lat="31.254704" lon="-7.975475"><ele>1149.5</ele></trkpt>
    <trkpt lat="31.256038" lon="-7.974547"><ele>1147.5</ele></trkpt>
    <trkpt lat="31.259047" lon="-7.973155"><ele>1138.0</ele></trkpt>
    <trkpt lat="31.259353" lon="-7.973011"><ele>1137.5</ele></trkpt>
    <trkpt lat="31.261023" lon="-7.971846"><ele>1135.2</ele></trkpt>
    <trkpt lat="31.262702" lon="-7.971285"><ele>1133.5</ele></trkpt>
    <trkpt lat="31.262856" lon="-7.971164"><ele>1133.0</ele></trkpt>
    <trkpt lat="31.263301" lon="-7.970635"><ele>1128.8</ele></trkpt>
    <trkpt lat="31.263811" lon="-7.969519"><ele>1127.5</ele></trkpt>
    <trkpt lat="31.265879" lon="-7.967268"><ele>1119.8</ele></trkpt>
    <trkpt lat="31.268732" lon="-7.966615"><ele>1108.2</ele></trkpt>
    <trkpt lat="31.270338" lon="-7.965770"><ele>1107.8</ele></trkpt>
    <trkpt lat="31.271291" lon="-7.965249"><ele>1106.0</ele></trkpt>
    <trkpt lat="31.272930" lon="-7.964141"><ele>1093.8</ele></trkpt>
    <trkpt lat="31.273156" lon="-7.964000"><ele>1093.8</ele></trkpt>
    <trkpt lat="31.274975" lon="-7.963540"><ele>1093.5</ele></trkpt>
    <trkpt lat="31.276484" lon="-7.962773"><ele>1090.5</ele></trkpt>
    <trkpt lat="31.279401" lon="-7.961832"><ele>1090.5</ele></trkpt>
    <trkpt lat="31.280095" lon="-7.961358"><ele>1090.5</ele></trkpt>
    <trkpt lat="31.281528" lon="-7.960018"><ele>1070.8</ele></trkpt>
    <trkpt lat="31.282261" lon="-7.959693"><ele>1068.0</ele></trkpt>
    <trkpt lat="31.284229" lon="-7.959414"><ele>1064.2</ele></trkpt>
    <trkpt lat="31.285762" lon="-7.959584"><ele>1061.0</ele></trkpt>
    <trkpt lat="31.286796" lon="-7.960107"><ele>1061.0</ele></trkpt>
    <trkpt lat="31.287610" lon="-7.960724"><ele>1060.8</ele></trkpt>
    <trkpt lat="31.288426" lon="-7.961065"><ele>1056.5</ele></trkpt>
    <trkpt lat="31.288681" lon="-7.961206"><ele>1056.5</ele></trkpt>
    <trkpt lat="31.289499" lon="-7.962003"><ele>1059.5</ele></trkpt>
    <trkpt lat="31.289993" lon="-7.962156"><ele>1060.8</ele></trkpt>
    <trkpt lat="31.291553" lon="-7.963059"><ele>1059.2</ele></trkpt>
    <trkpt lat="31.292047" lon="-7.963538"><ele>1059.8</ele></trkpt>
    <trkpt lat="31.292193" lon="-7.963907"><ele>1061.0</ele></trkpt>
    <trkpt lat="31.292164" lon="-7.964348"><ele>1063.2</ele></trkpt>
    <trkpt lat="31.291746" lon="-7.965564"><ele>1067.2</ele></trkpt>
    <trkpt lat="31.291827" lon="-7.966409"><ele>1068.5</ele></trkpt>
    <trkpt lat="31.292163" lon="-7.966823"><ele>1068.5</ele></trkpt>
    <trkpt lat="31.292717" lon="-7.966870"><ele>1067.0</ele></trkpt>
    <trkpt lat="31.292802" lon="-7.966915"><ele>1067.0</ele></trkpt>
    <trkpt lat="31.293462" lon="-7.967282"><ele>1084.5</ele></trkpt>
    <trkpt lat="31.293620" lon="-7.967328"><ele>1084.5</ele></trkpt>
    <trkpt lat="31.293964" lon="-7.967262"><ele>1084.5</ele></trkpt>
    <trkpt lat="31.294033" lon="-7.967160"><ele>1081.8</ele></trkpt>
    <trkpt lat="31.294183" lon="-7.966709"><ele>1058.0</ele></trkpt>
    <trkpt lat="31.294287" lon="-7.966546"><ele>1058.0</ele></trkpt>
    <trkpt lat="31.294514" lon="-7.966516"><ele>1058.0</ele></trkpt>
    <trkpt lat="31.295009" lon="-7.966623"><ele>1073.0</ele></trkpt>
    <trkpt lat="31.295136" lon="-7.966613"><ele>1074.2</ele></trkpt>
    <trkpt lat="31.295615" lon="-7.966434"><ele>1074.2</ele></trkpt>
    <trkpt lat="31.295971" lon="-7.965952"><ele>1069.0</ele></trkpt>
    <trkpt lat="31.296055" lon="-7.965939"><ele>1069.0</ele></trkpt>
    <trkpt lat="31.296451" lon="-7.965955"><ele>1084.5</ele></trkpt>
    <trkpt lat="31.296656" lon="-7.965863"><ele>1084.5</ele></trkpt>
    <trkpt lat="31.296825" lon="-7.965614"><ele>1084.5</ele></trkpt>
    <trkpt lat="31.297003" lon="-7.965013"><ele>1059.8</ele></trkpt>
    <trkpt lat="31.297063" lon="-7.964849"><ele>1055.2</ele></trkpt>
    <trkpt lat="31.297200" lon="-7.964680"><ele>1055.2</ele></trkpt>
    <trkpt lat="31.297412" lon="-7.964659"><ele>1055.2</ele></trkpt>
    <trkpt lat="31.297706" lon="-7.964833"><ele>1072.2</ele></trkpt>
    <trkpt lat="31.297929" lon="-7.964840"><ele>1072.2</ele></trkpt>
    <trkpt lat="31.298397" lon="-7.964596"><ele>1075.2</ele></trkpt>
    <trkpt lat="31.298832" lon="-7.964334"><ele>1073.8</ele></trkpt>
    <trkpt lat="31.299242" lon="-7.964263"><ele>1070.0</ele></trkpt>
    <trkpt lat="31.299436" lon="-7.964030"><ele>1069.2</ele></trkpt>
    <trkpt lat="31.299658" lon="-7.963669"><ele>1057.0</ele></trkpt>
    <trkpt lat="31.299787" lon="-7.963600"><ele>1057.0</ele></trkpt>
    <trkpt lat="31.300711" lon="-7.964299"><ele>1069.5</ele></trkpt>
    <trkpt lat="31.300781" lon="-7.964258"><ele>1069.5</ele></trkpt>
    <trkpt lat="31.301093" lon="-7.963821"><ele>1060.0</ele></trkpt>
    <trkpt lat="31.301583" lon="-7.963742"><ele>1057.2</ele></trkpt>
    <trkpt lat="31.302280" lon="-7.963403"><ele>1055.0</ele></trkpt>
    <trkpt lat="31.302403" lon="-7.963434"><ele>1055.0</ele></trkpt>
    <trkpt lat="31.303140" lon="-7.964186"><ele>1078.5</ele></trkpt>
    <trkpt lat="31.303220" lon="-7.964251"><ele>1078.5</ele></trkpt>
    <trkpt lat="31.303501" lon="-7.964277"><ele>1082.8</ele></trkpt>
    <trkpt lat="31.303596" lon="-7.964287"><ele>1081.8</ele></trkpt>
    <trkpt lat="31.304390" lon="-7.964683"><ele>1078.8</ele></trkpt>
    <trkpt lat="31.305239" lon="-7.964903"><ele>1074.2</ele></trkpt>
    <trkpt lat="31.305732" lon="-7.964925"><ele>1076.5</ele></trkpt>
    <trkpt lat="31.306453" lon="-7.965207"><ele>1082.2</ele></trkpt>
    <trkpt lat="31.307173" lon="-7.965073"><ele>1084.2</ele></trkpt>
    <trkpt lat="31.307611" lon="-7.964781"><ele>1084.8</ele></trkpt>
    <trkpt lat="31.308937" lon="-7.963446"><ele>1091.5</ele></trkpt>
    <trkpt lat="31.308958" lon="-7.963278"><ele>1091.5</ele></trkpt>
    <trkpt lat="31.308935" lon="-7.963198"><ele>1091.0</ele></trkpt>
    <trkpt lat="31.308521" lon="-7.962733"><ele>1077.5</ele></trkpt>
    <trkpt lat="31.308500" lon="-7.962237"><ele>1077.0</ele></trkpt>
    <trkpt lat="31.308668" lon="-7.961797"><ele>1077.0</ele></trkpt>
    <trkpt lat="31.310549" lon="-7.961183"><ele>1081.2</ele></trkpt>
    <trkpt lat="31.310693" lon="-7.960689"><ele>1080.5</ele></trkpt>
    <trkpt lat="31.310739" lon="-7.960187"><ele>1074.0</ele></trkpt>
    <trkpt lat="31.310671" lon="-7.960029"><ele>1067.5</ele></trkpt>
    <trkpt lat="31.310441" lon="-7.959827"><ele>1050.5</ele></trkpt>
    <trkpt lat="31.310380" lon="-7.959697"><ele>1045.8</ele></trkpt>
    <trkpt lat="31.310377" lon="-7.959254"><ele>1045.8</ele></trkpt>
    <trkpt lat="31.311044" lon="-7.959096"><ele>1038.2</ele></trkpt>
    <trkpt lat="31.311569" lon="-7.958573"><ele>1042.2</ele></trkpt>
    <trkpt lat="31.312256" lon="-7.958795"><ele>1042.2</ele></trkpt>
    <trkpt lat="31.312458" lon="-7.959039"><ele>1045.5</ele></trkpt>
    <trkpt lat="31.312655" lon="-7.961799"><ele>1056.0</ele></trkpt>
    <trkpt lat="31.312811" lon="-7.961812"><ele>1055.8</ele></trkpt>
    <trkpt lat="31.313322" lon="-7.961468"><ele>1039.2</ele></trkpt>
    <trkpt lat="31.313414" lon="-7.961429"><ele>1034.5</ele></trkpt>
    <trkpt lat="31.313507" lon="-7.961409"><ele>1030.2</ele></trkpt>
    <trkpt lat="31.313615" lon="-7.961450"><ele>1028.8</ele></trkpt>
    <trkpt lat="31.314028" lon="-7.962784"><ele>1034.5</ele></trkpt>
    <trkpt lat="31.314131" lon="-7.962886"><ele>1034.5</ele></trkpt>
    <trkpt lat="31.314560" lon="-7.963343"><ele>1026.2</ele></trkpt>
    <trkpt lat="31.314674" lon="-7.963444"><ele>1021.5</ele></trkpt>
    <trkpt lat="31.315021" lon="-7.963670"><ele>1011.2</ele></trkpt>
    <trkpt lat="31.315434" lon="-7.963892"><ele>1011.0</ele></trkpt>
    <trkpt lat="31.315515" lon="-7.963784"><ele>1010.8</ele></trkpt>
    <trkpt lat="31.315446" lon="-7.963611"><ele>1009.8</ele></trkpt>
    <trkpt lat="31.314895" lon="-7.963369"><ele>1012.2</ele></trkpt>
    <trkpt lat="31.314305" lon="-7.962719"><ele>1012.2</ele></trkpt>
    <trkpt lat="31.314133" lon="-7.962229"><ele>1012.2</ele></trkpt>
    <trkpt lat="31.314061" lon="-7.960931"><ele>1001.2</ele></trkpt>
    <trkpt lat="31.314025" lon="-7.960702"><ele>1001.2</ele></trkpt>
    <trkpt lat="31.313434" lon="-7.959770"><ele>999.8</ele></trkpt>
    <trkpt lat="31.313406" lon="-7.959406"><ele>999.2</ele></trkpt>
    <trkpt lat="31.313608" lon="-7.958780"><ele>994.8</ele></trkpt>
    <trkpt lat="31.314326" lon="-7.957495"><ele>992.5</ele></trkpt>
    <trkpt lat="31.314747" lon="-7.957328"><ele>991.5</ele></trkpt>
    <trkpt lat="31.315779" lon="-7.957175"><ele>987.2</ele></trkpt>
    <trkpt lat="31.316246" lon="-7.957134"><ele>986.8</ele></trkpt>
    <trkpt lat="31.317121" lon="-7.957597"><ele>982.8</ele></trkpt>
    <trkpt lat="31.317970" lon="-7.957559"><ele>982.2</ele></trkpt>
    <trkpt lat="31.318554" lon="-7.957735"><ele>976.5</ele></trkpt>
    <trkpt lat="31.318656" lon="-7.957474"><ele>976.8</ele></trkpt>
    <trkpt lat="31.318667" lon="-7.955429"><ele>979.5</ele></trkpt>
    <trkpt lat="31.318844" lon="-7.954900"><ele>978.8</ele></trkpt>
    <trkpt lat="31.319414" lon="-7.954497"><ele>977.0</ele></trkpt>
    <trkpt lat="31.320123" lon="-7.954616"><ele>973.2</ele></trkpt>
    <trkpt lat="31.320717" lon="-7.954354"><ele>972.5</ele></trkpt>
    <trkpt lat="31.320829" lon="-7.954328"><ele>972.2</ele></trkpt>
    <trkpt lat="31.321492" lon="-7.954261"><ele>965.0</ele></trkpt>
    <trkpt lat="31.322743" lon="-7.953222"><ele>959.8</ele></trkpt>
    <trkpt lat="31.323099" lon="-7.952952"><ele>959.8</ele></trkpt>
    <trkpt lat="31.324043" lon="-7.951451"><ele>967.0</ele></trkpt>
    <trkpt lat="31.324910" lon="-7.951084"><ele>968.5</ele></trkpt>
    <trkpt lat="31.326222" lon="-7.950797"><ele>969.0</ele></trkpt>
    <trkpt lat="31.327514" lon="-7.950804"><ele>969.0</ele></trkpt>
    <trkpt lat="31.330946" lon="-7.949620"><ele>960.2</ele></trkpt>
    <trkpt lat="31.333118" lon="-7.949384"><ele>953.0</ele></trkpt>
    <trkpt lat="31.333558" lon="-7.949209"><ele>952.5</ele></trkpt>
    <trkpt lat="31.334175" lon="-7.948539"><ele>949.0</ele></trkpt>
    <trkpt lat="31.334892" lon="-7.947869"><ele>949.0</ele></trkpt>
    <trkpt lat="31.335290" lon="-7.947689"><ele>950.8</ele></trkpt>
    <trkpt lat="31.335348" lon="-7.947249"><ele>955.2</ele></trkpt>
    <trkpt lat="31.335792" lon="-7.946453"><ele>963.2</ele></trkpt>
    <trkpt lat="31.335714" lon="-7.946174"><ele>965.0</ele></trkpt>
    <trkpt lat="31.335623" lon="-7.945978"><ele>966.8</ele></trkpt>
    <trkpt lat="31.335153" lon="-7.945033"><ele>977.5</ele></trkpt>
    <trkpt lat="31.334856" lon="-7.943857"><ele>991.0</ele></trkpt>
    <trkpt lat="31.334951" lon="-7.943538"><ele>998.2</ele></trkpt>
    <trkpt lat="31.334038" lon="-7.942049"><ele>1011.8</ele></trkpt>
    <trkpt lat="31.333310" lon="-7.940218"><ele>1022.0</ele></trkpt>
    <trkpt lat="31.333226" lon="-7.939611"><ele>1029.0</ele></trkpt>
    <trkpt lat="31.333181" lon="-7.939408"><ele>1029.0</ele></trkpt>
    <trkpt lat="31.332622" lon="-7.938252"><ele>1029.5</ele></trkpt>
    <trkpt lat="31.332641" lon="-7.937925"><ele>1031.5</ele></trkpt>
    <trkpt lat="31.332303" lon="-7.936959"><ele>1031.8</ele></trkpt>
    <trkpt lat="31.332287" lon="-7.936219"><ele>1033.8</ele></trkpt>
    <trkpt lat="31.331661" lon="-7.935055"><ele>1031.5</ele></trkpt>
    <trkpt lat="31.331110" lon="-7.932915"><ele>1033.8</ele></trkpt>
    <trkpt lat="31.330897" lon="-7.932515"><ele>1032.8</ele></trkpt>
    <trkpt lat="31.330633" lon="-7.932623"><ele>1030.2</ele></trkpt>
    <trkpt lat="31.330250" lon="-7.932479"><ele>1030.0</ele></trkpt>
    <trkpt lat="31.330493" lon="-7.932110"><ele>1029.8</ele></trkpt>
    <trkpt lat="31.330491" lon="-7.932082"><ele>1029.8</ele></trkpt>
    <trkpt lat="31.330234" lon="-7.931233"><ele>1025.5</ele></trkpt>
    <trkpt lat="31.328921" lon="-7.929897"><ele>1005.2</ele></trkpt>
    <trkpt lat="31.328037" lon="-7.929401"><ele>1002.5</ele></trkpt>
    <trkpt lat="31.327615" lon="-7.928988"><ele>1002.5</ele></trkpt>
    <trkpt lat="31.327288" lon="-7.928731"><ele>1004.5</ele></trkpt>
    <trkpt lat="31.327107" lon="-7.928181"><ele>1010.8</ele></trkpt>
    <trkpt lat="31.326859" lon="-7.927226"><ele>1021.5</ele></trkpt>
    <trkpt lat="31.326795" lon="-7.925576"><ele>1038.0</ele></trkpt>
    <trkpt lat="31.326612" lon="-7.925061"><ele>1042.0</ele></trkpt>
    <trkpt lat="31.326433" lon="-7.923970"><ele>1048.8</ele></trkpt>
    <trkpt lat="31.326082" lon="-7.922564"><ele>1066.2</ele></trkpt>
    <trkpt lat="31.325810" lon="-7.921939"><ele>1073.5</ele></trkpt>
    <trkpt lat="31.325757" lon="-7.920909"><ele>1075.8</ele></trkpt>
    <trkpt lat="31.325269" lon="-7.919367"><ele>1081.2</ele></trkpt>
    <trkpt lat="31.325161" lon="-7.918592"><ele>1081.5</ele></trkpt>
    <trkpt lat="31.324719" lon="-7.917884"><ele>1084.2</ele></trkpt>
    <trkpt lat="31.324710" lon="-7.917500"><ele>1084.2</ele></trkpt>
    <trkpt lat="31.324414" lon="-7.915129"><ele>1105.8</ele></trkpt>
    <trkpt lat="31.324201" lon="-7.914311"><ele>1108.2</ele></trkpt>
    <trkpt lat="31.324007" lon="-7.913828"><ele>1108.2</ele></trkpt>
    <trkpt lat="31.323796" lon="-7.913671"><ele>1108.2</ele></trkpt>
    <trkpt lat="31.323956" lon="-7.913498"><ele>1108.2</ele></trkpt>
    <trkpt lat="31.323991" lon="-7.913439"><ele>1107.0</ele></trkpt>
    <trkpt lat="31.324034" lon="-7.913056"><ele>1102.5</ele></trkpt>
    <trkpt lat="31.323901" lon="-7.912479"><ele>1100.0</ele></trkpt>
    <trkpt lat="31.323624" lon="-7.911900"><ele>1097.0</ele></trkpt>
    <trkpt lat="31.323244" lon="-7.910813"><ele>1090.5</ele></trkpt>
    <trkpt lat="31.322490" lon="-7.908233"><ele>1070.8</ele></trkpt>
    <trkpt lat="31.322487" lon="-7.906748"><ele>1050.2</ele></trkpt>
    <trkpt lat="31.322313" lon="-7.906166"><ele>1045.8</ele></trkpt>
    <trkpt lat="31.322131" lon="-7.905485"><ele>1045.8</ele></trkpt>
    <trkpt lat="31.322343" lon="-7.904987"><ele>1045.5</ele></trkpt>
    <trkpt lat="31.322307" lon="-7.904546"><ele>1045.5</ele></trkpt>
    <trkpt lat="31.322863" lon="-7.904325"><ele>1038.5</ele></trkpt>
    <trkpt lat="31.323521" lon="-7.903368"><ele>1025.5</ele></trkpt>
    <trkpt lat="31.323707" lon="-7.903373"><ele>1025.2</ele></trkpt>
    <trkpt lat="31.324127" lon="-7.903007"><ele>1024.0</ele></trkpt>
    <trkpt lat="31.325818" lon="-7.903175"><ele>1019.2</ele></trkpt>
    <trkpt lat="31.326593" lon="-7.902871"><ele>1016.8</ele></trkpt>
    <trkpt lat="31.327084" lon="-7.902891"><ele>1016.2</ele></trkpt>
    <trkpt lat="31.328304" lon="-7.902501"><ele>1014.5</ele></trkpt>
    <trkpt lat="31.328843" lon="-7.902448"><ele>1014.0</ele></trkpt>
    <trkpt lat="31.329002" lon="-7.902418"><ele>1011.5</ele></trkpt>
    <trkpt lat="31.331041" lon="-7.901678"><ele>1002.2</ele></trkpt>
    <trkpt lat="31.332000" lon="-7.901346"><ele>1000.8</ele></trkpt>
    <trkpt lat="31.333753" lon="-7.900928"><ele>993.0</ele></trkpt>
    <trkpt lat="31.334616" lon="-7.900974"><ele>993.0</ele></trkpt>
    <trkpt lat="31.335010" lon="-7.901119"><ele>993.2</ele></trkpt>
    <trkpt lat="31.338596" lon="-7.900908"><ele>986.5</ele></trkpt>
    <trkpt lat="31.338668" lon="-7.900877"><ele>986.5</ele></trkpt>
    <trkpt lat="31.340498" lon="-7.900070"><ele>978.5</ele></trkpt>
    <trkpt lat="31.340621" lon="-7.899376"><ele>971.0</ele></trkpt>
    <trkpt lat="31.340913" lon="-7.899118"><ele>970.0</ele></trkpt>
    <trkpt lat="31.341634" lon="-7.898082"><ele>964.2</ele></trkpt>
    <trkpt lat="31.342063" lon="-7.897367"><ele>961.2</ele></trkpt>
    <trkpt lat="31.342511" lon="-7.896913"><ele>957.5</ele></trkpt>
    <trkpt lat="31.344386" lon="-7.895782"><ele>952.8</ele></trkpt>
    <trkpt lat="31.345864" lon="-7.894580"><ele>947.0</ele></trkpt>
    <trkpt lat="31.345486" lon="-7.894158"><ele>943.5</ele></trkpt>
    <trkpt lat="31.345242" lon="-7.893606"><ele>940.5</ele></trkpt>
    <trkpt lat="31.345054" lon="-7.893339"><ele>940.2</ele></trkpt>
    <trkpt lat="31.345084" lon="-7.893140"><ele>940.0</ele></trkpt>
    <trkpt lat="31.345618" lon="-7.892414"><ele>940.8</ele></trkpt>
    <trkpt lat="31.345829" lon="-7.891601"><ele>940.5</ele></trkpt>
    <trkpt lat="31.346334" lon="-7.890732"><ele>941.0</ele></trkpt>
    <trkpt lat="31.347704" lon="-7.889985"><ele>942.8</ele></trkpt>
    <trkpt lat="31.348036" lon="-7.889747"><ele>941.5</ele></trkpt>
    <trkpt lat="31.348031" lon="-7.889238"><ele>941.5</ele></trkpt>
    <trkpt lat="31.347862" lon="-7.888715"><ele>940.5</ele></trkpt>
    <trkpt lat="31.348203" lon="-7.888581"><ele>939.2</ele></trkpt>
    <trkpt lat="31.348460" lon="-7.888170"><ele>936.2</ele></trkpt>
    <trkpt lat="31.349287" lon="-7.888100"><ele>935.5</ele></trkpt>
    <trkpt lat="31.349570" lon="-7.887890"><ele>934.2</ele></trkpt>
    <trkpt lat="31.349841" lon="-7.887595"><ele>933.2</ele></trkpt>
    <trkpt lat="31.350620" lon="-7.886761"><ele>929.0</ele></trkpt>
    <trkpt lat="31.351179" lon="-7.885910"><ele>925.5</ele></trkpt>
    <trkpt lat="31.352116" lon="-7.885153"><ele>923.8</ele></trkpt>
    <trkpt lat="31.353766" lon="-7.883479"><ele>915.8</ele></trkpt>
    <trkpt lat="31.353984" lon="-7.883081"><ele>913.5</ele></trkpt>
    <trkpt lat="31.354649" lon="-7.882350"><ele>909.8</ele></trkpt>
    <trkpt lat="31.354927" lon="-7.882122"><ele>909.0</ele></trkpt>
    <trkpt lat="31.355646" lon="-7.880899"><ele>904.0</ele></trkpt>
    <trkpt lat="31.356461" lon="-7.879953"><ele>900.5</ele></trkpt>
    <trkpt lat="31.357072" lon="-7.878733"><ele>891.8</ele></trkpt>
    <trkpt lat="31.357455" lon="-7.877559"><ele>886.8</ele></trkpt>
    <trkpt lat="31.358181" lon="-7.876313"><ele>871.5</ele></trkpt>
    <trkpt lat="31.358304" lon="-7.875943"><ele>868.5</ele></trkpt>
    <trkpt lat="31.358468" lon="-7.875460"><ele>867.0</ele></trkpt>
    <trkpt lat="31.358967" lon="-7.874587"><ele>865.0</ele></trkpt>
    <trkpt lat="31.359212" lon="-7.874387"><ele>864.2</ele></trkpt>
    <trkpt lat="31.359787" lon="-7.873277"><ele>864.8</ele></trkpt>
    <trkpt lat="31.359688" lon="-7.873150"><ele>866.2</ele></trkpt>
    <trkpt lat="31.359793" lon="-7.872919"><ele>868.8</ele></trkpt>
    <trkpt lat="31.360201" lon="-7.872377"><ele>870.0</ele></trkpt>
    <trkpt lat="31.360333" lon="-7.871978"><ele>868.5</ele></trkpt>
    <trkpt lat="31.360254" lon="-7.871538"><ele>869.0</ele></trkpt>
    <trkpt lat="31.360256" lon="-7.871383"><ele>869.5</ele></trkpt>
    <trkpt lat="31.360385" lon="-7.870820"><ele>873.0</ele></trkpt>
    <trkpt lat="31.360426" lon="-7.870763"><ele>874.0</ele></trkpt>
    <trkpt lat="31.361203" lon="-7.869967"><ele>891.2</ele></trkpt>
    <trkpt lat="31.361301" lon="-7.869855"><ele>892.0</ele></trkpt>
    <trkpt lat="31.361445" lon="-7.868652"><ele>893.5</ele></trkpt>
    <trkpt lat="31.361478" lon="-7.868452"><ele>893.0</ele></trkpt>
    <trkpt lat="31.361686" lon="-7.867953"><ele>891.2</ele></trkpt>
    <trkpt lat="31.362170" lon="-7.867136"><ele>885.2</ele></trkpt>
    <trkpt lat="31.362824" lon="-7.866384"><ele>879.8</ele></trkpt>
    <trkpt lat="31.364111" lon="-7.865377"><ele>875.0</ele></trkpt>
    <trkpt lat="31.365129" lon="-7.864881"><ele>865.5</ele></trkpt>
    <trkpt lat="31.365596" lon="-7.864391"><ele>861.0</ele></trkpt>
    <trkpt lat="31.366055" lon="-7.864065"><ele>860.0</ele></trkpt>
    <trkpt lat="31.367309" lon="-7.862355"><ele>862.8</ele></trkpt>
    <trkpt lat="31.367777" lon="-7.861897"><ele>862.8</ele></trkpt>
    <trkpt lat="31.368634" lon="-7.860991"><ele>857.0</ele></trkpt>
    <trkpt lat="31.369309" lon="-7.860798"><ele>852.5</ele></trkpt>
    <trkpt lat="31.370632" lon="-7.860787"><ele>849.5</ele></trkpt>
    <trkpt lat="31.372063" lon="-7.860325"><ele>842.2</ele></trkpt>
    <trkpt lat="31.373435" lon="-7.860340"><ele>835.8</ele></trkpt>
    <trkpt lat="31.373974" lon="-7.860256"><ele>833.5</ele></trkpt>
    <trkpt lat="31.374568" lon="-7.860358"><ele>831.2</ele></trkpt>
    <trkpt lat="31.376756" lon="-7.859627"><ele>826.5</ele></trkpt>
    <trkpt lat="31.378160" lon="-7.859614"><ele>821.8</ele></trkpt>
    <trkpt lat="31.378301" lon="-7.859564"><ele>821.5</ele></trkpt>
    <trkpt lat="31.379911" lon="-7.859130"><ele>814.0</ele></trkpt>
    <trkpt lat="31.380913" lon="-7.858644"><ele>807.8</ele></trkpt>
    <trkpt lat="31.381103" lon="-7.858579"><ele>807.8</ele></trkpt>
    <trkpt lat="31.381418" lon="-7.857813"><ele>805.8</ele></trkpt>
    <trkpt lat="31.381972" lon="-7.857146"><ele>805.2</ele></trkpt>
    <trkpt lat="31.383266" lon="-7.856440"><ele>805.2</ele></trkpt>
    <trkpt lat="31.383716" lon="-7.855985"><ele>805.2</ele></trkpt>
    <trkpt lat="31.383836" lon="-7.855435"><ele>802.2</ele></trkpt>
    <trkpt lat="31.383669" lon="-7.854848"><ele>799.5</ele></trkpt>
    <trkpt lat="31.382865" lon="-7.853785"><ele>798.2</ele></trkpt>
    <trkpt lat="31.381889" lon="-7.852560"><ele>798.2</ele></trkpt>
    <trkpt lat="31.380521" lon="-7.851027"><ele>807.0</ele></trkpt>
    <trkpt lat="31.378826" lon="-7.849983"><ele>815.0</ele></trkpt>
    <trkpt lat="31.378245" lon="-7.849149"><ele>817.2</ele></trkpt>
    <trkpt lat="31.377749" lon="-7.849788"><ele>818.5</ele></trkpt>
    <trkpt lat="31.376614" lon="-7.849911"><ele>823.2</ele></trkpt>
    <trkpt lat="31.375285" lon="-7.849642"><ele>828.8</ele></trkpt>
    <trkpt lat="31.374832" lon="-7.849224"><ele>829.8</ele></trkpt>
    <trkpt lat="31.374212" lon="-7.850483"><ele>832.0</ele></trkpt>
    <trkpt lat="31.373789" lon="-7.850378"><ele>832.0</ele></trkpt>
    <trkpt lat="31.372765" lon="-7.849081"><ele>837.2</ele></trkpt>
    <trkpt lat="31.372354" lon="-7.848201"><ele>839.0</ele></trkpt>
    <trkpt lat="31.371883" lon="-7.847991"><ele>840.2</ele></trkpt>
    <trkpt lat="31.371053" lon="-7.847185"><ele>842.8</ele></trkpt>
    <trkpt lat="31.370020" lon="-7.846793"><ele>843.2</ele></trkpt>
    <trkpt lat="31.369821" lon="-7.846586"><ele>843.5</ele></trkpt>
    <trkpt lat="31.369820" lon="-7.846014"><ele>845.2</ele></trkpt>
    <trkpt lat="31.368896" lon="-7.845461"><ele>846.2</ele></trkpt>
    <trkpt lat="31.368734" lon="-7.845294"><ele>847.0</ele></trkpt>
    <trkpt lat="31.367189" lon="-7.843766"><ele>853.8</ele></trkpt>
    <trkpt lat="31.366452" lon="-7.843407"><ele>856.2</ele></trkpt>
    <trkpt lat="31.366005" lon="-7.842874"><ele>859.0</ele></trkpt>
    <trkpt lat="31.363773" lon="-7.841670"><ele>867.8</ele></trkpt>
    <trkpt lat="31.362532" lon="-7.841336"><ele>874.8</ele></trkpt>
    <trkpt lat="31.362053" lon="-7.841164"><ele>875.5</ele></trkpt>
    <trkpt lat="31.360508" lon="-7.839961"><ele>880.8</ele></trkpt>
    <trkpt lat="31.358813" lon="-7.839059"><ele>887.5</ele></trkpt>
    <trkpt lat="31.358556" lon="-7.838923"><ele>888.0</ele></trkpt>
    <trkpt lat="31.358708" lon="-7.838036"><ele>888.0</ele></trkpt>
    <trkpt lat="31.358649" lon="-7.836945"><ele>886.0</ele></trkpt>
    <trkpt lat="31.358752" lon="-7.836084"><ele>880.2</ele></trkpt>
    <trkpt lat="31.358619" lon="-7.834564"><ele>879.0</ele></trkpt>
    <trkpt lat="31.358562" lon="-7.833509"><ele>880.8</ele></trkpt>
    <trkpt lat="31.358763" lon="-7.832088"><ele>882.0</ele></trkpt>
    <trkpt lat="31.358768" lon="-7.831106"><ele>884.0</ele></trkpt>
    <trkpt lat="31.359115" lon="-7.830029"><ele>886.8</ele></trkpt>
    <trkpt lat="31.359146" lon="-7.827299"><ele>893.8</ele></trkpt>
    <trkpt lat="31.359301" lon="-7.826128"><ele>894.8</ele></trkpt>
    <trkpt lat="31.359155" lon="-7.824292"><ele>896.5</ele></trkpt>
    <trkpt lat="31.359462" lon="-7.822404"><ele>900.2</ele></trkpt>
    <trkpt lat="31.359572" lon="-7.819676"><ele>902.8</ele></trkpt>
    <trkpt lat="31.359608" lon="-7.819225"><ele>902.8</ele></trkpt>
    <trkpt lat="31.360622" lon="-7.815148"><ele>901.2</ele></trkpt>
    <trkpt lat="31.360687" lon="-7.814521"><ele>899.5</ele></trkpt>
    <trkpt lat="31.360432" lon="-7.814014"><ele>899.5</ele></trkpt>
    <trkpt lat="31.360922" lon="-7.813615"><ele>900.0</ele></trkpt>
    <trkpt lat="31.361503" lon="-7.811546"><ele>899.5</ele></trkpt>
    <trkpt lat="31.362540" lon="-7.810117"><ele>897.5</ele></trkpt>
    <trkpt lat="31.362677" lon="-7.809762"><ele>896.2</ele></trkpt>
    <trkpt lat="31.362695" lon="-7.809240"><ele>895.5</ele></trkpt>
    <trkpt lat="31.363554" lon="-7.808152"><ele>893.2</ele></trkpt>
    <trkpt lat="31.363877" lon="-7.807076"><ele>892.8</ele></trkpt>
    <trkpt lat="31.364669" lon="-7.805329"><ele>892.5</ele></trkpt>
    <trkpt lat="31.364926" lon="-7.804909"><ele>892.5</ele></trkpt>
    <trkpt lat="31.366089" lon="-7.803405"><ele>894.8</ele></trkpt>
    <trkpt lat="31.366560" lon="-7.802432"><ele>896.2</ele></trkpt>
    <trkpt lat="31.367824" lon="-7.798685"><ele>900.2</ele></trkpt>
    <trkpt lat="31.367364" lon="-7.798317"><ele>902.5</ele></trkpt>
    <trkpt lat="31.367717" lon="-7.797005"><ele>903.8</ele></trkpt>
    <trkpt lat="31.367946" lon="-7.796357"><ele>899.5</ele></trkpt>
    <trkpt lat="31.368290" lon="-7.796317"><ele>897.2</ele></trkpt>
    <trkpt lat="31.368414" lon="-7.796105"><ele>894.0</ele></trkpt>
    <trkpt lat="31.368413" lon="-7.795865"><ele>892.0</ele></trkpt>
    <trkpt lat="31.368079" lon="-7.795175"><ele>887.2</ele></trkpt>
    <trkpt lat="31.368166" lon="-7.794897"><ele>884.5</ele></trkpt>
    <trkpt lat="31.369278" lon="-7.793869"><ele>875.2</ele></trkpt>
    <trkpt lat="31.370038" lon="-7.793453"><ele>871.2</ele></trkpt>
    <trkpt lat="31.370411" lon="-7.792771"><ele>869.0</ele></trkpt>
    <trkpt lat="31.370767" lon="-7.792175"><ele>868.8</ele></trkpt>
    <trkpt lat="31.372106" lon="-7.790533"><ele>865.0</ele></trkpt>
    <trkpt lat="31.372423" lon="-7.790645"><ele>863.8</ele></trkpt>
    <trkpt lat="31.373746" lon="-7.790544"><ele>858.8</ele></trkpt>
    <trkpt lat="31.374066" lon="-7.789840"><ele>859.2</ele></trkpt>
    <trkpt lat="31.375218" lon="-7.788417"><ele>859.0</ele></trkpt>
    <trkpt lat="31.375235" lon="-7.788195"><ele>858.0</ele></trkpt>
    <trkpt lat="31.374998" lon="-7.787776"><ele>858.0</ele></trkpt>
    <trkpt lat="31.373786" lon="-7.786820"><ele>857.8</ele></trkpt>
    <trkpt lat="31.373422" lon="-7.786270"><ele>857.5</ele></trkpt>
    <trkpt lat="31.373316" lon="-7.785384"><ele>854.5</ele></trkpt>
    <trkpt lat="31.373368" lon="-7.784518"><ele>854.5</ele></trkpt>
    <trkpt lat="31.374531" lon="-7.779688"><ele>850.2</ele></trkpt>
    <trkpt lat="31.374735" lon="-7.779058"><ele>850.2</ele></trkpt>
    <trkpt lat="31.375627" lon="-7.776368"><ele>852.5</ele></trkpt>
    <trkpt lat="31.375572" lon="-7.775379"><ele>861.5</ele></trkpt>
    <trkpt lat="31.377667" lon="-7.772998"><ele>872.8</ele></trkpt>
    <trkpt lat="31.376769" lon="-7.773782"><ele>874.2</ele></trkpt>
    <trkpt lat="31.376158" lon="-7.774163"><ele>874.2</ele></trkpt>
    <trkpt lat="31.373931" lon="-7.775658"><ele>883.0</ele></trkpt>
    <trkpt lat="31.373659" lon="-7.775347"><ele>890.8</ele></trkpt>
    <trkpt lat="31.373922" lon="-7.774801"><ele>899.5</ele></trkpt>
    <trkpt lat="31.373905" lon="-7.774747"><ele>900.8</ele></trkpt>
    <trkpt lat="31.373063" lon="-7.774804"><ele>901.2</ele></trkpt>
    <trkpt lat="31.372542" lon="-7.774662"><ele>901.2</ele></trkpt>
    <trkpt lat="31.372471" lon="-7.774534"><ele>902.8</ele></trkpt>
    <trkpt lat="31.372637" lon="-7.774376"><ele>906.2</ele></trkpt>
    <trkpt lat="31.373361" lon="-7.774410"><ele>909.2</ele></trkpt>
    <trkpt lat="31.374127" lon="-7.774198"><ele>913.0</ele></trkpt>
    <trkpt lat="31.375767" lon="-7.773075"><ele>917.5</ele></trkpt>
    <trkpt lat="31.377716" lon="-7.770924"><ele>935.5</ele></trkpt>
    <trkpt lat="31.378046" lon="-7.770370"><ele>937.8</ele></trkpt>
    <trkpt lat="31.378149" lon="-7.770149"><ele>939.2</ele></trkpt>
    <trkpt lat="31.378219" lon="-7.769734"><ele>939.8</ele></trkpt>
    <trkpt lat="31.378024" lon="-7.769321"><ele>942.0</ele></trkpt>
    <trkpt lat="31.376568" lon="-7.768372"><ele>946.0</ele></trkpt>
    <trkpt lat="31.376426" lon="-7.768343"><ele>946.5</ele></trkpt>
    <trkpt lat="31.375946" lon="-7.768355"><ele>955.2</ele></trkpt>
    <trkpt lat="31.374696" lon="-7.767885"><ele>972.5</ele></trkpt>
    <trkpt lat="31.374524" lon="-7.766511"><ele>969.5</ele></trkpt>
    <trkpt lat="31.373846" lon="-7.765782"><ele>971.5</ele></trkpt>
    <trkpt lat="31.373605" lon="-7.765734"><ele>972.2</ele></trkpt>
    <trkpt lat="31.373506" lon="-7.765744"><ele>973.2</ele></trkpt>
    <trkpt lat="31.372716" lon="-7.765968"><ele>975.8</ele></trkpt>
    <trkpt lat="31.372091" lon="-7.766588"><ele>982.2</ele></trkpt>
    <trkpt lat="31.371957" lon="-7.766627"><ele>982.2</ele></trkpt>
    <trkpt lat="31.370772" lon="-7.765972"><ele>979.5</ele></trkpt>
    <trkpt lat="31.370644" lon="-7.765851"><ele>978.0</ele></trkpt>
    <trkpt lat="31.370627" lon="-7.765584"><ele>976.8</ele></trkpt>
    <trkpt lat="31.370952" lon="-7.764670"><ele>976.8</ele></trkpt>
    <trkpt lat="31.373264" lon="-7.759849"><ele>997.0</ele></trkpt>
    <trkpt lat="31.377453" lon="-7.753209"><ele>1022.8</ele></trkpt>
    <trkpt lat="31.377534" lon="-7.753057"><ele>1024.0</ele></trkpt>
    <trkpt lat="31.378396" lon="-7.751316"><ele>1034.8</ele></trkpt>
    <trkpt lat="31.378895" lon="-7.749892"><ele>1041.5</ele></trkpt>
    <trkpt lat="31.379179" lon="-7.749690"><ele>1048.2</ele></trkpt>
    <trkpt lat="31.379602" lon="-7.750030"><ele>1048.8</ele></trkpt>
    <trkpt lat="31.379922" lon="-7.749971"><ele>1051.8</ele></trkpt>
    <trkpt lat="31.380228" lon="-7.749735"><ele>1053.8</ele></trkpt>
    <trkpt lat="31.380780" lon="-7.749139"><ele>1065.0</ele></trkpt>
    <trkpt lat="31.381114" lon="-7.748616"><ele>1065.8</ele></trkpt>
    <trkpt lat="31.381412" lon="-7.748007"><ele>1069.2</ele></trkpt>
    <trkpt lat="31.381829" lon="-7.747116"><ele>1077.0</ele></trkpt>
    <trkpt lat="31.382916" lon="-7.745400"><ele>1093.5</ele></trkpt>
    <trkpt lat="31.383083" lon="-7.745096"><ele>1096.8</ele></trkpt>
    <trkpt lat="31.383490" lon="-7.743873"><ele>1108.0</ele></trkpt>
    <trkpt lat="31.383555" lon="-7.743382"><ele>1112.5</ele></trkpt>
    <trkpt lat="31.383590" lon="-7.742786"><ele>1113.5</ele></trkpt>
    <trkpt lat="31.383974" lon="-7.741760"><ele>1114.2</ele></trkpt>
    <trkpt lat="31.384531" lon="-7.741272"><ele>1114.5</ele></trkpt>
    <trkpt lat="31.384746" lon="-7.740336"><ele>1116.0</ele></trkpt>
    <trkpt lat="31.385194" lon="-7.739491"><ele>1116.0</ele></trkpt>
    <trkpt lat="31.385776" lon="-7.739012"><ele>1116.5</ele></trkpt>
    <trkpt lat="31.385999" lon="-7.738972"><ele>1119.2</ele></trkpt>
    <trkpt lat="31.386079" lon="-7.738913"><ele>1119.2</ele></trkpt>
    <trkpt lat="31.386104" lon="-7.737969"><ele>1116.8</ele></trkpt>
    <trkpt lat="31.386733" lon="-7.736784"><ele>1116.8</ele></trkpt>
    <trkpt lat="31.387002" lon="-7.736533"><ele>1115.0</ele></trkpt>
    <trkpt lat="31.387028" lon="-7.736301"><ele>1115.0</ele></trkpt>
    <trkpt lat="31.387211" lon="-7.735776"><ele>1116.5</ele></trkpt>
    <trkpt lat="31.387490" lon="-7.735440"><ele>1120.2</ele></trkpt>
    <trkpt lat="31.387921" lon="-7.735257"><ele>1125.5</ele></trkpt>
    <trkpt lat="31.387959" lon="-7.735196"><ele>1125.5</ele></trkpt>
    <trkpt lat="31.387949" lon="-7.734835"><ele>1126.0</ele></trkpt>
    <trkpt lat="31.387806" lon="-7.734728"><ele>1126.0</ele></trkpt>
    <trkpt lat="31.386763" lon="-7.734895"><ele>1120.8</ele></trkpt>
    <trkpt lat="31.386626" lon="-7.734510"><ele>1122.2</ele></trkpt>
    <trkpt lat="31.386403" lon="-7.734282"><ele>1122.8</ele></trkpt>
    <trkpt lat="31.386337" lon="-7.733741"><ele>1124.2</ele></trkpt>
    <trkpt lat="31.386552" lon="-7.732269"><ele>1127.0</ele></trkpt>
    <trkpt lat="31.386397" lon="-7.731619"><ele>1126.0</ele></trkpt>
    <trkpt lat="31.386182" lon="-7.731303"><ele>1123.8</ele></trkpt>
    <trkpt lat="31.386168" lon="-7.730977"><ele>1122.8</ele></trkpt>
    <trkpt lat="31.386219" lon="-7.730730"><ele>1121.8</ele></trkpt>
    <trkpt lat="31.386732" lon="-7.729051"><ele>1108.5</ele></trkpt>
    <trkpt lat="31.387249" lon="-7.728002"><ele>1103.2</ele></trkpt>
    <trkpt lat="31.388672" lon="-7.725434"><ele>1098.0</ele></trkpt>
    <trkpt lat="31.388728" lon="-7.724166"><ele>1090.5</ele></trkpt>
    <trkpt lat="31.389268" lon="-7.722796"><ele>1084.2</ele></trkpt>
    <trkpt lat="31.389573" lon="-7.722348"><ele>1083.2</ele></trkpt>
    <trkpt lat="31.389875" lon="-7.722082"><ele>1083.2</ele></trkpt>
    <trkpt lat="31.390718" lon="-7.721248"><ele>1073.2</ele></trkpt>
    <trkpt lat="31.391661" lon="-7.719693"><ele>1056.0</ele></trkpt>
    <trkpt lat="31.392045" lon="-7.719270"><ele>1053.0</ele></trkpt>
    <trkpt lat="31.392545" lon="-7.718133"><ele>1045.8</ele></trkpt>
    <trkpt lat="31.393038" lon="-7.717755"><ele>1039.2</ele></trkpt>
    <trkpt lat="31.393151" lon="-7.717598"><ele>1037.5</ele></trkpt>
    <trkpt lat="31.393638" lon="-7.716968"><ele>1035.8</ele></trkpt>
    <trkpt lat="31.394451" lon="-7.716631"><ele>1031.2</ele></trkpt>
    <trkpt lat="31.394540" lon="-7.716072"><ele>1031.0</ele></trkpt>
    <trkpt lat="31.394745" lon="-7.715766"><ele>1030.5</ele></trkpt>
    <trkpt lat="31.396783" lon="-7.714366"><ele>1020.2</ele></trkpt>
    <trkpt lat="31.397528" lon="-7.714588"><ele>1020.2</ele></trkpt>
    <trkpt lat="31.397643" lon="-7.714574"><ele>1020.2</ele></trkpt>
    <trkpt lat="31.399228" lon="-7.714241"><ele>1014.2</ele></trkpt>
    <trkpt lat="31.399849" lon="-7.713602"><ele>1007.5</ele></trkpt>
    <trkpt lat="31.400559" lon="-7.713555"><ele>1004.0</ele></trkpt>
    <trkpt lat="31.400914" lon="-7.713265"><ele>1003.2</ele></trkpt>
    <trkpt lat="31.401554" lon="-7.713257"><ele>1003.2</ele></trkpt>
    <trkpt lat="31.401651" lon="-7.713208"><ele>1003.2</ele></trkpt>
    <trkpt lat="31.402788" lon="-7.712358"><ele>1013.2</ele></trkpt>
    <trkpt lat="31.403739" lon="-7.711944"><ele>1016.8</ele></trkpt>
    <trkpt lat="31.404731" lon="-7.710883"><ele>1021.2</ele></trkpt>
    <trkpt lat="31.405490" lon="-7.709053"><ele>1020.8</ele></trkpt>
    <trkpt lat="31.405653" lon="-7.708965"><ele>1019.0</ele></trkpt>
    <trkpt lat="31.406005" lon="-7.709192"><ele>1017.8</ele></trkpt>
    <trkpt lat="31.406122" lon="-7.709152"><ele>1017.8</ele></trkpt>
    <trkpt lat="31.406227" lon="-7.709037"><ele>1019.8</ele></trkpt>
    <trkpt lat="31.406480" lon="-7.707908"><ele>1027.8</ele></trkpt>
    <trkpt lat="31.406878" lon="-7.707165"><ele>1034.5</ele></trkpt>
    <trkpt lat="31.407124" lon="-7.707160"><ele>1038.8</ele></trkpt>
    <trkpt lat="31.407808" lon="-7.707484"><ele>1044.0</ele></trkpt>
    <trkpt lat="31.408707" lon="-7.707343"><ele>1049.5</ele></trkpt>
    <trkpt lat="31.409657" lon="-7.706634"><ele>1056.0</ele></trkpt>
    <trkpt lat="31.410679" lon="-7.705736"><ele>1057.2</ele></trkpt>
    <trkpt lat="31.410929" lon="-7.705348"><ele>1057.5</ele></trkpt>
    <trkpt lat="31.411112" lon="-7.704679"><ele>1057.5</ele></trkpt>
    <trkpt lat="31.411223" lon="-7.704004"><ele>1057.2</ele></trkpt>
    <trkpt lat="31.411194" lon="-7.703371"><ele>1055.2</ele></trkpt>
    <trkpt lat="31.411318" lon="-7.703020"><ele>1054.0</ele></trkpt>
    <trkpt lat="31.412300" lon="-7.701306"><ele>1044.8</ele></trkpt>
    <trkpt lat="31.413361" lon="-7.700657"><ele>1038.2</ele></trkpt>
    <trkpt lat="31.414433" lon="-7.698818"><ele>1027.2</ele></trkpt>
    <trkpt lat="31.415451" lon="-7.698379"><ele>1016.2</ele></trkpt>
    <trkpt lat="31.415840" lon="-7.698356"><ele>1014.0</ele></trkpt>
    <trkpt lat="31.415937" lon="-7.698362"><ele>1011.8</ele></trkpt>
    <trkpt lat="31.416744" lon="-7.698603"><ele>998.5</ele></trkpt>
    <trkpt lat="31.416308" lon="-7.697650"><ele>987.0</ele></trkpt>
    <trkpt lat="31.415232" lon="-7.696418"><ele>980.2</ele></trkpt>
    <trkpt lat="31.415165" lon="-7.696318"><ele>980.2</ele></trkpt>
    <trkpt lat="31.415182" lon="-7.695393"><ele>980.2</ele></trkpt>
    <trkpt lat="31.415463" lon="-7.694822"><ele>985.8</ele></trkpt>
    <trkpt lat="31.415508" lon="-7.694431"><ele>989.8</ele></trkpt>
    <trkpt lat="31.415978" lon="-7.694012"><ele>994.5</ele></trkpt>
    <trkpt lat="31.415952" lon="-7.693663"><ele>999.5</ele></trkpt>
    <trkpt lat="31.415590" lon="-7.693178"><ele>1006.0</ele></trkpt>
    <trkpt lat="31.416155" lon="-7.692709"><ele>1018.2</ele></trkpt>
    <trkpt lat="31.415811" lon="-7.692234"><ele>1023.0</ele></trkpt>
    <trkpt lat="31.415821" lon="-7.692125"><ele>1024.2</ele></trkpt>
    <trkpt lat="31.416044" lon="-7.691382"><ele>1034.8</ele></trkpt>
    <trkpt lat="31.416569" lon="-7.689924"><ele>1044.8</ele></trkpt>
    <trkpt lat="31.416760" lon="-7.689503"><ele>1044.8</ele></trkpt>
    <trkpt lat="31.417158" lon="-7.688877"><ele>1044.8</ele></trkpt>
    <trkpt lat="31.417554" lon="-7.688522"><ele>1044.8</ele></trkpt>
    <trkpt lat="31.415779" lon="-7.688430"><ele>1046.0</ele></trkpt>
    <trkpt lat="31.414653" lon="-7.688268"><ele>1052.0</ele></trkpt>
    <trkpt lat="31.413823" lon="-7.688505"><ele>1058.2</ele></trkpt>
    <trkpt lat="31.412441" lon="-7.688123"><ele>1069.0</ele></trkpt>
    <trkpt lat="31.410779" lon="-7.688824"><ele>1083.8</ele></trkpt>
    <trkpt lat="31.410116" lon="-7.688855"><ele>1090.8</ele></trkpt>
    <trkpt lat="31.409654" lon="-7.688736"><ele>1094.0</ele></trkpt>
    <trkpt lat="31.409584" lon="-7.688726"><ele>1094.2</ele></trkpt>
    <trkpt lat="31.409176" lon="-7.688840"><ele>1095.5</ele></trkpt>
    <trkpt lat="31.408995" lon="-7.688710"><ele>1094.0</ele></trkpt>
    <trkpt lat="31.408974" lon="-7.688230"><ele>1090.8</ele></trkpt>
    <trkpt lat="31.408283" lon="-7.688677"><ele>1085.5</ele></trkpt>
    <trkpt lat="31.407203" lon="-7.687935"><ele>1085.2</ele></trkpt>
    <trkpt lat="31.406088" lon="-7.687200"><ele>1095.0</ele></trkpt>
    <trkpt lat="31.404615" lon="-7.686841"><ele>1098.8</ele></trkpt>
    <trkpt lat="31.403628" lon="-7.686778"><ele>1107.0</ele></trkpt>
    <trkpt lat="31.403175" lon="-7.686418"><ele>1113.5</ele></trkpt>
    <trkpt lat="31.401984" lon="-7.685949"><ele>1129.8</ele></trkpt>
    <trkpt lat="31.401221" lon="-7.685379"><ele>1140.5</ele></trkpt>
    <trkpt lat="31.401115" lon="-7.685270"><ele>1142.0</ele></trkpt>
    <trkpt lat="31.400775" lon="-7.684786"><ele>1147.8</ele></trkpt>
    <trkpt lat="31.399994" lon="-7.683359"><ele>1165.8</ele></trkpt>
    <trkpt lat="31.399695" lon="-7.682893"><ele>1168.2</ele></trkpt>
    <trkpt lat="31.398685" lon="-7.681987"><ele>1182.2</ele></trkpt>
    <trkpt lat="31.397980" lon="-7.680972"><ele>1194.5</ele></trkpt>
    <trkpt lat="31.397765" lon="-7.680390"><ele>1199.0</ele></trkpt>
    <trkpt lat="31.397457" lon="-7.680168"><ele>1201.8</ele></trkpt>
    <trkpt lat="31.397211" lon="-7.679848"><ele>1202.5</ele></trkpt>
    <trkpt lat="31.396733" lon="-7.679858"><ele>1202.5</ele></trkpt>
    <trkpt lat="31.395532" lon="-7.679535"><ele>1204.5</ele></trkpt>
    <trkpt lat="31.394974" lon="-7.679121"><ele>1204.0</ele></trkpt>
    <trkpt lat="31.394451" lon="-7.679060"><ele>1201.8</ele></trkpt>
    <trkpt lat="31.393676" lon="-7.678542"><ele>1200.5</ele></trkpt>
    <trkpt lat="31.393281" lon="-7.678501"><ele>1201.2</ele></trkpt>
    <trkpt lat="31.393034" lon="-7.678546"><ele>1201.2</ele></trkpt>
    <trkpt lat="31.392824" lon="-7.678709"><ele>1201.2</ele></trkpt>
    <trkpt lat="31.391777" lon="-7.679457"><ele>1194.0</ele></trkpt>
    <trkpt lat="31.390933" lon="-7.679747"><ele>1188.8</ele></trkpt>
    <trkpt lat="31.390911" lon="-7.679736"><ele>1189.2</ele></trkpt>
    <trkpt lat="31.390464" lon="-7.679207"><ele>1195.5</ele></trkpt>
    <trkpt lat="31.389306" lon="-7.676958"><ele>1206.2</ele></trkpt>
    <trkpt lat="31.388747" lon="-7.676301"><ele>1208.2</ele></trkpt>
    <trkpt lat="31.388179" lon="-7.675224"><ele>1217.0</ele></trkpt>
    <trkpt lat="31.387960" lon="-7.675262"><ele>1217.5</ele></trkpt>
    <trkpt lat="31.386423" lon="-7.676296"><ele>1213.0</ele></trkpt>
    <trkpt lat="31.386123" lon="-7.676041"><ele>1213.0</ele></trkpt>
    <trkpt lat="31.385800" lon="-7.675603"><ele>1220.5</ele></trkpt>
    <trkpt lat="31.385774" lon="-7.675541"><ele>1221.2</ele></trkpt>
    <trkpt lat="31.385671" lon="-7.674918"><ele>1233.2</ele></trkpt>
    <trkpt lat="31.385472" lon="-7.674597"><ele>1235.0</ele></trkpt>
    <trkpt lat="31.385501" lon="-7.674404"><ele>1235.8</ele></trkpt>
    <trkpt lat="31.385175" lon="-7.673889"><ele>1232.5</ele></trkpt>
    <trkpt lat="31.384716" lon="-7.672700"><ele>1236.5</ele></trkpt>
    <trkpt lat="31.384455" lon="-7.672763"><ele>1234.2</ele></trkpt>
    <trkpt lat="31.384129" lon="-7.672613"><ele>1234.2</ele></trkpt>
    <trkpt lat="31.383859" lon="-7.672378"><ele>1234.2</ele></trkpt>
    <trkpt lat="31.383308" lon="-7.671732"><ele>1242.5</ele></trkpt>
    <trkpt lat="31.383101" lon="-7.671622"><ele>1243.0</ele></trkpt>
    <trkpt lat="31.382962" lon="-7.671537"><ele>1243.0</ele></trkpt>
    <trkpt lat="31.382577" lon="-7.671494"><ele>1240.0</ele></trkpt>
    <trkpt lat="31.382533" lon="-7.671765"><ele>1236.5</ele></trkpt>
    <trkpt lat="31.382213" lon="-7.671828"><ele>1236.5</ele></trkpt>
    <trkpt lat="31.381870" lon="-7.671546"><ele>1241.8</ele></trkpt>
    <trkpt lat="31.380896" lon="-7.671392"><ele>1246.2</ele></trkpt>
    <trkpt lat="31.380618" lon="-7.671165"><ele>1250.5</ele></trkpt>
    <trkpt lat="31.380564" lon="-7.671078"><ele>1251.8</ele></trkpt>
    <trkpt lat="31.380226" lon="-7.670448"><ele>1264.5</ele></trkpt>
    <trkpt lat="31.379574" lon="-7.669896"><ele>1270.8</ele></trkpt>
    <trkpt lat="31.379328" lon="-7.669519"><ele>1278.2</ele></trkpt>
    <trkpt lat="31.379035" lon="-7.669137"><ele>1281.8</ele></trkpt>
    <trkpt lat="31.378237" lon="-7.668929"><ele>1283.5</ele></trkpt>
    <trkpt lat="31.378167" lon="-7.668865"><ele>1283.8</ele></trkpt>
    <trkpt lat="31.378076" lon="-7.668633"><ele>1294.0</ele></trkpt>
    <trkpt lat="31.377994" lon="-7.668600"><ele>1294.0</ele></trkpt>
    <trkpt lat="31.377523" lon="-7.668917"><ele>1289.8</ele></trkpt>
    <trkpt lat="31.376724" lon="-7.668935"><ele>1291.2</ele></trkpt>
    <trkpt lat="31.376546" lon="-7.668995"><ele>1293.0</ele></trkpt>
    <trkpt lat="31.376116" lon="-7.668323"><ele>1305.8</ele></trkpt>
    <trkpt lat="31.375610" lon="-7.667817"><ele>1310.5</ele></trkpt>
    <trkpt lat="31.375350" lon="-7.666901"><ele>1317.5</ele></trkpt>
    <trkpt lat="31.375341" lon="-7.666812"><ele>1318.2</ele></trkpt>
    <trkpt lat="31.375440" lon="-7.666354"><ele>1329.8</ele></trkpt>
    <trkpt lat="31.375449" lon="-7.666270"><ele>1329.8</ele></trkpt>
    <trkpt lat="31.375298" lon="-7.665579"><ele>1329.8</ele></trkpt>
    <trkpt lat="31.375317" lon="-7.665453"><ele>1329.8</ele></trkpt>
    <trkpt lat="31.375373" lon="-7.665317"><ele>1332.8</ele></trkpt>
    <trkpt lat="31.375595" lon="-7.665114"><ele>1339.5</ele></trkpt>
    <trkpt lat="31.375427" lon="-7.664839"><ele>1345.2</ele></trkpt>
    <trkpt lat="31.375550" lon="-7.664465"><ele>1351.2</ele></trkpt>
    <trkpt lat="31.375409" lon="-7.663787"><ele>1351.5</ele></trkpt>
    <trkpt lat="31.375212" lon="-7.663414"><ele>1351.0</ele></trkpt>
    <trkpt lat="31.375289" lon="-7.662875"><ele>1351.8</ele></trkpt>
    <trkpt lat="31.375129" lon="-7.662002"><ele>1351.8</ele></trkpt>
    <trkpt lat="31.374891" lon="-7.661660"><ele>1344.0</ele></trkpt>
    <trkpt lat="31.374820" lon="-7.661552"><ele>1343.0</ele></trkpt>
    <trkpt lat="31.374857" lon="-7.661153"><ele>1341.2</ele></trkpt>
    <trkpt lat="31.374658" lon="-7.660672"><ele>1338.5</ele></trkpt>
    <trkpt lat="31.374626" lon="-7.660564"><ele>1338.5</ele></trkpt>
    <trkpt lat="31.374713" lon="-7.660298"><ele>1339.5</ele></trkpt>
    <trkpt lat="31.374370" lon="-7.659382"><ele>1337.0</ele></trkpt>
    <trkpt lat="31.374387" lon="-7.659010"><ele>1337.0</ele></trkpt>
    <trkpt lat="31.374571" lon="-7.658179"><ele>1342.5</ele></trkpt>
    <trkpt lat="31.374579" lon="-7.657213"><ele>1344.0</ele></trkpt>
    <trkpt lat="31.374795" lon="-7.656938"><ele>1345.8</ele></trkpt>
    <trkpt lat="31.374744" lon="-7.656667"><ele>1346.8</ele></trkpt>
    <trkpt lat="31.375173" lon="-7.656362"><ele>1351.5</ele></trkpt>
    <trkpt lat="31.375041" lon="-7.656175"><ele>1350.0</ele></trkpt>
    <trkpt lat="31.375089" lon="-7.655773"><ele>1350.0</ele></trkpt>
    <trkpt lat="31.375112" lon="-7.655736"><ele>1350.2</ele></trkpt>
    <trkpt lat="31.375500" lon="-7.655256"><ele>1356.0</ele></trkpt>
    <trkpt lat="31.375775" lon="-7.655130"><ele>1360.0</ele></trkpt>
    <trkpt lat="31.375832" lon="-7.655065"><ele>1360.0</ele></trkpt>
    <trkpt lat="31.375827" lon="-7.654882"><ele>1359.8</ele></trkpt>
    <trkpt lat="31.375553" lon="-7.654578"><ele>1356.2</ele></trkpt>
    <trkpt lat="31.375557" lon="-7.654308"><ele>1356.2</ele></trkpt>
    <trkpt lat="31.375586" lon="-7.654271"><ele>1356.5</ele></trkpt>
    <trkpt lat="31.376061" lon="-7.654137"><ele>1365.5</ele></trkpt>
    <trkpt lat="31.376196" lon="-7.654011"><ele>1369.8</ele></trkpt>
    <trkpt lat="31.376221" lon="-7.653937"><ele>1370.8</ele></trkpt>
    <trkpt lat="31.376157" lon="-7.653167"><ele>1371.8</ele></trkpt>
    <trkpt lat="31.376296" lon="-7.652786"><ele>1377.5</ele></trkpt>
    <trkpt lat="31.376342" lon="-7.652627"><ele>1378.0</ele></trkpt>
    <trkpt lat="31.376341" lon="-7.652085"><ele>1378.2</ele></trkpt>
    <trkpt lat="31.376789" lon="-7.650980"><ele>1383.0</ele></trkpt>
    <trkpt lat="31.376495" lon="-7.650260"><ele>1380.0</ele></trkpt>
    <trkpt lat="31.376651" lon="-7.649874"><ele>1380.2</ele></trkpt>
    <trkpt lat="31.376987" lon="-7.648827"><ele>1390.2</ele></trkpt>
    <trkpt lat="31.377269" lon="-7.648621"><ele>1394.2</ele></trkpt>
    <trkpt lat="31.377401" lon="-7.648489"><ele>1394.2</ele></trkpt>
    <trkpt lat="31.377053" lon="-7.648018"><ele>1391.8</ele></trkpt>
    <trkpt lat="31.376979" lon="-7.647830"><ele>1391.8</ele></trkpt>
    <trkpt lat="31.376924" lon="-7.647543"><ele>1392.5</ele></trkpt>
    <trkpt lat="31.376931" lon="-7.647138"><ele>1394.2</ele></trkpt>
    <trkpt lat="31.377088" lon="-7.647023"><ele>1396.5</ele></trkpt>
    <trkpt lat="31.377213" lon="-7.646466"><ele>1400.8</ele></trkpt>
    <trkpt lat="31.377014" lon="-7.645522"><ele>1404.8</ele></trkpt>
    <trkpt lat="31.377028" lon="-7.645481"><ele>1405.0</ele></trkpt>
    <trkpt lat="31.377307" lon="-7.644603"><ele>1413.2</ele></trkpt>
    <trkpt lat="31.377560" lon="-7.644271"><ele>1418.2</ele></trkpt>
    <trkpt lat="31.377631" lon="-7.643627"><ele>1421.5</ele></trkpt>
    <trkpt lat="31.377643" lon="-7.643360"><ele>1422.2</ele></trkpt>
    <trkpt lat="31.377484" lon="-7.642057"><ele>1427.2</ele></trkpt>
    <trkpt lat="31.377774" lon="-7.641408"><ele>1433.8</ele></trkpt>
    <trkpt lat="31.378219" lon="-7.639677"><ele>1440.2</ele></trkpt>
    <trkpt lat="31.378401" lon="-7.639570"><ele>1443.0</ele></trkpt>
    <trkpt lat="31.378456" lon="-7.639437"><ele>1443.5</ele></trkpt>
    <trkpt lat="31.378221" lon="-7.639268"><ele>1442.2</ele></trkpt>
    <trkpt lat="31.378145" lon="-7.639022"><ele>1442.8</ele></trkpt>
    <trkpt lat="31.377879" lon="-7.639051"><ele>1441.0</ele></trkpt>
    <trkpt lat="31.377887" lon="-7.639027"><ele>1441.0</ele></trkpt>
    <trkpt lat="31.378485" lon="-7.637806"><ele>1466.5</ele></trkpt>
    <trkpt lat="31.378570" lon="-7.637628"><ele>1469.2</ele></trkpt>
    <trkpt lat="31.379257" lon="-7.636851"><ele>1478.8</ele></trkpt>
    <trkpt lat="31.379294" lon="-7.635895"><ele>1491.0</ele></trkpt>
    <trkpt lat="31.379473" lon="-7.635548"><ele>1495.0</ele></trkpt>
    <trkpt lat="31.379451" lon="-7.635320"><ele>1497.2</ele></trkpt>
    <trkpt lat="31.379374" lon="-7.634891"><ele>1498.0</ele></trkpt>
    <trkpt lat="31.379705" lon="-7.634242"><ele>1499.8</ele></trkpt>
    <trkpt lat="31.380463" lon="-7.633295"><ele>1506.8</ele></trkpt>
    <trkpt lat="31.380911" lon="-7.630576"><ele>1507.2</ele></trkpt>
    <trkpt lat="31.380769" lon="-7.630123"><ele>1506.0</ele></trkpt>
    <trkpt lat="31.380831" lon="-7.629873"><ele>1505.8</ele></trkpt>
    <trkpt lat="31.380652" lon="-7.629715"><ele>1506.0</ele></trkpt>
    <trkpt lat="31.380590" lon="-7.629431"><ele>1506.8</ele></trkpt>
    <trkpt lat="31.380064" lon="-7.629388"><ele>1507.8</ele></trkpt>
    <trkpt lat="31.380011" lon="-7.629364"><ele>1508.0</ele></trkpt>
    <trkpt lat="31.379759" lon="-7.629155"><ele>1515.0</ele></trkpt>
    <trkpt lat="31.379716" lon="-7.629270"><ele>1516.0</ele></trkpt>
    <trkpt lat="31.379155" lon="-7.629259"><ele>1527.5</ele></trkpt>
    <trkpt lat="31.379120" lon="-7.628637"><ele>1534.2</ele></trkpt>
    <trkpt lat="31.379022" lon="-7.628565"><ele>1536.8</ele></trkpt>
    <trkpt lat="31.378829" lon="-7.628361"><ele>1542.2</ele></trkpt>
    <trkpt lat="31.378606" lon="-7.628450"><ele>1545.8</ele></trkpt>
    <trkpt lat="31.378481" lon="-7.628219"><ele>1550.8</ele></trkpt>
    <trkpt lat="31.378612" lon="-7.627704"><ele>1560.0</ele></trkpt>
    <trkpt lat="31.378550" lon="-7.627289"><ele>1571.8</ele></trkpt>
    <trkpt lat="31.377829" lon="-7.627245"><ele>1576.0</ele></trkpt>
    <trkpt lat="31.377579" lon="-7.626977"><ele>1579.8</ele></trkpt>
    <trkpt lat="31.377668" lon="-7.627006"><ele>1580.0</ele></trkpt>
    <trkpt lat="31.377641" lon="-7.626896"><ele>1582.2</ele></trkpt>
    <trkpt lat="31.377856" lon="-7.625797"><ele>1604.8</ele></trkpt>
    <trkpt lat="31.377918" lon="-7.625555"><ele>1607.5</ele></trkpt>
    <trkpt lat="31.378271" lon="-7.625078"><ele>1620.0</ele></trkpt>
    <trkpt lat="31.378710" lon="-7.623855"><ele>1637.0</ele></trkpt>
    <trkpt lat="31.378726" lon="-7.623431"><ele>1641.5</ele></trkpt>
    <trkpt lat="31.378724" lon="-7.623380"><ele>1641.5</ele></trkpt>
    <trkpt lat="31.379230" lon="-7.622524"><ele>1637.2</ele></trkpt>
    <trkpt lat="31.379306" lon="-7.622031"><ele>1635.8</ele></trkpt>
    <trkpt lat="31.379411" lon="-7.621406"><ele>1635.8</ele></trkpt>
    <trkpt lat="31.379123" lon="-7.620767"><ele>1640.8</ele></trkpt>
    <trkpt lat="31.379221" lon="-7.620716"><ele>1640.8</ele></trkpt>
    <trkpt lat="31.379569" lon="-7.620614"><ele>1632.5</ele></trkpt>
    <trkpt lat="31.380329" lon="-7.619536"><ele>1632.0</ele></trkpt>
    <trkpt lat="31.380524" lon="-7.618418"><ele>1630.0</ele></trkpt>
    <trkpt lat="31.380760" lon="-7.618123"><ele>1628.8</ele></trkpt>
    <trkpt lat="31.380716" lon="-7.617514"><ele>1628.8</ele></trkpt>
    <trkpt lat="31.381062" lon="-7.616841"><ele>1626.0</ele></trkpt>
    <trkpt lat="31.381154" lon="-7.616760"><ele>1627.0</ele></trkpt>
    <trkpt lat="31.380934" lon="-7.616548"><ele>1630.8</ele></trkpt>
    <trkpt lat="31.381360" lon="-7.616237"><ele>1629.0</ele></trkpt>
    <trkpt lat="31.381390" lon="-7.616076"><ele>1629.0</ele></trkpt>
    <trkpt lat="31.381433" lon="-7.615564"><ele>1636.5</ele></trkpt>
    <trkpt lat="31.381367" lon="-7.615304"><ele>1641.5</ele></trkpt>
    <trkpt lat="31.381330" lon="-7.615183"><ele>1641.5</ele></trkpt>
    <trkpt lat="31.382470" lon="-7.614837"><ele>1640.0</ele></trkpt>
    <trkpt lat="31.382619" lon="-7.614376"><ele>1640.0</ele></trkpt>
    <trkpt lat="31.382496" lon="-7.613955"><ele>1644.5</ele></trkpt>
    <trkpt lat="31.382212" lon="-7.613901"><ele>1648.5</ele></trkpt>
    <trkpt lat="31.382019" lon="-7.613745"><ele>1648.8</ele></trkpt>
    <trkpt lat="31.382253" lon="-7.613560"><ele>1646.8</ele></trkpt>
    <trkpt lat="31.382452" lon="-7.613077"><ele>1644.5</ele></trkpt>
    <trkpt lat="31.382393" lon="-7.612616"><ele>1643.0</ele></trkpt>
    <trkpt lat="31.382576" lon="-7.612270"><ele>1644.5</ele></trkpt>
    <trkpt lat="31.382537" lon="-7.611762"><ele>1643.8</ele></trkpt>
    <trkpt lat="31.382924" lon="-7.611255"><ele>1644.0</ele></trkpt>
    <trkpt lat="31.382924" lon="-7.610174"><ele>1654.0</ele></trkpt>
    <trkpt lat="31.383219" lon="-7.609773"><ele>1657.2</ele></trkpt>
    <trkpt lat="31.383054" lon="-7.608925"><ele>1666.2</ele></trkpt>
    <trkpt lat="31.383244" lon="-7.608700"><ele>1668.8</ele></trkpt>
    <trkpt lat="31.383325" lon="-7.608336"><ele>1670.0</ele></trkpt>
    <trkpt lat="31.383176" lon="-7.607693"><ele>1679.0</ele></trkpt>
    <trkpt lat="31.383100" lon="-7.607461"><ele>1679.0</ele></trkpt>
    <trkpt lat="31.383450" lon="-7.607150"><ele>1683.2</ele></trkpt>
    <trkpt lat="31.383506" lon="-7.606708"><ele>1683.8</ele></trkpt>
    <trkpt lat="31.383473" lon="-7.606198"><ele>1690.8</ele></trkpt>
    <trkpt lat="31.383199" lon="-7.605531"><ele>1704.2</ele></trkpt>
    <trkpt lat="31.383110" lon="-7.605314"><ele>1707.5</ele></trkpt>
    <trkpt lat="31.383128" lon="-7.605000"><ele>1708.2</ele></trkpt>
    <trkpt lat="31.382800" lon="-7.604509"><ele>1725.8</ele></trkpt>
    <trkpt lat="31.382789" lon="-7.604360"><ele>1728.0</ele></trkpt>
    <trkpt lat="31.382988" lon="-7.603666"><ele>1731.0</ele></trkpt>
    <trkpt lat="31.383249" lon="-7.603436"><ele>1735.0</ele></trkpt>
    <trkpt lat="31.383320" lon="-7.603031"><ele>1736.8</ele></trkpt>
    <trkpt lat="31.383435" lon="-7.602318"><ele>1749.8</ele></trkpt>
    <trkpt lat="31.383663" lon="-7.601592"><ele>1758.0</ele></trkpt>
    <trkpt lat="31.383839" lon="-7.600798"><ele>1767.2</ele></trkpt>
    <trkpt lat="31.383788" lon="-7.600678"><ele>1769.5</ele></trkpt>
    <trkpt lat="31.383730" lon="-7.600456"><ele>1770.5</ele></trkpt>
    <trkpt lat="31.383241" lon="-7.599924"><ele>1770.5</ele></trkpt>
    <trkpt lat="31.383598" lon="-7.599056"><ele>1766.2</ele></trkpt>
    <trkpt lat="31.383493" lon="-7.598485"><ele>1754.0</ele></trkpt>
    <trkpt lat="31.383357" lon="-7.598329"><ele>1747.5</ele></trkpt>
    <trkpt lat="31.383033" lon="-7.598376"><ele>1741.8</ele></trkpt>
    <trkpt lat="31.382748" lon="-7.598680"><ele>1741.5</ele></trkpt>
    <trkpt lat="31.382461" lon="-7.599379"><ele>1741.5</ele></trkpt>
    <trkpt lat="31.382205" lon="-7.599304"><ele>1741.5</ele></trkpt>
    <trkpt lat="31.381902" lon="-7.599591"><ele>1740.2</ele></trkpt>
    <trkpt lat="31.381795" lon="-7.599557"><ele>1740.2</ele></trkpt>
    <trkpt lat="31.380574" lon="-7.599184"><ele>1725.2</ele></trkpt>
    <trkpt lat="31.379184" lon="-7.599339"><ele>1725.2</ele></trkpt>
    <trkpt lat="31.378953" lon="-7.599149"><ele>1726.2</ele></trkpt>
    <trkpt lat="31.378433" lon="-7.598754"><ele>1730.5</ele></trkpt>
    <trkpt lat="31.376920" lon="-7.598714"><ele>1745.5</ele></trkpt>
    <trkpt lat="31.376732" lon="-7.598698"><ele>1746.2</ele></trkpt>
    <trkpt lat="31.376134" lon="-7.597888"><ele>1747.2</ele></trkpt>
    <trkpt lat="31.375517" lon="-7.597719"><ele>1747.2</ele></trkpt>
    <trkpt lat="31.375571" lon="-7.597397"><ele>1744.8</ele></trkpt>
    <trkpt lat="31.375736" lon="-7.597330"><ele>1743.8</ele></trkpt>
    <trkpt lat="31.376087" lon="-7.597275"><ele>1741.0</ele></trkpt>
    <trkpt lat="31.376700" lon="-7.596488"><ele>1733.5</ele></trkpt>
    <trkpt lat="31.377236" lon="-7.595152"><ele>1725.8</ele></trkpt>
    <trkpt lat="31.377668" lon="-7.594420"><ele>1721.8</ele></trkpt>
    <trkpt lat="31.379347" lon="-7.592741"><ele>1708.8</ele></trkpt>
    <trkpt lat="31.379414" lon="-7.592660"><ele>1707.5</ele></trkpt>
    <trkpt lat="31.379413" lon="-7.592221"><ele>1704.8</ele></trkpt>
    <trkpt lat="31.379633" lon="-7.591974"><ele>1699.2</ele></trkpt>
    <trkpt lat="31.379457" lon="-7.590984"><ele>1693.0</ele></trkpt>
    <trkpt lat="31.379629" lon="-7.591013"><ele>1691.2</ele></trkpt>
    <trkpt lat="31.380068" lon="-7.591494"><ele>1689.2</ele></trkpt>
    <trkpt lat="31.380146" lon="-7.591472"><ele>1688.2</ele></trkpt>
    <trkpt lat="31.380541" lon="-7.591127"><ele>1682.8</ele></trkpt>
    <trkpt lat="31.381581" lon="-7.588770"><ele>1663.2</ele></trkpt>
    <trkpt lat="31.381706" lon="-7.587409"><ele>1660.5</ele></trkpt>
    <trkpt lat="31.382506" lon="-7.586202"><ele>1657.0</ele></trkpt>
    <trkpt lat="31.382732" lon="-7.585751"><ele>1652.5</ele></trkpt>
    <trkpt lat="31.382999" lon="-7.584548"><ele>1645.8</ele></trkpt>
    <trkpt lat="31.383048" lon="-7.584320"><ele>1644.0</ele></trkpt>
    <trkpt lat="31.383405" lon="-7.583911"><ele>1642.0</ele></trkpt>
    <trkpt lat="31.383940" lon="-7.584094"><ele>1641.2</ele></trkpt>
    <trkpt lat="31.384040" lon="-7.584006"><ele>1641.2</ele></trkpt>
    <trkpt lat="31.384033" lon="-7.583701"><ele>1640.0</ele></trkpt>
    <trkpt lat="31.384284" lon="-7.583080"><ele>1639.0</ele></trkpt>
    <trkpt lat="31.384227" lon="-7.581148"><ele>1632.0</ele></trkpt>
    <trkpt lat="31.384674" lon="-7.580117"><ele>1628.2</ele></trkpt>
    <trkpt lat="31.385085" lon="-7.579644"><ele>1626.0</ele></trkpt>
    <trkpt lat="31.385548" lon="-7.579571"><ele>1625.0</ele></trkpt>
    <trkpt lat="31.385835" lon="-7.578095"><ele>1623.5</ele></trkpt>
    <trkpt lat="31.385809" lon="-7.577926"><ele>1623.5</ele></trkpt>
    <trkpt lat="31.385744" lon="-7.577401"><ele>1619.0</ele></trkpt>
    <trkpt lat="31.385599" lon="-7.577183"><ele>1616.0</ele></trkpt>
    <trkpt lat="31.386194" lon="-7.575881"><ele>1608.8</ele></trkpt>
    <trkpt lat="31.386335" lon="-7.575679"><ele>1607.2</ele></trkpt>
    <trkpt lat="31.386514" lon="-7.575486"><ele>1606.5</ele></trkpt>
    <trkpt lat="31.386345" lon="-7.576598"><ele>1605.5</ele></trkpt>
    <trkpt lat="31.386775" lon="-7.576780"><ele>1603.5</ele></trkpt>
    <trkpt lat="31.387476" lon="-7.576084"><ele>1586.2</ele></trkpt>
    <trkpt lat="31.387722" lon="-7.575914"><ele>1584.0</ele></trkpt>
    <trkpt lat="31.388068" lon="-7.575736"><ele>1582.8</ele></trkpt>
    <trkpt lat="31.388342" lon="-7.575100"><ele>1576.5</ele></trkpt>
    <trkpt lat="31.389329" lon="-7.574160"><ele>1577.5</ele></trkpt>
    <trkpt lat="31.389978" lon="-7.572980"><ele>1575.8</ele></trkpt>
    <trkpt lat="31.390842" lon="-7.572559"><ele>1581.2</ele></trkpt>
    <trkpt lat="31.391138" lon="-7.572074"><ele>1582.0</ele></trkpt>
    <trkpt lat="31.391424" lon="-7.571649"><ele>1580.2</ele></trkpt>
    <trkpt lat="31.391556" lon="-7.571376"><ele>1579.8</ele></trkpt>
    <trkpt lat="31.391747" lon="-7.570823"><ele>1570.8</ele></trkpt>
    <trkpt lat="31.391832" lon="-7.570684"><ele>1570.0</ele></trkpt>
    <trkpt lat="31.392688" lon="-7.570004"><ele>1569.5</ele></trkpt>
    <trkpt lat="31.392736" lon="-7.569897"><ele>1569.5</ele></trkpt>
    <trkpt lat="31.393087" lon="-7.568847"><ele>1551.0</ele></trkpt>
    <trkpt lat="31.393665" lon="-7.567543"><ele>1548.8</ele></trkpt>
    <trkpt lat="31.393899" lon="-7.566529"><ele>1548.5</ele></trkpt>
    <trkpt lat="31.394082" lon="-7.565727"><ele>1538.2</ele></trkpt>
    <trkpt lat="31.394161" lon="-7.565472"><ele>1538.2</ele></trkpt>
    <trkpt lat="31.394598" lon="-7.564975"><ele>1538.8</ele></trkpt>
    <trkpt lat="31.394723" lon="-7.564658"><ele>1538.8</ele></trkpt>
    <trkpt lat="31.394806" lon="-7.564275"><ele>1528.2</ele></trkpt>
    <trkpt lat="31.394832" lon="-7.564206"><ele>1528.0</ele></trkpt>
    <trkpt lat="31.395160" lon="-7.563681"><ele>1525.2</ele></trkpt>
    <trkpt lat="31.395329" lon="-7.563251"><ele>1515.5</ele></trkpt>
    <trkpt lat="31.396425" lon="-7.562256"><ele>1509.8</ele></trkpt>
    <trkpt lat="31.396620" lon="-7.561621"><ele>1501.5</ele></trkpt>
    <trkpt lat="31.396949" lon="-7.561179"><ele>1498.2</ele></trkpt>
    <trkpt lat="31.396999" lon="-7.560459"><ele>1488.0</ele></trkpt>
    <trkpt lat="31.397163" lon="-7.559907"><ele>1482.8</ele></trkpt>
    <trkpt lat="31.397705" lon="-7.558768"><ele>1468.8</ele></trkpt>
    <trkpt lat="31.397741" lon="-7.558670"><ele>1467.2</ele></trkpt>
    <trkpt lat="31.397807" lon="-7.558092"><ele>1460.2</ele></trkpt>
    <trkpt lat="31.398141" lon="-7.556813"><ele>1454.2</ele></trkpt>
    <trkpt lat="31.397903" lon="-7.555564"><ele>1443.0</ele></trkpt>
    <trkpt lat="31.397818" lon="-7.554273"><ele>1434.0</ele></trkpt>
    <trkpt lat="31.397828" lon="-7.554025"><ele>1434.0</ele></trkpt>
    <trkpt lat="31.398549" lon="-7.553503"><ele>1434.8</ele></trkpt>
    <trkpt lat="31.399103" lon="-7.553003"><ele>1429.8</ele></trkpt>
    <trkpt lat="31.399504" lon="-7.552321"><ele>1425.0</ele></trkpt>
    <trkpt lat="31.399580" lon="-7.552216"><ele>1423.2</ele></trkpt>
    <trkpt lat="31.400239" lon="-7.551564"><ele>1403.2</ele></trkpt>
    <trkpt lat="31.400347" lon="-7.551396"><ele>1403.0</ele></trkpt>
    <trkpt lat="31.400455" lon="-7.550587"><ele>1402.0</ele></trkpt>
    <trkpt lat="31.400504" lon="-7.550483"><ele>1402.0</ele></trkpt>
    <trkpt lat="31.400709" lon="-7.550219"><ele>1393.8</ele></trkpt>
    <trkpt lat="31.400848" lon="-7.549783"><ele>1388.5</ele></trkpt>
    <trkpt lat="31.400827" lon="-7.548926"><ele>1389.0</ele></trkpt>
    <trkpt lat="31.401105" lon="-7.548950"><ele>1378.2</ele></trkpt>
    <trkpt lat="31.401471" lon="-7.549674"><ele>1366.0</ele></trkpt>
    <trkpt lat="31.401346" lon="-7.551074"><ele>1364.5</ele></trkpt>
    <trkpt lat="31.401441" lon="-7.551188"><ele>1362.2</ele></trkpt>
    <trkpt lat="31.402033" lon="-7.551462"><ele>1345.8</ele></trkpt>
    <trkpt lat="31.402099" lon="-7.551554"><ele>1344.0</ele></trkpt>
    <trkpt lat="31.402120" lon="-7.551648"><ele>1344.0</ele></trkpt>
    <trkpt lat="31.402019" lon="-7.552046"><ele>1344.0</ele></trkpt>
    <trkpt lat="31.401626" lon="-7.552691"><ele>1344.2</ele></trkpt>
    <trkpt lat="31.401548" lon="-7.553550"><ele>1341.0</ele></trkpt>
    <trkpt lat="31.401744" lon="-7.554252"><ele>1338.5</ele></trkpt>
    <trkpt lat="31.401540" lon="-7.554849"><ele>1341.5</ele></trkpt>
    <trkpt lat="31.401586" lon="-7.555034"><ele>1341.5</ele></trkpt>
    <trkpt lat="31.401911" lon="-7.556129"><ele>1330.2</ele></trkpt>
    <trkpt lat="31.401906" lon="-7.556286"><ele>1330.2</ele></trkpt>
    <trkpt lat="31.401070" lon="-7.557643"><ele>1336.8</ele></trkpt>
    <trkpt lat="31.401079" lon="-7.557684"><ele>1336.8</ele></trkpt>
    <trkpt lat="31.401190" lon="-7.557723"><ele>1333.0</ele></trkpt>
    <trkpt lat="31.401572" lon="-7.557442"><ele>1324.2</ele></trkpt>
    <trkpt lat="31.401392" lon="-7.558024"><ele>1321.5</ele></trkpt>
    <trkpt lat="31.401417" lon="-7.558082"><ele>1320.8</ele></trkpt>
    <trkpt lat="31.401512" lon="-7.558103"><ele>1316.8</ele></trkpt>
    <trkpt lat="31.401678" lon="-7.557974"><ele>1312.5</ele></trkpt>
    <trkpt lat="31.401991" lon="-7.557523"><ele>1303.5</ele></trkpt>
    <trkpt lat="31.402038" lon="-7.557440"><ele>1303.5</ele></trkpt>
    <trkpt lat="31.402094" lon="-7.556929"><ele>1305.5</ele></trkpt>
    <trkpt lat="31.402144" lon="-7.556859"><ele>1305.5</ele></trkpt>
    <trkpt lat="31.402598" lon="-7.556424"><ele>1292.0</ele></trkpt>
    <trkpt lat="31.402757" lon="-7.556242"><ele>1288.8</ele></trkpt>
    <trkpt lat="31.402915" lon="-7.555690"><ele>1285.5</ele></trkpt>
    <trkpt lat="31.403024" lon="-7.555582"><ele>1284.2</ele></trkpt>
    <trkpt lat="31.403808" lon="-7.554717"><ele>1261.0</ele></trkpt>
    <trkpt lat="31.404282" lon="-7.553343"><ele>1255.2</ele></trkpt>
    <trkpt lat="31.404410" lon="-7.553377"><ele>1248.8</ele></trkpt>
    <trkpt lat="31.404341" lon="-7.554197"><ele>1245.2</ele></trkpt>
    <trkpt lat="31.404512" lon="-7.554308"><ele>1239.5</ele></trkpt>
    <trkpt lat="31.404635" lon="-7.553565"><ele>1237.5</ele></trkpt>
    <trkpt lat="31.405099" lon="-7.553147"><ele>1221.0</ele></trkpt>
    <trkpt lat="31.405211" lon="-7.553004"><ele>1221.0</ele></trkpt>
    <trkpt lat="31.405166" lon="-7.552256"><ele>1222.8</ele></trkpt>
    <trkpt lat="31.405217" lon="-7.552170"><ele>1222.8</ele></trkpt>
    <trkpt lat="31.406473" lon="-7.550544"><ele>1213.8</ele></trkpt>
    <trkpt lat="31.406760" lon="-7.549467"><ele>1207.2</ele></trkpt>
    <trkpt lat="31.407398" lon="-7.547345"><ele>1204.8</ele></trkpt>
    <trkpt lat="31.409058" lon="-7.545676"><ele>1202.8</ele></trkpt>
    <trkpt lat="31.409612" lon="-7.544998"><ele>1195.5</ele></trkpt>
    <trkpt lat="31.409746" lon="-7.544595"><ele>1188.2</ele></trkpt>
    <trkpt lat="31.409892" lon="-7.544383"><ele>1186.0</ele></trkpt>
    <trkpt lat="31.410334" lon="-7.544058"><ele>1183.8</ele></trkpt>
    <trkpt lat="31.410971" lon="-7.543243"><ele>1175.0</ele></trkpt>
    <trkpt lat="31.411297" lon="-7.542592"><ele>1166.0</ele></trkpt>
    <trkpt lat="31.411306" lon="-7.541948"><ele>1153.8</ele></trkpt>
    <trkpt lat="31.411341" lon="-7.541862"><ele>1153.5</ele></trkpt>
    <trkpt lat="31.411938" lon="-7.541307"><ele>1150.0</ele></trkpt>
    <trkpt lat="31.412034" lon="-7.541135"><ele>1148.8</ele></trkpt>
    <trkpt lat="31.412007" lon="-7.540768"><ele>1144.5</ele></trkpt>
    <trkpt lat="31.412021" lon="-7.540674"><ele>1144.5</ele></trkpt>
    <trkpt lat="31.412340" lon="-7.540091"><ele>1144.2</ele></trkpt>
    <trkpt lat="31.412703" lon="-7.539689"><ele>1144.8</ele></trkpt>
    <trkpt lat="31.413390" lon="-7.539453"><ele>1145.0</ele></trkpt>
    <trkpt lat="31.413271" lon="-7.538785"><ele>1143.8</ele></trkpt>
    <trkpt lat="31.413057" lon="-7.537981"><ele>1140.0</ele></trkpt>
    <trkpt lat="31.413112" lon="-7.536305"><ele>1128.5</ele></trkpt>
    <trkpt lat="31.413595" lon="-7.536246"><ele>1123.0</ele></trkpt>
    <trkpt lat="31.413733" lon="-7.535881"><ele>1121.5</ele></trkpt>
    <trkpt lat="31.414305" lon="-7.535213"><ele>1119.2</ele></trkpt>
    <trkpt lat="31.414392" lon="-7.534564"><ele>1112.0</ele></trkpt>
    <trkpt lat="31.414447" lon="-7.534052"><ele>1111.8</ele></trkpt>
    <trkpt lat="31.414693" lon="-7.533665"><ele>1108.8</ele></trkpt>
    <trkpt lat="31.414628" lon="-7.533097"><ele>1109.0</ele></trkpt>
    <trkpt lat="31.414726" lon="-7.532786"><ele>1109.0</ele></trkpt>
    <trkpt lat="31.414841" lon="-7.532568"><ele>1109.0</ele></trkpt>
    <trkpt lat="31.415409" lon="-7.532291"><ele>1110.5</ele></trkpt>
    <trkpt lat="31.415676" lon="-7.532005"><ele>1110.5</ele></trkpt>
    <trkpt lat="31.415855" lon="-7.531557"><ele>1110.5</ele></trkpt>
    <trkpt lat="31.416198" lon="-7.530664"><ele>1105.0</ele></trkpt>
    <trkpt lat="31.416254" lon="-7.530154"><ele>1096.2</ele></trkpt>
    <trkpt lat="31.416576" lon="-7.529572"><ele>1091.5</ele></trkpt>
    <trkpt lat="31.416842" lon="-7.529301"><ele>1086.8</ele></trkpt>
    <trkpt lat="31.417570" lon="-7.528976"><ele>1085.0</ele></trkpt>
    <trkpt lat="31.418177" lon="-7.528584"><ele>1076.2</ele></trkpt>
    <trkpt lat="31.418605" lon="-7.528241"><ele>1072.8</ele></trkpt>
    <trkpt lat="31.419007" lon="-7.527856"><ele>1070.8</ele></trkpt>
    <trkpt lat="31.419445" lon="-7.527758"><ele>1070.2</ele></trkpt>
    <trkpt lat="31.419774" lon="-7.526833"><ele>1062.8</ele></trkpt>
    <trkpt lat="31.420224" lon="-7.526284"><ele>1059.8</ele></trkpt>
    <trkpt lat="31.420639" lon="-7.526071"><ele>1058.2</ele></trkpt>
    <trkpt lat="31.420657" lon="-7.525734"><ele>1057.5</ele></trkpt>
    <trkpt lat="31.420629" lon="-7.525633"><ele>1057.5</ele></trkpt>
    <trkpt lat="31.419627" lon="-7.525887"><ele>1057.5</ele></trkpt>
    <trkpt lat="31.419448" lon="-7.525962"><ele>1058.0</ele></trkpt>
    <trkpt lat="31.418608" lon="-7.525924"><ele>1062.8</ele></trkpt>
    <trkpt lat="31.418057" lon="-7.526056"><ele>1067.5</ele></trkpt>
    <trkpt lat="31.417867" lon="-7.526029"><ele>1068.8</ele></trkpt>
    <trkpt lat="31.417336" lon="-7.525895"><ele>1070.8</ele></trkpt>
    <trkpt lat="31.416484" lon="-7.525957"><ele>1071.8</ele></trkpt>
    <trkpt lat="31.416002" lon="-7.526227"><ele>1075.0</ele></trkpt>
    <trkpt lat="31.415481" lon="-7.526327"><ele>1076.5</ele></trkpt>
    <trkpt lat="31.414822" lon="-7.526271"><ele>1076.8</ele></trkpt>
    <trkpt lat="31.414073" lon="-7.525972"><ele>1078.5</ele></trkpt>
    <trkpt lat="31.413876" lon="-7.525966"><ele>1081.2</ele></trkpt>
    <trkpt lat="31.413595" lon="-7.526146"><ele>1087.5</ele></trkpt>
    <trkpt lat="31.413626" lon="-7.526470"><ele>1090.8</ele></trkpt>
    <trkpt lat="31.413289" lon="-7.527090"><ele>1103.2</ele></trkpt>
    <trkpt lat="31.413090" lon="-7.527180"><ele>1108.2</ele></trkpt>
    <trkpt lat="31.412954" lon="-7.527189"><ele>1109.5</ele></trkpt>
    <trkpt lat="31.412726" lon="-7.526722"><ele>1111.5</ele></trkpt>
    <trkpt lat="31.411533" lon="-7.525253"><ele>1116.8</ele></trkpt>
    <trkpt lat="31.410728" lon="-7.523762"><ele>1117.8</ele></trkpt>
    <trkpt lat="31.410647" lon="-7.523796"><ele>1118.0</ele></trkpt>
    <trkpt lat="31.410334" lon="-7.524068"><ele>1124.2</ele></trkpt>
    <trkpt lat="31.410390" lon="-7.524315"><ele>1126.5</ele></trkpt>
    <trkpt lat="31.410101" lon="-7.524617"><ele>1131.8</ele></trkpt>
    <trkpt lat="31.409868" lon="-7.524788"><ele>1134.8</ele></trkpt>
    <trkpt lat="31.409385" lon="-7.525030"><ele>1140.0</ele></trkpt>
    <trkpt lat="31.407664" lon="-7.524518"><ele>1160.0</ele></trkpt>
    <trkpt lat="31.407885" lon="-7.524814"><ele>1164.5</ele></trkpt>
    <trkpt lat="31.408158" lon="-7.525290"><ele>1168.2</ele></trkpt>
    <trkpt lat="31.408353" lon="-7.525863"><ele>1174.0</ele></trkpt>
    <trkpt lat="31.408483" lon="-7.526921"><ele>1189.2</ele></trkpt>
    <trkpt lat="31.408511" lon="-7.527330"><ele>1195.2</ele></trkpt>
    <trkpt lat="31.408241" lon="-7.527283"><ele>1200.5</ele></trkpt>
    <trkpt lat="31.407712" lon="-7.527295"><ele>1208.8</ele></trkpt>
    <trkpt lat="31.406787" lon="-7.527426"><ele>1218.8</ele></trkpt>
    <trkpt lat="31.405802" lon="-7.527555"><ele>1232.2</ele></trkpt>
    <trkpt lat="31.405566" lon="-7.527563"><ele>1234.5</ele></trkpt>
    <trkpt lat="31.405240" lon="-7.527512"><ele>1235.2</ele></trkpt>
    <trkpt lat="31.404649" lon="-7.527671"><ele>1242.8</ele></trkpt>
    <trkpt lat="31.403718" lon="-7.527660"><ele>1244.5</ele></trkpt>
    <trkpt lat="31.403122" lon="-7.527880"><ele>1246.5</ele></trkpt>
    <trkpt lat="31.402262" lon="-7.528629"><ele>1262.0</ele></trkpt>
    <trkpt lat="31.401411" lon="-7.529115"><ele>1262.0</ele></trkpt>
    <trkpt lat="31.399348" lon="-7.529063"><ele>1252.0</ele></trkpt>
    <trkpt lat="31.399200" lon="-7.528927"><ele>1250.2</ele></trkpt>
    <trkpt lat="31.399263" lon="-7.528591"><ele>1250.2</ele></trkpt>
    <trkpt lat="31.399750" lon="-7.527937"><ele>1249.2</ele></trkpt>
    <trkpt lat="31.400100" lon="-7.527746"><ele>1249.2</ele></trkpt>
    <trkpt lat="31.400128" lon="-7.527484"><ele>1249.2</ele></trkpt>
    <trkpt lat="31.399945" lon="-7.527246"><ele>1249.2</ele></trkpt>
    <trkpt lat="31.400069" lon="-7.526574"><ele>1250.0</ele></trkpt>
    <trkpt lat="31.400069" lon="-7.526490"><ele>1251.5</ele></trkpt>
    <trkpt lat="31.399893" lon="-7.526466"><ele>1252.8</ele></trkpt>
    <trkpt lat="31.398901" lon="-7.526434"><ele>1271.2</ele></trkpt>
    <trkpt lat="31.398402" lon="-7.526065"><ele>1271.2</ele></trkpt>
    <trkpt lat="31.398315" lon="-7.525915"><ele>1271.2</ele></trkpt>
    <trkpt lat="31.398359" lon="-7.524780"><ele>1271.5</ele></trkpt>
    <trkpt lat="31.398155" lon="-7.524654"><ele>1271.5</ele></trkpt>
    <trkpt lat="31.396700" lon="-7.523977"><ele>1300.5</ele></trkpt>
    <trkpt lat="31.396461" lon="-7.523688"><ele>1307.8</ele></trkpt>
    <trkpt lat="31.395999" lon="-7.521525"><ele>1319.5</ele></trkpt>
    <trkpt lat="31.395911" lon="-7.521259"><ele>1321.0</ele></trkpt>
    <trkpt lat="31.394871" lon="-7.520456"><ele>1324.8</ele></trkpt>
    <trkpt lat="31.394504" lon="-7.520363"><ele>1325.8</ele></trkpt>
    <trkpt lat="31.394277" lon="-7.520554"><ele>1325.8</ele></trkpt>
    <trkpt lat="31.393834" lon="-7.521446"><ele>1336.5</ele></trkpt>
    <trkpt lat="31.393384" lon="-7.521885"><ele>1337.8</ele></trkpt>
    <trkpt lat="31.391861" lon="-7.522693"><ele>1347.2</ele></trkpt>
    <trkpt lat="31.390984" lon="-7.522926"><ele>1349.8</ele></trkpt>
    <trkpt lat="31.390597" lon="-7.522782"><ele>1349.8</ele></trkpt>
    <trkpt lat="31.390115" lon="-7.522833"><ele>1353.0</ele></trkpt>
    <trkpt lat="31.389286" lon="-7.522072"><ele>1357.5</ele></trkpt>
    <trkpt lat="31.388480" lon="-7.522081"><ele>1354.8</ele></trkpt>
    <trkpt lat="31.388189" lon="-7.521932"><ele>1357.0</ele></trkpt>
    <trkpt lat="31.387702" lon="-7.521771"><ele>1364.8</ele></trkpt>
    <trkpt lat="31.387446" lon="-7.522096"><ele>1366.8</ele></trkpt>
    <trkpt lat="31.387293" lon="-7.522820"><ele>1387.2</ele></trkpt>
    <trkpt lat="31.387133" lon="-7.523047"><ele>1389.2</ele></trkpt>
    <trkpt lat="31.386974" lon="-7.523177"><ele>1389.2</ele></trkpt>
    <trkpt lat="31.385842" lon="-7.523519"><ele>1389.2</ele></trkpt>
    <trkpt lat="31.384537" lon="-7.523299"><ele>1382.5</ele></trkpt>
    <trkpt lat="31.383246" lon="-7.523429"><ele>1380.0</ele></trkpt>
    <trkpt lat="31.383142" lon="-7.523332"><ele>1380.0</ele></trkpt>
    <trkpt lat="31.383107" lon="-7.522909"><ele>1380.0</ele></trkpt>
    <trkpt lat="31.382608" lon="-7.522267"><ele>1380.5</ele></trkpt>
    <trkpt lat="31.381351" lon="-7.521844"><ele>1379.0</ele></trkpt>
    <trkpt lat="31.380942" lon="-7.521185"><ele>1379.0</ele></trkpt>
    <trkpt lat="31.380400" lon="-7.520771"><ele>1379.0</ele></trkpt>
    <trkpt lat="31.380102" lon="-7.520144"><ele>1374.8</ele></trkpt>
    <trkpt lat="31.379248" lon="-7.519901"><ele>1372.8</ele></trkpt>
    <trkpt lat="31.379206" lon="-7.519681"><ele>1371.5</ele></trkpt>
    <trkpt lat="31.379165" lon="-7.519030"><ele>1362.5</ele></trkpt>
    <trkpt lat="31.378755" lon="-7.518502"><ele>1360.5</ele></trkpt>
    <trkpt lat="31.378609" lon="-7.518039"><ele>1351.5</ele></trkpt>
    <trkpt lat="31.378498" lon="-7.517778"><ele>1350.8</ele></trkpt>
    <trkpt lat="31.377707" lon="-7.517331"><ele>1345.2</ele></trkpt>
    <trkpt lat="31.377658" lon="-7.517242"><ele>1345.0</ele></trkpt>
    <trkpt lat="31.377394" lon="-7.516046"><ele>1323.8</ele></trkpt>
    <trkpt lat="31.377179" lon="-7.515510"><ele>1314.8</ele></trkpt>
    <trkpt lat="31.376698" lon="-7.514576"><ele>1287.5</ele></trkpt>
    <trkpt lat="31.376013" lon="-7.514351"><ele>1273.2</ele></trkpt>
    <trkpt lat="31.375928" lon="-7.514335"><ele>1272.8</ele></trkpt>
    <trkpt lat="31.374311" lon="-7.514455"><ele>1261.8</ele></trkpt>
    <trkpt lat="31.373885" lon="-7.514386"><ele>1252.2</ele></trkpt>
    <trkpt lat="31.373746" lon="-7.514410"><ele>1252.2</ele></trkpt>
    <trkpt lat="31.372250" lon="-7.515456"><ele>1262.0</ele></trkpt>
    <trkpt lat="31.370975" lon="-7.515678"><ele>1269.2</ele></trkpt>
    <trkpt lat="31.370759" lon="-7.515399"><ele>1269.2</ele></trkpt>
    <trkpt lat="31.370430" lon="-7.514906"><ele>1256.0</ele></trkpt>
    <trkpt lat="31.370345" lon="-7.514817"><ele>1255.8</ele></trkpt>
    <trkpt lat="31.370036" lon="-7.514750"><ele>1255.8</ele></trkpt>
    <trkpt lat="31.369683" lon="-7.513983"><ele>1255.8</ele></trkpt>
    <trkpt lat="31.369362" lon="-7.512811"><ele>1247.0</ele></trkpt>
    <trkpt lat="31.368238" lon="-7.511285"><ele>1247.0</ele></trkpt>
    <trkpt lat="31.367897" lon="-7.510762"><ele>1254.2</ele></trkpt>
    <trkpt lat="31.367328" lon="-7.510184"><ele>1257.5</ele></trkpt>
    <trkpt lat="31.367007" lon="-7.510075"><ele>1259.2</ele></trkpt>
    <trkpt lat="31.366614" lon="-7.510063"><ele>1263.2</ele></trkpt>
    <trkpt lat="31.366038" lon="-7.510113"><ele>1265.0</ele></trkpt>
    <trkpt lat="31.365442" lon="-7.510353"><ele>1265.5</ele></trkpt>
    <trkpt lat="31.365319" lon="-7.510479"><ele>1266.5</ele></trkpt>
    <trkpt lat="31.364712" lon="-7.511086"><ele>1275.5</ele></trkpt>
    <trkpt lat="31.364488" lon="-7.511217"><ele>1286.8</ele></trkpt>
    <trkpt lat="31.364029" lon="-7.511204"><ele>1286.8</ele></trkpt>
    <trkpt lat="31.363284" lon="-7.510612"><ele>1280.8</ele></trkpt>
    <trkpt lat="31.362833" lon="-7.509921"><ele>1278.8</ele></trkpt>
    <trkpt lat="31.361032" lon="-7.507798"><ele>1283.2</ele></trkpt>
    <trkpt lat="31.360953" lon="-7.507734"><ele>1283.2</ele></trkpt>
    <trkpt lat="31.360455" lon="-7.507451"><ele>1287.8</ele></trkpt>
    <trkpt lat="31.359711" lon="-7.507204"><ele>1297.2</ele></trkpt>
    <trkpt lat="31.359104" lon="-7.507223"><ele>1306.5</ele></trkpt>
    <trkpt lat="31.358960" lon="-7.507247"><ele>1306.5</ele></trkpt>
    <trkpt lat="31.358001" lon="-7.507625"><ele>1306.5</ele></trkpt>
    <trkpt lat="31.356631" lon="-7.507878"><ele>1307.5</ele></trkpt>
    <trkpt lat="31.356538" lon="-7.507931"><ele>1308.5</ele></trkpt>
    <trkpt lat="31.356281" lon="-7.508233"><ele>1322.0</ele></trkpt>
    <trkpt lat="31.356080" lon="-7.508360"><ele>1322.8</ele></trkpt>
    <trkpt lat="31.355988" lon="-7.508297"><ele>1322.8</ele></trkpt>
    <trkpt lat="31.355875" lon="-7.507951"><ele>1310.0</ele></trkpt>
    <trkpt lat="31.355797" lon="-7.507803"><ele>1309.2</ele></trkpt>
    <trkpt lat="31.355359" lon="-7.507414"><ele>1308.8</ele></trkpt>
    <trkpt lat="31.353309" lon="-7.506216"><ele>1307.5</ele></trkpt>
    <trkpt lat="31.351919" lon="-7.505501"><ele>1315.0</ele></trkpt>
    <trkpt lat="31.350680" lon="-7.503677"><ele>1317.5</ele></trkpt>
    <trkpt lat="31.350584" lon="-7.503517"><ele>1319.5</ele></trkpt>
    <trkpt lat="31.349938" lon="-7.502857"><ele>1335.8</ele></trkpt>
    <trkpt lat="31.349854" lon="-7.502713"><ele>1337.2</ele></trkpt>
    <trkpt lat="31.349670" lon="-7.502316"><ele>1337.5</ele></trkpt>
    <trkpt lat="31.349499" lon="-7.501338"><ele>1333.8</ele></trkpt>
    <trkpt lat="31.349511" lon="-7.501235"><ele>1331.8</ele></trkpt>
    <trkpt lat="31.349541" lon="-7.501091"><ele>1328.8</ele></trkpt>
    <trkpt lat="31.349729" lon="-7.500539"><ele>1315.5</ele></trkpt>
    <trkpt lat="31.349762" lon="-7.500281"><ele>1312.0</ele></trkpt>
    <trkpt lat="31.349734" lon="-7.499843"><ele>1308.2</ele></trkpt>
    <trkpt lat="31.349697" lon="-7.499741"><ele>1308.2</ele></trkpt>
    <trkpt lat="31.349513" lon="-7.499556"><ele>1308.2</ele></trkpt>
    <trkpt lat="31.348824" lon="-7.499491"><ele>1309.8</ele></trkpt>
    <trkpt lat="31.348341" lon="-7.498604"><ele>1309.0</ele></trkpt>
    <trkpt lat="31.348209" lon="-7.498439"><ele>1311.2</ele></trkpt>
    <trkpt lat="31.347612" lon="-7.498425"><ele>1314.0</ele></trkpt>
    <trkpt lat="31.347220" lon="-7.498426"><ele>1320.2</ele></trkpt>
    <trkpt lat="31.346535" lon="-7.498611"><ele>1328.5</ele></trkpt>
    <trkpt lat="31.345453" lon="-7.498905"><ele>1328.8</ele></trkpt>
    <trkpt lat="31.344665" lon="-7.498796"><ele>1328.8</ele></trkpt>
    <trkpt lat="31.343940" lon="-7.498232"><ele>1329.0</ele></trkpt>
    <trkpt lat="31.342376" lon="-7.497632"><ele>1336.0</ele></trkpt>
    <trkpt lat="31.341823" lon="-7.497101"><ele>1342.8</ele></trkpt>
    <trkpt lat="31.341578" lon="-7.496899"><ele>1342.8</ele></trkpt>
    <trkpt lat="31.341000" lon="-7.496775"><ele>1340.5</ele></trkpt>
    <trkpt lat="31.340285" lon="-7.497141"><ele>1337.2</ele></trkpt>
    <trkpt lat="31.339887" lon="-7.497424"><ele>1340.5</ele></trkpt>
    <trkpt lat="31.338893" lon="-7.498424"><ele>1347.8</ele></trkpt>
    <trkpt lat="31.338294" lon="-7.499253"><ele>1351.2</ele></trkpt>
    <trkpt lat="31.337049" lon="-7.499665"><ele>1364.0</ele></trkpt>
    <trkpt lat="31.335841" lon="-7.499530"><ele>1358.2</ele></trkpt>
    <trkpt lat="31.334956" lon="-7.499722"><ele>1357.0</ele></trkpt>
    <trkpt lat="31.334773" lon="-7.499625"><ele>1357.5</ele></trkpt>
    <trkpt lat="31.334712" lon="-7.499540"><ele>1358.5</ele></trkpt>
    <trkpt lat="31.334324" lon="-7.498677"><ele>1371.2</ele></trkpt>
    <trkpt lat="31.333731" lon="-7.498216"><ele>1378.5</ele></trkpt>
    <trkpt lat="31.333644" lon="-7.498146"><ele>1378.5</ele></trkpt>
    <trkpt lat="31.333204" lon="-7.497580"><ele>1377.2</ele></trkpt>
    <trkpt lat="31.332675" lon="-7.497380"><ele>1377.0</ele></trkpt>
    <trkpt lat="31.332027" lon="-7.497406"><ele>1376.0</ele></trkpt>
    <trkpt lat="31.330858" lon="-7.498055"><ele>1373.5</ele></trkpt>
    <trkpt lat="31.330267" lon="-7.497972"><ele>1374.8</ele></trkpt>
    <trkpt lat="31.329725" lon="-7.498159"><ele>1374.8</ele></trkpt>
    <trkpt lat="31.329659" lon="-7.498151"><ele>1374.8</ele></trkpt>
    <trkpt lat="31.329323" lon="-7.497965"><ele>1381.0</ele></trkpt>
    <trkpt lat="31.328989" lon="-7.498284"><ele>1380.8</ele></trkpt>
    <trkpt lat="31.328438" lon="-7.498479"><ele>1382.8</ele></trkpt>
    <trkpt lat="31.327174" lon="-7.500131"><ele>1394.0</ele></trkpt>
    <trkpt lat="31.327055" lon="-7.500276"><ele>1394.0</ele></trkpt>
    <trkpt lat="31.326594" lon="-7.501590"><ele>1392.0</ele></trkpt>
    <trkpt lat="31.326190" lon="-7.502312"><ele>1392.0</ele></trkpt>
    <trkpt lat="31.326063" lon="-7.502447"><ele>1392.2</ele></trkpt>
    <trkpt lat="31.325731" lon="-7.502637"><ele>1396.2</ele></trkpt>
    <trkpt lat="31.324704" lon="-7.502701"><ele>1401.0</ele></trkpt>
    <trkpt lat="31.323110" lon="-7.502017"><ele>1407.8</ele></trkpt>
    <trkpt lat="31.322632" lon="-7.501508"><ele>1411.0</ele></trkpt>
    <trkpt lat="31.320613" lon="-7.500327"><ele>1417.2</ele></trkpt>
    <trkpt lat="31.320475" lon="-7.500191"><ele>1418.5</ele></trkpt>
    <trkpt lat="31.319887" lon="-7.499006"><ele>1429.8</ele></trkpt>
    <trkpt lat="31.319828" lon="-7.498934"><ele>1431.5</ele></trkpt>
    <trkpt lat="31.319534" lon="-7.498710"><ele>1431.5</ele></trkpt>
    <trkpt lat="31.318859" lon="-7.498486"><ele>1431.0</ele></trkpt>
    <trkpt lat="31.317802" lon="-7.498430"><ele>1427.8</ele></trkpt>
    <trkpt lat="31.317134" lon="-7.498552"><ele>1427.8</ele></trkpt>
    <trkpt lat="31.316142" lon="-7.498357"><ele>1429.0</ele></trkpt>
    <trkpt lat="31.316076" lon="-7.498269"><ele>1429.0</ele></trkpt>
    <trkpt lat="31.315967" lon="-7.497535"><ele>1445.8</ele></trkpt>
    <trkpt lat="31.315913" lon="-7.497318"><ele>1449.8</ele></trkpt>
    <trkpt lat="31.315809" lon="-7.497050"><ele>1450.5</ele></trkpt>
    <trkpt lat="31.314882" lon="-7.495874"><ele>1446.2</ele></trkpt>
    <trkpt lat="31.314834" lon="-7.495716"><ele>1446.2</ele></trkpt>
    <trkpt lat="31.314910" lon="-7.495070"><ele>1464.2</ele></trkpt>
    <trkpt lat="31.314902" lon="-7.494948"><ele>1465.2</ele></trkpt>
    <trkpt lat="31.314626" lon="-7.493824"><ele>1468.8</ele></trkpt>
    <trkpt lat="31.313409" lon="-7.493085"><ele>1472.0</ele></trkpt>
    <trkpt lat="31.312998" lon="-7.492921"><ele>1477.2</ele></trkpt>
    <trkpt lat="31.312760" lon="-7.492847"><ele>1477.2</ele></trkpt>
    <trkpt lat="31.311792" lon="-7.493039"><ele>1474.2</ele></trkpt>
    <trkpt lat="31.311447" lon="-7.492790"><ele>1480.0</ele></trkpt>
    <trkpt lat="31.311324" lon="-7.492883"><ele>1480.0</ele></trkpt>
    <trkpt lat="31.311185" lon="-7.493232"><ele>1474.0</ele></trkpt>
    <trkpt lat="31.311110" lon="-7.493232"><ele>1474.0</ele></trkpt>
    <trkpt lat="31.310660" lon="-7.493053"><ele>1483.0</ele></trkpt>
    <trkpt lat="31.310618" lon="-7.493063"><ele>1483.0</ele></trkpt>
    <trkpt lat="31.310351" lon="-7.493470"><ele>1483.0</ele></trkpt>
    <trkpt lat="31.310317" lon="-7.493531"><ele>1482.2</ele></trkpt>
    <trkpt lat="31.310163" lon="-7.494246"><ele>1475.8</ele></trkpt>
    <trkpt lat="31.309846" lon="-7.494608"><ele>1475.8</ele></trkpt>
    <trkpt lat="31.309099" lon="-7.495314"><ele>1483.5</ele></trkpt>
    <trkpt lat="31.308828" lon="-7.495436"><ele>1484.5</ele></trkpt>
    <trkpt lat="31.308670" lon="-7.495409"><ele>1486.2</ele></trkpt>
    <trkpt lat="31.308333" lon="-7.495303"><ele>1494.5</ele></trkpt>
    <trkpt lat="31.308150" lon="-7.495294"><ele>1494.5</ele></trkpt>
    <trkpt lat="31.306784" lon="-7.495796"><ele>1490.2</ele></trkpt>
    <trkpt lat="31.305498" lon="-7.495161"><ele>1516.5</ele></trkpt>
    <trkpt lat="31.304130" lon="-7.495229"><ele>1511.0</ele></trkpt>
    <trkpt lat="31.304075" lon="-7.495178"><ele>1511.0</ele></trkpt>
    <trkpt lat="31.303649" lon="-7.494635"><ele>1521.0</ele></trkpt>
    <trkpt lat="31.303602" lon="-7.494578"><ele>1521.0</ele></trkpt>
    <trkpt lat="31.302872" lon="-7.494215"><ele>1523.5</ele></trkpt>
    <trkpt lat="31.302779" lon="-7.494065"><ele>1523.5</ele></trkpt>
    <trkpt lat="31.302320" lon="-7.493478"><ele>1533.8</ele></trkpt>
    <trkpt lat="31.301641" lon="-7.492912"><ele>1538.0</ele></trkpt>
    <trkpt lat="31.301507" lon="-7.492857"><ele>1538.0</ele></trkpt>
    <trkpt lat="31.300206" lon="-7.493415"><ele>1543.0</ele></trkpt>
    <trkpt lat="31.299147" lon="-7.495012"><ele>1542.2</ele></trkpt>
    <trkpt lat="31.298543" lon="-7.495257"><ele>1542.5</ele></trkpt>
    <trkpt lat="31.298488" lon="-7.495185"><ele>1542.5</ele></trkpt>
    <trkpt lat="31.298065" lon="-7.493987"><ele>1573.0</ele></trkpt>
    <trkpt lat="31.297909" lon="-7.493735"><ele>1574.0</ele></trkpt>
    <trkpt lat="31.297839" lon="-7.493322"><ele>1579.8</ele></trkpt>
    <trkpt lat="31.297328" lon="-7.492599"><ele>1586.2</ele></trkpt>
    <trkpt lat="31.296843" lon="-7.492352"><ele>1586.8</ele></trkpt>
    <trkpt lat="31.295993" lon="-7.492568"><ele>1586.8</ele></trkpt>
    <trkpt lat="31.295800" lon="-7.492778"><ele>1588.5</ele></trkpt>
    <trkpt lat="31.295390" lon="-7.492926"><ele>1592.5</ele></trkpt>
    <trkpt lat="31.295294" lon="-7.493119"><ele>1592.5</ele></trkpt>
    <trkpt lat="31.295289" lon="-7.493945"><ele>1592.5</ele></trkpt>
    <trkpt lat="31.295582" lon="-7.494557"><ele>1592.5</ele></trkpt>
    <trkpt lat="31.295890" lon="-7.494879"><ele>1591.2</ele></trkpt>
    <trkpt lat="31.295789" lon="-7.495742"><ele>1590.8</ele></trkpt>
    <trkpt lat="31.295698" lon="-7.495769"><ele>1590.8</ele></trkpt>
    <trkpt lat="31.295223" lon="-7.495795"><ele>1601.2</ele></trkpt>
    <trkpt lat="31.294192" lon="-7.496279"><ele>1606.8</ele></trkpt>
    <trkpt lat="31.293818" lon="-7.496281"><ele>1612.2</ele></trkpt>
    <trkpt lat="31.293480" lon="-7.496302"><ele>1612.2</ele></trkpt>
    <trkpt lat="31.293251" lon="-7.496603"><ele>1605.5</ele></trkpt>
    <trkpt lat="31.292827" lon="-7.496940"><ele>1605.5</ele></trkpt>
    <trkpt lat="31.292148" lon="-7.496262"><ele>1611.2</ele></trkpt>
    <trkpt lat="31.291080" lon="-7.495951"><ele>1611.5</ele></trkpt>
    <trkpt lat="31.290894" lon="-7.495939"><ele>1611.0</ele></trkpt>
    <trkpt lat="31.290730" lon="-7.496141"><ele>1600.5</ele></trkpt>
    <trkpt lat="31.289530" lon="-7.496524"><ele>1597.8</ele></trkpt>
    <trkpt lat="31.289248" lon="-7.496373"><ele>1597.8</ele></trkpt>
    <trkpt lat="31.288877" lon="-7.495975"><ele>1616.0</ele></trkpt>
    <trkpt lat="31.288577" lon="-7.495954"><ele>1617.8</ele></trkpt>
    <trkpt lat="31.288062" lon="-7.497016"><ele>1619.8</ele></trkpt>
    <trkpt lat="31.287761" lon="-7.497364"><ele>1625.2</ele></trkpt>
    <trkpt lat="31.287664" lon="-7.497840"><ele>1628.2</ele></trkpt>
    <trkpt lat="31.287517" lon="-7.497933"><ele>1628.2</ele></trkpt>
    <trkpt lat="31.287090" lon="-7.497983"><ele>1643.0</ele></trkpt>
    <trkpt lat="31.286964" lon="-7.497992"><ele>1647.2</ele></trkpt>
    <trkpt lat="31.286932" lon="-7.497948"><ele>1647.2</ele></trkpt>
    <trkpt lat="31.287286" lon="-7.497535"><ele>1649.5</ele></trkpt>
    <trkpt lat="31.287254" lon="-7.497289"><ele>1654.2</ele></trkpt>
    <trkpt lat="31.286819" lon="-7.497585"><ele>1659.0</ele></trkpt>
    <trkpt lat="31.286662" lon="-7.497734"><ele>1659.0</ele></trkpt>
    <trkpt lat="31.286458" lon="-7.498340"><ele>1656.8</ele></trkpt>
    <trkpt lat="31.286374" lon="-7.498341"><ele>1656.8</ele></trkpt>
    <trkpt lat="31.285918" lon="-7.498252"><ele>1666.8</ele></trkpt>
    <trkpt lat="31.285675" lon="-7.498221"><ele>1666.8</ele></trkpt>
    <trkpt lat="31.285191" lon="-7.498344"><ele>1670.8</ele></trkpt>
    <trkpt lat="31.285107" lon="-7.498317"><ele>1670.8</ele></trkpt>
    <trkpt lat="31.284544" lon="-7.497997"><ele>1681.5</ele></trkpt>
    <trkpt lat="31.283934" lon="-7.497909"><ele>1685.0</ele></trkpt>
    <trkpt lat="31.283161" lon="-7.498033"><ele>1686.8</ele></trkpt>
    <trkpt lat="31.282758" lon="-7.498346"><ele>1689.5</ele></trkpt>
    <trkpt lat="31.282227" lon="-7.498497"><ele>1697.5</ele></trkpt>
    <trkpt lat="31.281797" lon="-7.498933"><ele>1700.2</ele></trkpt>
    <trkpt lat="31.279821" lon="-7.499896"><ele>1709.2</ele></trkpt>
    <trkpt lat="31.279482" lon="-7.499741"><ele>1720.8</ele></trkpt>
    <trkpt lat="31.279913" lon="-7.499671"><ele>1722.5</ele></trkpt>
    <trkpt lat="31.279615" lon="-7.499558"><ele>1731.0</ele></trkpt>
    <trkpt lat="31.279761" lon="-7.499499"><ele>1732.5</ele></trkpt>
    <trkpt lat="31.279977" lon="-7.499285"><ele>1742.2</ele></trkpt>
    <trkpt lat="31.279376" lon="-7.499242"><ele>1751.5</ele></trkpt>
    <trkpt lat="31.280037" lon="-7.498561"><ele>1779.5</ele></trkpt>
    <trkpt lat="31.279606" lon="-7.498614"><ele>1783.2</ele></trkpt>
    <trkpt lat="31.279358" lon="-7.498459"><ele>1791.8</ele></trkpt>
    <trkpt lat="31.279725" lon="-7.498443"><ele>1793.8</ele></trkpt>
    <trkpt lat="31.279761" lon="-7.498330"><ele>1797.8</ele></trkpt>
    <trkpt lat="31.278877" lon="-7.498056"><ele>1804.5</ele></trkpt>
    <trkpt lat="31.278821" lon="-7.497911"><ele>1810.8</ele></trkpt>
    <trkpt lat="31.278964" lon="-7.497831"><ele>1811.2</ele></trkpt>
    <trkpt lat="31.278835" lon="-7.497665"><ele>1814.5</ele></trkpt>
    <trkpt lat="31.278876" lon="-7.497332"><ele>1828.5</ele></trkpt>
    <trkpt lat="31.278826" lon="-7.496898"><ele>1828.5</ele></trkpt>
    <trkpt lat="31.278340" lon="-7.496785"><ele>1823.8</ele></trkpt>
    <trkpt lat="31.278202" lon="-7.496501"><ele>1822.5</ele></trkpt>
    <trkpt lat="31.278134" lon="-7.496366"><ele>1816.5</ele></trkpt>
    <trkpt lat="31.277574" lon="-7.496071"><ele>1807.8</ele></trkpt>
    <trkpt lat="31.277327" lon="-7.496120"><ele>1796.8</ele></trkpt>
    <trkpt lat="31.277167" lon="-7.496014"><ele>1795.2</ele></trkpt>
    <trkpt lat="31.277015" lon="-7.495975"><ele>1795.0</ele></trkpt>
    <trkpt lat="31.275511" lon="-7.494687"><ele>1798.2</ele></trkpt>
    <trkpt lat="31.275025" lon="-7.494569"><ele>1799.8</ele></trkpt>
    <trkpt lat="31.274237" lon="-7.495487"><ele>1814.5</ele></trkpt>
    <trkpt lat="31.273920" lon="-7.495632"><ele>1829.5</ele></trkpt>
    <trkpt lat="31.273833" lon="-7.495728"><ele>1833.5</ele></trkpt>
    <trkpt lat="31.273819" lon="-7.496801"><ele>1839.5</ele></trkpt>
    <trkpt lat="31.273402" lon="-7.497343"><ele>1856.0</ele></trkpt>
    <trkpt lat="31.273205" lon="-7.498459"><ele>1863.5</ele></trkpt>
    <trkpt lat="31.272902" lon="-7.498829"><ele>1881.5</ele></trkpt>
    <trkpt lat="31.272315" lon="-7.500578"><ele>1875.8</ele></trkpt>
    <trkpt lat="31.271359" lon="-7.500521"><ele>1875.2</ele></trkpt>
    <trkpt lat="31.270942" lon="-7.500629"><ele>1875.2</ele></trkpt>
    <trkpt lat="31.270917" lon="-7.500776"><ele>1875.2</ele></trkpt>
    <trkpt lat="31.270789" lon="-7.501342"><ele>1865.0</ele></trkpt>
    <trkpt lat="31.270477" lon="-7.501487"><ele>1863.0</ele></trkpt>
    <trkpt lat="31.270195" lon="-7.501757"><ele>1865.0</ele></trkpt>
    <trkpt lat="31.269376" lon="-7.501841"><ele>1868.8</ele></trkpt>
    <trkpt lat="31.269326" lon="-7.501889"><ele>1868.8</ele></trkpt>
    <trkpt lat="31.268620" lon="-7.502613"><ele>1857.8</ele></trkpt>
    <trkpt lat="31.268574" lon="-7.503020"><ele>1841.8</ele></trkpt>
    <trkpt lat="31.268292" lon="-7.503359"><ele>1841.8</ele></trkpt>
    <trkpt lat="31.266974" lon="-7.503575"><ele>1842.8</ele></trkpt>
    <trkpt lat="31.266036" lon="-7.504105"><ele>1839.0</ele></trkpt>
    <trkpt lat="31.265995" lon="-7.504267"><ele>1838.5</ele></trkpt>
    <trkpt lat="31.265784" lon="-7.504563"><ele>1839.2</ele></trkpt>
    <trkpt lat="31.265204" lon="-7.504944"><ele>1843.0</ele></trkpt>
    <trkpt lat="31.264917" lon="-7.505572"><ele>1843.2</ele></trkpt>
    <trkpt lat="31.264133" lon="-7.506427"><ele>1844.5</ele></trkpt>
    <trkpt lat="31.263305" lon="-7.506714"><ele>1845.8</ele></trkpt>
    <trkpt lat="31.263099" lon="-7.506800"><ele>1850.8</ele></trkpt>
    <trkpt lat="31.262576" lon="-7.506714"><ele>1866.8</ele></trkpt>
    <trkpt lat="31.261471" lon="-7.507181"><ele>1875.2</ele></trkpt>
    <trkpt lat="31.260646" lon="-7.507117"><ele>1893.2</ele></trkpt>
    <trkpt lat="31.259912" lon="-7.507058"><ele>1909.2</ele></trkpt>
    <trkpt lat="31.259518" lon="-7.507047"><ele>1913.8</ele></trkpt>
    <trkpt lat="31.259197" lon="-7.506854"><ele>1919.2</ele></trkpt>
    <trkpt lat="31.258917" lon="-7.507170"><ele>1923.5</ele></trkpt>
    <trkpt lat="31.258693" lon="-7.507111"><ele>1929.2</ele></trkpt>
    <trkpt lat="31.258335" lon="-7.506832"><ele>1932.5</ele></trkpt>
    <trkpt lat="31.258216" lon="-7.506586"><ele>1938.2</ele></trkpt>
    <trkpt lat="31.257986" lon="-7.505845"><ele>1964.0</ele></trkpt>
    <trkpt lat="31.257918" lon="-7.505754"><ele>1968.0</ele></trkpt>
    <trkpt lat="31.257124" lon="-7.505395"><ele>1982.0</ele></trkpt>
    <trkpt lat="31.256468" lon="-7.505073"><ele>1984.8</ele></trkpt>
    <trkpt lat="31.256519" lon="-7.504880"><ele>1986.8</ele></trkpt>
    <trkpt lat="31.256473" lon="-7.504773"><ele>1991.8</ele></trkpt>
    <trkpt lat="31.255666" lon="-7.504429"><ele>2007.2</ele></trkpt>
    <trkpt lat="31.255790" lon="-7.504361"><ele>2008.8</ele></trkpt>
    <trkpt lat="31.255244" lon="-7.503871"><ele>2023.0</ele></trkpt>
    <trkpt lat="31.255083" lon="-7.503324"><ele>2033.8</ele></trkpt>
    <trkpt lat="31.255556" lon="-7.503491"><ele>2040.8</ele></trkpt>
    <trkpt lat="31.256340" lon="-7.503464"><ele>2062.8</ele></trkpt>
    <trkpt lat="31.255744" lon="-7.502750"><ele>2087.0</ele></trkpt>
    <trkpt lat="31.256317" lon="-7.502804"><ele>2103.0</ele></trkpt>
    <trkpt lat="31.255753" lon="-7.502205"><ele>2117.2</ele></trkpt>
    <trkpt lat="31.255579" lon="-7.501951"><ele>2121.8</ele></trkpt>
    <trkpt lat="31.255400" lon="-7.501168"><ele>2143.8</ele></trkpt>
    <trkpt lat="31.255405" lon="-7.501030"><ele>2148.2</ele></trkpt>
    <trkpt lat="31.255115" lon="-7.500546"><ele>2153.2</ele></trkpt>
    <trkpt lat="31.254671" lon="-7.499204"><ele>2204.2</ele></trkpt>
    <trkpt lat="31.254166" lon="-7.498958"><ele>2207.2</ele></trkpt>
    <trkpt lat="31.254235" lon="-7.498115"><ele>2244.5</ele></trkpt>
    <trkpt lat="31.254221" lon="-7.497890"><ele>2254.0</ele></trkpt>
    <trkpt lat="31.254098" lon="-7.497590"><ele>2268.5</ele></trkpt>
    <trkpt lat="31.253974" lon="-7.497445"><ele>2276.5</ele></trkpt>
    <trkpt lat="31.253919" lon="-7.497445"><ele>2276.5</ele></trkpt>
    <trkpt lat="31.253432" lon="-7.498207"><ele>2270.2</ele></trkpt>
    <trkpt lat="31.253096" lon="-7.498476"><ele>2268.5</ele></trkpt>
    <trkpt lat="31.252681" lon="-7.498502"><ele>2270.0</ele></trkpt>
    <trkpt lat="31.252818" lon="-7.497724"><ele>2301.0</ele></trkpt>
    <trkpt lat="31.252715" lon="-7.497362"><ele>2317.0</ele></trkpt>
    <trkpt lat="31.252892" lon="-7.496932"><ele>2331.2</ele></trkpt>
    <trkpt lat="31.252816" lon="-7.496731"><ele>2339.0</ele></trkpt>
    <trkpt lat="31.252946" lon="-7.496294"><ele>2353.5</ele></trkpt>
    <trkpt lat="31.252767" lon="-7.496203"><ele>2356.2</ele></trkpt>
    <trkpt lat="31.252559" lon="-7.495750"><ele>2371.5</ele></trkpt>
    <trkpt lat="31.252169" lon="-7.495023"><ele>2385.5</ele></trkpt>
    <trkpt lat="31.251807" lon="-7.494687"><ele>2387.5</ele></trkpt>
    <trkpt lat="31.251447" lon="-7.493883"><ele>2396.5</ele></trkpt>
    <trkpt lat="31.251124" lon="-7.493466"><ele>2399.5</ele></trkpt>
    <trkpt lat="31.250869" lon="-7.492091"><ele>2415.2</ele></trkpt>
    <trkpt lat="31.250906" lon="-7.491531"><ele>2427.2</ele></trkpt>
    <trkpt lat="31.250906" lon="-7.491383"><ele>2427.2</ele></trkpt>
    <trkpt lat="31.250397" lon="-7.491028"><ele>2431.2</ele></trkpt>
    <trkpt lat="31.250488" lon="-7.490696"><ele>2438.5</ele></trkpt>
    <trkpt lat="31.249681" lon="-7.490431"><ele>2439.2</ele></trkpt>
    <trkpt lat="31.249145" lon="-7.489586"><ele>2443.0</ele></trkpt>
    <trkpt lat="31.248993" lon="-7.488985"><ele>2452.2</ele></trkpt>
    <trkpt lat="31.249025" lon="-7.486796"><ele>2491.8</ele></trkpt>
    <trkpt lat="31.248860" lon="-7.486646"><ele>2500.5</ele></trkpt>
    <trkpt lat="31.248714" lon="-7.486716"><ele>2502.5</ele></trkpt>
    <trkpt lat="31.248723" lon="-7.486528"><ele>2508.0</ele></trkpt>
    <trkpt lat="31.248567" lon="-7.486668"><ele>2508.5</ele></trkpt>
    <trkpt lat="31.248571" lon="-7.486496"><ele>2513.2</ele></trkpt>
    <trkpt lat="31.248273" lon="-7.486818"><ele>2514.0</ele></trkpt>
    <trkpt lat="31.248278" lon="-7.486378"><ele>2527.8</ele></trkpt>
    <trkpt lat="31.248383" lon="-7.486126"><ele>2531.8</ele></trkpt>
    <trkpt lat="31.247691" lon="-7.486668"><ele>2550.2</ele></trkpt>
    <trkpt lat="31.247443" lon="-7.486614"><ele>2565.8</ele></trkpt>
    <trkpt lat="31.247306" lon="-7.486764"><ele>2566.5</ele></trkpt>
    <trkpt lat="31.246994" lon="-7.486684"><ele>2586.2</ele></trkpt>
    <trkpt lat="31.246650" lon="-7.486775"><ele>2599.2</ele></trkpt>
    <trkpt lat="31.245861" lon="-7.486927"><ele>2616.0</ele></trkpt>
    <trkpt lat="31.245829" lon="-7.486964"><ele>2616.5</ele></trkpt>
    <trkpt lat="31.245700" lon="-7.486847"><ele>2617.2</ele></trkpt>
    <trkpt lat="31.245725" lon="-7.486273"><ele>2616.0</ele></trkpt>
    <trkpt lat="31.246201" lon="-7.485175"><ele>2610.8</ele></trkpt>
    <trkpt lat="31.246444" lon="-7.483966"><ele>2606.8</ele></trkpt>
    <trkpt lat="31.246301" lon="-7.482936"><ele>2599.2</ele></trkpt>
    <trkpt lat="31.246374" lon="-7.481539"><ele>2596.0</ele></trkpt>
    <trkpt lat="31.246260" lon="-7.481373"><ele>2593.5</ele></trkpt>
    <trkpt lat="31.245944" lon="-7.481246"><ele>2581.8</ele></trkpt>
    <trkpt lat="31.245778" lon="-7.481067"><ele>2578.0</ele></trkpt>
    <trkpt lat="31.245462" lon="-7.479748"><ele>2559.0</ele></trkpt>
    <trkpt lat="31.245481" lon="-7.479379"><ele>2557.2</ele></trkpt>
    <trkpt lat="31.245696" lon="-7.478830"><ele>2557.2</ele></trkpt>
    <trkpt lat="31.246150" lon="-7.478639"><ele>2557.2</ele></trkpt>
    <trkpt lat="31.246517" lon="-7.478693"><ele>2557.8</ele></trkpt>
    <trkpt lat="31.247016" lon="-7.479420"><ele>2567.0</ele></trkpt>
    <trkpt lat="31.247535" lon="-7.479578"><ele>2567.0</ele></trkpt>
    <trkpt lat="31.247709" lon="-7.479401"><ele>2567.0</ele></trkpt>
    <trkpt lat="31.248219" lon="-7.478687"><ele>2553.2</ele></trkpt>
    <trkpt lat="31.248347" lon="-7.478194"><ele>2541.0</ele></trkpt>
    <trkpt lat="31.248673" lon="-7.477180"><ele>2527.0</ele></trkpt>
    <trkpt lat="31.248901" lon="-7.476695"><ele>2522.0</ele></trkpt>
    <trkpt lat="31.249897" lon="-7.476405"><ele>2519.0</ele></trkpt>
    <trkpt lat="31.250264" lon="-7.476121"><ele>2511.2</ele></trkpt>
    <trkpt lat="31.251360" lon="-7.475617"><ele>2511.2</ele></trkpt>
    <trkpt lat="31.251722" lon="-7.475612"><ele>2508.5</ele></trkpt>
    <trkpt lat="31.252094" lon="-7.475418"><ele>2505.0</ele></trkpt>
    <trkpt lat="31.251640" lon="-7.475295"><ele>2505.0</ele></trkpt>
    <trkpt lat="31.250177" lon="-7.474855"><ele>2460.2</ele></trkpt>
    <trkpt lat="31.249764" lon="-7.474641"><ele>2452.2</ele></trkpt>
    <trkpt lat="31.248915" lon="-7.474871"><ele>2434.2</ele></trkpt>
    <trkpt lat="31.248562" lon="-7.474818"><ele>2427.2</ele></trkpt>
    <trkpt lat="31.248429" lon="-7.474732"><ele>2423.2</ele></trkpt>
    <trkpt lat="31.247737" lon="-7.473798"><ele>2394.0</ele></trkpt>
    <trkpt lat="31.247549" lon="-7.473675"><ele>2388.0</ele></trkpt>
    <trkpt lat="31.246719" lon="-7.473444"><ele>2365.2</ele></trkpt>
    <trkpt lat="31.246379" lon="-7.472892"><ele>2353.0</ele></trkpt>
    <trkpt lat="31.246310" lon="-7.472393"><ele>2348.0</ele></trkpt>
    <trkpt lat="31.246127" lon="-7.472280"><ele>2345.0</ele></trkpt>
    <trkpt lat="31.244802" lon="-7.471830"><ele>2312.0</ele></trkpt>
    <trkpt lat="31.244357" lon="-7.471867"><ele>2305.8</ele></trkpt>
    <trkpt lat="31.242949" lon="-7.471079"><ele>2282.0</ele></trkpt>
    <trkpt lat="31.242811" lon="-7.470945"><ele>2280.2</ele></trkpt>
    <trkpt lat="31.242499" lon="-7.470022"><ele>2267.2</ele></trkpt>
    <trkpt lat="31.242160" lon="-7.469743"><ele>2264.5</ele></trkpt>
    <trkpt lat="31.241651" lon="-7.469636"><ele>2263.8</ele></trkpt>
    <trkpt lat="31.241389" lon="-7.469759"><ele>2263.2</ele></trkpt>
    <trkpt lat="31.240325" lon="-7.470226"><ele>2250.8</ele></trkpt>
    <trkpt lat="31.239697" lon="-7.470118"><ele>2243.5</ele></trkpt>
    <trkpt lat="31.239454" lon="-7.469786"><ele>2239.5</ele></trkpt>
    <trkpt lat="31.239756" lon="-7.469078"><ele>2238.2</ele></trkpt>
    <trkpt lat="31.239573" lon="-7.468472"><ele>2230.8</ele></trkpt>
    <trkpt lat="31.239688" lon="-7.467694"><ele>2228.8</ele></trkpt>
    <trkpt lat="31.239623" lon="-7.467495"><ele>2227.2</ele></trkpt>
    <trkpt lat="31.239518" lon="-7.467356"><ele>2222.5</ele></trkpt>
    <trkpt lat="31.239215" lon="-7.467141"><ele>2215.8</ele></trkpt>
    <trkpt lat="31.239013" lon="-7.466481"><ele>2199.2</ele></trkpt>
    <trkpt lat="31.239013" lon="-7.466031"><ele>2186.2</ele></trkpt>
    <trkpt lat="31.239013" lon="-7.465875"><ele>2182.0</ele></trkpt>
    <trkpt lat="31.238490" lon="-7.464915"><ele>2165.0</ele></trkpt>
    <trkpt lat="31.237409" lon="-7.464269"><ele>2163.8</ele></trkpt>
    <trkpt lat="31.237034" lon="-7.464398"><ele>2163.2</ele></trkpt>
    <trkpt lat="31.236348" lon="-7.464738"><ele>2155.5</ele></trkpt>
    <trkpt lat="31.236287" lon="-7.464945"><ele>2150.8</ele></trkpt>
    <trkpt lat="31.235787" lon="-7.465109"><ele>2148.0</ele></trkpt>
    <trkpt lat="31.235546" lon="-7.465404"><ele>2144.5</ele></trkpt>
    <trkpt lat="31.235117" lon="-7.465458"><ele>2141.0</ele></trkpt>
    <trkpt lat="31.234946" lon="-7.465268"><ele>2140.5</ele></trkpt>
    <trkpt lat="31.234543" lon="-7.465248"><ele>2139.0</ele></trkpt>
    <trkpt lat="31.234025" lon="-7.464519"><ele>2137.0</ele></trkpt>
    <trkpt lat="31.233312" lon="-7.464591"><ele>2134.2</ele></trkpt>
    <trkpt lat="31.232891" lon="-7.464355"><ele>2134.2</ele></trkpt>
    <trkpt lat="31.232165" lon="-7.463311"><ele>2132.8</ele></trkpt>
    <trkpt lat="31.231722" lon="-7.462759"><ele>2124.0</ele></trkpt>
    <trkpt lat="31.231284" lon="-7.461471"><ele>2122.8</ele></trkpt>
    <trkpt lat="31.231234" lon="-7.460436"><ele>2117.5</ele></trkpt>
    <trkpt lat="31.231721" lon="-7.459446"><ele>2112.8</ele></trkpt>
    <trkpt lat="31.231891" lon="-7.459162"><ele>2112.8</ele></trkpt>
    <trkpt lat="31.231867" lon="-7.458968"><ele>2111.5</ele></trkpt>
    <trkpt lat="31.230210" lon="-7.458641"><ele>2108.5</ele></trkpt>
    <trkpt lat="31.229595" lon="-7.458295"><ele>2108.0</ele></trkpt>
    <trkpt lat="31.229499" lon="-7.458276"><ele>2107.5</ele></trkpt>
    <trkpt lat="31.228979" lon="-7.458248"><ele>2100.8</ele></trkpt>
    <trkpt lat="31.228265" lon="-7.457791"><ele>2097.8</ele></trkpt>
    <trkpt lat="31.226474" lon="-7.457169"><ele>2087.0</ele></trkpt>
    <trkpt lat="31.226048" lon="-7.457274"><ele>2079.2</ele></trkpt>
    <trkpt lat="31.225784" lon="-7.457217"><ele>2079.2</ele></trkpt>
    <trkpt lat="31.224583" lon="-7.456308"><ele>2076.8</ele></trkpt>
    <trkpt lat="31.223805" lon="-7.456106"><ele>2064.2</ele></trkpt>
    <trkpt lat="31.223268" lon="-7.455555"><ele>2057.5</ele></trkpt>
    <trkpt lat="31.223217" lon="-7.455414"><ele>2057.5</ele></trkpt>
    <trkpt lat="31.223545" lon="-7.454746"><ele>2066.5</ele></trkpt>
    <trkpt lat="31.223485" lon="-7.454599"><ele>2066.5</ele></trkpt>
    <trkpt lat="31.223015" lon="-7.453612"><ele>2054.5</ele></trkpt>
    <trkpt lat="31.222907" lon="-7.453298"><ele>2054.5</ele></trkpt>
    <trkpt lat="31.222976" lon="-7.452637"><ele>2056.8</ele></trkpt>
    <trkpt lat="31.222939" lon="-7.452614"><ele>2056.8</ele></trkpt>
    <trkpt lat="31.222273" lon="-7.452459"><ele>2045.8</ele></trkpt>
    <trkpt lat="31.221821" lon="-7.452324"><ele>2041.2</ele></trkpt>
    <trkpt lat="31.221273" lon="-7.452551"><ele>2032.0</ele></trkpt>
    <trkpt lat="31.220591" lon="-7.452367"><ele>2026.0</ele></trkpt>
    <trkpt lat="31.220502" lon="-7.452373"><ele>2025.2</ele></trkpt>
    <trkpt lat="31.219750" lon="-7.452467"><ele>2014.8</ele></trkpt>
    <trkpt lat="31.219362" lon="-7.452304"><ele>2010.8</ele></trkpt>
    <trkpt lat="31.218827" lon="-7.451761"><ele>2007.5</ele></trkpt>
    <trkpt lat="31.218290" lon="-7.450577"><ele>2002.5</ele></trkpt>
    <trkpt lat="31.217445" lon="-7.450220"><ele>1990.5</ele></trkpt>
    <trkpt lat="31.216292" lon="-7.449320"><ele>1986.0</ele></trkpt>
    <trkpt lat="31.216196" lon="-7.449282"><ele>1985.5</ele></trkpt>
    <trkpt lat="31.215443" lon="-7.449066"><ele>1972.8</ele></trkpt>
    <trkpt lat="31.214693" lon="-7.448467"><ele>1958.0</ele></trkpt>
    <trkpt lat="31.214619" lon="-7.448292"><ele>1958.0</ele></trkpt>
    <trkpt lat="31.214693" lon="-7.447219"><ele>1958.8</ele></trkpt>
    <trkpt lat="31.214572" lon="-7.446804"><ele>1958.5</ele></trkpt>
    <trkpt lat="31.214259" lon="-7.446422"><ele>1954.5</ele></trkpt>
    <trkpt lat="31.213521" lon="-7.445819"><ele>1947.0</ele></trkpt>
    <trkpt lat="31.212975" lon="-7.445565"><ele>1938.2</ele></trkpt>
    <trkpt lat="31.212839" lon="-7.445519"><ele>1937.0</ele></trkpt>
    <trkpt lat="31.212138" lon="-7.445459"><ele>1928.0</ele></trkpt>
    <trkpt lat="31.210722" lon="-7.445073"><ele>1919.8</ele></trkpt>
    <trkpt lat="31.210381" lon="-7.444918"><ele>1917.2</ele></trkpt>
    <trkpt lat="31.209286" lon="-7.444450"><ele>1904.0</ele></trkpt>
    <trkpt lat="31.207970" lon="-7.443882"><ele>1892.5</ele></trkpt>
    <trkpt lat="31.207231" lon="-7.443722"><ele>1886.2</ele></trkpt>
    <trkpt lat="31.206914" lon="-7.443814"><ele>1879.0</ele></trkpt>
    <trkpt lat="31.206838" lon="-7.443820"><ele>1877.8</ele></trkpt>
    <trkpt lat="31.206317" lon="-7.443621"><ele>1877.5</ele></trkpt>
    <trkpt lat="31.206215" lon="-7.443607"><ele>1876.5</ele></trkpt>
    <trkpt lat="31.205368" lon="-7.443518"><ele>1867.0</ele></trkpt>
    <trkpt lat="31.204807" lon="-7.443627"><ele>1855.5</ele></trkpt>
    <trkpt lat="31.204450" lon="-7.443611"><ele>1850.8</ele></trkpt>
    <trkpt lat="31.203752" lon="-7.443082"><ele>1839.2</ele></trkpt>
    <trkpt lat="31.203335" lon="-7.441806"><ele>1830.0</ele></trkpt>
    <trkpt lat="31.203203" lon="-7.441649"><ele>1828.0</ele></trkpt>
    <trkpt lat="31.203021" lon="-7.441764"><ele>1825.2</ele></trkpt>
    <trkpt lat="31.202885" lon="-7.442075"><ele>1823.2</ele></trkpt>
    <trkpt lat="31.203160" lon="-7.443245"><ele>1823.5</ele></trkpt>
    <trkpt lat="31.203116" lon="-7.443894"><ele>1819.2</ele></trkpt>
    <trkpt lat="31.202889" lon="-7.443995"><ele>1815.5</ele></trkpt>
    <trkpt lat="31.202330" lon="-7.443318"><ele>1811.8</ele></trkpt>
    <trkpt lat="31.202222" lon="-7.443239"><ele>1811.0</ele></trkpt>
    <trkpt lat="31.201301" lon="-7.442687"><ele>1805.5</ele></trkpt>
    <trkpt lat="31.200008" lon="-7.441540"><ele>1796.0</ele></trkpt>
    <trkpt lat="31.198373" lon="-7.443393"><ele>1790.8</ele></trkpt>
    <trkpt lat="31.198167" lon="-7.443796"><ele>1789.5</ele></trkpt>
    <trkpt lat="31.196214" lon="-7.447935"><ele>1769.5</ele></trkpt>
    <trkpt lat="31.196143" lon="-7.448124"><ele>1769.0</ele></trkpt>
    <trkpt lat="31.196034" lon="-7.449140"><ele>1765.0</ele></trkpt>
    <trkpt lat="31.196465" lon="-7.450926"><ele>1760.2</ele></trkpt>
    <trkpt lat="31.196280" lon="-7.452018"><ele>1756.0</ele></trkpt>
    <trkpt lat="31.196150" lon="-7.452250"><ele>1754.2</ele></trkpt>
    <trkpt lat="31.194588" lon="-7.454342"><ele>1744.8</ele></trkpt>
    <trkpt lat="31.193681" lon="-7.455105"><ele>1738.8</ele></trkpt>
    <trkpt lat="31.192822" lon="-7.455622"><ele>1736.5</ele></trkpt>
    <trkpt lat="31.192582" lon="-7.455732"><ele>1735.8</ele></trkpt>
    <trkpt lat="31.188876" lon="-7.457157"><ele>1735.5</ele></trkpt>
    <trkpt lat="31.186857" lon="-7.458474"><ele>1737.0</ele></trkpt>
    <trkpt lat="31.186218" lon="-7.458592"><ele>1736.5</ele></trkpt>
    <trkpt lat="31.186018" lon="-7.458587"><ele>1734.2</ele></trkpt>
    <trkpt lat="31.184549" lon="-7.458196"><ele>1728.8</ele></trkpt>
    <trkpt lat="31.184017" lon="-7.458212"><ele>1727.8</ele></trkpt>
    <trkpt lat="31.182019" lon="-7.458903"><ele>1727.5</ele></trkpt>
    <trkpt lat="31.180224" lon="-7.460083"><ele>1725.0</ele></trkpt>
    <trkpt lat="31.178893" lon="-7.460521"><ele>1719.8</ele></trkpt>
    <trkpt lat="31.178321" lon="-7.460925"><ele>1715.2</ele></trkpt>
    <trkpt lat="31.177231" lon="-7.462435"><ele>1712.5</ele></trkpt>
    <trkpt lat="31.176327" lon="-7.463315"><ele>1705.8</ele></trkpt>
    <trkpt lat="31.174488" lon="-7.465158"><ele>1705.2</ele></trkpt>
    <trkpt lat="31.173408" lon="-7.465876"><ele>1708.2</ele></trkpt>
    <trkpt lat="31.172593" lon="-7.466064"><ele>1711.8</ele></trkpt>
    <trkpt lat="31.170615" lon="-7.465990"><ele>1711.8</ele></trkpt>
    <trkpt lat="31.170395" lon="-7.465941"><ele>1711.2</ele></trkpt>
    <trkpt lat="31.165521" lon="-7.463644"><ele>1696.5</ele></trkpt>
    <trkpt lat="31.165305" lon="-7.463618"><ele>1695.5</ele></trkpt>
    <trkpt lat="31.164733" lon="-7.463814"><ele>1694.2</ele></trkpt>
    <trkpt lat="31.163504" lon="-7.465120"><ele>1690.2</ele></trkpt>
    <trkpt lat="31.162953" lon="-7.465509"><ele>1690.5</ele></trkpt>
    <trkpt lat="31.162803" lon="-7.465550"><ele>1691.0</ele></trkpt>
    <trkpt lat="31.162720" lon="-7.465941"><ele>1693.0</ele></trkpt>
    <trkpt lat="31.162806" lon="-7.466187"><ele>1694.5</ele></trkpt>
    <trkpt lat="31.163477" lon="-7.468345"><ele>1704.2</ele></trkpt>
    <trkpt lat="31.163757" lon="-7.469178"><ele>1704.2</ele></trkpt>
    <trkpt lat="31.163635" lon="-7.470315"><ele>1706.5</ele></trkpt>
    <trkpt lat="31.163791" lon="-7.470794"><ele>1707.0</ele></trkpt>
    <trkpt lat="31.164238" lon="-7.473477"><ele>1716.0</ele></trkpt>
    <trkpt lat="31.164625" lon="-7.474862"><ele>1720.8</ele></trkpt>
    <trkpt lat="31.165285" lon="-7.477221"><ele>1729.8</ele></trkpt>
    <trkpt lat="31.165169" lon="-7.477694"><ele>1732.5</ele></trkpt>
    <trkpt lat="31.165541" lon="-7.477921"><ele>1730.8</ele></trkpt>
    <trkpt lat="31.166024" lon="-7.478565"><ele>1729.2</ele></trkpt>
    <trkpt lat="31.165890" lon="-7.479085"><ele>1732.5</ele></trkpt>
    <trkpt lat="31.166110" lon="-7.479569"><ele>1733.2</ele></trkpt>
    <trkpt lat="31.166116" lon="-7.479659"><ele>1733.5</ele></trkpt>
    <trkpt lat="31.166087" lon="-7.481366"><ele>1745.2</ele></trkpt>
    <trkpt lat="31.166074" lon="-7.481601"><ele>1746.2</ele></trkpt>
    <trkpt lat="31.166311" lon="-7.482282"><ele>1747.8</ele></trkpt>
    <trkpt lat="31.166228" lon="-7.483170"><ele>1753.5</ele></trkpt>
    <trkpt lat="31.166430" lon="-7.484098"><ele>1754.5</ele></trkpt>
    <trkpt lat="31.166422" lon="-7.484235"><ele>1754.5</ele></trkpt>
    <trkpt lat="31.166183" lon="-7.485056"><ele>1765.0</ele></trkpt>
    <trkpt lat="31.166176" lon="-7.485237"><ele>1766.2</ele></trkpt>
    <trkpt lat="31.166240" lon="-7.486052"><ele>1768.8</ele></trkpt>
    <trkpt lat="31.166320" lon="-7.486134"><ele>1768.8</ele></trkpt>
    <trkpt lat="31.166548" lon="-7.486301"><ele>1767.2</ele></trkpt>
    <trkpt lat="31.166916" lon="-7.486123"><ele>1759.8</ele></trkpt>
    <trkpt lat="31.167043" lon="-7.486147"><ele>1759.8</ele></trkpt>
    <trkpt lat="31.167604" lon="-7.487211"><ele>1764.8</ele></trkpt>
    <trkpt lat="31.168048" lon="-7.487692"><ele>1764.5</ele></trkpt>
    <trkpt lat="31.169136" lon="-7.487714"><ele>1750.8</ele></trkpt>
    <trkpt lat="31.169914" lon="-7.488483"><ele>1744.0</ele></trkpt>
    <trkpt lat="31.170183" lon="-7.488792"><ele>1743.8</ele></trkpt>
    <trkpt lat="31.171118" lon="-7.489061"><ele>1743.0</ele></trkpt>
    <trkpt lat="31.171927" lon="-7.490106"><ele>1751.2</ele></trkpt>
    <trkpt lat="31.172707" lon="-7.490758"><ele>1759.8</ele></trkpt>
    <trkpt lat="31.173170" lon="-7.491454"><ele>1767.8</ele></trkpt>
    <trkpt lat="31.173239" lon="-7.491656"><ele>1768.0</ele></trkpt>
    <trkpt lat="31.172977" lon="-7.491962"><ele>1768.5</ele></trkpt>
    <trkpt lat="31.172941" lon="-7.492612"><ele>1770.2</ele></trkpt>
    <trkpt lat="31.173012" lon="-7.493615"><ele>1772.2</ele></trkpt>
    <trkpt lat="31.173188" lon="-7.493945"><ele>1772.2</ele></trkpt>
    <trkpt lat="31.173099" lon="-7.494589"><ele>1768.5</ele></trkpt>
    <trkpt lat="31.173282" lon="-7.495098"><ele>1768.5</ele></trkpt>
    <trkpt lat="31.172618" lon="-7.496742"><ele>1767.8</ele></trkpt>
    <trkpt lat="31.172462" lon="-7.496981"><ele>1767.8</ele></trkpt>
    <trkpt lat="31.172255" lon="-7.497283"><ele>1771.8</ele></trkpt>
    <trkpt lat="31.172126" lon="-7.498174"><ele>1777.8</ele></trkpt>
    <trkpt lat="31.171732" lon="-7.499346"><ele>1792.5</ele></trkpt>
    <trkpt lat="31.171779" lon="-7.499537"><ele>1792.5</ele></trkpt>
    <trkpt lat="31.172083" lon="-7.499596"><ele>1792.5</ele></trkpt>
    <trkpt lat="31.172115" lon="-7.499653"><ele>1792.5</ele></trkpt>
    <trkpt lat="31.172295" lon="-7.500343"><ele>1795.0</ele></trkpt>
    <trkpt lat="31.171718" lon="-7.501017"><ele>1808.2</ele></trkpt>
    <trkpt lat="31.171289" lon="-7.502448"><ele>1816.8</ele></trkpt>
    <trkpt lat="31.171105" lon="-7.502832"><ele>1819.0</ele></trkpt>
    <trkpt lat="31.170755" lon="-7.503442"><ele>1819.0</ele></trkpt>
    <trkpt lat="31.170521" lon="-7.505043"><ele>1822.0</ele></trkpt>
    <trkpt lat="31.170393" lon="-7.505182"><ele>1823.0</ele></trkpt>
    <trkpt lat="31.169370" lon="-7.505786"><ele>1833.5</ele></trkpt>
    <trkpt lat="31.169165" lon="-7.506127"><ele>1839.8</ele></trkpt>
    <trkpt lat="31.168953" lon="-7.506835"><ele>1848.2</ele></trkpt>
    <trkpt lat="31.168908" lon="-7.507611"><ele>1853.2</ele></trkpt>
    <trkpt lat="31.168635" lon="-7.508439"><ele>1861.5</ele></trkpt>
    <trkpt lat="31.168459" lon="-7.508695"><ele>1865.0</ele></trkpt>
    <trkpt lat="31.167962" lon="-7.509005"><ele>1865.0</ele></trkpt>
    <trkpt lat="31.167933" lon="-7.509150"><ele>1865.0</ele></trkpt>
    <trkpt lat="31.167787" lon="-7.510361"><ele>1871.8</ele></trkpt>
    <trkpt lat="31.167530" lon="-7.511453"><ele>1882.2</ele></trkpt>
    <trkpt lat="31.167488" lon="-7.511611"><ele>1882.5</ele></trkpt>
    <trkpt lat="31.167240" lon="-7.512161"><ele>1883.0</ele></trkpt>
    <trkpt lat="31.167205" lon="-7.512615"><ele>1883.0</ele></trkpt>
    <trkpt lat="31.167367" lon="-7.513618"><ele>1887.2</ele></trkpt>
    <trkpt lat="31.167136" lon="-7.515913"><ele>1889.5</ele></trkpt>
    <trkpt lat="31.167449" lon="-7.516600"><ele>1889.8</ele></trkpt>
    <trkpt lat="31.167493" lon="-7.517025"><ele>1891.5</ele></trkpt>
    <trkpt lat="31.167369" lon="-7.517238"><ele>1891.5</ele></trkpt>
    <trkpt lat="31.166836" lon="-7.517805"><ele>1886.2</ele></trkpt>
    <trkpt lat="31.166483" lon="-7.518906"><ele>1878.5</ele></trkpt>
    <trkpt lat="31.166135" lon="-7.519452"><ele>1873.5</ele></trkpt>
    <trkpt lat="31.165702" lon="-7.519893"><ele>1868.2</ele></trkpt>
    <trkpt lat="31.165183" lon="-7.519889"><ele>1860.2</ele></trkpt>
    <trkpt lat="31.165125" lon="-7.519932"><ele>1859.2</ele></trkpt>
    <trkpt lat="31.165160" lon="-7.520300"><ele>1857.5</ele></trkpt>
    <trkpt lat="31.165448" lon="-7.520846"><ele>1857.0</ele></trkpt>
    <trkpt lat="31.165439" lon="-7.521245"><ele>1853.8</ele></trkpt>
    <trkpt lat="31.165187" lon="-7.521168"><ele>1851.2</ele></trkpt>
    <trkpt lat="31.164493" lon="-7.520485"><ele>1845.8</ele></trkpt>
    <trkpt lat="31.163861" lon="-7.521017"><ele>1844.0</ele></trkpt>
    <trkpt lat="31.163570" lon="-7.520841"><ele>1843.5</ele></trkpt>
    <trkpt lat="31.163493" lon="-7.520810"><ele>1843.5</ele></trkpt>
    <trkpt lat="31.163244" lon="-7.520978"><ele>1847.2</ele></trkpt>
    <trkpt lat="31.163470" lon="-7.521043"><ele>1847.8</ele></trkpt>
    <trkpt lat="31.163483" lon="-7.521081"><ele>1848.2</ele></trkpt>
    <trkpt lat="31.163629" lon="-7.521750"><ele>1860.8</ele></trkpt>
    <trkpt lat="31.164353" lon="-7.522994"><ele>1873.2</ele></trkpt>
    <trkpt lat="31.164380" lon="-7.523245"><ele>1877.2</ele></trkpt>
    <trkpt lat="31.164408" lon="-7.523421"><ele>1879.5</ele></trkpt>
    <trkpt lat="31.164915" lon="-7.523882"><ele>1879.8</ele></trkpt>
    </trkseg>
  </trk>
</gpx>
