<?xml version="1.0" encoding="UTF-8"?>
<gpx version="1.1" creator="tripplanner (routed with BRouter, gravel profile)" xmlns="http://www.topografix.com/GPX/1/1">
  <metadata>
    <name>Toubkal to Telouet — Day 6: Telouet → Demnate</name>
    <desc>122 km, 2655 m. Routed with BRouter (gravel profile) over OSM ways — a plan, not a ridden track.</desc>
  </metadata>
  <trk>
    <name>Toubkal to Telouet — Day 6: Telouet → Demnate</name>
    <trkseg>
    <trkpt lat="31.289916" lon="-7.240642"><ele>1794.0</ele></trkpt>
    <trkpt lat="31.290345" lon="-7.240846"><ele>1794.0</ele></trkpt>
    <trkpt lat="31.290212" lon="-7.241159"><ele>1794.0</ele></trkpt>
    <trkpt lat="31.290818" lon="-7.241445"><ele>1795.0</ele></trkpt>
    <trkpt lat="31.291690" lon="-7.241440"><ele>1798.5</ele></trkpt>
    <trkpt lat="31.292619" lon="-7.241036"><ele>1804.0</ele></trkpt>
    <trkpt lat="31.292886" lon="-7.241296"><ele>1806.0</ele></trkpt>
    <trkpt lat="31.293565" lon="-7.241505"><ele>1809.8</ele></trkpt>
    <trkpt lat="31.294324" lon="-7.242276"><ele>1810.2</ele></trkpt>
    <trkpt lat="31.294970" lon="-7.242418"><ele>1813.8</ele></trkpt>
    <trkpt lat="31.295323" lon="-7.242698"><ele>1815.8</ele></trkpt>
    <trkpt lat="31.296349" lon="-7.243094"><ele>1825.5</ele></trkpt>
    <trkpt lat="31.297663" lon="-7.243987"><ele>1828.8</ele></trkpt>
    <trkpt lat="31.298681" lon="-7.244294"><ele>1833.0</ele></trkpt>
    <trkpt lat="31.299014" lon="-7.244252"><ele>1834.5</ele></trkpt>
    <trkpt lat="31.299316" lon="-7.243971"><ele>1840.0</ele></trkpt>
    <trkpt lat="31.299466" lon="-7.243893"><ele>1841.5</ele></trkpt>
    <trkpt lat="31.299651" lon="-7.243867"><ele>1841.5</ele></trkpt>
    <trkpt lat="31.301051" lon="-7.244122"><ele>1842.2</ele></trkpt>
    <trkpt lat="31.302127" lon="-7.243606"><ele>1856.0</ele></trkpt>
    <trkpt lat="31.302700" lon="-7.243568"><ele>1857.5</ele></trkpt>
    <trkpt lat="31.303269" lon="-7.243246"><ele>1861.8</ele></trkpt>
    <trkpt lat="31.303507" lon="-7.243199"><ele>1864.5</ele></trkpt>
    <trkpt lat="31.304374" lon="-7.243296"><ele>1872.0</ele></trkpt>
    <trkpt lat="31.304740" lon="-7.243385"><ele>1875.2</ele></trkpt>
    <trkpt lat="31.305732" lon="-7.243807"><ele>1878.5</ele></trkpt>
    <trkpt lat="31.306075" lon="-7.243820"><ele>1879.5</ele></trkpt>
    <trkpt lat="31.308040" lon="-7.243411"><ele>1888.5</ele></trkpt>
    <trkpt lat="31.308610" lon="-7.243686"><ele>1892.5</ele></trkpt>
    <trkpt lat="31.308786" lon="-7.243706"><ele>1893.8</ele></trkpt>
    <trkpt lat="31.309114" lon="-7.243321"><ele>1895.5</ele></trkpt>
    <trkpt lat="31.309988" lon="-7.243713"><ele>1907.5</ele></trkpt>
    <trkpt lat="31.310369" lon="-7.243315"><ele>1908.0</ele></trkpt>
    <trkpt lat="31.311230" lon="-7.243647"><ele>1914.0</ele></trkpt>
    <trkpt lat="31.311367" lon="-7.243288"><ele>1914.2</ele></trkpt>
    <trkpt lat="31.311690" lon="-7.243107"><ele>1917.5</ele></trkpt>
    <trkpt lat="31.311872" lon="-7.243222"><ele>1919.8</ele></trkpt>
    <trkpt lat="31.311938" lon="-7.243220"><ele>1920.8</ele></trkpt>
    <trkpt lat="31.312724" lon="-7.243114"><ele>1933.0</ele></trkpt>
    <trkpt lat="31.313365" lon="-7.243349"><ele>1941.0</ele></trkpt>
    <trkpt lat="31.314683" lon="-7.243523"><ele>1952.2</ele></trkpt>
    <trkpt lat="31.315018" lon="-7.243523"><ele>1955.0</ele></trkpt>
    <trkpt lat="31.315468" lon="-7.243436"><ele>1956.0</ele></trkpt>
    <trkpt lat="31.315738" lon="-7.243644"><ele>1956.5</ele></trkpt>
    <trkpt lat="31.316102" lon="-7.244314"><ele>1956.8</ele></trkpt>
    <trkpt lat="31.316784" lon="-7.244711"><ele>1959.8</ele></trkpt>
    <trkpt lat="31.317027" lon="-7.244706"><ele>1959.5</ele></trkpt>
    <trkpt lat="31.317591" lon="-7.245382"><ele>1960.2</ele></trkpt>
    <trkpt lat="31.318301" lon="-7.245644"><ele>1969.8</ele></trkpt>
    <trkpt lat="31.318457" lon="-7.245838"><ele>1971.5</ele></trkpt>
    <trkpt lat="31.318865" lon="-7.245843"><ele>1976.5</ele></trkpt>
    <trkpt lat="31.319200" lon="-7.246036"><ele>1986.0</ele></trkpt>
    <trkpt lat="31.320982" lon="-7.247297"><ele>2014.8</ele></trkpt>
    <trkpt lat="31.321592" lon="-7.247769"><ele>2020.2</ele></trkpt>
    <trkpt lat="31.322325" lon="-7.249180"><ele>2032.0</ele></trkpt>
    <trkpt lat="31.322320" lon="-7.249909"><ele>2038.0</ele></trkpt>
    <trkpt lat="31.322687" lon="-7.250488"><ele>2042.8</ele></trkpt>
    <trkpt lat="31.322925" lon="-7.251647"><ele>2054.8</ele></trkpt>
    <trkpt lat="31.323205" lon="-7.252066"><ele>2057.0</ele></trkpt>
    <trkpt lat="31.323594" lon="-7.252881"><ele>2067.2</ele></trkpt>
    <trkpt lat="31.323778" lon="-7.253262"><ele>2072.8</ele></trkpt>
    <trkpt lat="31.323658" lon="-7.254549"><ele>2080.5</ele></trkpt>
    <trkpt lat="31.323727" lon="-7.254989"><ele>2082.5</ele></trkpt>
    <trkpt lat="31.324351" lon="-7.255311"><ele>2090.2</ele></trkpt>
    <trkpt lat="31.324571" lon="-7.255483"><ele>2094.0</ele></trkpt>
    <trkpt lat="31.325176" lon="-7.256481"><ele>2108.2</ele></trkpt>
    <trkpt lat="31.325247" lon="-7.256772"><ele>2112.2</ele></trkpt>
    <trkpt lat="31.325247" lon="-7.257094"><ele>2118.5</ele></trkpt>
    <trkpt lat="31.325141" lon="-7.258518"><ele>2136.8</ele></trkpt>
    <trkpt lat="31.325533" lon="-7.259431"><ele>2153.5</ele></trkpt>
    <trkpt lat="31.326603" lon="-7.259519"><ele>2173.0</ele></trkpt>
    <trkpt lat="31.326894" lon="-7.259564"><ele>2176.5</ele></trkpt>
    <trkpt lat="31.327292" lon="-7.260091"><ele>2190.2</ele></trkpt>
    <trkpt lat="31.327494" lon="-7.260085"><ele>2194.5</ele></trkpt>
    <trkpt lat="31.328511" lon="-7.259898"><ele>2216.8</ele></trkpt>
    <trkpt lat="31.328658" lon="-7.259886"><ele>2220.5</ele></trkpt>
    <trkpt lat="31.328690" lon="-7.260063"><ele>2226.8</ele></trkpt>
    <trkpt lat="31.328012" lon="-7.262263"><ele>2266.2</ele></trkpt>
    <trkpt lat="31.327976" lon="-7.262457"><ele>2269.5</ele></trkpt>
    <trkpt lat="31.329318" lon="-7.261598"><ele>2296.5</ele></trkpt>
    <trkpt lat="31.330033" lon="-7.261448"><ele>2308.2</ele></trkpt>
    <trkpt lat="31.331160" lon="-7.261566"><ele>2329.0</ele></trkpt>
    <trkpt lat="31.331829" lon="-7.261395"><ele>2337.8</ele></trkpt>
    <trkpt lat="31.331939" lon="-7.261405"><ele>2340.0</ele></trkpt>
    <trkpt lat="31.332159" lon="-7.261609"><ele>2348.5</ele></trkpt>
    <trkpt lat="31.332590" lon="-7.262146"><ele>2368.8</ele></trkpt>
    <trkpt lat="31.332722" lon="-7.262794"><ele>2384.8</ele></trkpt>
    <trkpt lat="31.332887" lon="-7.262644"><ele>2387.5</ele></trkpt>
    <trkpt lat="31.333739" lon="-7.262650"><ele>2398.2</ele></trkpt>
    <trkpt lat="31.334353" lon="-7.262285"><ele>2404.0</ele></trkpt>
    <trkpt lat="31.334486" lon="-7.262312"><ele>2407.5</ele></trkpt>
    <trkpt lat="31.334647" lon="-7.262499"><ele>2414.5</ele></trkpt>
    <trkpt lat="31.334812" lon="-7.262408"><ele>2417.0</ele></trkpt>
    <trkpt lat="31.334903" lon="-7.262987"><ele>2432.8</ele></trkpt>
    <trkpt lat="31.334770" lon="-7.263460"><ele>2440.5</ele></trkpt>
    <trkpt lat="31.334903" lon="-7.263325"><ele>2442.8</ele></trkpt>
    <trkpt lat="31.334981" lon="-7.263524"><ele>2446.0</ele></trkpt>
    <trkpt lat="31.335064" lon="-7.263438"><ele>2446.5</ele></trkpt>
    <trkpt lat="31.335366" lon="-7.263438"><ele>2456.5</ele></trkpt>
    <trkpt lat="31.335632" lon="-7.263964"><ele>2474.2</ele></trkpt>
    <trkpt lat="31.335847" lon="-7.265187"><ele>2505.0</ele></trkpt>
    <trkpt lat="31.336058" lon="-7.265117"><ele>2510.0</ele></trkpt>
    <trkpt lat="31.336150" lon="-7.265658"><ele>2521.2</ele></trkpt>
    <trkpt lat="31.336393" lon="-7.265610"><ele>2525.8</ele></trkpt>
    <trkpt lat="31.336553" lon="-7.266094"><ele>2535.0</ele></trkpt>
    <trkpt lat="31.336805" lon="-7.265890"><ele>2536.0</ele></trkpt>
    <trkpt lat="31.337382" lon="-7.265691"><ele>2538.2</ele></trkpt>
    <trkpt lat="31.337446" lon="-7.265782"><ele>2538.2</ele></trkpt>
    <trkpt lat="31.337330" lon="-7.266451"><ele>2540.5</ele></trkpt>
    <trkpt lat="31.337226" lon="-7.267321"><ele>2535.2</ele></trkpt>
    <trkpt lat="31.336585" lon="-7.268374"><ele>2533.8</ele></trkpt>
    <trkpt lat="31.336493" lon="-7.268985"><ele>2532.2</ele></trkpt>
    <trkpt lat="31.336864" lon="-7.268467"><ele>2529.2</ele></trkpt>
    <trkpt lat="31.336795" lon="-7.269060"><ele>2521.2</ele></trkpt>
    <trkpt lat="31.336905" lon="-7.268990"><ele>2517.0</ele></trkpt>
    <trkpt lat="31.338013" lon="-7.267739"><ele>2504.0</ele></trkpt>
    <trkpt lat="31.338152" lon="-7.267767"><ele>2499.5</ele></trkpt>
    <trkpt lat="31.337735" lon="-7.268524"><ele>2496.0</ele></trkpt>
    <trkpt lat="31.338243" lon="-7.268202"><ele>2489.8</ele></trkpt>
    <trkpt lat="31.338688" lon="-7.268234"><ele>2484.5</ele></trkpt>
    <trkpt lat="31.338724" lon="-7.268266"><ele>2484.2</ele></trkpt>
    <trkpt lat="31.338660" lon="-7.268395"><ele>2482.2</ele></trkpt>
    <trkpt lat="31.338784" lon="-7.268604"><ele>2478.0</ele></trkpt>
    <trkpt lat="31.338321" lon="-7.268620"><ele>2475.5</ele></trkpt>
    <trkpt lat="31.338257" lon="-7.268835"><ele>2472.0</ele></trkpt>
    <trkpt lat="31.338436" lon="-7.268728"><ele>2470.2</ele></trkpt>
    <trkpt lat="31.338436" lon="-7.268862"><ele>2469.2</ele></trkpt>
    <trkpt lat="31.338587" lon="-7.268840"><ele>2467.8</ele></trkpt>
    <trkpt lat="31.338586" lon="-7.269059"><ele>2462.8</ele></trkpt>
    <trkpt lat="31.338995" lon="-7.269264"><ele>2458.8</ele></trkpt>
    <trkpt lat="31.339260" lon="-7.269745"><ele>2440.2</ele></trkpt>
    <trkpt lat="31.339416" lon="-7.269827"><ele>2435.8</ele></trkpt>
    <trkpt lat="31.339608" lon="-7.269804"><ele>2435.5</ele></trkpt>
    <trkpt lat="31.339412" lon="-7.270063"><ele>2427.2</ele></trkpt>
    <trkpt lat="31.340264" lon="-7.270283"><ele>2413.2</ele></trkpt>
    <trkpt lat="31.340076" lon="-7.270584"><ele>2408.2</ele></trkpt>
    <trkpt lat="31.340149" lon="-7.270604"><ele>2406.2</ele></trkpt>
    <trkpt lat="31.340704" lon="-7.270841"><ele>2390.8</ele></trkpt>
    <trkpt lat="31.340827" lon="-7.270813"><ele>2389.5</ele></trkpt>
    <trkpt lat="31.340607" lon="-7.271308"><ele>2380.2</ele></trkpt>
    <trkpt lat="31.340919" lon="-7.271517"><ele>2371.2</ele></trkpt>
    <trkpt lat="31.340827" lon="-7.272290"><ele>2359.5</ele></trkpt>
    <trkpt lat="31.340846" lon="-7.273164"><ele>2342.2</ele></trkpt>
    <trkpt lat="31.341304" lon="-7.273454"><ele>2333.5</ele></trkpt>
    <trkpt lat="31.341625" lon="-7.273931"><ele>2320.8</ele></trkpt>
    <trkpt lat="31.342078" lon="-7.273958"><ele>2302.8</ele></trkpt>
    <trkpt lat="31.342175" lon="-7.273818"><ele>2300.8</ele></trkpt>
    <trkpt lat="31.342257" lon="-7.274167"><ele>2293.0</ele></trkpt>
    <trkpt lat="31.342395" lon="-7.274049"><ele>2288.8</ele></trkpt>
    <trkpt lat="31.342436" lon="-7.274387"><ele>2280.8</ele></trkpt>
    <trkpt lat="31.342599" lon="-7.274330"><ele>2275.8</ele></trkpt>
    <trkpt lat="31.342660" lon="-7.274467"><ele>2270.0</ele></trkpt>
    <trkpt lat="31.342839" lon="-7.274306"><ele>2266.0</ele></trkpt>
    <trkpt lat="31.342844" lon="-7.274532"><ele>2261.0</ele></trkpt>
    <trkpt lat="31.342963" lon="-7.274430"><ele>2258.2</ele></trkpt>
    <trkpt lat="31.343063" lon="-7.274838"><ele>2246.5</ele></trkpt>
    <trkpt lat="31.343567" lon="-7.275310"><ele>2219.2</ele></trkpt>
    <trkpt lat="31.344736" lon="-7.276377"><ele>2179.8</ele></trkpt>
    <trkpt lat="31.344774" lon="-7.276415"><ele>2179.2</ele></trkpt>
    <trkpt lat="31.345817" lon="-7.277450"><ele>2162.8</ele></trkpt>
    <trkpt lat="31.346012" lon="-7.278059"><ele>2157.8</ele></trkpt>
    <trkpt lat="31.346405" lon="-7.278708"><ele>2152.0</ele></trkpt>
    <trkpt lat="31.346303" lon="-7.279073"><ele>2150.5</ele></trkpt>
    <trkpt lat="31.346601" lon="-7.279513"><ele>2147.5</ele></trkpt>
    <trkpt lat="31.347320" lon="-7.280111"><ele>2140.8</ele></trkpt>
    <trkpt lat="31.347895" lon="-7.280170"><ele>2136.2</ele></trkpt>
    <trkpt lat="31.348127" lon="-7.280516"><ele>2128.5</ele></trkpt>
    <trkpt lat="31.348516" lon="-7.280768"><ele>2118.5</ele></trkpt>
    <trkpt lat="31.348699" lon="-7.281111"><ele>2110.0</ele></trkpt>
    <trkpt lat="31.348919" lon="-7.281069"><ele>2109.0</ele></trkpt>
    <trkpt lat="31.349144" lon="-7.281229"><ele>2105.8</ele></trkpt>
    <trkpt lat="31.349162" lon="-7.281846"><ele>2098.0</ele></trkpt>
    <trkpt lat="31.349267" lon="-7.282356"><ele>2086.0</ele></trkpt>
    <trkpt lat="31.349570" lon="-7.282565"><ele>2081.5</ele></trkpt>
    <trkpt lat="31.350060" lon="-7.283263"><ele>2081.0</ele></trkpt>
    <trkpt lat="31.350284" lon="-7.283890"><ele>2072.8</ele></trkpt>
    <trkpt lat="31.351338" lon="-7.285301"><ele>2063.8</ele></trkpt>
    <trkpt lat="31.351443" lon="-7.285634"><ele>2057.8</ele></trkpt>
    <trkpt lat="31.351256" lon="-7.285741"><ele>2056.0</ele></trkpt>
    <trkpt lat="31.350972" lon="-7.285580"><ele>2054.5</ele></trkpt>
    <trkpt lat="31.350756" lon="-7.285204"><ele>2053.2</ele></trkpt>
    <trkpt lat="31.350161" lon="-7.285500"><ele>2052.0</ele></trkpt>
    <trkpt lat="31.350294" lon="-7.285816"><ele>2050.0</ele></trkpt>
    <trkpt lat="31.350683" lon="-7.285982"><ele>2048.2</ele></trkpt>
    <trkpt lat="31.350687" lon="-7.286149"><ele>2044.2</ele></trkpt>
    <trkpt lat="31.350129" lon="-7.286288"><ele>2036.2</ele></trkpt>
    <trkpt lat="31.350370" lon="-7.287035"><ele>2023.2</ele></trkpt>
    <trkpt lat="31.350897" lon="-7.287211"><ele>2023.0</ele></trkpt>
    <trkpt lat="31.351419" lon="-7.287849"><ele>2014.2</ele></trkpt>
    <trkpt lat="31.351443" lon="-7.288087"><ele>2010.8</ele></trkpt>
    <trkpt lat="31.351550" lon="-7.288305"><ele>2006.0</ele></trkpt>
    <trkpt lat="31.351851" lon="-7.288293"><ele>2004.5</ele></trkpt>
    <trkpt lat="31.352219" lon="-7.288688"><ele>2003.8</ele></trkpt>
    <trkpt lat="31.352725" lon="-7.288436"><ele>2003.8</ele></trkpt>
    <trkpt lat="31.352643" lon="-7.290298"><ele>1996.2</ele></trkpt>
    <trkpt lat="31.352773" lon="-7.290649"><ele>1994.8</ele></trkpt>
    <trkpt lat="31.352599" lon="-7.291057"><ele>1993.5</ele></trkpt>
    <trkpt lat="31.352664" lon="-7.291253"><ele>1993.5</ele></trkpt>
    <trkpt lat="31.352833" lon="-7.291556"><ele>1997.5</ele></trkpt>
    <trkpt lat="31.352989" lon="-7.292331"><ele>1998.8</ele></trkpt>
    <trkpt lat="31.353232" lon="-7.292736"><ele>2001.2</ele></trkpt>
    <trkpt lat="31.353511" lon="-7.292765"><ele>2005.0</ele></trkpt>
    <trkpt lat="31.354214" lon="-7.293593"><ele>2011.2</ele></trkpt>
    <trkpt lat="31.354803" lon="-7.294026"><ele>2015.2</ele></trkpt>
    <trkpt lat="31.355314" lon="-7.294683"><ele>2015.2</ele></trkpt>
    <trkpt lat="31.355435" lon="-7.294871"><ele>2014.8</ele></trkpt>
    <trkpt lat="31.355668" lon="-7.295561"><ele>2009.0</ele></trkpt>
    <trkpt lat="31.356245" lon="-7.296505"><ele>2003.5</ele></trkpt>
    <trkpt lat="31.356880" lon="-7.297550"><ele>1991.2</ele></trkpt>
    <trkpt lat="31.357411" lon="-7.298237"><ele>1984.0</ele></trkpt>
    <trkpt lat="31.357750" lon="-7.298484"><ele>1984.0</ele></trkpt>
    <trkpt lat="31.357986" lon="-7.298618"><ele>1984.0</ele></trkpt>
    <trkpt lat="31.358719" lon="-7.298543"><ele>1983.5</ele></trkpt>
    <trkpt lat="31.359351" lon="-7.298136"><ele>1978.8</ele></trkpt>
    <trkpt lat="31.359928" lon="-7.298382"><ele>1983.0</ele></trkpt>
    <trkpt lat="31.360343" lon="-7.298087"><ele>1983.0</ele></trkpt>
    <trkpt lat="31.360801" lon="-7.297464"><ele>1984.8</ele></trkpt>
    <trkpt lat="31.361266" lon="-7.297621"><ele>1987.8</ele></trkpt>
    <trkpt lat="31.361580" lon="-7.297969"><ele>1990.8</ele></trkpt>
    <trkpt lat="31.361653" lon="-7.299213"><ele>1992.8</ele></trkpt>
    <trkpt lat="31.361891" lon="-7.299739"><ele>1992.8</ele></trkpt>
    <trkpt lat="31.361733" lon="-7.300131"><ele>1992.2</ele></trkpt>
    <trkpt lat="31.361507" lon="-7.300812"><ele>1984.0</ele></trkpt>
    <trkpt lat="31.361687" lon="-7.301258"><ele>1982.0</ele></trkpt>
    <trkpt lat="31.361642" lon="-7.301558"><ele>1977.0</ele></trkpt>
    <trkpt lat="31.361351" lon="-7.302164"><ele>1969.2</ele></trkpt>
    <trkpt lat="31.361284" lon="-7.302427"><ele>1969.2</ele></trkpt>
    <trkpt lat="31.361332" lon="-7.302636"><ele>1969.2</ele></trkpt>
    <trkpt lat="31.361864" lon="-7.302872"><ele>1966.2</ele></trkpt>
    <trkpt lat="31.361864" lon="-7.303033"><ele>1966.2</ele></trkpt>
    <trkpt lat="31.361461" lon="-7.305415"><ele>1965.5</ele></trkpt>
    <trkpt lat="31.361841" lon="-7.307653"><ele>1963.2</ele></trkpt>
    <trkpt lat="31.362079" lon="-7.308345"><ele>1956.5</ele></trkpt>
    <trkpt lat="31.362084" lon="-7.308474"><ele>1954.5</ele></trkpt>
    <trkpt lat="31.362097" lon="-7.309481"><ele>1941.5</ele></trkpt>
    <trkpt lat="31.362084" lon="-7.309686"><ele>1940.0</ele></trkpt>
    <trkpt lat="31.362322" lon="-7.310833"><ele>1935.5</ele></trkpt>
    <trkpt lat="31.362290" lon="-7.311682"><ele>1922.2</ele></trkpt>
    <trkpt lat="31.362308" lon="-7.311927"><ele>1919.5</ele></trkpt>
    <trkpt lat="31.362455" lon="-7.312581"><ele>1914.5</ele></trkpt>
    <trkpt lat="31.362603" lon="-7.312998"><ele>1911.5</ele></trkpt>
    <trkpt lat="31.362848" lon="-7.313873"><ele>1901.8</ele></trkpt>
    <trkpt lat="31.363005" lon="-7.314250"><ele>1897.8</ele></trkpt>
    <trkpt lat="31.363615" lon="-7.315185"><ele>1885.5</ele></trkpt>
    <trkpt lat="31.363823" lon="-7.315346"><ele>1884.0</ele></trkpt>
    <trkpt lat="31.363122" lon="-7.315501"><ele>1875.0</ele></trkpt>
    <trkpt lat="31.362692" lon="-7.315127"><ele>1875.0</ele></trkpt>
    <trkpt lat="31.362685" lon="-7.315180"><ele>1874.8</ele></trkpt>
    <trkpt lat="31.362743" lon="-7.316124"><ele>1863.2</ele></trkpt>
    <trkpt lat="31.363074" lon="-7.316445"><ele>1863.0</ele></trkpt>
    <trkpt lat="31.363748" lon="-7.316534"><ele>1864.0</ele></trkpt>
    <trkpt lat="31.363794" lon="-7.316585"><ele>1864.0</ele></trkpt>
    <trkpt lat="31.364122" lon="-7.317081"><ele>1857.2</ele></trkpt>
    <trkpt lat="31.364383" lon="-7.317250"><ele>1856.2</ele></trkpt>
    <trkpt lat="31.364398" lon="-7.317306"><ele>1855.5</ele></trkpt>
    <trkpt lat="31.364415" lon="-7.318190"><ele>1849.2</ele></trkpt>
    <trkpt lat="31.364567" lon="-7.318761"><ele>1845.5</ele></trkpt>
    <trkpt lat="31.364822" lon="-7.319213"><ele>1842.2</ele></trkpt>
    <trkpt lat="31.366527" lon="-7.320195"><ele>1833.2</ele></trkpt>
    <trkpt lat="31.366600" lon="-7.320308"><ele>1832.2</ele></trkpt>
    <trkpt lat="31.366664" lon="-7.320521"><ele>1830.2</ele></trkpt>
    <trkpt lat="31.366559" lon="-7.321080"><ele>1824.0</ele></trkpt>
    <trkpt lat="31.366719" lon="-7.321917"><ele>1817.0</ele></trkpt>
    <trkpt lat="31.367999" lon="-7.324160"><ele>1788.2</ele></trkpt>
    <trkpt lat="31.368038" lon="-7.324218"><ele>1787.5</ele></trkpt>
    <trkpt lat="31.368532" lon="-7.323687"><ele>1790.8</ele></trkpt>
    <trkpt lat="31.369066" lon="-7.323676"><ele>1792.0</ele></trkpt>
    <trkpt lat="31.369101" lon="-7.323766"><ele>1791.5</ele></trkpt>
    <trkpt lat="31.369024" lon="-7.324281"><ele>1782.2</ele></trkpt>
    <trkpt lat="31.369145" lon="-7.324673"><ele>1772.8</ele></trkpt>
    <trkpt lat="31.370653" lon="-7.325601"><ele>1757.0</ele></trkpt>
    <trkpt lat="31.370935" lon="-7.326012"><ele>1751.2</ele></trkpt>
    <trkpt lat="31.371094" lon="-7.326761"><ele>1737.2</ele></trkpt>
    <trkpt lat="31.371641" lon="-7.327193"><ele>1736.5</ele></trkpt>
    <trkpt lat="31.372183" lon="-7.327369"><ele>1738.8</ele></trkpt>
    <trkpt lat="31.372210" lon="-7.327407"><ele>1738.5</ele></trkpt>
    <trkpt lat="31.372723" lon="-7.327938"><ele>1732.5</ele></trkpt>
    <trkpt lat="31.373008" lon="-7.328331"><ele>1727.5</ele></trkpt>
    <trkpt lat="31.373019" lon="-7.328616"><ele>1724.0</ele></trkpt>
    <trkpt lat="31.373150" lon="-7.329003"><ele>1721.2</ele></trkpt>
    <trkpt lat="31.374053" lon="-7.330055"><ele>1715.0</ele></trkpt>
    <trkpt lat="31.374087" lon="-7.330072"><ele>1715.0</ele></trkpt>
    <trkpt lat="31.374736" lon="-7.329984"><ele>1716.5</ele></trkpt>
    <trkpt lat="31.375627" lon="-7.329520"><ele>1726.8</ele></trkpt>
    <trkpt lat="31.376272" lon="-7.329614"><ele>1727.2</ele></trkpt>
    <trkpt lat="31.376584" lon="-7.329391"><ele>1730.5</ele></trkpt>
    <trkpt lat="31.376916" lon="-7.329781"><ele>1728.0</ele></trkpt>
    <trkpt lat="31.377804" lon="-7.329915"><ele>1730.5</ele></trkpt>
    <trkpt lat="31.378283" lon="-7.329810"><ele>1735.5</ele></trkpt>
    <trkpt lat="31.378313" lon="-7.329845"><ele>1735.5</ele></trkpt>
    <trkpt lat="31.378728" lon="-7.330552"><ele>1722.2</ele></trkpt>
    <trkpt lat="31.378764" lon="-7.330603"><ele>1722.2</ele></trkpt>
    <trkpt lat="31.379016" lon="-7.330554"><ele>1721.0</ele></trkpt>
    <trkpt lat="31.379265" lon="-7.330760"><ele>1718.0</ele></trkpt>
    <trkpt lat="31.379768" lon="-7.330850"><ele>1712.0</ele></trkpt>
    <trkpt lat="31.380407" lon="-7.330841"><ele>1710.0</ele></trkpt>
    <trkpt lat="31.381862" lon="-7.330705"><ele>1707.2</ele></trkpt>
    <trkpt lat="31.382231" lon="-7.330501"><ele>1709.2</ele></trkpt>
    <trkpt lat="31.382295" lon="-7.330527"><ele>1709.2</ele></trkpt>
    <trkpt lat="31.382435" lon="-7.330715"><ele>1701.5</ele></trkpt>
    <trkpt lat="31.383059" lon="-7.331026"><ele>1695.5</ele></trkpt>
    <trkpt lat="31.383384" lon="-7.331137"><ele>1694.8</ele></trkpt>
    <trkpt lat="31.383930" lon="-7.331109"><ele>1693.8</ele></trkpt>
    <trkpt lat="31.384006" lon="-7.331129"><ele>1693.8</ele></trkpt>
    <trkpt lat="31.384624" lon="-7.331317"><ele>1685.5</ele></trkpt>
    <trkpt lat="31.384729" lon="-7.331218"><ele>1682.5</ele></trkpt>
    <trkpt lat="31.384775" lon="-7.331235"><ele>1682.2</ele></trkpt>
    <trkpt lat="31.385724" lon="-7.331645"><ele>1669.8</ele></trkpt>
    <trkpt lat="31.385752" lon="-7.331779"><ele>1666.8</ele></trkpt>
    <trkpt lat="31.385267" lon="-7.331694"><ele>1665.0</ele></trkpt>
    <trkpt lat="31.385259" lon="-7.331834"><ele>1661.5</ele></trkpt>
    <trkpt lat="31.385533" lon="-7.331907"><ele>1661.0</ele></trkpt>
    <trkpt lat="31.385877" lon="-7.332179"><ele>1654.2</ele></trkpt>
    <trkpt lat="31.386173" lon="-7.333008"><ele>1642.8</ele></trkpt>
    <trkpt lat="31.386389" lon="-7.333324"><ele>1638.0</ele></trkpt>
    <trkpt lat="31.386485" lon="-7.333424"><ele>1638.0</ele></trkpt>
    <trkpt lat="31.387123" lon="-7.333598"><ele>1637.5</ele></trkpt>
    <trkpt lat="31.387570" lon="-7.334298"><ele>1640.0</ele></trkpt>
    <trkpt lat="31.387889" lon="-7.334334"><ele>1641.5</ele></trkpt>
    <trkpt lat="31.388134" lon="-7.334560"><ele>1647.0</ele></trkpt>
    <trkpt lat="31.388125" lon="-7.334682"><ele>1651.2</ele></trkpt>
    <trkpt lat="31.387740" lon="-7.334644"><ele>1653.0</ele></trkpt>
    <trkpt lat="31.387694" lon="-7.334746"><ele>1657.5</ele></trkpt>
    <trkpt lat="31.388436" lon="-7.335041"><ele>1659.0</ele></trkpt>
    <trkpt lat="31.389498" lon="-7.335883"><ele>1670.0</ele></trkpt>
    <trkpt lat="31.389790" lon="-7.336847"><ele>1698.2</ele></trkpt>
    <trkpt lat="31.389885" lon="-7.336957"><ele>1698.2</ele></trkpt>
    <trkpt lat="31.390673" lon="-7.336471"><ele>1686.0</ele></trkpt>
    <trkpt lat="31.391303" lon="-7.336861"><ele>1683.2</ele></trkpt>
    <trkpt lat="31.391361" lon="-7.336913"><ele>1682.0</ele></trkpt>
    <trkpt lat="31.391707" lon="-7.337918"><ele>1682.0</ele></trkpt>
    <trkpt lat="31.392053" lon="-7.338428"><ele>1688.8</ele></trkpt>
    <trkpt lat="31.392100" lon="-7.338400"><ele>1688.8</ele></trkpt>
    <trkpt lat="31.392454" lon="-7.336908"><ele>1666.8</ele></trkpt>
    <trkpt lat="31.392685" lon="-7.336449"><ele>1661.2</ele></trkpt>
    <trkpt lat="31.392723" lon="-7.336391"><ele>1660.5</ele></trkpt>
    <trkpt lat="31.393226" lon="-7.336159"><ele>1660.0</ele></trkpt>
    <trkpt lat="31.394127" lon="-7.336695"><ele>1668.0</ele></trkpt>
    <trkpt lat="31.394136" lon="-7.336658"><ele>1668.0</ele></trkpt>
    <trkpt lat="31.393997" lon="-7.336015"><ele>1654.0</ele></trkpt>
    <trkpt lat="31.394365" lon="-7.335627"><ele>1652.2</ele></trkpt>
    <trkpt lat="31.394797" lon="-7.335469"><ele>1649.0</ele></trkpt>
    <trkpt lat="31.395196" lon="-7.334963"><ele>1647.0</ele></trkpt>
    <trkpt lat="31.395185" lon="-7.334804"><ele>1644.5</ele></trkpt>
    <trkpt lat="31.395227" lon="-7.334676"><ele>1644.5</ele></trkpt>
    <trkpt lat="31.395898" lon="-7.334502"><ele>1651.5</ele></trkpt>
    <trkpt lat="31.395945" lon="-7.334392"><ele>1651.5</ele></trkpt>
    <trkpt lat="31.395792" lon="-7.334185"><ele>1645.5</ele></trkpt>
    <trkpt lat="31.395950" lon="-7.334052"><ele>1644.2</ele></trkpt>
    <trkpt lat="31.396828" lon="-7.333937"><ele>1642.2</ele></trkpt>
    <trkpt lat="31.397152" lon="-7.333906"><ele>1639.2</ele></trkpt>
    <trkpt lat="31.397854" lon="-7.333472"><ele>1627.0</ele></trkpt>
    <trkpt lat="31.398027" lon="-7.333394"><ele>1627.0</ele></trkpt>
    <trkpt lat="31.398775" lon="-7.333263"><ele>1626.2</ele></trkpt>
    <trkpt lat="31.398815" lon="-7.333193"><ele>1625.5</ele></trkpt>
    <trkpt lat="31.398799" lon="-7.332787"><ele>1616.2</ele></trkpt>
    <trkpt lat="31.398933" lon="-7.332563"><ele>1612.0</ele></trkpt>
    <trkpt lat="31.399681" lon="-7.332498"><ele>1605.8</ele></trkpt>
    <trkpt lat="31.400069" lon="-7.332532"><ele>1605.8</ele></trkpt>
    <trkpt lat="31.400898" lon="-7.332907"><ele>1606.8</ele></trkpt>
    <trkpt lat="31.400920" lon="-7.332878"><ele>1606.8</ele></trkpt>
    <trkpt lat="31.401538" lon="-7.332078"><ele>1589.8</ele></trkpt>
    <trkpt lat="31.402029" lon="-7.331869"><ele>1581.5</ele></trkpt>
    <trkpt lat="31.402314" lon="-7.331826"><ele>1579.5</ele></trkpt>
    <trkpt lat="31.402766" lon="-7.332023"><ele>1577.0</ele></trkpt>
    <trkpt lat="31.403160" lon="-7.332465"><ele>1569.5</ele></trkpt>
    <trkpt lat="31.403091" lon="-7.333387"><ele>1563.5</ele></trkpt>
    <trkpt lat="31.403041" lon="-7.334053"><ele>1551.0</ele></trkpt>
    <trkpt lat="31.403060" lon="-7.334068"><ele>1551.0</ele></trkpt>
    <trkpt lat="31.403620" lon="-7.332411"><ele>1561.5</ele></trkpt>
    <trkpt lat="31.403845" lon="-7.332408"><ele>1561.5</ele></trkpt>
    <trkpt lat="31.403981" lon="-7.332626"><ele>1561.5</ele></trkpt>
    <trkpt lat="31.404000" lon="-7.332781"><ele>1560.8</ele></trkpt>
    <trkpt lat="31.403880" lon="-7.333350"><ele>1557.2</ele></trkpt>
    <trkpt lat="31.403955" lon="-7.334880"><ele>1549.8</ele></trkpt>
    <trkpt lat="31.404155" lon="-7.334979"><ele>1550.0</ele></trkpt>
    <trkpt lat="31.404321" lon="-7.334974"><ele>1552.0</ele></trkpt>
    <trkpt lat="31.404878" lon="-7.334769"><ele>1563.0</ele></trkpt>
    <trkpt lat="31.404970" lon="-7.334818"><ele>1563.0</ele></trkpt>
    <trkpt lat="31.404826" lon="-7.335213"><ele>1563.0</ele></trkpt>
    <trkpt lat="31.404402" lon="-7.335435"><ele>1563.5</ele></trkpt>
    <trkpt lat="31.404361" lon="-7.335489"><ele>1563.5</ele></trkpt>
    <trkpt lat="31.404400" lon="-7.335555"><ele>1565.5</ele></trkpt>
    <trkpt lat="31.405253" lon="-7.335203"><ele>1571.0</ele></trkpt>
    <trkpt lat="31.404670" lon="-7.335893"><ele>1577.0</ele></trkpt>
    <trkpt lat="31.404212" lon="-7.336067"><ele>1577.0</ele></trkpt>
    <trkpt lat="31.403777" lon="-7.336057"><ele>1580.0</ele></trkpt>
    <trkpt lat="31.403381" lon="-7.336273"><ele>1580.0</ele></trkpt>
    <trkpt lat="31.402820" lon="-7.336806"><ele>1576.5</ele></trkpt>
    <trkpt lat="31.402700" lon="-7.337085"><ele>1573.0</ele></trkpt>
    <trkpt lat="31.402721" lon="-7.337137"><ele>1573.0</ele></trkpt>
    <trkpt lat="31.403008" lon="-7.337495"><ele>1587.5</ele></trkpt>
    <trkpt lat="31.403257" lon="-7.337962"><ele>1589.8</ele></trkpt>
    <trkpt lat="31.403610" lon="-7.338178"><ele>1590.5</ele></trkpt>
    <trkpt lat="31.403797" lon="-7.338168"><ele>1591.2</ele></trkpt>
    <trkpt lat="31.404294" lon="-7.337892"><ele>1603.5</ele></trkpt>
    <trkpt lat="31.404586" lon="-7.337648"><ele>1607.5</ele></trkpt>
    <trkpt lat="31.404859" lon="-7.337290"><ele>1608.2</ele></trkpt>
    <trkpt lat="31.405057" lon="-7.337259"><ele>1608.5</ele></trkpt>
    <trkpt lat="31.405842" lon="-7.337726"><ele>1613.0</ele></trkpt>
    <trkpt lat="31.406106" lon="-7.337706"><ele>1621.0</ele></trkpt>
    <trkpt lat="31.406160" lon="-7.337734"><ele>1621.0</ele></trkpt>
    <trkpt lat="31.406121" lon="-7.338226"><ele>1610.8</ele></trkpt>
    <trkpt lat="31.406240" lon="-7.338339"><ele>1610.8</ele></trkpt>
    <trkpt lat="31.406827" lon="-7.338588"><ele>1623.2</ele></trkpt>
    <trkpt lat="31.406854" lon="-7.338813"><ele>1623.5</ele></trkpt>
    <trkpt lat="31.407427" lon="-7.339586"><ele>1625.5</ele></trkpt>
    <trkpt lat="31.407372" lon="-7.340272"><ele>1626.8</ele></trkpt>
    <trkpt lat="31.407262" lon="-7.340471"><ele>1625.5</ele></trkpt>
    <trkpt lat="31.407161" lon="-7.340176"><ele>1623.2</ele></trkpt>
    <trkpt lat="31.406461" lon="-7.340009"><ele>1615.5</ele></trkpt>
    <trkpt lat="31.406204" lon="-7.339999"><ele>1615.5</ele></trkpt>
    <trkpt lat="31.406186" lon="-7.340122"><ele>1615.5</ele></trkpt>
    <trkpt lat="31.406579" lon="-7.340294"><ele>1615.5</ele></trkpt>
    <trkpt lat="31.406982" lon="-7.340889"><ele>1628.5</ele></trkpt>
    <trkpt lat="31.407047" lon="-7.341522"><ele>1634.5</ele></trkpt>
    <trkpt lat="31.407298" lon="-7.341672"><ele>1644.0</ele></trkpt>
    <trkpt lat="31.407440" lon="-7.341919"><ele>1644.8</ele></trkpt>
    <trkpt lat="31.407452" lon="-7.342394"><ele>1646.0</ele></trkpt>
    <trkpt lat="31.407756" lon="-7.343140"><ele>1645.8</ele></trkpt>
    <trkpt lat="31.407994" lon="-7.343432"><ele>1645.8</ele></trkpt>
    <trkpt lat="31.407957" lon="-7.343743"><ele>1644.8</ele></trkpt>
    <trkpt lat="31.408095" lon="-7.344167"><ele>1644.8</ele></trkpt>
    <trkpt lat="31.408772" lon="-7.344092"><ele>1646.5</ele></trkpt>
    <trkpt lat="31.408717" lon="-7.344296"><ele>1646.5</ele></trkpt>
    <trkpt lat="31.408585" lon="-7.344569"><ele>1637.8</ele></trkpt>
    <trkpt lat="31.408603" lon="-7.344988"><ele>1629.5</ele></trkpt>
    <trkpt lat="31.408438" lon="-7.345127"><ele>1620.0</ele></trkpt>
    <trkpt lat="31.408461" lon="-7.345460"><ele>1618.5</ele></trkpt>
    <trkpt lat="31.408328" lon="-7.345701"><ele>1613.2</ele></trkpt>
    <trkpt lat="31.408356" lon="-7.345927"><ele>1612.5</ele></trkpt>
    <trkpt lat="31.408960" lon="-7.346468"><ele>1610.2</ele></trkpt>
    <trkpt lat="31.408960" lon="-7.346989"><ele>1595.0</ele></trkpt>
    <trkpt lat="31.409079" lon="-7.347295"><ele>1589.0</ele></trkpt>
    <trkpt lat="31.409253" lon="-7.347477"><ele>1585.5</ele></trkpt>
    <trkpt lat="31.409528" lon="-7.347659"><ele>1585.5</ele></trkpt>
    <trkpt lat="31.409642" lon="-7.347402"><ele>1585.5</ele></trkpt>
    <trkpt lat="31.409853" lon="-7.347053"><ele>1598.8</ele></trkpt>
    <trkpt lat="31.409967" lon="-7.346914"><ele>1605.2</ele></trkpt>
    <trkpt lat="31.410301" lon="-7.346619"><ele>1605.2</ele></trkpt>
    <trkpt lat="31.410572" lon="-7.346678"><ele>1604.0</ele></trkpt>
    <trkpt lat="31.411029" lon="-7.346377"><ele>1597.8</ele></trkpt>
    <trkpt lat="31.411094" lon="-7.346549"><ele>1597.8</ele></trkpt>
    <trkpt lat="31.411336" lon="-7.347198"><ele>1587.0</ele></trkpt>
    <trkpt lat="31.411666" lon="-7.347761"><ele>1587.0</ele></trkpt>
    <trkpt lat="31.411927" lon="-7.347681"><ele>1590.8</ele></trkpt>
    <trkpt lat="31.412655" lon="-7.348099"><ele>1593.8</ele></trkpt>
    <trkpt lat="31.412627" lon="-7.348255"><ele>1593.8</ele></trkpt>
    <trkpt lat="31.412586" lon="-7.348861"><ele>1578.8</ele></trkpt>
    <trkpt lat="31.412462" lon="-7.348990"><ele>1578.8</ele></trkpt>
    <trkpt lat="31.412595" lon="-7.349279"><ele>1578.8</ele></trkpt>
    <trkpt lat="31.412975" lon="-7.349451"><ele>1572.5</ele></trkpt>
    <trkpt lat="31.412636" lon="-7.349794"><ele>1568.8</ele></trkpt>
    <trkpt lat="31.412531" lon="-7.350036"><ele>1568.8</ele></trkpt>
    <trkpt lat="31.413300" lon="-7.350331"><ele>1570.0</ele></trkpt>
    <trkpt lat="31.413030" lon="-7.350658"><ele>1570.0</ele></trkpt>
    <trkpt lat="31.412920" lon="-7.351168"><ele>1568.2</ele></trkpt>
    <trkpt lat="31.413080" lon="-7.351634"><ele>1564.8</ele></trkpt>
    <trkpt lat="31.413447" lon="-7.352080"><ele>1563.0</ele></trkpt>
    <trkpt lat="31.413360" lon="-7.352375"><ele>1561.2</ele></trkpt>
    <trkpt lat="31.413387" lon="-7.352579"><ele>1557.8</ele></trkpt>
    <trkpt lat="31.413534" lon="-7.353013"><ele>1557.8</ele></trkpt>
    <trkpt lat="31.413891" lon="-7.353120"><ele>1557.8</ele></trkpt>
    <trkpt lat="31.414843" lon="-7.352868"><ele>1564.0</ele></trkpt>
    <trkpt lat="31.415493" lon="-7.353008"><ele>1565.2</ele></trkpt>
    <trkpt lat="31.415539" lon="-7.353163"><ele>1563.2</ele></trkpt>
    <trkpt lat="31.415250" lon="-7.353871"><ele>1540.0</ele></trkpt>
    <trkpt lat="31.415214" lon="-7.354311"><ele>1540.0</ele></trkpt>
    <trkpt lat="31.415443" lon="-7.354794"><ele>1540.0</ele></trkpt>
    <trkpt lat="31.416193" lon="-7.354821"><ele>1542.8</ele></trkpt>
    <trkpt lat="31.416271" lon="-7.354740"><ele>1543.0</ele></trkpt>
    <trkpt lat="31.416372" lon="-7.354472"><ele>1550.2</ele></trkpt>
    <trkpt lat="31.417118" lon="-7.354081"><ele>1557.0</ele></trkpt>
    <trkpt lat="31.417512" lon="-7.354113"><ele>1560.5</ele></trkpt>
    <trkpt lat="31.417828" lon="-7.353893"><ele>1560.5</ele></trkpt>
    <trkpt lat="31.417892" lon="-7.353893"><ele>1555.0</ele></trkpt>
    <trkpt lat="31.417791" lon="-7.354982"><ele>1527.5</ele></trkpt>
    <trkpt lat="31.418116" lon="-7.355379"><ele>1527.2</ele></trkpt>
    <trkpt lat="31.418794" lon="-7.355727"><ele>1527.2</ele></trkpt>
    <trkpt lat="31.418927" lon="-7.355583"><ele>1525.2</ele></trkpt>
    <trkpt lat="31.419014" lon="-7.355642"><ele>1524.8</ele></trkpt>
    <trkpt lat="31.419082" lon="-7.355878"><ele>1524.0</ele></trkpt>
    <trkpt lat="31.418785" lon="-7.356312"><ele>1511.0</ele></trkpt>
    <trkpt lat="31.418739" lon="-7.356811"><ele>1503.2</ele></trkpt>
    <trkpt lat="31.418835" lon="-7.357058"><ele>1499.5</ele></trkpt>
    <trkpt lat="31.419458" lon="-7.356495"><ele>1499.5</ele></trkpt>
    <trkpt lat="31.419989" lon="-7.356296"><ele>1503.2</ele></trkpt>
    <trkpt lat="31.420259" lon="-7.355964"><ele>1504.2</ele></trkpt>
    <trkpt lat="31.420529" lon="-7.356307"><ele>1505.0</ele></trkpt>
    <trkpt lat="31.420964" lon="-7.356291"><ele>1504.0</ele></trkpt>
    <trkpt lat="31.420785" lon="-7.357117"><ele>1480.5</ele></trkpt>
    <trkpt lat="31.420753" lon="-7.357348"><ele>1480.5</ele></trkpt>
    <trkpt lat="31.421147" lon="-7.357637"><ele>1480.5</ele></trkpt>
    <trkpt lat="31.421834" lon="-7.357744"><ele>1494.0</ele></trkpt>
    <trkpt lat="31.421779" lon="-7.357927"><ele>1494.0</ele></trkpt>
    <trkpt lat="31.421531" lon="-7.358361"><ele>1471.0</ele></trkpt>
    <trkpt lat="31.421339" lon="-7.358630"><ele>1470.8</ele></trkpt>
    <trkpt lat="31.421600" lon="-7.358774"><ele>1465.5</ele></trkpt>
    <trkpt lat="31.421440" lon="-7.359493"><ele>1469.5</ele></trkpt>
    <trkpt lat="31.421490" lon="-7.359681"><ele>1466.2</ele></trkpt>
    <trkpt lat="31.421902" lon="-7.359922"><ele>1461.2</ele></trkpt>
    <trkpt lat="31.421847" lon="-7.360722"><ele>1462.0</ele></trkpt>
    <trkpt lat="31.422186" lon="-7.360888"><ele>1462.0</ele></trkpt>
    <trkpt lat="31.422300" lon="-7.361156"><ele>1461.2</ele></trkpt>
    <trkpt lat="31.422561" lon="-7.361323"><ele>1461.2</ele></trkpt>
    <trkpt lat="31.422964" lon="-7.361435"><ele>1461.2</ele></trkpt>
    <trkpt lat="31.423047" lon="-7.361580"><ele>1460.2</ele></trkpt>
    <trkpt lat="31.423042" lon="-7.362229"><ele>1451.0</ele></trkpt>
    <trkpt lat="31.423124" lon="-7.362353"><ele>1448.8</ele></trkpt>
    <trkpt lat="31.423642" lon="-7.362760"><ele>1445.0</ele></trkpt>
    <trkpt lat="31.423733" lon="-7.363007"><ele>1439.5</ele></trkpt>
    <trkpt lat="31.424049" lon="-7.363291"><ele>1439.5</ele></trkpt>
    <trkpt lat="31.424585" lon="-7.362980"><ele>1439.5</ele></trkpt>
    <trkpt lat="31.424635" lon="-7.363356"><ele>1439.5</ele></trkpt>
    <trkpt lat="31.424782" lon="-7.363425"><ele>1439.5</ele></trkpt>
    <trkpt lat="31.424795" lon="-7.364085"><ele>1416.8</ele></trkpt>
    <trkpt lat="31.425061" lon="-7.364423"><ele>1415.0</ele></trkpt>
    <trkpt lat="31.425299" lon="-7.364225"><ele>1415.0</ele></trkpt>
    <trkpt lat="31.425610" lon="-7.364203"><ele>1415.0</ele></trkpt>
    <trkpt lat="31.426338" lon="-7.363704"><ele>1416.5</ele></trkpt>
    <trkpt lat="31.426516" lon="-7.363570"><ele>1415.8</ele></trkpt>
    <trkpt lat="31.426741" lon="-7.363720"><ele>1405.2</ele></trkpt>
    <trkpt lat="31.426938" lon="-7.363785"><ele>1405.2</ele></trkpt>
    <trkpt lat="31.426828" lon="-7.363951"><ele>1405.2</ele></trkpt>
    <trkpt lat="31.426576" lon="-7.363801"><ele>1404.8</ele></trkpt>
    <trkpt lat="31.426036" lon="-7.364225"><ele>1404.8</ele></trkpt>
    <trkpt lat="31.425601" lon="-7.364509"><ele>1400.0</ele></trkpt>
    <trkpt lat="31.425505" lon="-7.364622"><ele>1396.0</ele></trkpt>
    <trkpt lat="31.425125" lon="-7.365346"><ele>1374.2</ele></trkpt>
    <trkpt lat="31.425015" lon="-7.365512"><ele>1374.2</ele></trkpt>
    <trkpt lat="31.424841" lon="-7.365560"><ele>1374.2</ele></trkpt>
    <trkpt lat="31.424704" lon="-7.365550"><ele>1374.0</ele></trkpt>
    <trkpt lat="31.424562" lon="-7.364831"><ele>1374.2</ele></trkpt>
    <trkpt lat="31.424301" lon="-7.364852"><ele>1374.8</ele></trkpt>
    <trkpt lat="31.424191" lon="-7.364563"><ele>1375.5</ele></trkpt>
    <trkpt lat="31.423193" lon="-7.363849"><ele>1376.8</ele></trkpt>
    <trkpt lat="31.422346" lon="-7.363479"><ele>1374.2</ele></trkpt>
    <trkpt lat="31.422154" lon="-7.363538"><ele>1374.2</ele></trkpt>
    <trkpt lat="31.422017" lon="-7.364112"><ele>1364.0</ele></trkpt>
    <trkpt lat="31.422020" lon="-7.364160"><ele>1364.0</ele></trkpt>
    <trkpt lat="31.422554" lon="-7.364423"><ele>1363.8</ele></trkpt>
    <trkpt lat="31.423042" lon="-7.364932"><ele>1360.2</ele></trkpt>
    <trkpt lat="31.423267" lon="-7.365363"><ele>1357.2</ele></trkpt>
    <trkpt lat="31.423428" lon="-7.365713"><ele>1356.8</ele></trkpt>
    <trkpt lat="31.423672" lon="-7.365900"><ele>1357.0</ele></trkpt>
    <trkpt lat="31.423618" lon="-7.366144"><ele>1359.8</ele></trkpt>
    <trkpt lat="31.423727" lon="-7.366544"><ele>1360.0</ele></trkpt>
    <trkpt lat="31.424062" lon="-7.366998"><ele>1359.5</ele></trkpt>
    <trkpt lat="31.424219" lon="-7.367107"><ele>1359.5</ele></trkpt>
    <trkpt lat="31.424459" lon="-7.367355"><ele>1358.0</ele></trkpt>
    <trkpt lat="31.424722" lon="-7.367339"><ele>1355.0</ele></trkpt>
    <trkpt lat="31.425457" lon="-7.367643"><ele>1352.5</ele></trkpt>
    <trkpt lat="31.426308" lon="-7.368198"><ele>1354.5</ele></trkpt>
    <trkpt lat="31.427630" lon="-7.368086"><ele>1348.2</ele></trkpt>
    <trkpt lat="31.428242" lon="-7.368384"><ele>1348.2</ele></trkpt>
    <trkpt lat="31.428337" lon="-7.368559"><ele>1348.2</ele></trkpt>
    <trkpt lat="31.428347" lon="-7.368633"><ele>1349.8</ele></trkpt>
    <trkpt lat="31.428268" lon="-7.369018"><ele>1360.8</ele></trkpt>
    <trkpt lat="31.428367" lon="-7.369157"><ele>1361.8</ele></trkpt>
    <trkpt lat="31.428448" lon="-7.369316"><ele>1361.8</ele></trkpt>
    <trkpt lat="31.429159" lon="-7.369550"><ele>1357.8</ele></trkpt>
    <trkpt lat="31.429329" lon="-7.370446"><ele>1377.2</ele></trkpt>
    <trkpt lat="31.429387" lon="-7.370541"><ele>1378.5</ele></trkpt>
    <trkpt lat="31.429479" lon="-7.370433"><ele>1378.5</ele></trkpt>
    <trkpt lat="31.429537" lon="-7.370304"><ele>1375.5</ele></trkpt>
    <trkpt lat="31.429590" lon="-7.369733"><ele>1358.2</ele></trkpt>
    <trkpt lat="31.429995" lon="-7.369373"><ele>1344.8</ele></trkpt>
    <trkpt lat="31.430441" lon="-7.369224"><ele>1342.0</ele></trkpt>
    <trkpt lat="31.431555" lon="-7.369320"><ele>1342.0</ele></trkpt>
    <trkpt lat="31.431866" lon="-7.369467"><ele>1342.0</ele></trkpt>
    <trkpt lat="31.432278" lon="-7.369018"><ele>1332.2</ele></trkpt>
    <trkpt lat="31.432745" lon="-7.368831"><ele>1331.0</ele></trkpt>
    <trkpt lat="31.433085" lon="-7.369112"><ele>1332.5</ele></trkpt>
    <trkpt lat="31.433538" lon="-7.368673"><ele>1328.0</ele></trkpt>
    <trkpt lat="31.433771" lon="-7.368673"><ele>1326.8</ele></trkpt>
    <trkpt lat="31.433949" lon="-7.368717"><ele>1326.8</ele></trkpt>
    <trkpt lat="31.434917" lon="-7.369261"><ele>1329.0</ele></trkpt>
    <trkpt lat="31.435087" lon="-7.369524"><ele>1329.5</ele></trkpt>
    <trkpt lat="31.435348" lon="-7.369563"><ele>1331.2</ele></trkpt>
    <trkpt lat="31.435617" lon="-7.369367"><ele>1335.0</ele></trkpt>
    <trkpt lat="31.435557" lon="-7.369073"><ele>1336.0</ele></trkpt>
    <trkpt lat="31.435677" lon="-7.368908"><ele>1336.2</ele></trkpt>
    <trkpt lat="31.436586" lon="-7.368412"><ele>1337.5</ele></trkpt>
    <trkpt lat="31.436753" lon="-7.368161"><ele>1337.5</ele></trkpt>
    <trkpt lat="31.437489" lon="-7.368141"><ele>1340.2</ele></trkpt>
    <trkpt lat="31.438058" lon="-7.367952"><ele>1340.2</ele></trkpt>
    <trkpt lat="31.438967" lon="-7.367429"><ele>1335.8</ele></trkpt>
    <trkpt lat="31.439438" lon="-7.366910"><ele>1335.5</ele></trkpt>
    <trkpt lat="31.439664" lon="-7.366818"><ele>1335.8</ele></trkpt>
    <trkpt lat="31.440846" lon="-7.366160"><ele>1344.2</ele></trkpt>
    <trkpt lat="31.441326" lon="-7.365681"><ele>1345.0</ele></trkpt>
    <trkpt lat="31.441972" lon="-7.365636"><ele>1342.0</ele></trkpt>
    <trkpt lat="31.442536" lon="-7.364976"><ele>1339.2</ele></trkpt>
    <trkpt lat="31.442635" lon="-7.364451"><ele>1338.0</ele></trkpt>
    <trkpt lat="31.443004" lon="-7.363906"><ele>1337.0</ele></trkpt>
    <trkpt lat="31.444461" lon="-7.364728"><ele>1336.5</ele></trkpt>
    <trkpt lat="31.444702" lon="-7.364783"><ele>1337.2</ele></trkpt>
    <trkpt lat="31.445025" lon="-7.364771"><ele>1338.8</ele></trkpt>
    <trkpt lat="31.445725" lon="-7.364242"><ele>1341.5</ele></trkpt>
    <trkpt lat="31.445922" lon="-7.364226"><ele>1343.0</ele></trkpt>
    <trkpt lat="31.446099" lon="-7.364626"><ele>1345.5</ele></trkpt>
    <trkpt lat="31.446140" lon="-7.365727"><ele>1346.5</ele></trkpt>
    <trkpt lat="31.445955" lon="-7.367072"><ele>1347.0</ele></trkpt>
    <trkpt lat="31.446548" lon="-7.368904"><ele>1349.8</ele></trkpt>
    <trkpt lat="31.446659" lon="-7.369104"><ele>1349.8</ele></trkpt>
    <trkpt lat="31.447476" lon="-7.370089"><ele>1336.8</ele></trkpt>
    <trkpt lat="31.447664" lon="-7.370269"><ele>1333.0</ele></trkpt>
    <trkpt lat="31.448639" lon="-7.370850"><ele>1306.0</ele></trkpt>
    <trkpt lat="31.448675" lon="-7.370893"><ele>1304.0</ele></trkpt>
    <trkpt lat="31.448395" lon="-7.371068"><ele>1302.8</ele></trkpt>
    <trkpt lat="31.447275" lon="-7.371016"><ele>1302.8</ele></trkpt>
    <trkpt lat="31.447215" lon="-7.371180"><ele>1299.2</ele></trkpt>
    <trkpt lat="31.447299" lon="-7.371279"><ele>1296.5</ele></trkpt>
    <trkpt lat="31.448349" lon="-7.371707"><ele>1286.5</ele></trkpt>
    <trkpt lat="31.448457" lon="-7.371764"><ele>1283.8</ele></trkpt>
    <trkpt lat="31.448246" lon="-7.372241"><ele>1269.8</ele></trkpt>
    <trkpt lat="31.448675" lon="-7.372440"><ele>1264.5</ele></trkpt>
    <trkpt lat="31.449172" lon="-7.373043"><ele>1253.0</ele></trkpt>
    <trkpt lat="31.449234" lon="-7.373056"><ele>1251.8</ele></trkpt>
    <trkpt lat="31.449345" lon="-7.372962"><ele>1251.8</ele></trkpt>
    <trkpt lat="31.449427" lon="-7.372385"><ele>1251.8</ele></trkpt>
    <trkpt lat="31.449655" lon="-7.372266"><ele>1251.8</ele></trkpt>
    <trkpt lat="31.449978" lon="-7.372305"><ele>1244.0</ele></trkpt>
    <trkpt lat="31.450154" lon="-7.372364"><ele>1241.2</ele></trkpt>
    <trkpt lat="31.450843" lon="-7.373175"><ele>1233.8</ele></trkpt>
    <trkpt lat="31.451116" lon="-7.374798"><ele>1229.0</ele></trkpt>
    <trkpt lat="31.450697" lon="-7.375261"><ele>1224.0</ele></trkpt>
    <trkpt lat="31.451045" lon="-7.375348"><ele>1223.0</ele></trkpt>
    <trkpt lat="31.451457" lon="-7.375597"><ele>1216.5</ele></trkpt>
    <trkpt lat="31.451775" lon="-7.376194"><ele>1210.5</ele></trkpt>
    <trkpt lat="31.451875" lon="-7.376829"><ele>1210.5</ele></trkpt>
    <trkpt lat="31.451944" lon="-7.375656"><ele>1211.8</ele></trkpt>
    <trkpt lat="31.452102" lon="-7.375286"><ele>1209.2</ele></trkpt>
    <trkpt lat="31.452234" lon="-7.374107"><ele>1200.8</ele></trkpt>
    <trkpt lat="31.451982" lon="-7.373218"><ele>1203.2</ele></trkpt>
    <trkpt lat="31.452004" lon="-7.373153"><ele>1203.2</ele></trkpt>
    <trkpt lat="31.452181" lon="-7.372844"><ele>1196.0</ele></trkpt>
    <trkpt lat="31.452346" lon="-7.371951"><ele>1190.8</ele></trkpt>
    <trkpt lat="31.452348" lon="-7.371609"><ele>1189.8</ele></trkpt>
    <trkpt lat="31.452618" lon="-7.371402"><ele>1187.8</ele></trkpt>
    <trkpt lat="31.452703" lon="-7.371281"><ele>1187.5</ele></trkpt>
    <trkpt lat="31.453302" lon="-7.369157"><ele>1187.5</ele></trkpt>
    <trkpt lat="31.453499" lon="-7.366140"><ele>1195.2</ele></trkpt>
    <trkpt lat="31.454330" lon="-7.365876"><ele>1193.8</ele></trkpt>
    <trkpt lat="31.454682" lon="-7.365530"><ele>1194.5</ele></trkpt>
    <trkpt lat="31.454642" lon="-7.364839"><ele>1195.0</ele></trkpt>
    <trkpt lat="31.454697" lon="-7.363093"><ele>1197.8</ele></trkpt>
    <trkpt lat="31.454893" lon="-7.362011"><ele>1204.5</ele></trkpt>
    <trkpt lat="31.454483" lon="-7.358087"><ele>1213.5</ele></trkpt>
    <trkpt lat="31.454457" lon="-7.357934"><ele>1213.5</ele></trkpt>
    <trkpt lat="31.454163" lon="-7.357030"><ele>1213.0</ele></trkpt>
    <trkpt lat="31.453469" lon="-7.356446"><ele>1213.0</ele></trkpt>
    <trkpt lat="31.453241" lon="-7.355998"><ele>1214.5</ele></trkpt>
    <trkpt lat="31.453213" lon="-7.355863"><ele>1215.0</ele></trkpt>
    <trkpt lat="31.453145" lon="-7.355309"><ele>1217.8</ele></trkpt>
    <trkpt lat="31.452998" lon="-7.354895"><ele>1219.5</ele></trkpt>
    <trkpt lat="31.452877" lon="-7.354616"><ele>1222.2</ele></trkpt>
    <trkpt lat="31.452698" lon="-7.353349"><ele>1233.0</ele></trkpt>
    <trkpt lat="31.452984" lon="-7.352352"><ele>1244.8</ele></trkpt>
    <trkpt lat="31.453000" lon="-7.352020"><ele>1244.8</ele></trkpt>
    <trkpt lat="31.452575" lon="-7.350830"><ele>1245.2</ele></trkpt>
    <trkpt lat="31.452138" lon="-7.350110"><ele>1247.0</ele></trkpt>
    <trkpt lat="31.452109" lon="-7.349754"><ele>1247.8</ele></trkpt>
    <trkpt lat="31.452423" lon="-7.349186"><ele>1247.8</ele></trkpt>
    <trkpt lat="31.452411" lon="-7.348085"><ele>1247.5</ele></trkpt>
    <trkpt lat="31.452846" lon="-7.346922"><ele>1257.8</ele></trkpt>
    <trkpt lat="31.452938" lon="-7.346655"><ele>1259.8</ele></trkpt>
    <trkpt lat="31.453077" lon="-7.345354"><ele>1263.5</ele></trkpt>
    <trkpt lat="31.454189" lon="-7.343450"><ele>1273.2</ele></trkpt>
    <trkpt lat="31.454236" lon="-7.342853"><ele>1273.5</ele></trkpt>
    <trkpt lat="31.454516" lon="-7.341411"><ele>1285.0</ele></trkpt>
    <trkpt lat="31.455140" lon="-7.340535"><ele>1296.8</ele></trkpt>
    <trkpt lat="31.455606" lon="-7.339497"><ele>1301.2</ele></trkpt>
    <trkpt lat="31.456491" lon="-7.336591"><ele>1307.2</ele></trkpt>
    <trkpt lat="31.456866" lon="-7.336164"><ele>1306.5</ele></trkpt>
    <trkpt lat="31.456707" lon="-7.335782"><ele>1306.5</ele></trkpt>
    <trkpt lat="31.456743" lon="-7.335416"><ele>1306.5</ele></trkpt>
    <trkpt lat="31.457338" lon="-7.333652"><ele>1320.8</ele></trkpt>
    <trkpt lat="31.457419" lon="-7.333467"><ele>1323.0</ele></trkpt>
    <trkpt lat="31.457438" lon="-7.333373"><ele>1323.0</ele></trkpt>
    <trkpt lat="31.457253" lon="-7.332063"><ele>1328.5</ele></trkpt>
    <trkpt lat="31.456819" lon="-7.330887"><ele>1327.8</ele></trkpt>
    <trkpt lat="31.456799" lon="-7.330388"><ele>1327.8</ele></trkpt>
    <trkpt lat="31.456897" lon="-7.330204"><ele>1327.8</ele></trkpt>
    <trkpt lat="31.457356" lon="-7.329874"><ele>1336.5</ele></trkpt>
    <trkpt lat="31.457440" lon="-7.329785"><ele>1337.2</ele></trkpt>
    <trkpt lat="31.458723" lon="-7.327959"><ele>1342.0</ele></trkpt>
    <trkpt lat="31.458939" lon="-7.327685"><ele>1342.2</ele></trkpt>
    <trkpt lat="31.459962" lon="-7.326931"><ele>1345.8</ele></trkpt>
    <trkpt lat="31.460489" lon="-7.326724"><ele>1345.2</ele></trkpt>
    <trkpt lat="31.460090" lon="-7.326151"><ele>1346.0</ele></trkpt>
    <trkpt lat="31.459916" lon="-7.326129"><ele>1346.0</ele></trkpt>
    <trkpt lat="31.459483" lon="-7.326179"><ele>1339.8</ele></trkpt>
    <trkpt lat="31.459389" lon="-7.326018"><ele>1339.8</ele></trkpt>
    <trkpt lat="31.459725" lon="-7.324971"><ele>1352.8</ele></trkpt>
    <trkpt lat="31.459734" lon="-7.324926"><ele>1353.0</ele></trkpt>
    <trkpt lat="31.459852" lon="-7.323439"><ele>1358.5</ele></trkpt>
    <trkpt lat="31.459800" lon="-7.321625"><ele>1364.2</ele></trkpt>
    <trkpt lat="31.459867" lon="-7.320629"><ele>1365.5</ele></trkpt>
    <trkpt lat="31.459600" lon="-7.318944"><ele>1367.2</ele></trkpt>
    <trkpt lat="31.459583" lon="-7.317692"><ele>1370.5</ele></trkpt>
    <trkpt lat="31.460302" lon="-7.316187"><ele>1379.0</ele></trkpt>
    <trkpt lat="31.459740" lon="-7.315683"><ele>1379.5</ele></trkpt>
    <trkpt lat="31.459720" lon="-7.315595"><ele>1379.5</ele></trkpt>
    <trkpt lat="31.459740" lon="-7.314891"><ele>1389.0</ele></trkpt>
    <trkpt lat="31.459615" lon="-7.313716"><ele>1392.8</ele></trkpt>
    <trkpt lat="31.460018" lon="-7.312700"><ele>1401.2</ele></trkpt>
    <trkpt lat="31.460734" lon="-7.310986"><ele>1414.8</ele></trkpt>
    <trkpt lat="31.460936" lon="-7.310487"><ele>1416.0</ele></trkpt>
    <trkpt lat="31.461293" lon="-7.308134"><ele>1427.8</ele></trkpt>
    <trkpt lat="31.461290" lon="-7.305755"><ele>1436.5</ele></trkpt>
    <trkpt lat="31.461762" lon="-7.302736"><ele>1449.5</ele></trkpt>
    <trkpt lat="31.461551" lon="-7.300227"><ele>1453.2</ele></trkpt>
    <trkpt lat="31.461862" lon="-7.297524"><ele>1476.2</ele></trkpt>
    <trkpt lat="31.461882" lon="-7.297446"><ele>1477.5</ele></trkpt>
    <trkpt lat="31.462041" lon="-7.297379"><ele>1481.5</ele></trkpt>
    <trkpt lat="31.462485" lon="-7.297785"><ele>1482.8</ele></trkpt>
    <trkpt lat="31.463313" lon="-7.298138"><ele>1485.2</ele></trkpt>
    <trkpt lat="31.463514" lon="-7.298118"><ele>1487.2</ele></trkpt>
    <trkpt lat="31.463782" lon="-7.297813"><ele>1495.0</ele></trkpt>
    <trkpt lat="31.463955" lon="-7.297215"><ele>1505.5</ele></trkpt>
    <trkpt lat="31.463904" lon="-7.296668"><ele>1514.5</ele></trkpt>
    <trkpt lat="31.463869" lon="-7.296376"><ele>1516.8</ele></trkpt>
    <trkpt lat="31.464091" lon="-7.295973"><ele>1520.2</ele></trkpt>
    <trkpt lat="31.464203" lon="-7.294621"><ele>1531.0</ele></trkpt>
    <trkpt lat="31.464945" lon="-7.292874"><ele>1547.0</ele></trkpt>
    <trkpt lat="31.465001" lon="-7.292516"><ele>1547.2</ele></trkpt>
    <trkpt lat="31.465238" lon="-7.291560"><ele>1556.2</ele></trkpt>
    <trkpt lat="31.465617" lon="-7.290785"><ele>1561.0</ele></trkpt>
    <trkpt lat="31.465951" lon="-7.290287"><ele>1562.5</ele></trkpt>
    <trkpt lat="31.466248" lon="-7.290302"><ele>1564.2</ele></trkpt>
    <trkpt lat="31.466590" lon="-7.290573"><ele>1573.5</ele></trkpt>
    <trkpt lat="31.467119" lon="-7.291939"><ele>1591.0</ele></trkpt>
    <trkpt lat="31.467574" lon="-7.292456"><ele>1597.5</ele></trkpt>
    <trkpt lat="31.468212" lon="-7.292749"><ele>1605.0</ele></trkpt>
    <trkpt lat="31.468939" lon="-7.292877"><ele>1619.5</ele></trkpt>
    <trkpt lat="31.469040" lon="-7.292822"><ele>1620.2</ele></trkpt>
    <trkpt lat="31.469068" lon="-7.292691"><ele>1620.2</ele></trkpt>
    <trkpt lat="31.469054" lon="-7.292607"><ele>1619.2</ele></trkpt>
    <trkpt lat="31.468737" lon="-7.292009"><ele>1612.0</ele></trkpt>
    <trkpt lat="31.468694" lon="-7.291786"><ele>1612.0</ele></trkpt>
    <trkpt lat="31.469061" lon="-7.290748"><ele>1614.0</ele></trkpt>
    <trkpt lat="31.469163" lon="-7.290543"><ele>1615.0</ele></trkpt>
    <trkpt lat="31.469552" lon="-7.290194"><ele>1622.8</ele></trkpt>
    <trkpt lat="31.470691" lon="-7.289764"><ele>1641.2</ele></trkpt>
    <trkpt lat="31.470734" lon="-7.289717"><ele>1641.2</ele></trkpt>
    <trkpt lat="31.470725" lon="-7.289468"><ele>1640.8</ele></trkpt>
    <trkpt lat="31.470376" lon="-7.289128"><ele>1629.2</ele></trkpt>
    <trkpt lat="31.470329" lon="-7.289040"><ele>1629.2</ele></trkpt>
    <trkpt lat="31.470353" lon="-7.288565"><ele>1630.5</ele></trkpt>
    <trkpt lat="31.470675" lon="-7.288212"><ele>1639.0</ele></trkpt>
    <trkpt lat="31.470711" lon="-7.288171"><ele>1639.0</ele></trkpt>
    <trkpt lat="31.470677" lon="-7.287735"><ele>1634.5</ele></trkpt>
    <trkpt lat="31.470767" lon="-7.287544"><ele>1634.5</ele></trkpt>
    <trkpt lat="31.470852" lon="-7.287469"><ele>1634.5</ele></trkpt>
    <trkpt lat="31.470993" lon="-7.287393"><ele>1638.2</ele></trkpt>
    <trkpt lat="31.471510" lon="-7.287202"><ele>1653.0</ele></trkpt>
    <trkpt lat="31.471602" lon="-7.287122"><ele>1654.2</ele></trkpt>
    <trkpt lat="31.471776" lon="-7.286605"><ele>1654.5</ele></trkpt>
    <trkpt lat="31.471657" lon="-7.286197"><ele>1652.2</ele></trkpt>
    <trkpt lat="31.471727" lon="-7.285700"><ele>1652.2</ele></trkpt>
    <trkpt lat="31.471775" lon="-7.285640"><ele>1653.0</ele></trkpt>
    <trkpt lat="31.472217" lon="-7.285325"><ele>1662.2</ele></trkpt>
    <trkpt lat="31.472284" lon="-7.285269"><ele>1663.2</ele></trkpt>
    <trkpt lat="31.472824" lon="-7.284631"><ele>1665.2</ele></trkpt>
    <trkpt lat="31.472945" lon="-7.284568"><ele>1666.8</ele></trkpt>
    <trkpt lat="31.473690" lon="-7.284381"><ele>1679.2</ele></trkpt>
    <trkpt lat="31.473749" lon="-7.284345"><ele>1679.2</ele></trkpt>
    <trkpt lat="31.473758" lon="-7.284208"><ele>1678.8</ele></trkpt>
    <trkpt lat="31.473320" lon="-7.283735"><ele>1669.5</ele></trkpt>
    <trkpt lat="31.473323" lon="-7.283627"><ele>1669.5</ele></trkpt>
    <trkpt lat="31.473474" lon="-7.282577"><ele>1680.2</ele></trkpt>
    <trkpt lat="31.473496" lon="-7.282483"><ele>1681.2</ele></trkpt>
    <trkpt lat="31.473812" lon="-7.281854"><ele>1688.5</ele></trkpt>
    <trkpt lat="31.474848" lon="-7.280679"><ele>1696.0</ele></trkpt>
    <trkpt lat="31.474930" lon="-7.280655"><ele>1697.2</ele></trkpt>
    <trkpt lat="31.476032" lon="-7.280588"><ele>1712.8</ele></trkpt>
    <trkpt lat="31.476142" lon="-7.280526"><ele>1714.2</ele></trkpt>
    <trkpt lat="31.476149" lon="-7.280383"><ele>1714.2</ele></trkpt>
    <trkpt lat="31.476118" lon="-7.280341"><ele>1713.8</ele></trkpt>
    <trkpt lat="31.475657" lon="-7.279936"><ele>1702.0</ele></trkpt>
    <trkpt lat="31.475638" lon="-7.279763"><ele>1702.0</ele></trkpt>
    <trkpt lat="31.475684" lon="-7.279672"><ele>1702.0</ele></trkpt>
    <trkpt lat="31.476065" lon="-7.278992"><ele>1712.8</ele></trkpt>
    <trkpt lat="31.476651" lon="-7.277754"><ele>1716.8</ele></trkpt>
    <trkpt lat="31.477005" lon="-7.277620"><ele>1721.2</ele></trkpt>
    <trkpt lat="31.477691" lon="-7.277648"><ele>1736.2</ele></trkpt>
    <trkpt lat="31.477785" lon="-7.277584"><ele>1736.5</ele></trkpt>
    <trkpt lat="31.477749" lon="-7.277424"><ele>1736.5</ele></trkpt>
    <trkpt lat="31.477383" lon="-7.277080"><ele>1726.0</ele></trkpt>
    <trkpt lat="31.477356" lon="-7.276971"><ele>1726.0</ele></trkpt>
    <trkpt lat="31.477651" lon="-7.276004"><ele>1726.0</ele></trkpt>
    <trkpt lat="31.477718" lon="-7.275938"><ele>1726.0</ele></trkpt>
    <trkpt lat="31.478470" lon="-7.275342"><ele>1733.2</ele></trkpt>
    <trkpt lat="31.478570" lon="-7.275302"><ele>1734.2</ele></trkpt>
    <trkpt lat="31.479449" lon="-7.275237"><ele>1749.8</ele></trkpt>
    <trkpt lat="31.479580" lon="-7.275159"><ele>1749.8</ele></trkpt>
    <trkpt lat="31.479555" lon="-7.275014"><ele>1748.0</ele></trkpt>
    <trkpt lat="31.478942" lon="-7.274575"><ele>1739.8</ele></trkpt>
    <trkpt lat="31.478840" lon="-7.274265"><ele>1739.8</ele></trkpt>
    <trkpt lat="31.478836" lon="-7.274164"><ele>1740.2</ele></trkpt>
    <trkpt lat="31.479146" lon="-7.273309"><ele>1747.2</ele></trkpt>
    <trkpt lat="31.479723" lon="-7.272809"><ele>1755.0</ele></trkpt>
    <trkpt lat="31.479802" lon="-7.272717"><ele>1755.0</ele></trkpt>
    <trkpt lat="31.479539" lon="-7.272299"><ele>1750.5</ele></trkpt>
    <trkpt lat="31.479847" lon="-7.270738"><ele>1754.5</ele></trkpt>
    <trkpt lat="31.479777" lon="-7.269984"><ele>1754.2</ele></trkpt>
    <trkpt lat="31.479716" lon="-7.269175"><ele>1751.5</ele></trkpt>
    <trkpt lat="31.479765" lon="-7.268544"><ele>1751.0</ele></trkpt>
    <trkpt lat="31.479986" lon="-7.267814"><ele>1746.2</ele></trkpt>
    <trkpt lat="31.480091" lon="-7.267591"><ele>1744.8</ele></trkpt>
    <trkpt lat="31.480668" lon="-7.266521"><ele>1744.8</ele></trkpt>
    <trkpt lat="31.481638" lon="-7.266295"><ele>1754.0</ele></trkpt>
    <trkpt lat="31.481623" lon="-7.266016"><ele>1754.0</ele></trkpt>
    <trkpt lat="31.481380" lon="-7.265231"><ele>1749.0</ele></trkpt>
    <trkpt lat="31.481390" lon="-7.264329"><ele>1743.0</ele></trkpt>
    <trkpt lat="31.481453" lon="-7.264174"><ele>1743.0</ele></trkpt>
    <trkpt lat="31.481573" lon="-7.264090"><ele>1743.0</ele></trkpt>
    <trkpt lat="31.481737" lon="-7.264084"><ele>1745.8</ele></trkpt>
    <trkpt lat="31.482102" lon="-7.264222"><ele>1756.5</ele></trkpt>
    <trkpt lat="31.482139" lon="-7.264204"><ele>1756.5</ele></trkpt>
    <trkpt lat="31.482229" lon="-7.263482"><ele>1746.2</ele></trkpt>
    <trkpt lat="31.482734" lon="-7.262981"><ele>1746.2</ele></trkpt>
    <trkpt lat="31.483825" lon="-7.262789"><ele>1753.5</ele></trkpt>
    <trkpt lat="31.484064" lon="-7.262709"><ele>1753.5</ele></trkpt>
    <trkpt lat="31.484969" lon="-7.261484"><ele>1752.2</ele></trkpt>
    <trkpt lat="31.485407" lon="-7.261116"><ele>1754.5</ele></trkpt>
    <trkpt lat="31.485498" lon="-7.260341"><ele>1749.2</ele></trkpt>
    <trkpt lat="31.486263" lon="-7.259894"><ele>1753.5</ele></trkpt>
    <trkpt lat="31.486283" lon="-7.259826"><ele>1753.5</ele></trkpt>
    <trkpt lat="31.486357" lon="-7.259145"><ele>1739.0</ele></trkpt>
    <trkpt lat="31.486492" lon="-7.258963"><ele>1739.0</ele></trkpt>
    <trkpt lat="31.486555" lon="-7.258957"><ele>1739.0</ele></trkpt>
    <trkpt lat="31.486845" lon="-7.259108"><ele>1743.0</ele></trkpt>
    <trkpt lat="31.487272" lon="-7.259617"><ele>1758.5</ele></trkpt>
    <trkpt lat="31.487297" lon="-7.259630"><ele>1758.5</ele></trkpt>
    <trkpt lat="31.487885" lon="-7.259464"><ele>1747.0</ele></trkpt>
    <trkpt lat="31.487996" lon="-7.259529"><ele>1747.0</ele></trkpt>
    <trkpt lat="31.488316" lon="-7.259896"><ele>1754.5</ele></trkpt>
    <trkpt lat="31.488855" lon="-7.260194"><ele>1756.0</ele></trkpt>
    <trkpt lat="31.489425" lon="-7.260190"><ele>1758.5</ele></trkpt>
    <trkpt lat="31.489676" lon="-7.260547"><ele>1764.2</ele></trkpt>
    <trkpt lat="31.489773" lon="-7.260651"><ele>1764.2</ele></trkpt>
    <trkpt lat="31.489962" lon="-7.260687"><ele>1763.5</ele></trkpt>
    <trkpt lat="31.490127" lon="-7.258452"><ele>1759.0</ele></trkpt>
    <trkpt lat="31.489711" lon="-7.257272"><ele>1752.5</ele></trkpt>
    <trkpt lat="31.489730" lon="-7.256887"><ele>1751.5</ele></trkpt>
    <trkpt lat="31.489747" lon="-7.256279"><ele>1753.0</ele></trkpt>
    <trkpt lat="31.489960" lon="-7.255028"><ele>1753.0</ele></trkpt>
    <trkpt lat="31.490400" lon="-7.254537"><ele>1753.2</ele></trkpt>
    <trkpt lat="31.491122" lon="-7.254136"><ele>1755.2</ele></trkpt>
    <trkpt lat="31.491590" lon="-7.253600"><ele>1755.0</ele></trkpt>
    <trkpt lat="31.492058" lon="-7.253307"><ele>1753.5</ele></trkpt>
    <trkpt lat="31.492573" lon="-7.253200"><ele>1753.5</ele></trkpt>
    <trkpt lat="31.493708" lon="-7.253555"><ele>1755.2</ele></trkpt>
    <trkpt lat="31.494624" lon="-7.253490"><ele>1755.2</ele></trkpt>
    <trkpt lat="31.496157" lon="-7.254246"><ele>1759.2</ele></trkpt>
    <trkpt lat="31.496958" lon="-7.254362"><ele>1761.8</ele></trkpt>
    <trkpt lat="31.497301" lon="-7.254273"><ele>1761.8</ele></trkpt>
    <trkpt lat="31.497959" lon="-7.254115"><ele>1753.5</ele></trkpt>
    <trkpt lat="31.498121" lon="-7.254101"><ele>1753.5</ele></trkpt>
    <trkpt lat="31.498780" lon="-7.254936"><ele>1752.0</ele></trkpt>
    <trkpt lat="31.499086" lon="-7.255636"><ele>1750.8</ele></trkpt>
    <trkpt lat="31.499090" lon="-7.256114"><ele>1750.5</ele></trkpt>
    <trkpt lat="31.499020" lon="-7.256298"><ele>1750.5</ele></trkpt>
    <trkpt lat="31.498764" lon="-7.256786"><ele>1752.5</ele></trkpt>
    <trkpt lat="31.498224" lon="-7.257380"><ele>1760.8</ele></trkpt>
    <trkpt lat="31.498229" lon="-7.257430"><ele>1760.8</ele></trkpt>
    <trkpt lat="31.498319" lon="-7.257989"><ele>1757.2</ele></trkpt>
    <trkpt lat="31.498562" lon="-7.258511"><ele>1751.2</ele></trkpt>
    <trkpt lat="31.498571" lon="-7.258601"><ele>1751.2</ele></trkpt>
    <trkpt lat="31.498096" lon="-7.259646"><ele>1756.0</ele></trkpt>
    <trkpt lat="31.498110" lon="-7.259762"><ele>1756.0</ele></trkpt>
    <trkpt lat="31.498477" lon="-7.260675"><ele>1750.5</ele></trkpt>
    <trkpt lat="31.498385" lon="-7.261371"><ele>1748.8</ele></trkpt>
    <trkpt lat="31.498257" lon="-7.263519"><ele>1755.5</ele></trkpt>
    <trkpt lat="31.498427" lon="-7.263948"><ele>1757.0</ele></trkpt>
    <trkpt lat="31.499313" lon="-7.264246"><ele>1735.2</ele></trkpt>
    <trkpt lat="31.499778" lon="-7.265013"><ele>1734.2</ele></trkpt>
    <trkpt lat="31.500083" lon="-7.266838"><ele>1730.5</ele></trkpt>
    <trkpt lat="31.499958" lon="-7.267549"><ele>1730.5</ele></trkpt>
    <trkpt lat="31.499838" lon="-7.267908"><ele>1740.5</ele></trkpt>
    <trkpt lat="31.499814" lon="-7.268019"><ele>1741.5</ele></trkpt>
    <trkpt lat="31.499859" lon="-7.268389"><ele>1741.5</ele></trkpt>
    <trkpt lat="31.499955" lon="-7.268469"><ele>1738.5</ele></trkpt>
    <trkpt lat="31.500374" lon="-7.268006"><ele>1731.8</ele></trkpt>
    <trkpt lat="31.500751" lon="-7.268112"><ele>1733.0</ele></trkpt>
    <trkpt lat="31.501088" lon="-7.267393"><ele>1726.5</ele></trkpt>
    <trkpt lat="31.501096" lon="-7.266895"><ele>1724.8</ele></trkpt>
    <trkpt lat="31.501114" lon="-7.266731"><ele>1724.8</ele></trkpt>
    <trkpt lat="31.501555" lon="-7.265939"><ele>1729.0</ele></trkpt>
    <trkpt lat="31.501573" lon="-7.265604"><ele>1729.0</ele></trkpt>
    <trkpt lat="31.501843" lon="-7.263494"><ele>1724.8</ele></trkpt>
    <trkpt lat="31.502601" lon="-7.261247"><ele>1721.8</ele></trkpt>
    <trkpt lat="31.503204" lon="-7.260412"><ele>1721.2</ele></trkpt>
    <trkpt lat="31.504467" lon="-7.258937"><ele>1710.0</ele></trkpt>
    <trkpt lat="31.504562" lon="-7.258881"><ele>1709.0</ele></trkpt>
    <trkpt lat="31.504807" lon="-7.258826"><ele>1709.0</ele></trkpt>
    <trkpt lat="31.505645" lon="-7.260344"><ele>1722.2</ele></trkpt>
    <trkpt lat="31.505713" lon="-7.260496"><ele>1723.2</ele></trkpt>
    <trkpt lat="31.505970" lon="-7.261176"><ele>1733.0</ele></trkpt>
    <trkpt lat="31.506092" lon="-7.261327"><ele>1736.0</ele></trkpt>
    <trkpt lat="31.506267" lon="-7.261396"><ele>1736.5</ele></trkpt>
    <trkpt lat="31.506288" lon="-7.261368"><ele>1736.5</ele></trkpt>
    <trkpt lat="31.506680" lon="-7.260678"><ele>1724.2</ele></trkpt>
    <trkpt lat="31.506845" lon="-7.260461"><ele>1723.8</ele></trkpt>
    <trkpt lat="31.506874" lon="-7.260187"><ele>1720.0</ele></trkpt>
    <trkpt lat="31.506905" lon="-7.260068"><ele>1719.8</ele></trkpt>
    <trkpt lat="31.507262" lon="-7.259290"><ele>1720.0</ele></trkpt>
    <trkpt lat="31.507533" lon="-7.258225"><ele>1720.5</ele></trkpt>
    <trkpt lat="31.507437" lon="-7.257607"><ele>1714.8</ele></trkpt>
    <trkpt lat="31.507419" lon="-7.257390"><ele>1714.8</ele></trkpt>
    <trkpt lat="31.507576" lon="-7.256517"><ele>1715.0</ele></trkpt>
    <trkpt lat="31.507670" lon="-7.256307"><ele>1716.0</ele></trkpt>
    <trkpt lat="31.508091" lon="-7.255888"><ele>1726.2</ele></trkpt>
    <trkpt lat="31.508356" lon="-7.255509"><ele>1726.2</ele></trkpt>
    <trkpt lat="31.508140" lon="-7.254828"><ele>1721.8</ele></trkpt>
    <trkpt lat="31.508166" lon="-7.254196"><ele>1721.8</ele></trkpt>
    <trkpt lat="31.510462" lon="-7.253077"><ele>1725.0</ele></trkpt>
    <trkpt lat="31.512843" lon="-7.252189"><ele>1722.2</ele></trkpt>
    <trkpt lat="31.513714" lon="-7.252554"><ele>1722.2</ele></trkpt>
    <trkpt lat="31.514441" lon="-7.253372"><ele>1721.2</ele></trkpt>
    <trkpt lat="31.514498" lon="-7.253924"><ele>1720.2</ele></trkpt>
    <trkpt lat="31.515008" lon="-7.254642"><ele>1721.2</ele></trkpt>
    <trkpt lat="31.515056" lon="-7.255693"><ele>1721.2</ele></trkpt>
    <trkpt lat="31.515414" lon="-7.256472"><ele>1720.5</ele></trkpt>
    <trkpt lat="31.516055" lon="-7.257215"><ele>1721.2</ele></trkpt>
    <trkpt lat="31.516354" lon="-7.258256"><ele>1718.0</ele></trkpt>
    <trkpt lat="31.516772" lon="-7.258856"><ele>1714.0</ele></trkpt>
    <trkpt lat="31.516802" lon="-7.258984"><ele>1713.2</ele></trkpt>
    <trkpt lat="31.516837" lon="-7.259828"><ele>1713.2</ele></trkpt>
    <trkpt lat="31.516493" lon="-7.260454"><ele>1720.8</ele></trkpt>
    <trkpt lat="31.516397" lon="-7.261312"><ele>1721.5</ele></trkpt>
    <trkpt lat="31.516967" lon="-7.262658"><ele>1723.8</ele></trkpt>
    <trkpt lat="31.517074" lon="-7.263032"><ele>1722.8</ele></trkpt>
    <trkpt lat="31.517881" lon="-7.263378"><ele>1721.8</ele></trkpt>
    <trkpt lat="31.518223" lon="-7.263144"><ele>1719.0</ele></trkpt>
    <trkpt lat="31.518935" lon="-7.263091"><ele>1720.0</ele></trkpt>
    <trkpt lat="31.519195" lon="-7.262790"><ele>1719.8</ele></trkpt>
    <trkpt lat="31.519755" lon="-7.261508"><ele>1706.8</ele></trkpt>
    <trkpt lat="31.519947" lon="-7.261303"><ele>1706.2</ele></trkpt>
    <trkpt lat="31.519998" lon="-7.261280"><ele>1706.2</ele></trkpt>
    <trkpt lat="31.520185" lon="-7.261353"><ele>1706.8</ele></trkpt>
    <trkpt lat="31.520455" lon="-7.261841"><ele>1713.5</ele></trkpt>
    <trkpt lat="31.520603" lon="-7.262041"><ele>1713.5</ele></trkpt>
    <trkpt lat="31.521014" lon="-7.262279"><ele>1712.2</ele></trkpt>
    <trkpt lat="31.521781" lon="-7.263178"><ele>1711.2</ele></trkpt>
    <trkpt lat="31.522143" lon="-7.264071"><ele>1712.2</ele></trkpt>
    <trkpt lat="31.522810" lon="-7.264894"><ele>1711.0</ele></trkpt>
    <trkpt lat="31.523100" lon="-7.265989"><ele>1714.2</ele></trkpt>
    <trkpt lat="31.524153" lon="-7.266749"><ele>1712.2</ele></trkpt>
    <trkpt lat="31.524186" lon="-7.267035"><ele>1712.2</ele></trkpt>
    <trkpt lat="31.524026" lon="-7.267409"><ele>1715.5</ele></trkpt>
    <trkpt lat="31.523964" lon="-7.267695"><ele>1715.5</ele></trkpt>
    <trkpt lat="31.524035" lon="-7.267759"><ele>1715.5</ele></trkpt>
    <trkpt lat="31.524402" lon="-7.267936"><ele>1703.5</ele></trkpt>
    <trkpt lat="31.524545" lon="-7.268187"><ele>1699.0</ele></trkpt>
    <trkpt lat="31.524580" lon="-7.268448"><ele>1699.0</ele></trkpt>
    <trkpt lat="31.524125" lon="-7.269175"><ele>1702.0</ele></trkpt>
    <trkpt lat="31.523701" lon="-7.269437"><ele>1707.5</ele></trkpt>
    <trkpt lat="31.523670" lon="-7.269651"><ele>1707.5</ele></trkpt>
    <trkpt lat="31.523715" lon="-7.269736"><ele>1707.5</ele></trkpt>
    <trkpt lat="31.523799" lon="-7.269789"><ele>1705.8</ele></trkpt>
    <trkpt lat="31.524203" lon="-7.269820"><ele>1699.8</ele></trkpt>
    <trkpt lat="31.524569" lon="-7.269378"><ele>1695.5</ele></trkpt>
    <trkpt lat="31.524639" lon="-7.269313"><ele>1695.5</ele></trkpt>
    <trkpt lat="31.525236" lon="-7.269444"><ele>1697.2</ele></trkpt>
    <trkpt lat="31.525468" lon="-7.268049"><ele>1688.5</ele></trkpt>
    <trkpt lat="31.526342" lon="-7.267197"><ele>1686.2</ele></trkpt>
    <trkpt lat="31.526354" lon="-7.267115"><ele>1686.2</ele></trkpt>
    <trkpt lat="31.526343" lon="-7.266832"><ele>1681.8</ele></trkpt>
    <trkpt lat="31.526407" lon="-7.266717"><ele>1681.5</ele></trkpt>
    <trkpt lat="31.527025" lon="-7.265324"><ele>1670.0</ele></trkpt>
    <trkpt lat="31.527251" lon="-7.264532"><ele>1660.5</ele></trkpt>
    <trkpt lat="31.527294" lon="-7.264437"><ele>1660.5</ele></trkpt>
    <trkpt lat="31.527423" lon="-7.264331"><ele>1660.5</ele></trkpt>
    <trkpt lat="31.527886" lon="-7.264393"><ele>1668.5</ele></trkpt>
    <trkpt lat="31.527902" lon="-7.264316"><ele>1668.5</ele></trkpt>
    <trkpt lat="31.527861" lon="-7.264174"><ele>1665.5</ele></trkpt>
    <trkpt lat="31.527577" lon="-7.263410"><ele>1649.5</ele></trkpt>
    <trkpt lat="31.527536" lon="-7.263265"><ele>1645.8</ele></trkpt>
    <trkpt lat="31.527524" lon="-7.263152"><ele>1642.5</ele></trkpt>
    <trkpt lat="31.527583" lon="-7.262848"><ele>1640.8</ele></trkpt>
    <trkpt lat="31.529195" lon="-7.261613"><ele>1627.8</ele></trkpt>
    <trkpt lat="31.529731" lon="-7.261465"><ele>1627.5</ele></trkpt>
    <trkpt lat="31.530194" lon="-7.261693"><ele>1624.5</ele></trkpt>
    <trkpt lat="31.530505" lon="-7.261512"><ele>1622.2</ele></trkpt>
    <trkpt lat="31.531104" lon="-7.261676"><ele>1620.8</ele></trkpt>
    <trkpt lat="31.531687" lon="-7.261748"><ele>1613.8</ele></trkpt>
    <trkpt lat="31.532154" lon="-7.262028"><ele>1610.0</ele></trkpt>
    <trkpt lat="31.532426" lon="-7.262232"><ele>1610.0</ele></trkpt>
    <trkpt lat="31.532692" lon="-7.262847"><ele>1619.8</ele></trkpt>
    <trkpt lat="31.532769" lon="-7.262849"><ele>1619.5</ele></trkpt>
    <trkpt lat="31.532953" lon="-7.262763"><ele>1609.5</ele></trkpt>
    <trkpt lat="31.533045" lon="-7.262772"><ele>1607.8</ele></trkpt>
    <trkpt lat="31.533288" lon="-7.263007"><ele>1606.8</ele></trkpt>
    <trkpt lat="31.533343" lon="-7.263010"><ele>1606.0</ele></trkpt>
    <trkpt lat="31.534237" lon="-7.262935"><ele>1585.2</ele></trkpt>
    <trkpt lat="31.534326" lon="-7.262942"><ele>1584.5</ele></trkpt>
    <trkpt lat="31.534619" lon="-7.263659"><ele>1584.5</ele></trkpt>
    <trkpt lat="31.534502" lon="-7.264091"><ele>1585.5</ele></trkpt>
    <trkpt lat="31.534528" lon="-7.264150"><ele>1585.5</ele></trkpt>
    <trkpt lat="31.534746" lon="-7.264491"><ele>1579.8</ele></trkpt>
    <trkpt lat="31.534842" lon="-7.264965"><ele>1572.8</ele></trkpt>
    <trkpt lat="31.534923" lon="-7.264840"><ele>1572.8</ele></trkpt>
    <trkpt lat="31.534882" lon="-7.264277"><ele>1571.2</ele></trkpt>
    <trkpt lat="31.535106" lon="-7.263973"><ele>1568.8</ele></trkpt>
    <trkpt lat="31.535142" lon="-7.263447"><ele>1566.2</ele></trkpt>
    <trkpt lat="31.535299" lon="-7.263195"><ele>1562.8</ele></trkpt>
    <trkpt lat="31.535322" lon="-7.263147"><ele>1562.8</ele></trkpt>
    <trkpt lat="31.535318" lon="-7.262574"><ele>1562.2</ele></trkpt>
    <trkpt lat="31.537756" lon="-7.263159"><ele>1561.0</ele></trkpt>
    <trkpt lat="31.538406" lon="-7.263017"><ele>1558.2</ele></trkpt>
    <trkpt lat="31.538516" lon="-7.263050"><ele>1558.2</ele></trkpt>
    <trkpt lat="31.539006" lon="-7.263262"><ele>1554.5</ele></trkpt>
    <trkpt lat="31.539950" lon="-7.263383"><ele>1550.5</ele></trkpt>
    <trkpt lat="31.540305" lon="-7.263482"><ele>1546.2</ele></trkpt>
    <trkpt lat="31.540800" lon="-7.263720"><ele>1538.8</ele></trkpt>
    <trkpt lat="31.541568" lon="-7.263751"><ele>1528.2</ele></trkpt>
    <trkpt lat="31.542305" lon="-7.263413"><ele>1523.0</ele></trkpt>
    <trkpt lat="31.542495" lon="-7.263126"><ele>1523.0</ele></trkpt>
    <trkpt lat="31.542577" lon="-7.261712"><ele>1522.8</ele></trkpt>
    <trkpt lat="31.542479" lon="-7.260906"><ele>1515.8</ele></trkpt>
    <trkpt lat="31.543244" lon="-7.261141"><ele>1511.5</ele></trkpt>
    <trkpt lat="31.543338" lon="-7.261153"><ele>1510.5</ele></trkpt>
    <trkpt lat="31.544336" lon="-7.261176"><ele>1498.5</ele></trkpt>
    <trkpt lat="31.544457" lon="-7.261205"><ele>1496.2</ele></trkpt>
    <trkpt lat="31.544861" lon="-7.261396"><ele>1492.0</ele></trkpt>
    <trkpt lat="31.545289" lon="-7.261712"><ele>1489.2</ele></trkpt>
    <trkpt lat="31.545752" lon="-7.262342"><ele>1486.2</ele></trkpt>
    <trkpt lat="31.546334" lon="-7.262735"><ele>1478.0</ele></trkpt>
    <trkpt lat="31.546892" lon="-7.263423"><ele>1474.0</ele></trkpt>
    <trkpt lat="31.546969" lon="-7.263615"><ele>1471.8</ele></trkpt>
    <trkpt lat="31.547082" lon="-7.264433"><ele>1470.5</ele></trkpt>
    <trkpt lat="31.547022" lon="-7.264614"><ele>1471.0</ele></trkpt>
    <trkpt lat="31.546888" lon="-7.264613"><ele>1471.5</ele></trkpt>
    <trkpt lat="31.545678" lon="-7.264009"><ele>1471.0</ele></trkpt>
    <trkpt lat="31.544690" lon="-7.263885"><ele>1468.8</ele></trkpt>
    <trkpt lat="31.544625" lon="-7.263961"><ele>1468.5</ele></trkpt>
    <trkpt lat="31.544316" lon="-7.264906"><ele>1458.0</ele></trkpt>
    <trkpt lat="31.544075" lon="-7.265379"><ele>1458.8</ele></trkpt>
    <trkpt lat="31.544395" lon="-7.265745"><ele>1459.8</ele></trkpt>
    <trkpt lat="31.544604" lon="-7.266358"><ele>1462.5</ele></trkpt>
    <trkpt lat="31.544969" lon="-7.266765"><ele>1462.2</ele></trkpt>
    <trkpt lat="31.546028" lon="-7.267413"><ele>1460.5</ele></trkpt>
    <trkpt lat="31.546331" lon="-7.267978"><ele>1462.2</ele></trkpt>
    <trkpt lat="31.546408" lon="-7.267930"><ele>1462.2</ele></trkpt>
    <trkpt lat="31.546639" lon="-7.267437"><ele>1451.5</ele></trkpt>
    <trkpt lat="31.546974" lon="-7.267170"><ele>1450.8</ele></trkpt>
    <trkpt lat="31.547056" lon="-7.267145"><ele>1450.8</ele></trkpt>
    <trkpt lat="31.547846" lon="-7.267425"><ele>1453.5</ele></trkpt>
    <trkpt lat="31.548156" lon="-7.267358"><ele>1455.5</ele></trkpt>
    <trkpt lat="31.548909" lon="-7.267506"><ele>1456.5</ele></trkpt>
    <trkpt lat="31.549660" lon="-7.267330"><ele>1456.2</ele></trkpt>
    <trkpt lat="31.549806" lon="-7.267259"><ele>1455.8</ele></trkpt>
    <trkpt lat="31.550501" lon="-7.266745"><ele>1442.2</ele></trkpt>
    <trkpt lat="31.550902" lon="-7.266765"><ele>1442.0</ele></trkpt>
    <trkpt lat="31.552095" lon="-7.268275"><ele>1438.0</ele></trkpt>
    <trkpt lat="31.552335" lon="-7.268419"><ele>1436.8</ele></trkpt>
    <trkpt lat="31.552869" lon="-7.268465"><ele>1424.0</ele></trkpt>
    <trkpt lat="31.553103" lon="-7.268613"><ele>1423.2</ele></trkpt>
    <trkpt lat="31.553690" lon="-7.269410"><ele>1419.0</ele></trkpt>
    <trkpt lat="31.553789" lon="-7.270307"><ele>1419.0</ele></trkpt>
    <trkpt lat="31.554028" lon="-7.270535"><ele>1418.5</ele></trkpt>
    <trkpt lat="31.554655" lon="-7.270803"><ele>1406.5</ele></trkpt>
    <trkpt lat="31.555199" lon="-7.271296"><ele>1401.8</ele></trkpt>
    <trkpt lat="31.555277" lon="-7.271466"><ele>1400.0</ele></trkpt>
    <trkpt lat="31.555397" lon="-7.271994"><ele>1400.0</ele></trkpt>
    <trkpt lat="31.555272" lon="-7.272474"><ele>1400.2</ele></trkpt>
    <trkpt lat="31.555312" lon="-7.272532"><ele>1400.2</ele></trkpt>
    <trkpt lat="31.555721" lon="-7.272893"><ele>1390.8</ele></trkpt>
    <trkpt lat="31.555581" lon="-7.273806"><ele>1390.2</ele></trkpt>
    <trkpt lat="31.555888" lon="-7.274124"><ele>1387.8</ele></trkpt>
    <trkpt lat="31.556096" lon="-7.274737"><ele>1381.8</ele></trkpt>
    <trkpt lat="31.555849" lon="-7.275382"><ele>1381.8</ele></trkpt>
    <trkpt lat="31.555302" lon="-7.276063"><ele>1388.2</ele></trkpt>
    <trkpt lat="31.555351" lon="-7.276215"><ele>1388.2</ele></trkpt>
    <trkpt lat="31.555767" lon="-7.276504"><ele>1375.5</ele></trkpt>
    <trkpt lat="31.555810" lon="-7.276590"><ele>1375.5</ele></trkpt>
    <trkpt lat="31.555837" lon="-7.276836"><ele>1375.5</ele></trkpt>
    <trkpt lat="31.555578" lon="-7.277204"><ele>1378.2</ele></trkpt>
    <trkpt lat="31.555546" lon="-7.277788"><ele>1379.2</ele></trkpt>
    <trkpt lat="31.555624" lon="-7.277970"><ele>1379.2</ele></trkpt>
    <trkpt lat="31.555863" lon="-7.278041"><ele>1375.8</ele></trkpt>
    <trkpt lat="31.555951" lon="-7.278476"><ele>1374.5</ele></trkpt>
    <trkpt lat="31.556626" lon="-7.278096"><ele>1364.0</ele></trkpt>
    <trkpt lat="31.557553" lon="-7.278825"><ele>1360.8</ele></trkpt>
    <trkpt lat="31.557647" lon="-7.278821"><ele>1360.2</ele></trkpt>
    <trkpt lat="31.558883" lon="-7.278512"><ele>1347.0</ele></trkpt>
    <trkpt lat="31.559199" lon="-7.278476"><ele>1347.0</ele></trkpt>
    <trkpt lat="31.560388" lon="-7.278794"><ele>1345.2</ele></trkpt>
    <trkpt lat="31.561689" lon="-7.278819"><ele>1337.2</ele></trkpt>
    <trkpt lat="31.562677" lon="-7.278004"><ele>1323.8</ele></trkpt>
    <trkpt lat="31.563626" lon="-7.277770"><ele>1319.8</ele></trkpt>
    <trkpt lat="31.563744" lon="-7.277770"><ele>1319.0</ele></trkpt>
    <trkpt lat="31.564239" lon="-7.278064"><ele>1315.8</ele></trkpt>
    <trkpt lat="31.565041" lon="-7.279034"><ele>1314.8</ele></trkpt>
    <trkpt lat="31.565300" lon="-7.280521"><ele>1312.8</ele></trkpt>
    <trkpt lat="31.565376" lon="-7.280695"><ele>1312.5</ele></trkpt>
    <trkpt lat="31.566081" lon="-7.282032"><ele>1301.8</ele></trkpt>
    <trkpt lat="31.566227" lon="-7.282421"><ele>1300.0</ele></trkpt>
    <trkpt lat="31.566369" lon="-7.283576"><ele>1295.5</ele></trkpt>
    <trkpt lat="31.566682" lon="-7.284693"><ele>1290.0</ele></trkpt>
    <trkpt lat="31.566474" lon="-7.285412"><ele>1287.0</ele></trkpt>
    <trkpt lat="31.565500" lon="-7.286325"><ele>1279.0</ele></trkpt>
    <trkpt lat="31.564780" lon="-7.286521"><ele>1270.8</ele></trkpt>
    <trkpt lat="31.564605" lon="-7.286765"><ele>1268.8</ele></trkpt>
    <trkpt lat="31.564795" lon="-7.287834"><ele>1267.5</ele></trkpt>
    <trkpt lat="31.564509" lon="-7.288291"><ele>1261.0</ele></trkpt>
    <trkpt lat="31.564493" lon="-7.288637"><ele>1259.5</ele></trkpt>
    <trkpt lat="31.565064" lon="-7.289567"><ele>1258.8</ele></trkpt>
    <trkpt lat="31.565094" lon="-7.289869"><ele>1258.2</ele></trkpt>
    <trkpt lat="31.564963" lon="-7.290122"><ele>1257.2</ele></trkpt>
    <trkpt lat="31.564053" lon="-7.291305"><ele>1245.2</ele></trkpt>
    <trkpt lat="31.563892" lon="-7.292346"><ele>1237.2</ele></trkpt>
    <trkpt lat="31.563895" lon="-7.292472"><ele>1236.5</ele></trkpt>
    <trkpt lat="31.564151" lon="-7.292937"><ele>1235.2</ele></trkpt>
    <trkpt lat="31.564388" lon="-7.293106"><ele>1235.2</ele></trkpt>
    <trkpt lat="31.564653" lon="-7.293008"><ele>1237.0</ele></trkpt>
    <trkpt lat="31.564728" lon="-7.293123"><ele>1237.0</ele></trkpt>
    <trkpt lat="31.564692" lon="-7.293253"><ele>1236.5</ele></trkpt>
    <trkpt lat="31.564398" lon="-7.293677"><ele>1233.2</ele></trkpt>
    <trkpt lat="31.564187" lon="-7.294471"><ele>1229.0</ele></trkpt>
    <trkpt lat="31.564165" lon="-7.296231"><ele>1224.0</ele></trkpt>
    <trkpt lat="31.564217" lon="-7.297078"><ele>1220.2</ele></trkpt>
    <trkpt lat="31.564324" lon="-7.297772"><ele>1219.8</ele></trkpt>
    <trkpt lat="31.564886" lon="-7.298552"><ele>1218.2</ele></trkpt>
    <trkpt lat="31.565249" lon="-7.299432"><ele>1214.0</ele></trkpt>
    <trkpt lat="31.567211" lon="-7.300144"><ele>1212.5</ele></trkpt>
    <trkpt lat="31.568375" lon="-7.300792"><ele>1208.0</ele></trkpt>
    <trkpt lat="31.568393" lon="-7.301352"><ele>1201.0</ele></trkpt>
    <trkpt lat="31.568471" lon="-7.301557"><ele>1201.0</ele></trkpt>
    <trkpt lat="31.569663" lon="-7.302323"><ele>1201.2</ele></trkpt>
    <trkpt lat="31.570739" lon="-7.303445"><ele>1197.0</ele></trkpt>
    <trkpt lat="31.571581" lon="-7.304560"><ele>1197.0</ele></trkpt>
    <trkpt lat="31.571688" lon="-7.304779"><ele>1197.0</ele></trkpt>
    <trkpt lat="31.572045" lon="-7.305766"><ele>1191.2</ele></trkpt>
    <trkpt lat="31.573854" lon="-7.307675"><ele>1172.0</ele></trkpt>
    <trkpt lat="31.575729" lon="-7.308067"><ele>1161.0</ele></trkpt>
    <trkpt lat="31.576383" lon="-7.307855"><ele>1159.8</ele></trkpt>
    <trkpt lat="31.576427" lon="-7.307881"><ele>1159.8</ele></trkpt>
    <trkpt lat="31.576568" lon="-7.308227"><ele>1155.8</ele></trkpt>
    <trkpt lat="31.576639" lon="-7.308968"><ele>1146.5</ele></trkpt>
    <trkpt lat="31.576653" lon="-7.309044"><ele>1145.5</ele></trkpt>
    <trkpt lat="31.576799" lon="-7.309205"><ele>1143.5</ele></trkpt>
    <trkpt lat="31.577574" lon="-7.309435"><ele>1141.5</ele></trkpt>
    <trkpt lat="31.578239" lon="-7.309146"><ele>1138.8</ele></trkpt>
    <trkpt lat="31.579079" lon="-7.309390"><ele>1129.2</ele></trkpt>
    <trkpt lat="31.579178" lon="-7.309456"><ele>1128.5</ele></trkpt>
    <trkpt lat="31.579251" lon="-7.309908"><ele>1128.2</ele></trkpt>
    <trkpt lat="31.579658" lon="-7.310416"><ele>1120.8</ele></trkpt>
    <trkpt lat="31.579638" lon="-7.310720"><ele>1120.5</ele></trkpt>
    <trkpt lat="31.579510" lon="-7.311472"><ele>1117.2</ele></trkpt>
    <trkpt lat="31.580347" lon="-7.312639"><ele>1104.8</ele></trkpt>
    <trkpt lat="31.580543" lon="-7.314195"><ele>1098.5</ele></trkpt>
    <trkpt lat="31.581026" lon="-7.315383"><ele>1090.2</ele></trkpt>
    <trkpt lat="31.582525" lon="-7.316893"><ele>1079.2</ele></trkpt>
    <trkpt lat="31.583346" lon="-7.317541"><ele>1072.0</ele></trkpt>
    <trkpt lat="31.583866" lon="-7.318590"><ele>1064.2</ele></trkpt>
    <trkpt lat="31.584768" lon="-7.319264"><ele>1054.2</ele></trkpt>
    <trkpt lat="31.584853" lon="-7.319321"><ele>1053.0</ele></trkpt>
    <trkpt lat="31.584949" lon="-7.319918"><ele>1049.0</ele></trkpt>
    <trkpt lat="31.585393" lon="-7.320568"><ele>1048.0</ele></trkpt>
    <trkpt lat="31.585894" lon="-7.320788"><ele>1044.5</ele></trkpt>
    <trkpt lat="31.585952" lon="-7.321209"><ele>1043.2</ele></trkpt>
    <trkpt lat="31.586098" lon="-7.321391"><ele>1042.5</ele></trkpt>
    <trkpt lat="31.586997" lon="-7.321414"><ele>1040.5</ele></trkpt>
    <trkpt lat="31.587105" lon="-7.321573"><ele>1038.8</ele></trkpt>
    <trkpt lat="31.587208" lon="-7.321863"><ele>1038.2</ele></trkpt>
    <trkpt lat="31.587553" lon="-7.322057"><ele>1037.8</ele></trkpt>
    <trkpt lat="31.588264" lon="-7.321938"><ele>1037.2</ele></trkpt>
    <trkpt lat="31.589233" lon="-7.322363"><ele>1039.5</ele></trkpt>
    <trkpt lat="31.590353" lon="-7.322591"><ele>1039.0</ele></trkpt>
    <trkpt lat="31.590490" lon="-7.322608"><ele>1038.2</ele></trkpt>
    <trkpt lat="31.591899" lon="-7.322624"><ele>1030.0</ele></trkpt>
    <trkpt lat="31.593758" lon="-7.322950"><ele>1017.5</ele></trkpt>
    <trkpt lat="31.594115" lon="-7.323023"><ele>1014.2</ele></trkpt>
    <trkpt lat="31.595180" lon="-7.323019"><ele>1011.0</ele></trkpt>
    <trkpt lat="31.596492" lon="-7.323807"><ele>1003.2</ele></trkpt>
    <trkpt lat="31.597583" lon="-7.324233"><ele>1000.5</ele></trkpt>
    <trkpt lat="31.597775" lon="-7.324273"><ele>1000.5</ele></trkpt>
    <trkpt lat="31.598759" lon="-7.323971"><ele>1000.5</ele></trkpt>
    <trkpt lat="31.600403" lon="-7.324449"><ele>1000.8</ele></trkpt>
    <trkpt lat="31.603019" lon="-7.324464"><ele>1002.2</ele></trkpt>
    <trkpt lat="31.604582" lon="-7.324449"><ele>1008.2</ele></trkpt>
    <trkpt lat="31.606023" lon="-7.324696"><ele>1014.2</ele></trkpt>
    <trkpt lat="31.606988" lon="-7.324480"><ele>1018.0</ele></trkpt>
    <trkpt lat="31.607900" lon="-7.323790"><ele>1025.2</ele></trkpt>
    <trkpt lat="31.608294" lon="-7.323617"><ele>1026.0</ele></trkpt>
    <trkpt lat="31.609622" lon="-7.323481"><ele>1026.8</ele></trkpt>
    <trkpt lat="31.613101" lon="-7.323178"><ele>1044.2</ele></trkpt>
    <trkpt lat="31.613275" lon="-7.323128"><ele>1045.2</ele></trkpt>
    <trkpt lat="31.614541" lon="-7.321995"><ele>1052.2</ele></trkpt>
    <trkpt lat="31.615154" lon="-7.320761"><ele>1059.5</ele></trkpt>
    <trkpt lat="31.615246" lon="-7.320599"><ele>1059.5</ele></trkpt>
    <trkpt lat="31.615525" lon="-7.320420"><ele>1059.5</ele></trkpt>
    <trkpt lat="31.616234" lon="-7.320426"><ele>1059.0</ele></trkpt>
    <trkpt lat="31.617300" lon="-7.320870"><ele>1056.2</ele></trkpt>
    <trkpt lat="31.617735" lon="-7.321537"><ele>1055.8</ele></trkpt>
    <trkpt lat="31.618061" lon="-7.321701"><ele>1055.8</ele></trkpt>
    <trkpt lat="31.618183" lon="-7.321709"><ele>1055.8</ele></trkpt>
    <trkpt lat="31.619712" lon="-7.321594"><ele>1066.5</ele></trkpt>
    <trkpt lat="31.621555" lon="-7.321760"><ele>1079.5</ele></trkpt>
    <trkpt lat="31.621678" lon="-7.321739"><ele>1080.2</ele></trkpt>
    <trkpt lat="31.622984" lon="-7.319154"><ele>1084.5</ele></trkpt>
    <trkpt lat="31.623172" lon="-7.318093"><ele>1091.0</ele></trkpt>
    <trkpt lat="31.623309" lon="-7.317451"><ele>1091.0</ele></trkpt>
    <trkpt lat="31.623641" lon="-7.316958"><ele>1086.8</ele></trkpt>
    <trkpt lat="31.624435" lon="-7.315083"><ele>1075.8</ele></trkpt>
    <trkpt lat="31.624403" lon="-7.314726"><ele>1075.0</ele></trkpt>
    <trkpt lat="31.623882" lon="-7.314102"><ele>1075.0</ele></trkpt>
    <trkpt lat="31.623762" lon="-7.313569"><ele>1076.8</ele></trkpt>
    <trkpt lat="31.623257" lon="-7.313296"><ele>1075.0</ele></trkpt>
    <trkpt lat="31.622931" lon="-7.312870"><ele>1073.5</ele></trkpt>
    <trkpt lat="31.622887" lon="-7.312486"><ele>1073.5</ele></trkpt>
    <trkpt lat="31.623013" lon="-7.311915"><ele>1073.5</ele></trkpt>
    <trkpt lat="31.623679" lon="-7.310377"><ele>1073.5</ele></trkpt>
    <trkpt lat="31.624046" lon="-7.309874"><ele>1073.2</ele></trkpt>
    <trkpt lat="31.624359" lon="-7.309089"><ele>1072.0</ele></trkpt>
    <trkpt lat="31.624412" lon="-7.308436"><ele>1069.2</ele></trkpt>
    <trkpt lat="31.624629" lon="-7.307873"><ele>1069.2</ele></trkpt>
    <trkpt lat="31.625375" lon="-7.307304"><ele>1072.8</ele></trkpt>
    <trkpt lat="31.625671" lon="-7.306589"><ele>1073.8</ele></trkpt>
    <trkpt lat="31.626061" lon="-7.306124"><ele>1074.5</ele></trkpt>
    <trkpt lat="31.626113" lon="-7.304091"><ele>1075.8</ele></trkpt>
    <trkpt lat="31.627099" lon="-7.302433"><ele>1077.0</ele></trkpt>
    <trkpt lat="31.627651" lon="-7.300494"><ele>1081.0</ele></trkpt>
    <trkpt lat="31.629166" lon="-7.298837"><ele>1084.5</ele></trkpt>
    <trkpt lat="31.629834" lon="-7.297348"><ele>1088.5</ele></trkpt>
    <trkpt lat="31.630165" lon="-7.296196"><ele>1088.5</ele></trkpt>
    <trkpt lat="31.630606" lon="-7.295458"><ele>1088.5</ele></trkpt>
    <trkpt lat="31.631276" lon="-7.294629"><ele>1082.2</ele></trkpt>
    <trkpt lat="31.632022" lon="-7.292304"><ele>1064.5</ele></trkpt>
    <trkpt lat="31.632258" lon="-7.290927"><ele>1059.2</ele></trkpt>
    <trkpt lat="31.632804" lon="-7.289831"><ele>1050.0</ele></trkpt>
    <trkpt lat="31.632907" lon="-7.288910"><ele>1043.2</ele></trkpt>
    <trkpt lat="31.632931" lon="-7.288798"><ele>1043.0</ele></trkpt>
    <trkpt lat="31.633125" lon="-7.288569"><ele>1043.0</ele></trkpt>
    <trkpt lat="31.633850" lon="-7.288297"><ele>1040.2</ele></trkpt>
    <trkpt lat="31.634464" lon="-7.287886"><ele>1033.0</ele></trkpt>
    <trkpt lat="31.634684" lon="-7.287067"><ele>1032.0</ele></trkpt>
    <trkpt lat="31.634730" lon="-7.286980"><ele>1032.0</ele></trkpt>
    <trkpt lat="31.635368" lon="-7.285841"><ele>1023.5</ele></trkpt>
    <trkpt lat="31.635363" lon="-7.285291"><ele>1019.0</ele></trkpt>
    <trkpt lat="31.635345" lon="-7.284751"><ele>1018.5</ele></trkpt>
    <trkpt lat="31.635950" lon="-7.283088"><ele>1025.8</ele></trkpt>
    <trkpt lat="31.636013" lon="-7.282231"><ele>1028.2</ele></trkpt>
    <trkpt lat="31.635793" lon="-7.281697"><ele>1028.2</ele></trkpt>
    <trkpt lat="31.634819" lon="-7.280970"><ele>1020.5</ele></trkpt>
    <trkpt lat="31.634772" lon="-7.280345"><ele>1017.2</ele></trkpt>
    <trkpt lat="31.635477" lon="-7.279329"><ele>1016.8</ele></trkpt>
    <trkpt lat="31.636020" lon="-7.278941"><ele>1013.5</ele></trkpt>
    <trkpt lat="31.637247" lon="-7.279290"><ele>1008.5</ele></trkpt>
    <trkpt lat="31.637494" lon="-7.279188"><ele>1006.0</ele></trkpt>
    <trkpt lat="31.637940" lon="-7.278708"><ele>1000.2</ele></trkpt>
    <trkpt lat="31.638190" lon="-7.278111"><ele>999.0</ele></trkpt>
    <trkpt lat="31.638185" lon="-7.277379"><ele>994.5</ele></trkpt>
    <trkpt lat="31.638240" lon="-7.277176"><ele>993.5</ele></trkpt>
    <trkpt lat="31.638705" lon="-7.276995"><ele>994.0</ele></trkpt>
    <trkpt lat="31.638923" lon="-7.276575"><ele>993.5</ele></trkpt>
    <trkpt lat="31.639127" lon="-7.276173"><ele>992.0</ele></trkpt>
    <trkpt lat="31.639066" lon="-7.275438"><ele>987.2</ele></trkpt>
    <trkpt lat="31.639171" lon="-7.275102"><ele>986.2</ele></trkpt>
    <trkpt lat="31.639414" lon="-7.274953"><ele>982.8</ele></trkpt>
    <trkpt lat="31.640053" lon="-7.275257"><ele>978.2</ele></trkpt>
    <trkpt lat="31.640422" lon="-7.274933"><ele>973.0</ele></trkpt>
    <trkpt lat="31.640476" lon="-7.274784"><ele>970.8</ele></trkpt>
    <trkpt lat="31.640705" lon="-7.273900"><ele>960.0</ele></trkpt>
    <trkpt lat="31.640893" lon="-7.272845"><ele>954.2</ele></trkpt>
    <trkpt lat="31.641799" lon="-7.270877"><ele>941.0</ele></trkpt>
    <trkpt lat="31.642353" lon="-7.270250"><ele>938.0</ele></trkpt>
    <trkpt lat="31.643140" lon="-7.269101"><ele>930.2</ele></trkpt>
    <trkpt lat="31.643767" lon="-7.268538"><ele>922.0</ele></trkpt>
    <trkpt lat="31.643840" lon="-7.268422"><ele>921.8</ele></trkpt>
    <trkpt lat="31.643933" lon="-7.268126"><ele>920.2</ele></trkpt>
    <trkpt lat="31.644140" lon="-7.266985"><ele>911.0</ele></trkpt>
    <trkpt lat="31.644213" lon="-7.266633"><ele>906.5</ele></trkpt>
    <trkpt lat="31.644173" lon="-7.266284"><ele>901.0</ele></trkpt>
    <trkpt lat="31.644189" lon="-7.266126"><ele>898.5</ele></trkpt>
    <trkpt lat="31.644630" lon="-7.265731"><ele>898.0</ele></trkpt>
    <trkpt lat="31.645168" lon="-7.265765"><ele>896.2</ele></trkpt>
    <trkpt lat="31.645531" lon="-7.265584"><ele>892.2</ele></trkpt>
    <trkpt lat="31.645946" lon="-7.265129"><ele>886.5</ele></trkpt>
    <trkpt lat="31.645544" lon="-7.264940"><ele>885.8</ele></trkpt>
    <trkpt lat="31.645364" lon="-7.264637"><ele>885.2</ele></trkpt>
    <trkpt lat="31.645242" lon="-7.263572"><ele>884.0</ele></trkpt>
    <trkpt lat="31.645369" lon="-7.262002"><ele>882.2</ele></trkpt>
    <trkpt lat="31.645825" lon="-7.260221"><ele>880.0</ele></trkpt>
    <trkpt lat="31.646079" lon="-7.259601"><ele>879.2</ele></trkpt>
    <trkpt lat="31.646981" lon="-7.257996"><ele>879.2</ele></trkpt>
    <trkpt lat="31.646994" lon="-7.257189"><ele>886.0</ele></trkpt>
    <trkpt lat="31.646632" lon="-7.256460"><ele>890.8</ele></trkpt>
    <trkpt lat="31.646533" lon="-7.256391"><ele>891.5</ele></trkpt>
    <trkpt lat="31.646299" lon="-7.256369"><ele>891.5</ele></trkpt>
    <trkpt lat="31.645832" lon="-7.256698"><ele>888.5</ele></trkpt>
    <trkpt lat="31.645558" lon="-7.257549"><ele>888.2</ele></trkpt>
    <trkpt lat="31.645270" lon="-7.257940"><ele>888.8</ele></trkpt>
    <trkpt lat="31.645228" lon="-7.257951"><ele>889.2</ele></trkpt>
    <trkpt lat="31.645165" lon="-7.257870"><ele>892.0</ele></trkpt>
    <trkpt lat="31.645307" lon="-7.257408"><ele>896.0</ele></trkpt>
    <trkpt lat="31.645304" lon="-7.257227"><ele>898.5</ele></trkpt>
    <trkpt lat="31.645264" lon="-7.256440"><ele>910.2</ele></trkpt>
    <trkpt lat="31.645311" lon="-7.256273"><ele>911.0</ele></trkpt>
    <trkpt lat="31.645567" lon="-7.255811"><ele>911.0</ele></trkpt>
    <trkpt lat="31.646038" lon="-7.255468"><ele>911.0</ele></trkpt>
    <trkpt lat="31.646382" lon="-7.254302"><ele>923.0</ele></trkpt>
    <trkpt lat="31.645920" lon="-7.253396"><ele>931.8</ele></trkpt>
    <trkpt lat="31.645219" lon="-7.252976"><ele>940.8</ele></trkpt>
    <trkpt lat="31.644604" lon="-7.251406"><ele>949.5</ele></trkpt>
    <trkpt lat="31.644101" lon="-7.250656"><ele>954.8</ele></trkpt>
    <trkpt lat="31.643101" lon="-7.248573"><ele>966.0</ele></trkpt>
    <trkpt lat="31.643180" lon="-7.247353"><ele>977.5</ele></trkpt>
    <trkpt lat="31.643108" lon="-7.246918"><ele>981.2</ele></trkpt>
    <trkpt lat="31.642463" lon="-7.246588"><ele>988.8</ele></trkpt>
    <trkpt lat="31.642137" lon="-7.246088"><ele>993.5</ele></trkpt>
    <trkpt lat="31.641975" lon="-7.245434"><ele>1000.0</ele></trkpt>
    <trkpt lat="31.641887" lon="-7.244047"><ele>1004.5</ele></trkpt>
    <trkpt lat="31.641395" lon="-7.242957"><ele>1008.8</ele></trkpt>
    <trkpt lat="31.641332" lon="-7.242676"><ele>1010.2</ele></trkpt>
    <trkpt lat="31.641323" lon="-7.242548"><ele>1011.0</ele></trkpt>
    <trkpt lat="31.641643" lon="-7.240895"><ele>1011.8</ele></trkpt>
    <trkpt lat="31.641711" lon="-7.239145"><ele>1011.2</ele></trkpt>
    <trkpt lat="31.642107" lon="-7.237417"><ele>1006.0</ele></trkpt>
    <trkpt lat="31.642035" lon="-7.236381"><ele>1004.8</ele></trkpt>
    <trkpt lat="31.642491" lon="-7.235219"><ele>995.2</ele></trkpt>
    <trkpt lat="31.643169" lon="-7.234473"><ele>987.5</ele></trkpt>
    <trkpt lat="31.643510" lon="-7.233541"><ele>983.5</ele></trkpt>
    <trkpt lat="31.644215" lon="-7.232877"><ele>975.0</ele></trkpt>
    <trkpt lat="31.644308" lon="-7.232605"><ele>975.0</ele></trkpt>
    <trkpt lat="31.644219" lon="-7.232383"><ele>975.0</ele></trkpt>
    <trkpt lat="31.643229" lon="-7.231001"><ele>991.8</ele></trkpt>
    <trkpt lat="31.643146" lon="-7.230361"><ele>994.0</ele></trkpt>
    <trkpt lat="31.643088" lon="-7.230222"><ele>995.5</ele></trkpt>
    <trkpt lat="31.642974" lon="-7.230050"><ele>998.5</ele></trkpt>
    <trkpt lat="31.641921" lon="-7.228703"><ele>1013.5</ele></trkpt>
    <trkpt lat="31.640861" lon="-7.228088"><ele>1023.5</ele></trkpt>
    <trkpt lat="31.640702" lon="-7.227298"><ele>1025.2</ele></trkpt>
    <trkpt lat="31.640946" lon="-7.226766"><ele>1026.5</ele></trkpt>
    <trkpt lat="31.641451" lon="-7.225609"><ele>1026.5</ele></trkpt>
    <trkpt lat="31.641915" lon="-7.224967"><ele>1026.5</ele></trkpt>
    <trkpt lat="31.642910" lon="-7.224679"><ele>1022.2</ele></trkpt>
    <trkpt lat="31.643297" lon="-7.224317"><ele>1019.8</ele></trkpt>
    <trkpt lat="31.643228" lon="-7.223847"><ele>1021.8</ele></trkpt>
    <trkpt lat="31.643861" lon="-7.223603"><ele>1020.2</ele></trkpt>
    <trkpt lat="31.644382" lon="-7.223409"><ele>1014.2</ele></trkpt>
    <trkpt lat="31.644922" lon="-7.222752"><ele>1006.2</ele></trkpt>
    <trkpt lat="31.645214" lon="-7.222377"><ele>1005.8</ele></trkpt>
    <trkpt lat="31.646323" lon="-7.221942"><ele>1001.2</ele></trkpt>
    <trkpt lat="31.646500" lon="-7.221824"><ele>1000.0</ele></trkpt>
    <trkpt lat="31.647485" lon="-7.220951"><ele>981.8</ele></trkpt>
    <trkpt lat="31.647401" lon="-7.220552"><ele>984.5</ele></trkpt>
    <trkpt lat="31.647487" lon="-7.220295"><ele>984.5</ele></trkpt>
    <trkpt lat="31.648150" lon="-7.219858"><ele>982.0</ele></trkpt>
    <trkpt lat="31.648583" lon="-7.219255"><ele>980.8</ele></trkpt>
    <trkpt lat="31.648660" lon="-7.219211"><ele>980.2</ele></trkpt>
    <trkpt lat="31.648903" lon="-7.219198"><ele>977.8</ele></trkpt>
    <trkpt lat="31.649035" lon="-7.219070"><ele>976.0</ele></trkpt>
    <trkpt lat="31.649554" lon="-7.218524"><ele>965.8</ele></trkpt>
    <trkpt lat="31.649637" lon="-7.218419"><ele>963.8</ele></trkpt>
    <trkpt lat="31.649701" lon="-7.218307"><ele>962.2</ele></trkpt>
    <trkpt lat="31.649799" lon="-7.217712"><ele>961.5</ele></trkpt>
    <trkpt lat="31.649978" lon="-7.217485"><ele>958.2</ele></trkpt>
    <trkpt lat="31.650339" lon="-7.217575"><ele>952.8</ele></trkpt>
    <trkpt lat="31.650535" lon="-7.217319"><ele>950.0</ele></trkpt>
    <trkpt lat="31.651015" lon="-7.217216"><ele>945.5</ele></trkpt>
    <trkpt lat="31.651256" lon="-7.217001"><ele>944.8</ele></trkpt>
    <trkpt lat="31.651339" lon="-7.216970"><ele>944.8</ele></trkpt>
    <trkpt lat="31.651941" lon="-7.217202"><ele>946.0</ele></trkpt>
    <trkpt lat="31.652617" lon="-7.217363"><ele>955.8</ele></trkpt>
    <trkpt lat="31.653087" lon="-7.216683"><ele>958.5</ele></trkpt>
    <trkpt lat="31.652887" lon="-7.215311"><ele>955.2</ele></trkpt>
    <trkpt lat="31.653190" lon="-7.214977"><ele>956.0</ele></trkpt>
    <trkpt lat="31.653105" lon="-7.214653"><ele>956.8</ele></trkpt>
    <trkpt lat="31.653093" lon="-7.214527"><ele>957.5</ele></trkpt>
    <trkpt lat="31.653172" lon="-7.214127"><ele>961.2</ele></trkpt>
    <trkpt lat="31.652788" lon="-7.213533"><ele>962.8</ele></trkpt>
    <trkpt lat="31.652702" lon="-7.212390"><ele>968.0</ele></trkpt>
    <trkpt lat="31.652897" lon="-7.212197"><ele>971.5</ele></trkpt>
    <trkpt lat="31.653303" lon="-7.212178"><ele>978.0</ele></trkpt>
    <trkpt lat="31.653400" lon="-7.212127"><ele>978.2</ele></trkpt>
    <trkpt lat="31.653052" lon="-7.211740"><ele>975.0</ele></trkpt>
    <trkpt lat="31.652950" lon="-7.211163"><ele>975.0</ele></trkpt>
    <trkpt lat="31.652957" lon="-7.211022"><ele>975.2</ele></trkpt>
    <trkpt lat="31.653025" lon="-7.209904"><ele>980.0</ele></trkpt>
    <trkpt lat="31.653273" lon="-7.209508"><ele>985.2</ele></trkpt>
    <trkpt lat="31.653283" lon="-7.209432"><ele>985.2</ele></trkpt>
    <trkpt lat="31.653189" lon="-7.209284"><ele>985.2</ele></trkpt>
    <trkpt lat="31.652647" lon="-7.209245"><ele>976.8</ele></trkpt>
    <trkpt lat="31.652504" lon="-7.209054"><ele>975.8</ele></trkpt>
    <trkpt lat="31.652186" lon="-7.208218"><ele>975.8</ele></trkpt>
    <trkpt lat="31.652271" lon="-7.206948"><ele>978.8</ele></trkpt>
    <trkpt lat="31.652035" lon="-7.204057"><ele>981.0</ele></trkpt>
    <trkpt lat="31.652101" lon="-7.203826"><ele>981.2</ele></trkpt>
    <trkpt lat="31.652191" lon="-7.203712"><ele>982.8</ele></trkpt>
    <trkpt lat="31.652651" lon="-7.203546"><ele>990.5</ele></trkpt>
    <trkpt lat="31.652516" lon="-7.202938"><ele>992.5</ele></trkpt>
    <trkpt lat="31.652892" lon="-7.201845"><ele>1005.8</ele></trkpt>
    <trkpt lat="31.652947" lon="-7.201664"><ele>1007.0</ele></trkpt>
    <trkpt lat="31.653256" lon="-7.200021"><ele>1011.2</ele></trkpt>
    <trkpt lat="31.653287" lon="-7.199815"><ele>1011.5</ele></trkpt>
    <trkpt lat="31.653016" lon="-7.198247"><ele>1011.2</ele></trkpt>
    <trkpt lat="31.652827" lon="-7.197953"><ele>1007.2</ele></trkpt>
    <trkpt lat="31.652941" lon="-7.197429"><ele>1006.5</ele></trkpt>
    <trkpt lat="31.652876" lon="-7.197259"><ele>1006.5</ele></trkpt>
    <trkpt lat="31.652844" lon="-7.197082"><ele>1006.8</ele></trkpt>
    <trkpt lat="31.653113" lon="-7.196394"><ele>1009.2</ele></trkpt>
    <trkpt lat="31.653482" lon="-7.196099"><ele>1017.2</ele></trkpt>
    <trkpt lat="31.653533" lon="-7.196010"><ele>1017.2</ele></trkpt>
    <trkpt lat="31.653513" lon="-7.195781"><ele>1017.2</ele></trkpt>
    <trkpt lat="31.653282" lon="-7.195625"><ele>1012.0</ele></trkpt>
    <trkpt lat="31.653254" lon="-7.195335"><ele>1012.0</ele></trkpt>
    <trkpt lat="31.653702" lon="-7.193304"><ele>1016.2</ele></trkpt>
    <trkpt lat="31.653467" lon="-7.192233"><ele>1014.5</ele></trkpt>
    <trkpt lat="31.653308" lon="-7.191955"><ele>1014.5</ele></trkpt>
    <trkpt lat="31.653340" lon="-7.190790"><ele>1015.2</ele></trkpt>
    <trkpt lat="31.653165" lon="-7.189085"><ele>1023.8</ele></trkpt>
    <trkpt lat="31.653171" lon="-7.188625"><ele>1027.0</ele></trkpt>
    <trkpt lat="31.653300" lon="-7.188553"><ele>1029.0</ele></trkpt>
    <trkpt lat="31.653984" lon="-7.188969"><ele>1040.8</ele></trkpt>
    <trkpt lat="31.654208" lon="-7.189626"><ele>1042.8</ele></trkpt>
    <trkpt lat="31.654267" lon="-7.189688"><ele>1044.5</ele></trkpt>
    <trkpt lat="31.654533" lon="-7.189685"><ele>1054.0</ele></trkpt>
    <trkpt lat="31.654773" lon="-7.189979"><ele>1060.5</ele></trkpt>
    <trkpt lat="31.655000" lon="-7.191938"><ele>1063.5</ele></trkpt>
    <trkpt lat="31.655170" lon="-7.192197"><ele>1068.8</ele></trkpt>
    <trkpt lat="31.655347" lon="-7.192018"><ele>1073.5</ele></trkpt>
    <trkpt lat="31.655386" lon="-7.192031"><ele>1074.5</ele></trkpt>
    <trkpt lat="31.655778" lon="-7.192351"><ele>1084.8</ele></trkpt>
    <trkpt lat="31.655979" lon="-7.192452"><ele>1084.8</ele></trkpt>
    <trkpt lat="31.656902" lon="-7.192620"><ele>1084.0</ele></trkpt>
    <trkpt lat="31.657963" lon="-7.192173"><ele>1079.8</ele></trkpt>
    <trkpt lat="31.658912" lon="-7.192248"><ele>1074.2</ele></trkpt>
    <trkpt lat="31.659755" lon="-7.192148"><ele>1072.0</ele></trkpt>
    <trkpt lat="31.660719" lon="-7.191670"><ele>1068.2</ele></trkpt>
    <trkpt lat="31.661036" lon="-7.191775"><ele>1066.2</ele></trkpt>
    <trkpt lat="31.661525" lon="-7.191773"><ele>1066.2</ele></trkpt>
    <trkpt lat="31.662869" lon="-7.191387"><ele>1068.0</ele></trkpt>
    <trkpt lat="31.663051" lon="-7.191435"><ele>1068.0</ele></trkpt>
    <trkpt lat="31.663179" lon="-7.191583"><ele>1068.0</ele></trkpt>
    <trkpt lat="31.663268" lon="-7.191748"><ele>1066.5</ele></trkpt>
    <trkpt lat="31.663533" lon="-7.192723"><ele>1058.2</ele></trkpt>
    <trkpt lat="31.663872" lon="-7.192927"><ele>1057.5</ele></trkpt>
    <trkpt lat="31.664283" lon="-7.192901"><ele>1057.0</ele></trkpt>
    <trkpt lat="31.665007" lon="-7.192427"><ele>1056.8</ele></trkpt>
    <trkpt lat="31.665628" lon="-7.191783"><ele>1054.5</ele></trkpt>
    <trkpt lat="31.666074" lon="-7.190377"><ele>1049.2</ele></trkpt>
    <trkpt lat="31.666492" lon="-7.189869"><ele>1042.8</ele></trkpt>
    <trkpt lat="31.666571" lon="-7.189734"><ele>1042.8</ele></trkpt>
    <trkpt lat="31.666686" lon="-7.189147"><ele>1043.0</ele></trkpt>
    <trkpt lat="31.667460" lon="-7.188592"><ele>1043.5</ele></trkpt>
    <trkpt lat="31.667901" lon="-7.187802"><ele>1044.5</ele></trkpt>
    <trkpt lat="31.669509" lon="-7.187073"><ele>1048.2</ele></trkpt>
    <trkpt lat="31.670322" lon="-7.186536"><ele>1048.2</ele></trkpt>
    <trkpt lat="31.670345" lon="-7.186508"><ele>1048.2</ele></trkpt>
    <trkpt lat="31.671021" lon="-7.185185"><ele>1035.0</ele></trkpt>
    <trkpt lat="31.671784" lon="-7.184107"><ele>1024.2</ele></trkpt>
    <trkpt lat="31.672588" lon="-7.182919"><ele>1022.8</ele></trkpt>
    <trkpt lat="31.670361" lon="-7.182418"><ele>1041.5</ele></trkpt>
    <trkpt lat="31.670079" lon="-7.182227"><ele>1046.0</ele></trkpt>
    <trkpt lat="31.670692" lon="-7.180096"><ele>1061.2</ele></trkpt>
    <trkpt lat="31.670522" lon="-7.179757"><ele>1069.0</ele></trkpt>
    <trkpt lat="31.670047" lon="-7.179331"><ele>1080.5</ele></trkpt>
    <trkpt lat="31.669764" lon="-7.178738"><ele>1093.5</ele></trkpt>
    <trkpt lat="31.669884" lon="-7.177518"><ele>1096.8</ele></trkpt>
    <trkpt lat="31.669746" lon="-7.177021"><ele>1099.8</ele></trkpt>
    <trkpt lat="31.669397" lon="-7.176835"><ele>1104.5</ele></trkpt>
    <trkpt lat="31.669365" lon="-7.176835"><ele>1105.0</ele></trkpt>
    <trkpt lat="31.668709" lon="-7.177017"><ele>1120.0</ele></trkpt>
    <trkpt lat="31.668661" lon="-7.176963"><ele>1120.0</ele></trkpt>
    <trkpt lat="31.669191" lon="-7.175609"><ele>1120.5</ele></trkpt>
    <trkpt lat="31.669624" lon="-7.175070"><ele>1123.5</ele></trkpt>
    <trkpt lat="31.669634" lon="-7.174273"><ele>1128.8</ele></trkpt>
    <trkpt lat="31.669330" lon="-7.174530"><ele>1133.2</ele></trkpt>
    <trkpt lat="31.668306" lon="-7.175118"><ele>1148.0</ele></trkpt>
    <trkpt lat="31.667014" lon="-7.176599"><ele>1162.0</ele></trkpt>
    <trkpt lat="31.666849" lon="-7.176752"><ele>1163.2</ele></trkpt>
    <trkpt lat="31.666420" lon="-7.176851"><ele>1165.8</ele></trkpt>
    <trkpt lat="31.666252" lon="-7.176727"><ele>1168.8</ele></trkpt>
    <trkpt lat="31.666257" lon="-7.176598"><ele>1170.5</ele></trkpt>
    <trkpt lat="31.666407" lon="-7.175812"><ele>1178.5</ele></trkpt>
    <trkpt lat="31.666291" lon="-7.175314"><ele>1183.5</ele></trkpt>
    <trkpt lat="31.665038" lon="-7.175447"><ele>1193.2</ele></trkpt>
    <trkpt lat="31.664962" lon="-7.175466"><ele>1193.2</ele></trkpt>
    <trkpt lat="31.664528" lon="-7.175997"><ele>1193.5</ele></trkpt>
    <trkpt lat="31.664313" lon="-7.176032"><ele>1193.5</ele></trkpt>
    <trkpt lat="31.663757" lon="-7.175591"><ele>1194.5</ele></trkpt>
    <trkpt lat="31.663723" lon="-7.175432"><ele>1195.0</ele></trkpt>
    <trkpt lat="31.663582" lon="-7.173881"><ele>1203.0</ele></trkpt>
    <trkpt lat="31.663366" lon="-7.173448"><ele>1208.0</ele></trkpt>
    <trkpt lat="31.662028" lon="-7.172619"><ele>1214.0</ele></trkpt>
    <trkpt lat="31.661532" lon="-7.172463"><ele>1220.0</ele></trkpt>
    <trkpt lat="31.661370" lon="-7.172440"><ele>1221.8</ele></trkpt>
    <trkpt lat="31.661065" lon="-7.172566"><ele>1224.2</ele></trkpt>
    <trkpt lat="31.660647" lon="-7.172891"><ele>1224.8</ele></trkpt>
    <trkpt lat="31.660196" lon="-7.172948"><ele>1224.8</ele></trkpt>
    <trkpt lat="31.659387" lon="-7.172088"><ele>1235.0</ele></trkpt>
    <trkpt lat="31.659353" lon="-7.172030"><ele>1235.5</ele></trkpt>
    <trkpt lat="31.659299" lon="-7.171755"><ele>1236.5</ele></trkpt>
    <trkpt lat="31.659523" lon="-7.170140"><ele>1239.5</ele></trkpt>
    <trkpt lat="31.660235" lon="-7.169527"><ele>1242.0</ele></trkpt>
    <trkpt lat="31.660377" lon="-7.168804"><ele>1244.0</ele></trkpt>
    <trkpt lat="31.661307" lon="-7.167351"><ele>1249.5</ele></trkpt>
    <trkpt lat="31.661256" lon="-7.165497"><ele>1252.8</ele></trkpt>
    <trkpt lat="31.661344" lon="-7.165084"><ele>1252.8</ele></trkpt>
    <trkpt lat="31.661386" lon="-7.164957"><ele>1252.2</ele></trkpt>
    <trkpt lat="31.661746" lon="-7.164281"><ele>1248.8</ele></trkpt>
    <trkpt lat="31.661771" lon="-7.163785"><ele>1245.2</ele></trkpt>
    <trkpt lat="31.661715" lon="-7.163569"><ele>1243.0</ele></trkpt>
    <trkpt lat="31.661373" lon="-7.163382"><ele>1240.2</ele></trkpt>
    <trkpt lat="31.661097" lon="-7.163283"><ele>1239.8</ele></trkpt>
    <trkpt lat="31.660517" lon="-7.163207"><ele>1236.2</ele></trkpt>
    <trkpt lat="31.659924" lon="-7.162918"><ele>1229.0</ele></trkpt>
    <trkpt lat="31.659401" lon="-7.162062"><ele>1223.2</ele></trkpt>
    <trkpt lat="31.659363" lon="-7.160585"><ele>1220.5</ele></trkpt>
    <trkpt lat="31.659216" lon="-7.159956"><ele>1212.0</ele></trkpt>
    <trkpt lat="31.659342" lon="-7.158488"><ele>1203.5</ele></trkpt>
    <trkpt lat="31.659223" lon="-7.157971"><ele>1197.0</ele></trkpt>
    <trkpt lat="31.659212" lon="-7.157861"><ele>1196.0</ele></trkpt>
    <trkpt lat="31.659289" lon="-7.157094"><ele>1193.8</ele></trkpt>
    <trkpt lat="31.659078" lon="-7.156926"><ele>1190.8</ele></trkpt>
    <trkpt lat="31.659051" lon="-7.156337"><ele>1190.5</ele></trkpt>
    <trkpt lat="31.658756" lon="-7.156326"><ele>1193.5</ele></trkpt>
    <trkpt lat="31.658515" lon="-7.156601"><ele>1194.2</ele></trkpt>
    <trkpt lat="31.658165" lon="-7.156739"><ele>1199.0</ele></trkpt>
    <trkpt lat="31.657822" lon="-7.157630"><ele>1200.5</ele></trkpt>
    <trkpt lat="31.657291" lon="-7.157968"><ele>1208.8</ele></trkpt>
    <trkpt lat="31.657192" lon="-7.158048"><ele>1208.8</ele></trkpt>
    <trkpt lat="31.656063" lon="-7.159947"><ele>1220.8</ele></trkpt>
    <trkpt lat="31.655943" lon="-7.159934"><ele>1224.0</ele></trkpt>
    <trkpt lat="31.655928" lon="-7.159917"><ele>1224.5</ele></trkpt>
    <trkpt lat="31.655904" lon="-7.159728"><ele>1224.5</ele></trkpt>
    <trkpt lat="31.655947" lon="-7.158859"><ele>1224.5</ele></trkpt>
    <trkpt lat="31.656256" lon="-7.158200"><ele>1224.2</ele></trkpt>
    <trkpt lat="31.656330" lon="-7.157835"><ele>1224.2</ele></trkpt>
    <trkpt lat="31.656554" lon="-7.156569"><ele>1237.0</ele></trkpt>
    <trkpt lat="31.656579" lon="-7.156446"><ele>1237.0</ele></trkpt>
    <trkpt lat="31.657121" lon="-7.154864"><ele>1238.2</ele></trkpt>
    <trkpt lat="31.657604" lon="-7.154010"><ele>1239.5</ele></trkpt>
    <trkpt lat="31.657956" lon="-7.153661"><ele>1237.8</ele></trkpt>
    <trkpt lat="31.659292" lon="-7.150328"><ele>1234.2</ele></trkpt>
    <trkpt lat="31.659238" lon="-7.149550"><ele>1234.8</ele></trkpt>
    <trkpt lat="31.659518" lon="-7.149151"><ele>1235.2</ele></trkpt>
    <trkpt lat="31.659368" lon="-7.148479"><ele>1241.8</ele></trkpt>
    <trkpt lat="31.659938" lon="-7.146858"><ele>1256.8</ele></trkpt>
    <trkpt lat="31.660499" lon="-7.145523"><ele>1256.8</ele></trkpt>
    <trkpt lat="31.661133" lon="-7.142730"><ele>1263.8</ele></trkpt>
    <trkpt lat="31.661075" lon="-7.141489"><ele>1269.0</ele></trkpt>
    <trkpt lat="31.661087" lon="-7.141463"><ele>1269.2</ele></trkpt>
    <trkpt lat="31.661777" lon="-7.140893"><ele>1269.2</ele></trkpt>
    <trkpt lat="31.661835" lon="-7.140830"><ele>1269.2</ele></trkpt>
    <trkpt lat="31.662715" lon="-7.139778"><ele>1258.8</ele></trkpt>
    <trkpt lat="31.663247" lon="-7.139296"><ele>1258.8</ele></trkpt>
    <trkpt lat="31.664162" lon="-7.137302"><ele>1265.5</ele></trkpt>
    <trkpt lat="31.664433" lon="-7.136929"><ele>1265.8</ele></trkpt>
    <trkpt lat="31.664583" lon="-7.136493"><ele>1265.8</ele></trkpt>
    <trkpt lat="31.664935" lon="-7.135248"><ele>1263.0</ele></trkpt>
    <trkpt lat="31.665339" lon="-7.134371"><ele>1259.2</ele></trkpt>
    <trkpt lat="31.665478" lon="-7.132816"><ele>1253.0</ele></trkpt>
    <trkpt lat="31.665213" lon="-7.131888"><ele>1247.8</ele></trkpt>
    <trkpt lat="31.665478" lon="-7.130519"><ele>1244.5</ele></trkpt>
    <trkpt lat="31.665612" lon="-7.129472"><ele>1239.8</ele></trkpt>
    <trkpt lat="31.665579" lon="-7.127923"><ele>1234.5</ele></trkpt>
    <trkpt lat="31.665984" lon="-7.126138"><ele>1224.5</ele></trkpt>
    <trkpt lat="31.665966" lon="-7.125723"><ele>1221.8</ele></trkpt>
    <trkpt lat="31.666041" lon="-7.125135"><ele>1221.8</ele></trkpt>
    <trkpt lat="31.666378" lon="-7.124425"><ele>1221.5</ele></trkpt>
    <trkpt lat="31.666773" lon="-7.123046"><ele>1218.8</ele></trkpt>
    <trkpt lat="31.667138" lon="-7.120633"><ele>1217.5</ele></trkpt>
    <trkpt lat="31.667757" lon="-7.118723"><ele>1219.8</ele></trkpt>
    <trkpt lat="31.667778" lon="-7.118576"><ele>1219.8</ele></trkpt>
    <trkpt lat="31.667832" lon="-7.117039"><ele>1206.0</ele></trkpt>
    <trkpt lat="31.668061" lon="-7.115927"><ele>1200.8</ele></trkpt>
    <trkpt lat="31.668638" lon="-7.114577"><ele>1192.5</ele></trkpt>
    <trkpt lat="31.668964" lon="-7.114082"><ele>1188.2</ele></trkpt>
    <trkpt lat="31.669440" lon="-7.113946"><ele>1187.2</ele></trkpt>
    <trkpt lat="31.669471" lon="-7.113902"><ele>1186.5</ele></trkpt>
    <trkpt lat="31.669626" lon="-7.113493"><ele>1179.0</ele></trkpt>
    <trkpt lat="31.670359" lon="-7.112867"><ele>1168.0</ele></trkpt>
    <trkpt lat="31.670512" lon="-7.112874"><ele>1167.0</ele></trkpt>
    <trkpt lat="31.670950" lon="-7.113465"><ele>1167.5</ele></trkpt>
    <trkpt lat="31.671189" lon="-7.113533"><ele>1167.5</ele></trkpt>
    <trkpt lat="31.671277" lon="-7.113401"><ele>1165.0</ele></trkpt>
    <trkpt lat="31.671394" lon="-7.112878"><ele>1162.0</ele></trkpt>
    <trkpt lat="31.671404" lon="-7.112774"><ele>1162.0</ele></trkpt>
    <trkpt lat="31.670926" lon="-7.111437"><ele>1165.0</ele></trkpt>
    <trkpt lat="31.671441" lon="-7.111123"><ele>1171.5</ele></trkpt>
    <trkpt lat="31.671753" lon="-7.110741"><ele>1177.8</ele></trkpt>
    <trkpt lat="31.671046" lon="-7.108995"><ele>1180.8</ele></trkpt>
    <trkpt lat="31.670240" lon="-7.107283"><ele>1194.0</ele></trkpt>
    <trkpt lat="31.670178" lon="-7.106412"><ele>1203.2</ele></trkpt>
    <trkpt lat="31.670077" lon="-7.105766"><ele>1205.8</ele></trkpt>
    <trkpt lat="31.670409" lon="-7.104413"><ele>1218.5</ele></trkpt>
    <trkpt lat="31.670453" lon="-7.104222"><ele>1218.5</ele></trkpt>
    <trkpt lat="31.670358" lon="-7.102955"><ele>1214.0</ele></trkpt>
    <trkpt lat="31.670553" lon="-7.101911"><ele>1213.8</ele></trkpt>
    <trkpt lat="31.670806" lon="-7.101335"><ele>1214.2</ele></trkpt>
    <trkpt lat="31.671724" lon="-7.100348"><ele>1219.2</ele></trkpt>
    <trkpt lat="31.671910" lon="-7.100067"><ele>1218.5</ele></trkpt>
    <trkpt lat="31.673653" lon="-7.098702"><ele>1207.2</ele></trkpt>
    <trkpt lat="31.673945" lon="-7.098450"><ele>1205.0</ele></trkpt>
    <trkpt lat="31.673379" lon="-7.097926"><ele>1196.5</ele></trkpt>
    <trkpt lat="31.673120" lon="-7.097663"><ele>1195.5</ele></trkpt>
    <trkpt lat="31.672603" lon="-7.096890"><ele>1195.5</ele></trkpt>
    <trkpt lat="31.672442" lon="-7.096678"><ele>1196.2</ele></trkpt>
    <trkpt lat="31.672080" lon="-7.096589"><ele>1198.5</ele></trkpt>
    <trkpt lat="31.671887" lon="-7.096169"><ele>1199.8</ele></trkpt>
    <trkpt lat="31.671868" lon="-7.095801"><ele>1200.0</ele></trkpt>
    <trkpt lat="31.672157" lon="-7.094433"><ele>1200.5</ele></trkpt>
    <trkpt lat="31.672222" lon="-7.091824"><ele>1203.2</ele></trkpt>
    <trkpt lat="31.671912" lon="-7.090957"><ele>1208.2</ele></trkpt>
    <trkpt lat="31.672279" lon="-7.090044"><ele>1210.5</ele></trkpt>
    <trkpt lat="31.672274" lon="-7.089232"><ele>1215.5</ele></trkpt>
    <trkpt lat="31.673057" lon="-7.087342"><ele>1218.5</ele></trkpt>
    <trkpt lat="31.673171" lon="-7.086120"><ele>1219.8</ele></trkpt>
    <trkpt lat="31.673382" lon="-7.085703"><ele>1220.0</ele></trkpt>
    <trkpt lat="31.673567" lon="-7.085237"><ele>1223.8</ele></trkpt>
    <trkpt lat="31.673882" lon="-7.084106"><ele>1228.0</ele></trkpt>
    <trkpt lat="31.674009" lon="-7.083218"><ele>1228.5</ele></trkpt>
    <trkpt lat="31.674375" lon="-7.082054"><ele>1230.0</ele></trkpt>
    <trkpt lat="31.674576" lon="-7.080350"><ele>1234.8</ele></trkpt>
    <trkpt lat="31.674629" lon="-7.080135"><ele>1234.8</ele></trkpt>
    <trkpt lat="31.675406" lon="-7.078054"><ele>1234.0</ele></trkpt>
    <trkpt lat="31.675526" lon="-7.076452"><ele>1231.8</ele></trkpt>
    <trkpt lat="31.675637" lon="-7.075838"><ele>1231.8</ele></trkpt>
    <trkpt lat="31.675934" lon="-7.074735"><ele>1235.2</ele></trkpt>
    <trkpt lat="31.677297" lon="-7.071350"><ele>1240.8</ele></trkpt>
    <trkpt lat="31.678623" lon="-7.068679"><ele>1240.8</ele></trkpt>
    <trkpt lat="31.680208" lon="-7.066561"><ele>1239.0</ele></trkpt>
    <trkpt lat="31.682262" lon="-7.063343"><ele>1233.8</ele></trkpt>
    <trkpt lat="31.683853" lon="-7.059864"><ele>1231.5</ele></trkpt>
    <trkpt lat="31.684711" lon="-7.058571"><ele>1229.5</ele></trkpt>
    <trkpt lat="31.685742" lon="-7.056353"><ele>1229.5</ele></trkpt>
    <trkpt lat="31.686644" lon="-7.055575"><ele>1228.2</ele></trkpt>
    <trkpt lat="31.687509" lon="-7.053520"><ele>1226.5</ele></trkpt>
    <trkpt lat="31.687678" lon="-7.053174"><ele>1225.8</ele></trkpt>
    <trkpt lat="31.688155" lon="-7.052257"><ele>1223.5</ele></trkpt>
    <trkpt lat="31.688822" lon="-7.051386"><ele>1222.5</ele></trkpt>
    <trkpt lat="31.689878" lon="-7.048938"><ele>1216.5</ele></trkpt>
    <trkpt lat="31.690202" lon="-7.048328"><ele>1213.8</ele></trkpt>
    <trkpt lat="31.692139" lon="-7.044286"><ele>1207.8</ele></trkpt>
    <trkpt lat="31.692749" lon="-7.042385"><ele>1195.2</ele></trkpt>
    <trkpt lat="31.693406" lon="-7.040801"><ele>1182.8</ele></trkpt>
    <trkpt lat="31.694472" lon="-7.039278"><ele>1171.2</ele></trkpt>
    <trkpt lat="31.695025" lon="-7.037971"><ele>1164.2</ele></trkpt>
    <trkpt lat="31.695086" lon="-7.037663"><ele>1164.0</ele></trkpt>
    <trkpt lat="31.694844" lon="-7.036702"><ele>1163.0</ele></trkpt>
    <trkpt lat="31.694999" lon="-7.036003"><ele>1160.2</ele></trkpt>
    <trkpt lat="31.695574" lon="-7.035531"><ele>1158.0</ele></trkpt>
    <trkpt lat="31.696214" lon="-7.035131"><ele>1152.8</ele></trkpt>
    <trkpt lat="31.697624" lon="-7.034369"><ele>1141.8</ele></trkpt>
    <trkpt lat="31.698550" lon="-7.033546"><ele>1132.5</ele></trkpt>
    <trkpt lat="31.698856" lon="-7.033428"><ele>1130.5</ele></trkpt>
    <trkpt lat="31.700292" lon="-7.032811"><ele>1114.8</ele></trkpt>
    <trkpt lat="31.702138" lon="-7.031532"><ele>1105.5</ele></trkpt>
    <trkpt lat="31.702596" lon="-7.031051"><ele>1102.5</ele></trkpt>
    <trkpt lat="31.704042" lon="-7.030295"><ele>1093.2</ele></trkpt>
    <trkpt lat="31.704301" lon="-7.030038"><ele>1089.2</ele></trkpt>
    <trkpt lat="31.705800" lon="-7.028978"><ele>1082.5</ele></trkpt>
    <trkpt lat="31.706740" lon="-7.028755"><ele>1081.8</ele></trkpt>
    <trkpt lat="31.708261" lon="-7.028071"><ele>1076.2</ele></trkpt>
    <trkpt lat="31.708936" lon="-7.027106"><ele>1068.5</ele></trkpt>
    <trkpt lat="31.709654" lon="-7.026650"><ele>1068.0</ele></trkpt>
    <trkpt lat="31.710104" lon="-7.025317"><ele>1058.5</ele></trkpt>
    <trkpt lat="31.710864" lon="-7.024555"><ele>1057.5</ele></trkpt>
    <trkpt lat="31.711124" lon="-7.023504"><ele>1050.5</ele></trkpt>
    <trkpt lat="31.711369" lon="-7.023075"><ele>1048.5</ele></trkpt>
    <trkpt lat="31.712598" lon="-7.022117"><ele>1046.8</ele></trkpt>
    <trkpt lat="31.713629" lon="-7.021165"><ele>1040.0</ele></trkpt>
    <trkpt lat="31.714813" lon="-7.019588"><ele>1023.2</ele></trkpt>
    <trkpt lat="31.716103" lon="-7.017069"><ele>1009.2</ele></trkpt>
    <trkpt lat="31.716890" lon="-7.015977"><ele>1002.0</ele></trkpt>
    <trkpt lat="31.718263" lon="-7.013158"><ele>981.2</ele></trkpt>
    <trkpt lat="31.719380" lon="-7.011802"><ele>974.5</ele></trkpt>
    <trkpt lat="31.719482" lon="-7.011661"><ele>974.5</ele></trkpt>
    <trkpt lat="31.720038" lon="-7.009637"><ele>970.2</ele></trkpt>
    <trkpt lat="31.720714" lon="-7.008706"><ele>968.5</ele></trkpt>
    <trkpt lat="31.721578" lon="-7.007959"><ele>968.2</ele></trkpt>
    <trkpt lat="31.722155" lon="-7.007766"><ele>965.5</ele></trkpt>
    <trkpt lat="31.722489" lon="-7.007073"><ele>963.5</ele></trkpt>
    <trkpt lat="31.722787" lon="-7.006842"><ele>962.8</ele></trkpt>
    <trkpt lat="31.723302" lon="-7.006522"><ele>960.8</ele></trkpt>
    <trkpt lat="31.724620" lon="-7.006064"><ele>950.8</ele></trkpt>
    <trkpt lat="31.725338" lon="-7.005540"><ele>940.8</ele></trkpt>
    <trkpt lat="31.725436" lon="-7.005491"><ele>939.5</ele></trkpt>
    <trkpt lat="31.726153" lon="-7.005582"><ele>935.8</ele></trkpt>
    <trkpt lat="31.726288" lon="-7.005465"><ele>934.0</ele></trkpt>
    <trkpt lat="31.726725" lon="-7.004800"><ele>934.0</ele></trkpt>
    <trkpt lat="31.727253" lon="-7.004691"><ele>934.8</ele></trkpt>
    <trkpt lat="31.728826" lon="-7.003791"><ele>937.5</ele></trkpt>
    <trkpt lat="31.730294" lon="-7.003577"><ele>937.8</ele></trkpt>
    <trkpt lat="31.730966" lon="-7.003925"><ele>937.8</ele></trkpt>
    <trkpt lat="31.731311" lon="-7.004312"><ele>937.8</ele></trkpt>
    <trkpt lat="31.731310" lon="-7.003737"><ele>938.8</ele></trkpt>
    <trkpt lat="31.731579" lon="-7.003004"><ele>941.5</ele></trkpt>
    <trkpt lat="31.731637" lon="-7.002451"><ele>942.2</ele></trkpt>
    <trkpt lat="31.731882" lon="-7.002127"><ele>943.0</ele></trkpt>
    <trkpt lat="31.731995" lon="-7.002723"><ele>943.0</ele></trkpt>
    </trkseg>
  </trk>
</gpx>
